customer_id,customer_name,gender,age,region,state,city,signup_date
10001,Karthik Pillai,Female,30,West,Goa,Panaji,2023-07-16
10002,Arjun Joshi,Male,38,East,Bihar,Patna,2023-08-14
10003,Aditya Kumar,Female,38,North,Uttar Pradesh,Kanpur,2024-08-17
10004,Priya Patel,Male,45,West,Maharashtra,Nagpur,2025-07-01
10005,Arjun Nair,Female,50,South,Andhra Pradesh,Visakhapatnam,2025-01-04
10006,Nisha Reddy,Female,46,South,Kerala,Kochi,2025-07-07
10007,Rohan Patel,Female,54,South,Kerala,Kozhikode,2024-06-20
10008,Meera Patel,Female,39,East,Bihar,Patna,2023-08-08
10009,Aditya Gupta,Female,43,North,Haryana,Gurugram,2023-10-20
10010,Arjun Sharma,Female,39,North,Rajasthan,Jaipur,2023-07-21
10011,Vihaan Joshi,Female,28,South,Tamil Nadu,Madurai,2023-02-01
10012,Sneha Das,Female,51,East,Bihar,Patna,2024-12-16
10013,Priya Joshi,Female,36,North,Rajasthan,Udaipur,2025-01-22
10014,Sneha Kumar,Female,54,South,Tamil Nadu,Coimbatore,2025-10-13
10015,Sneha Patel,Female,31,South,Andhra Pradesh,Visakhapatnam,2023-04-25
10016,Karthik Gupta,Female,46,South,Andhra Pradesh,Vijayawada,2024-12-22
10017,Nisha Menon,Female,36,South,Kerala,Thiruvananthapuram,2023-07-01
10018,Aarav Verma,Male,54,West,Rajasthan,Udaipur,2025-02-09
10019,Aarav Das,Female,38,West,Rajasthan,Jaipur,2024-04-13
10020,Nisha Kumar,Female,41,South,Kerala,Kozhikode,2024-03-01
10021,Aditya Singh,Female,43,North,Haryana,Faridabad,2025-04-13
10022,Aisha Patel,Male,58,South,Telangana,Hyderabad,2025-12-19
10023,Rohan Verma,Female,29,South,Karnataka,Bengaluru,2024-04-29
10024,Diya Singh,Male,36,West,Gujarat,Surat,2023-01-11
10025,Arjun Reddy,Male,47,West,Maharashtra,Mumbai,2023-02-11
10026,Arjun Nair,Female,32,North,Punjab,Amritsar,2023-05-03
10027,Arjun Iyer,Female,20,South,Kerala,Kochi,2024-12-01
10028,Aisha Menon,Male,30,West,Rajasthan,Jaipur,2023-09-09
10029,Vikram Gupta,Female,26,West,Rajasthan,Udaipur,2025-08-30
10030,Rahul Iyer,Male,30,South,Andhra Pradesh,Visakhapatnam,2024-08-26
10031,Priya Rao,Male,33,North,Haryana,Gurugram,2023-08-01
10032,Vikram Rao,Male,31,South,Tamil Nadu,Coimbatore,2023-09-25
10033,Priya Pillai,Female,25,South,Andhra Pradesh,Vijayawada,2025-10-02
10034,Meera Gupta,Male,36,East,Odisha,Cuttack,2024-12-07
10035,Aisha Pillai,Male,49,East,West Bengal,Kolkata,2024-06-23
10036,Vihaan Patel,Female,52,North,Haryana,Faridabad,2024-12-06
10037,Meera Menon,Male,40,South,Andhra Pradesh,Vijayawada,2025-10-07
10038,Vihaan Das,Female,38,South,Kerala,Kozhikode,2024-09-10
10039,Vikram Menon,Female,35,North,Delhi,New Delhi,2024-05-12
10040,Vihaan Menon,Female,31,West,Goa,Panaji,2025-10-17
10041,Sneha Kumar,Male,33,South,Telangana,Hyderabad,2025-02-20
10042,Sneha Pillai,Male,41,West,Gujarat,Surat,2023-05-06
10043,Vihaan Menon,Female,49,South,Kerala,Kochi,2025-04-20
10044,Nisha Joshi,Male,28,East,Jharkhand,Ranchi,2025-09-09
10045,Arjun Sharma,Male,28,South,Karnataka,Bengaluru,2023-01-12
10046,Vihaan Patel,Male,21,North,Uttar Pradesh,Noida,2024-05-30
10047,Vikram Das,Male,43,South,Karnataka,Bengaluru,2023-11-12
10048,Aarav Nair,Female,22,West,Gujarat,Surat,2025-10-28
10049,Aditya Patel,Female,53,West,Gujarat,Ahmedabad,2023-11-10
10050,Arjun Joshi,Male,50,South,Andhra Pradesh,Visakhapatnam,2024-06-30
10051,Arjun Singh,Male,31,East,Odisha,Cuttack,2023-02-08
10052,Aditya Gupta,Other,49,North,Uttar Pradesh,Kanpur,2025-11-10
10053,Rohan Rao,Male,24,East,West Bengal,Kolkata,2023-09-10
10054,Nisha Joshi,Female,27,East,West Bengal,Kolkata,2023-10-30
10055,Vikram Kumar,Male,19,West,Gujarat,Surat,2025-09-05
10056,Rahul Nair,Female,27,East,Assam,Guwahati,2023-09-15
10057,Meera Das,Female,52,South,Telangana,Warangal,2025-09-26
10058,Arjun Joshi,Male,38,South,Telangana,Warangal,2024-06-25
10059,Diya Iyer,Male,57,South,Karnataka,Mysuru,2024-10-01
10060,Sneha Verma,Female,59,South,Tamil Nadu,Madurai,2024-07-05
10061,Ananya Singh,Female,25,West,Gujarat,Surat,2024-04-05
10062,Vihaan Rao,Male,35,South,Kerala,Thiruvananthapuram,2023-08-12
10063,Aarav Kumar,Female,26,North,Rajasthan,Udaipur,2023-04-02
10064,Aditya Rao,Male,58,West,Gujarat,Ahmedabad,2023-10-07
10065,Vihaan Rao,Female,47,South,Tamil Nadu,Coimbatore,2023-09-05
10066,Aditya Das,Female,21,West,Goa,Panaji,2025-05-15
10067,Ishita Rao,Male,52,South,Tamil Nadu,Madurai,2023-03-19
10068,Ananya Menon,Male,31,North,Haryana,Faridabad,2024-04-02
10069,Sneha Menon,Male,31,South,Telangana,Hyderabad,2024-08-08
10070,Nisha Verma,Female,54,East,Jharkhand,Ranchi,2025-11-03
10071,Arjun Menon,Male,37,North,Uttar Pradesh,Lucknow,2023-02-14
10072,Aisha Rao,Male,46,South,Kerala,Thiruvananthapuram,2023-02-07
10073,Aditya Menon,Other,40,South,Tamil Nadu,Coimbatore,2024-02-20
10074,Aarav Rao,Male,38,North,Haryana,Faridabad,2023-09-02
10075,Rahul Das,Female,48,North,Delhi,New Delhi,2025-12-21
10076,Diya Pillai,Male,49,North,Punjab,Ludhiana,2024-05-07
10077,Vihaan Reddy,Male,58,North,Haryana,Gurugram,2023-11-19
10078,Vihaan Kumar,Male,24,South,Telangana,Warangal,2024-04-12
10079,Priya Patel,Female,30,West,Gujarat,Vadodara,2025-12-20
10080,Rahul Reddy,Male,40,South,Andhra Pradesh,Vijayawada,2023-03-28
10081,Vihaan Rao,Female,25,East,West Bengal,Kolkata,2023-03-21
10082,Sneha Pillai,Male,29,North,Rajasthan,Udaipur,2023-08-16
10083,Nisha Das,Male,53,South,Karnataka,Mangaluru,2024-04-27
10084,Vihaan Pillai,Female,33,South,Tamil Nadu,Chennai,2024-09-14
10085,Karthik Singh,Male,43,South,Karnataka,Mangaluru,2025-08-05
10086,Meera Das,Male,46,South,Kerala,Thiruvananthapuram,2024-04-29
10087,Karthik Singh,Male,46,North,Rajasthan,Udaipur,2025-04-19
10088,Aarav Nair,Female,23,North,Haryana,Faridabad,2023-01-25
10089,Ananya Patel,Female,54,East,Assam,Guwahati,2025-02-17
10090,Aarav Gupta,Male,50,West,Gujarat,Ahmedabad,2025-07-19
10091,Arjun Das,Male,48,South,Karnataka,Mangaluru,2025-03-05
10092,Rohan Das,Female,58,North,Uttar Pradesh,Noida,2025-01-22
10093,Sneha Rao,Female,35,North,Punjab,Amritsar,2024-03-01
10094,Arjun Reddy,Male,55,West,Gujarat,Surat,2025-12-26
10095,Meera Pillai,Female,48,North,Uttar Pradesh,Noida,2024-10-21
10096,Diya Reddy,Male,33,West,Goa,Panaji,2024-11-15
10097,Karthik Pillai,Male,57,West,Maharashtra,Mumbai,2024-06-30
10098,Aisha Iyer,Male,54,West,Rajasthan,Udaipur,2025-07-04
10099,Nisha Menon,Male,31,South,Kerala,Thiruvananthapuram,2023-02-24
10100,Priya Das,Male,56,South,Andhra Pradesh,Visakhapatnam,2023-11-10
10101,Sneha Gupta,Female,21,South,Kerala,Thiruvananthapuram,2023-08-08
10102,Rohan Reddy,Male,47,North,Punjab,Amritsar,2023-02-18
10103,Ishita Rao,Male,50,South,Tamil Nadu,Coimbatore,2024-04-07
10104,Diya Verma,Male,53,West,Maharashtra,Mumbai,2023-04-28
10105,Aisha Iyer,Female,47,East,Odisha,Bhubaneswar,2023-03-23
10106,Karthik Iyer,Female,31,South,Andhra Pradesh,Visakhapatnam,2024-05-10
10107,Aditya Rao,Male,40,West,Gujarat,Surat,2024-09-25
10108,Rohan Verma,Male,45,North,Rajasthan,Jaipur,2025-04-16
10109,Ishita Reddy,Male,24,South,Andhra Pradesh,Vijayawada,2024-08-24
10110,Aisha Verma,Male,59,South,Karnataka,Mangaluru,2025-02-08
10111,Vikram Gupta,Male,27,South,Karnataka,Mysuru,2024-11-03
10112,Ishita Patel,Female,21,South,Telangana,Warangal,2023-06-25
10113,Ishita Iyer,Female,55,East,Bihar,Patna,2025-03-15
10114,Aditya Singh,Female,30,North,Uttar Pradesh,Lucknow,2024-09-30
10115,Karthik Rao,Male,38,North,Rajasthan,Jaipur,2023-10-24
10116,Aditya Verma,Male,50,East,Jharkhand,Ranchi,2024-04-19
10117,Meera Sharma,Female,57,North,Haryana,Gurugram,2024-06-19
10118,Diya Patel,Female,45,South,Andhra Pradesh,Vijayawada,2025-11-26
10119,Ishita Rao,Male,40,East,Odisha,Cuttack,2023-01-25
10120,Ishita Das,Female,49,West,Rajasthan,Udaipur,2023-12-15
10121,Ananya Singh,Male,22,North,Uttar Pradesh,Noida,2024-09-28
10122,Aditya Pillai,Male,43,East,Assam,Guwahati,2023-08-15
10123,Aditya Kumar,Male,56,South,Andhra Pradesh,Vijayawada,2023-02-07
10124,Aisha Rao,Female,43,South,Kerala,Thiruvananthapuram,2024-07-23
10125,Arjun Das,Male,20,South,Telangana,Hyderabad,2023-08-24
10126,Priya Nair,Female,41,West,Maharashtra,Mumbai,2023-04-24
10127,Vihaan Verma,Male,51,North,Haryana,Gurugram,2023-11-02
10128,Ishita Singh,Male,51,East,Odisha,Cuttack,2023-05-12
10129,Diya Iyer,Female,37,South,Telangana,Warangal,2023-12-14
10130,Vikram Pillai,Male,47,West,Goa,Panaji,2024-02-19
10131,Arjun Joshi,Male,59,West,Goa,Panaji,2025-09-09
10132,Nisha Das,Male,37,South,Telangana,Hyderabad,2025-01-01
10133,Priya Singh,Female,58,South,Tamil Nadu,Madurai,2024-10-15
10134,Vihaan Singh,Female,35,South,Telangana,Warangal,2024-01-20
10135,Ishita Reddy,Male,55,East,Assam,Guwahati,2024-05-26
10136,Arjun Sharma,Male,37,South,Andhra Pradesh,Vijayawada,2025-12-02
10137,Meera Patel,Female,23,West,Maharashtra,Mumbai,2023-03-02
10138,Rahul Iyer,Male,59,North,Rajasthan,Jaipur,2024-07-06
10139,Vihaan Reddy,Male,42,West,Maharashtra,Nagpur,2023-07-07
10140,Aarav Verma,Male,58,East,Assam,Guwahati,2024-03-28
10141,Aarav Nair,Female,58,East,Bihar,Patna,2025-04-26
10142,Vikram Patel,Male,20,South,Andhra Pradesh,Vijayawada,2023-07-06
10143,Meera Sharma,Male,60,West,Rajasthan,Udaipur,2025-07-26
10144,Vikram Patel,Female,36,South,Andhra Pradesh,Visakhapatnam,2023-06-13
10145,Priya Das,Female,27,South,Tamil Nadu,Coimbatore,2023-04-12
10146,Meera Menon,Female,22,South,Andhra Pradesh,Visakhapatnam,2024-11-21
10147,Karthik Joshi,Male,39,North,Delhi,New Delhi,2024-07-31
10148,Meera Pillai,Female,26,West,Rajasthan,Jaipur,2024-09-02
10149,Karthik Pillai,Female,50,South,Telangana,Hyderabad,2024-06-19
10150,Nisha Menon,Male,32,South,Telangana,Warangal,2025-01-30
10151,Arjun Menon,Male,41,East,Jharkhand,Ranchi,2025-06-14
10152,Ananya Nair,Male,39,South,Kerala,Kochi,2025-08-28
10153,Ananya Das,Female,53,South,Karnataka,Mysuru,2023-05-04
10154,Arjun Joshi,Male,56,West,Gujarat,Ahmedabad,2024-10-29
10155,Rohan Verma,Male,23,East,Odisha,Bhubaneswar,2023-12-15
10156,Vihaan Singh,Female,32,South,Karnataka,Mysuru,2023-09-06
10157,Aisha Verma,Female,55,North,Punjab,Amritsar,2024-12-07
10158,Meera Iyer,Male,56,North,Uttar Pradesh,Noida,2024-12-13
10159,Aarav Nair,Female,39,South,Tamil Nadu,Madurai,2025-10-03
10160,Ishita Gupta,Female,20,North,Delhi,New Delhi,2023-09-04
10161,Aarav Kumar,Male,46,West,Rajasthan,Jaipur,2024-04-25
10162,Priya Joshi,Female,46,North,Punjab,Amritsar,2023-04-08
10163,Nisha Sharma,Female,48,North,Punjab,Ludhiana,2023-11-25
10164,Rahul Kumar,Female,19,West,Goa,Panaji,2025-10-25
10165,Nisha Das,Female,52,South,Andhra Pradesh,Vijayawada,2024-04-03
10166,Diya Pillai,Female,26,North,Punjab,Amritsar,2025-03-06
10167,Arjun Sharma,Male,39,South,Kerala,Thiruvananthapuram,2024-08-15
10168,Vikram Gupta,Male,36,South,Telangana,Warangal,2024-05-12
10169,Rahul Kumar,Male,39,South,Telangana,Hyderabad,2023-03-28
10170,Rohan Sharma,Male,27,West,Gujarat,Ahmedabad,2024-02-06
10171,Ishita Singh,Female,38,North,Uttar Pradesh,Lucknow,2023-07-16
10172,Aarav Menon,Male,34,South,Telangana,Hyderabad,2025-02-02
10173,Karthik Joshi,Male,20,West,Goa,Panaji,2023-01-27
10174,Karthik Iyer,Male,24,South,Tamil Nadu,Chennai,2023-05-15
10175,Ishita Kumar,Male,58,North,Rajasthan,Udaipur,2023-07-25
10176,Vihaan Verma,Male,54,South,Kerala,Kozhikode,2025-11-16
10177,Rahul Iyer,Male,53,North,Delhi,New Delhi,2024-08-25
10178,Vikram Nair,Female,20,West,Goa,Panaji,2025-12-27
10179,Vihaan Rao,Male,30,East,Odisha,Bhubaneswar,2023-12-28
10180,Aarav Iyer,Female,58,South,Telangana,Hyderabad,2024-10-19
10181,Arjun Menon,Male,47,South,Tamil Nadu,Madurai,2025-12-22
10182,Aditya Kumar,Female,40,South,Andhra Pradesh,Visakhapatnam,2025-08-29
10183,Diya Kumar,Male,24,East,Jharkhand,Ranchi,2025-09-06
10184,Sneha Reddy,Female,47,East,Odisha,Cuttack,2025-07-29
10185,Vihaan Reddy,Female,46,South,Telangana,Warangal,2025-06-26
10186,Aditya Verma,Male,25,North,Rajasthan,Udaipur,2023-09-03
10187,Vikram Pillai,Male,27,North,Haryana,Gurugram,2023-10-05
10188,Priya Rao,Male,50,West,Goa,Panaji,2023-12-13
10189,Ishita Menon,Female,37,West,Rajasthan,Udaipur,2024-01-07
10190,Aditya Joshi,Female,46,South,Tamil Nadu,Madurai,2025-03-19
10191,Ishita Pillai,Male,46,South,Kerala,Kozhikode,2025-04-28
10192,Rohan Verma,Male,38,East,Odisha,Cuttack,2023-05-03
10193,Priya Singh,Female,18,East,Odisha,Bhubaneswar,2025-12-16
10194,Karthik Reddy,Female,51,North,Uttar Pradesh,Noida,2023-06-09
10195,Rahul Gupta,Female,49,South,Kerala,Kochi,2025-01-06
10196,Aditya Kumar,Female,31,South,Telangana,Hyderabad,2024-06-01
10197,Aditya Menon,Female,54,North,Haryana,Gurugram,2025-07-23
10198,Vikram Gupta,Female,52,East,Bihar,Patna,2025-01-15
10199,Aarav Joshi,Male,41,East,Bihar,Patna,2023-10-15
10200,Vikram Verma,Male,18,North,Haryana,Gurugram,2024-02-24
10201,Meera Joshi,Female,23,North,Delhi,New Delhi,2023-05-20
10202,Sneha Pillai,Male,21,South,Telangana,Warangal,2024-12-07
10203,Ishita Patel,Male,55,South,Tamil Nadu,Madurai,2024-11-28
10204,Ishita Patel,Female,18,East,Assam,Guwahati,2025-09-13
10205,Rohan Reddy,Female,58,North,Punjab,Amritsar,2024-04-19
10206,Sneha Gupta,Female,48,South,Telangana,Warangal,2024-01-24
10207,Rahul Pillai,Male,53,South,Telangana,Hyderabad,2024-05-25
10208,Aditya Reddy,Female,39,North,Delhi,New Delhi,2024-06-21
10209,Sneha Reddy,Male,58,South,Karnataka,Bengaluru,2023-08-01
10210,Rohan Nair,Female,40,South,Karnataka,Mangaluru,2025-06-15
10211,Vikram Verma,Male,48,West,Rajasthan,Jaipur,2025-11-27
10212,Ishita Nair,Male,46,North,Uttar Pradesh,Kanpur,2023-08-21
10213,Aditya Joshi,Male,38,North,Rajasthan,Udaipur,2023-09-17
10214,Aditya Rao,Female,20,South,Telangana,Hyderabad,2023-11-04
10215,Aditya Menon,Male,43,North,Uttar Pradesh,Kanpur,2024-02-07
10216,Diya Kumar,Male,23,South,Karnataka,Mangaluru,2025-09-23
10217,Aarav Rao,Male,37,South,Andhra Pradesh,Visakhapatnam,2025-01-19
10218,Diya Sharma,Male,30,North,Uttar Pradesh,Noida,2023-10-31
10219,Arjun Patel,Female,58,North,Rajasthan,Jaipur,2023-12-09
10220,Rahul Menon,Female,40,North,Delhi,New Delhi,2025-11-27
10221,Aisha Menon,Male,32,North,Haryana,Gurugram,2025-05-04
10222,Priya Gupta,Female,48,West,Maharashtra,Nagpur,2025-12-05
10223,Meera Verma,Female,21,South,Andhra Pradesh,Visakhapatnam,2023-09-13
10224,Nisha Joshi,Female,28,West,Gujarat,Surat,2023-05-17
10225,Rahul Gupta,Female,19,South,Telangana,Warangal,2025-03-28
10226,Arjun Iyer,Male,33,South,Telangana,Warangal,2025-08-30
10227,Ishita Menon,Male,48,East,Bihar,Patna,2023-02-07
10228,Aditya Iyer,Male,56,West,Maharashtra,Nagpur,2023-04-15
10229,Meera Patel,Male,60,East,West Bengal,Kolkata,2023-09-12
10230,Rahul Rao,Female,21,North,Uttar Pradesh,Noida,2024-05-02
10231,Sneha Iyer,Male,45,North,Uttar Pradesh,Kanpur,2024-04-02
10232,Karthik Verma,Male,33,West,Gujarat,Surat,2024-06-11
10233,Aarav Menon,Female,56,West,Maharashtra,Nagpur,2024-08-13
10234,Diya Pillai,Female,42,West,Gujarat,Surat,2024-06-08
10235,Karthik Sharma,Female,30,South,Tamil Nadu,Chennai,2024-01-05
10236,Karthik Kumar,Female,22,North,Rajasthan,Udaipur,2023-04-12
10237,Rohan Rao,Male,47,South,Karnataka,Mysuru,2025-07-04
10238,Aditya Das,Female,18,South,Kerala,Kozhikode,2024-10-25
10239,Sneha Nair,Female,22,North,Rajasthan,Udaipur,2024-11-20
10240,Karthik Reddy,Male,31,South,Tamil Nadu,Chennai,2024-08-21
10241,Rahul Kumar,Male,28,East,Assam,Guwahati,2024-08-22
10242,Diya Das,Male,51,East,Assam,Guwahati,2024-06-24
10243,Rohan Das,Female,46,East,West Bengal,Kolkata,2024-01-24
10244,Vikram Das,Male,35,West,Maharashtra,Mumbai,2023-12-29
10245,Karthik Singh,Female,32,South,Andhra Pradesh,Visakhapatnam,2025-07-19
10246,Meera Sharma,Male,42,East,West Bengal,Kolkata,2024-09-03
10247,Sneha Pillai,Male,47,West,Gujarat,Vadodara,2024-12-22
10248,Rahul Singh,Male,19,East,Jharkhand,Ranchi,2023-12-09
10249,Nisha Sharma,Male,57,East,Assam,Guwahati,2023-05-15
10250,Vihaan Verma,Male,44,East,Bihar,Patna,2025-07-28
10251,Meera Patel,Male,32,South,Kerala,Thiruvananthapuram,2025-09-04
10252,Karthik Singh,Male,49,West,Maharashtra,Mumbai,2024-01-15
10253,Aisha Iyer,Female,37,East,West Bengal,Kolkata,2023-02-07
10254,Nisha Reddy,Female,31,South,Andhra Pradesh,Vijayawada,2025-02-19
10255,Ananya Menon,Female,44,South,Tamil Nadu,Coimbatore,2023-11-06
10256,Ishita Kumar,Female,20,West,Rajasthan,Udaipur,2023-04-16
10257,Aditya Iyer,Female,20,East,West Bengal,Kolkata,2024-07-09
10258,Ananya Joshi,Female,30,North,Delhi,New Delhi,2024-02-01
10259,Vihaan Joshi,Male,42,West,Goa,Panaji,2023-06-02
10260,Arjun Sharma,Female,35,South,Karnataka,Mangaluru,2024-06-19
10261,Arjun Singh,Female,18,North,Rajasthan,Udaipur,2025-09-22
10262,Ishita Pillai,Female,56,East,Jharkhand,Ranchi,2025-08-23
10263,Meera Patel,Female,22,South,Telangana,Warangal,2025-06-11
10264,Nisha Das,Male,19,West,Gujarat,Ahmedabad,2024-08-05
10265,Rohan Nair,Female,47,East,Jharkhand,Ranchi,2023-07-20
10266,Karthik Pillai,Male,34,North,Rajasthan,Udaipur,2023-01-12
10267,Ishita Sharma,Male,46,North,Rajasthan,Udaipur,2025-12-11
10268,Rahul Patel,Male,59,North,Delhi,New Delhi,2025-02-06
10269,Nisha Das,Male,39,West,Maharashtra,Nagpur,2025-07-08
10270,Ishita Sharma,Male,26,South,Tamil Nadu,Chennai,2024-06-04
10271,Rohan Singh,Male,38,North,Rajasthan,Jaipur,2023-04-10
10272,Vikram Menon,Other,60,North,Haryana,Gurugram,2025-05-20
10273,Diya Pillai,Male,29,East,Bihar,Patna,2024-01-01
10274,Diya Das,Female,39,East,West Bengal,Kolkata,2024-10-18
10275,Arjun Joshi,Female,21,West,Rajasthan,Jaipur,2023-06-10
10276,Ishita Rao,Female,45,West,Maharashtra,Nagpur,2025-01-30
10277,Karthik Joshi,Male,26,North,Rajasthan,Udaipur,2023-06-24
10278,Aisha Pillai,Female,57,North,Rajasthan,Jaipur,2024-06-28
10279,Aditya Verma,Male,49,North,Uttar Pradesh,Noida,2024-04-21
10280,Arjun Iyer,Male,30,North,Haryana,Gurugram,2023-10-10
10281,Vikram Nair,Female,51,East,Bihar,Patna,2025-08-14
10282,Diya Gupta,Female,36,South,Andhra Pradesh,Vijayawada,2024-03-27
10283,Rohan Gupta,Female,31,West,Maharashtra,Nagpur,2023-03-23
10284,Aditya Pillai,Male,22,South,Tamil Nadu,Chennai,2025-03-26
10285,Diya Nair,Male,44,West,Maharashtra,Pune,2024-06-03
10286,Vikram Verma,Male,45,South,Kerala,Kozhikode,2023-05-14
10287,Diya Das,Male,43,West,Rajasthan,Jaipur,2024-03-22
10288,Sneha Menon,Male,27,West,Gujarat,Vadodara,2023-04-28
10289,Ishita Reddy,Female,41,South,Karnataka,Mysuru,2025-01-18
10290,Rahul Gupta,Male,34,West,Goa,Panaji,2024-10-07
10291,Aarav Menon,Male,33,South,Telangana,Hyderabad,2024-01-14
10292,Karthik Reddy,Male,34,South,Tamil Nadu,Madurai,2024-08-30
10293,Rahul Rao,Male,18,North,Haryana,Gurugram,2025-08-23
10294,Rahul Kumar,Female,38,West,Gujarat,Vadodara,2024-06-08
10295,Rohan Kumar,Female,60,South,Tamil Nadu,Chennai,2024-07-29
10296,Arjun Menon,Male,39,West,Goa,Panaji,2025-07-25
10297,Priya Iyer,Male,22,North,Haryana,Gurugram,2024-10-23
10298,Sneha Sharma,Other,53,South,Kerala,Kozhikode,2025-05-25
10299,Karthik Kumar,Female,38,North,Delhi,New Delhi,2023-01-12
10300,Sneha Iyer,Female,26,South,Telangana,Warangal,2024-01-23
10301,Ishita Nair,Male,44,South,Andhra Pradesh,Visakhapatnam,2023-03-24
10302,Ananya Gupta,Male,29,West,Gujarat,Ahmedabad,2025-09-02
10303,Aisha Joshi,Male,35,West,Maharashtra,Pune,2024-01-31
10304,Ishita Menon,Male,52,North,Uttar Pradesh,Noida,2024-06-28
10305,Nisha Nair,Female,32,North,Delhi,New Delhi,2024-10-22
10306,Rahul Menon,Male,47,East,Jharkhand,Ranchi,2024-10-01
10307,Arjun Kumar,Female,50,West,Goa,Panaji,2023-04-10
10308,Vihaan Singh,Male,53,South,Andhra Pradesh,Visakhapatnam,2024-04-01
10309,Rahul Singh,Female,57,North,Haryana,Gurugram,2025-05-23
10310,Priya Rao,Male,47,South,Kerala,Thiruvananthapuram,2023-11-24
10311,Aarav Sharma,Male,43,West,Maharashtra,Pune,2024-12-24
10312,Nisha Iyer,Female,38,South,Kerala,Kozhikode,2023-03-15
10313,Vihaan Gupta,Male,54,South,Tamil Nadu,Chennai,2023-04-02
10314,Sneha Patel,Male,60,East,Jharkhand,Ranchi,2023-11-26
10315,Aarav Joshi,Male,48,North,Delhi,New Delhi,2023-06-24
10316,Vihaan Das,Female,34,North,Uttar Pradesh,Noida,2023-11-11
10317,Diya Singh,Female,34,West,Goa,Panaji,2024-05-11
10318,Karthik Menon,Female,51,South,Kerala,Kozhikode,2024-03-03
10319,Rohan Singh,Female,41,South,Andhra Pradesh,Visakhapatnam,2023-02-04
10320,Sneha Das,Other,50,South,Telangana,Hyderabad,2023-04-29
10321,Priya Gupta,Female,21,West,Maharashtra,Mumbai,2025-07-13
10322,Aditya Nair,Female,26,North,Rajasthan,Jaipur,2025-04-07
10323,Priya Singh,Female,19,North,Haryana,Gurugram,2024-01-25
10324,Ishita Das,Male,52,South,Kerala,Kozhikode,2023-06-25
10325,Ananya Sharma,Other,39,East,Jharkhand,Ranchi,2023-04-16
10326,Aarav Singh,Female,32,North,Haryana,Faridabad,2024-08-14
10327,Priya Rao,Male,60,West,Gujarat,Vadodara,2025-07-02
10328,Priya Patel,Male,59,North,Uttar Pradesh,Lucknow,2025-08-12
10329,Aditya Iyer,Male,20,West,Goa,Panaji,2025-08-10
10330,Ishita Rao,Male,48,South,Tamil Nadu,Chennai,2025-05-10
10331,Karthik Kumar,Male,58,West,Gujarat,Surat,2023-05-07
10332,Nisha Patel,Male,59,North,Haryana,Gurugram,2025-04-03
10333,Karthik Patel,Male,40,South,Telangana,Warangal,2023-08-22
10334,Sneha Iyer,Female,29,South,Telangana,Warangal,2024-10-28
10335,Aisha Menon,Male,25,South,Kerala,Kozhikode,2025-07-19
10336,Nisha Patel,Male,38,South,Tamil Nadu,Madurai,2023-05-17
10337,Meera Rao,Male,38,East,West Bengal,Kolkata,2024-07-09
10338,Priya Joshi,Female,49,North,Punjab,Ludhiana,2025-01-28
10339,Karthik Rao,Male,34,West,Gujarat,Ahmedabad,2023-02-25
10340,Rahul Iyer,Male,54,South,Telangana,Warangal,2023-12-22
10341,Ananya Pillai,Female,41,West,Rajasthan,Jaipur,2025-07-11
10342,Sneha Nair,Male,25,West,Rajasthan,Udaipur,2025-03-23
10343,Karthik Sharma,Male,35,South,Tamil Nadu,Coimbatore,2025-12-22
10344,Ananya Verma,Male,28,West,Goa,Panaji,2025-12-22
10345,Rahul Sharma,Female,27,West,Gujarat,Surat,2025-03-16
10346,Rohan Singh,Female,43,North,Uttar Pradesh,Noida,2025-11-18
10347,Vikram Pillai,Female,23,North,Uttar Pradesh,Kanpur,2024-08-22
10348,Rahul Sharma,Male,34,South,Tamil Nadu,Chennai,2024-07-21
10349,Aisha Rao,Female,40,West,Goa,Panaji,2024-12-05
10350,Aisha Gupta,Male,59,North,Delhi,New Delhi,2024-09-03
10351,Rahul Pillai,Male,54,West,Goa,Panaji,2023-05-21
10352,Aditya Gupta,Male,45,East,Jharkhand,Ranchi,2024-07-14
10353,Aarav Patel,Female,33,North,Haryana,Gurugram,2024-05-13
10354,Meera Rao,Male,29,South,Telangana,Warangal,2024-09-18
10355,Vikram Pillai,Female,38,South,Karnataka,Mysuru,2024-05-16
10356,Ishita Reddy,Female,41,North,Uttar Pradesh,Kanpur,2025-01-10
10357,Vikram Menon,Male,45,South,Karnataka,Mysuru,2025-02-02
10358,Ananya Joshi,Male,54,West,Gujarat,Vadodara,2024-11-05
10359,Sneha Iyer,Male,38,East,Jharkhand,Ranchi,2023-02-18
10360,Karthik Pillai,Male,50,West,Gujarat,Ahmedabad,2024-09-18
10361,Vikram Joshi,Male,19,West,Rajasthan,Jaipur,2024-11-10
10362,Diya Menon,Female,54,North,Delhi,New Delhi,2023-10-04
10363,Vikram Singh,Male,36,West,Goa,Panaji,2023-02-16
10364,Vikram Rao,Female,45,West,Goa,Panaji,2025-07-14
10365,Priya Joshi,Male,32,East,Jharkhand,Ranchi,2023-08-04
10366,Vikram Patel,Female,18,West,Goa,Panaji,2023-08-18
10367,Ishita Menon,Female,60,East,Odisha,Cuttack,2023-11-19
10368,Aditya Singh,Female,45,East,Odisha,Cuttack,2023-08-13
10369,Sneha Kumar,Female,52,South,Andhra Pradesh,Visakhapatnam,2023-02-15
10370,Sneha Kumar,Male,49,South,Kerala,Thiruvananthapuram,2025-11-03
10371,Aditya Pillai,Male,45,South,Karnataka,Mangaluru,2024-09-24
10372,Arjun Nair,Female,26,South,Karnataka,Bengaluru,2024-01-10
10373,Priya Gupta,Female,41,South,Karnataka,Mangaluru,2024-12-03
10374,Nisha Das,Female,21,North,Punjab,Amritsar,2025-09-13
10375,Diya Singh,Male,58,South,Karnataka,Mangaluru,2023-11-29
10376,Arjun Kumar,Male,20,South,Kerala,Kochi,2023-06-15
10377,Vihaan Reddy,Male,39,North,Uttar Pradesh,Noida,2024-05-21
10378,Karthik Patel,Female,57,South,Tamil Nadu,Madurai,2023-04-27
10379,Karthik Iyer,Female,56,North,Rajasthan,Udaipur,2025-07-31
10380,Rahul Kumar,Female,42,South,Karnataka,Mysuru,2024-09-27
10381,Rohan Iyer,Male,39,South,Tamil Nadu,Coimbatore,2024-04-01
10382,Ananya Kumar,Female,51,North,Punjab,Ludhiana,2025-05-18
10383,Vikram Joshi,Female,37,North,Haryana,Gurugram,2023-08-04
10384,Nisha Verma,Male,53,East,Bihar,Patna,2023-04-23
10385,Aisha Sharma,Female,54,North,Rajasthan,Jaipur,2025-11-05
10386,Vikram Verma,Male,56,North,Rajasthan,Udaipur,2023-08-04
10387,Karthik Sharma,Male,44,South,Telangana,Warangal,2024-03-02
10388,Vihaan Reddy,Male,49,South,Kerala,Kozhikode,2025-12-02
10389,Sneha Reddy,Female,59,North,Punjab,Amritsar,2025-02-02
10390,Vihaan Gupta,Female,46,North,Delhi,New Delhi,2023-10-11
10391,Vihaan Patel,Female,58,East,Assam,Guwahati,2025-04-13
10392,Nisha Pillai,Female,49,West,Rajasthan,Udaipur,2025-12-19
10393,Arjun Verma,Female,41,West,Gujarat,Vadodara,2023-08-18
10394,Diya Sharma,Female,20,North,Uttar Pradesh,Noida,2024-01-20
10395,Rohan Menon,Male,44,South,Andhra Pradesh,Visakhapatnam,2023-06-08
10396,Ishita Pillai,Unknown,26,East,Assam,Guwahati,2025-04-03
10397,Rahul Singh,Male,57,East,Bihar,Patna,2024-04-15
10398,Nisha Gupta,Female,40,West,Gujarat,Ahmedabad,2023-07-27
10399,Ishita Iyer,Female,24,North,Uttar Pradesh,Noida,2023-06-23
10400,Nisha Gupta,Female,34,North,Punjab,Ludhiana,2025-11-07
10401,Diya Rao,Female,54,South,Tamil Nadu,Coimbatore,2025-10-13
10402,Rohan Verma,Male,24,East,West Bengal,Kolkata,2024-12-08
10403,Vihaan Patel,Female,47,West,Maharashtra,Pune,2025-09-01
10404,Aarav Reddy,Male,30,North,Uttar Pradesh,Kanpur,2024-02-01
10405,Ishita Iyer,Female,35,South,Kerala,Thiruvananthapuram,2025-08-31
10406,Ananya Sharma,Female,48,East,Bihar,Patna,2025-02-04
10407,Rohan Kumar,Male,39,West,Goa,Panaji,2024-11-07
10408,Aarav Kumar,Female,31,South,Kerala,Kozhikode,2024-05-31
10409,Ishita Joshi,Female,35,East,Jharkhand,Ranchi,2024-10-23
10410,Nisha Iyer,Other,52,South,Karnataka,Bengaluru,2023-11-02
10411,Aisha Verma,Female,34,South,Telangana,Hyderabad,2023-12-24
10412,Vihaan Kumar,Male,36,East,Assam,Guwahati,2024-02-23
10413,Aditya Singh,Male,48,East,West Bengal,Kolkata,2024-10-03
10414,Ananya Patel,Male,56,West,Maharashtra,Mumbai,2024-05-21
10415,Aarav Pillai,Female,53,North,Rajasthan,Udaipur,2023-11-08
10416,Sneha Pillai,Female,32,West,Maharashtra,Pune,2024-12-04
10417,Karthik Patel,Male,46,South,Tamil Nadu,Chennai,2023-09-02
10418,Aarav Pillai,Female,57,South,Andhra Pradesh,Vijayawada,2024-04-21
10419,Nisha Joshi,Female,33,North,Punjab,Amritsar,2024-09-06
10420,Arjun Joshi,Male,50,North,Rajasthan,Udaipur,2024-03-11
10421,Aarav Sharma,Male,42,North,Punjab,Amritsar,2023-09-07
10422,Meera Kumar,Male,33,North,Rajasthan,Udaipur,2025-11-11
10423,Diya Gupta,Male,47,South,Karnataka,Mysuru,2024-04-21
10424,Vihaan Rao,Male,51,West,Rajasthan,Udaipur,2024-05-25
10425,Vihaan Rao,Male,19,South,Kerala,Kozhikode,2025-02-12
10426,Ananya Das,Female,57,West,Goa,Panaji,2025-07-12
10427,Diya Gupta,Male,60,West,Maharashtra,Nagpur,2025-12-01
10428,Meera Nair,Male,55,East,Assam,Guwahati,2023-03-15
10429,Nisha Menon,Male,35,West,Gujarat,Surat,2025-03-19
10430,Ananya Reddy,Male,22,South,Tamil Nadu,Madurai,2025-04-10
10431,Aditya Sharma,Male,57,South,Telangana,Hyderabad,2025-11-11
10432,Ananya Patel,Male,23,North,Haryana,Faridabad,2023-08-08
10433,Meera Pillai,Female,29,North,Delhi,New Delhi,2023-03-20
10434,Aisha Iyer,Female,29,South,Telangana,Hyderabad,2023-08-23
10435,Priya Nair,Male,29,South,Tamil Nadu,Chennai,2023-06-06
10436,Rahul Sharma,Female,26,North,Punjab,Amritsar,2023-11-23
10437,Diya Sharma,Male,59,South,Andhra Pradesh,Vijayawada,2024-10-03
10438,Arjun Patel,Male,39,North,Punjab,Amritsar,2024-09-12
10439,Ananya Gupta,Female,33,North,Haryana,Faridabad,2025-09-11
10440,Meera Menon,Female,21,South,Telangana,Hyderabad,2025-11-09
10441,Vikram Rao,Female,20,South,Telangana,Hyderabad,2024-08-28
10442,Ishita Singh,Male,33,East,Assam,Guwahati,2025-05-13
10443,Ishita Gupta,Female,31,West,Rajasthan,Jaipur,2025-01-18
10444,Sneha Das,Male,58,West,Maharashtra,Mumbai,2025-07-03
10445,Vikram Das,Male,55,North,Haryana,Gurugram,2025-06-17
10446,Vihaan Reddy,Male,21,East,Assam,Guwahati,2025-09-24
10447,Ishita Rao,Female,19,East,Odisha,Cuttack,2025-05-09
10448,Karthik Patel,Female,27,North,Rajasthan,Jaipur,2024-07-26
10449,Ishita Patel,Male,28,West,Gujarat,Vadodara,2023-02-07
10450,Ishita Nair,Male,56,South,Karnataka,Mangaluru,2023-04-28
10451,Aarav Pillai,Female,43,North,Haryana,Gurugram,2024-01-25
10452,Nisha Sharma,Female,54,West,Rajasthan,Udaipur,2024-11-10
10453,Rahul Sharma,Male,43,West,Gujarat,Vadodara,2024-01-12
10454,Diya Gupta,Female,21,East,West Bengal,Kolkata,2025-04-28
10455,Vihaan Nair,Male,43,South,Kerala,Thiruvananthapuram,2024-01-11
10456,Diya Das,Female,55,West,Rajasthan,Udaipur,2024-08-17
10457,Rahul Das,Male,45,South,Andhra Pradesh,Vijayawada,2025-01-16
10458,Meera Menon,Male,19,West,Rajasthan,Jaipur,2025-12-01
10459,Arjun Sharma,Female,19,South,Andhra Pradesh,Vijayawada,2024-04-02
10460,Sneha Pillai,Female,33,South,Telangana,Hyderabad,2025-11-17
10461,Aditya Joshi,Male,40,South,Andhra Pradesh,Visakhapatnam,2025-01-10
10462,Meera Reddy,Male,40,North,Rajasthan,Jaipur,2024-09-20
10463,Vihaan Menon,Male,30,North,Haryana,Gurugram,2023-11-22
10464,Vihaan Kumar,Male,38,West,Goa,Panaji,2024-09-10
10465,Ananya Sharma,Female,56,East,Odisha,Cuttack,2023-11-21
10466,Diya Kumar,Male,42,West,Goa,Panaji,2024-05-30
10467,Karthik Patel,Female,54,South,Karnataka,Mangaluru,2025-01-15
10468,Diya Iyer,Male,30,East,Assam,Guwahati,2023-09-05
10469,Aarav Gupta,Other,32,South,Kerala,Thiruvananthapuram,2024-02-02
10470,Priya Reddy,Male,45,East,Assam,Guwahati,2024-08-04
10471,Aisha Reddy,Male,20,South,Telangana,Warangal,2023-07-22
10472,Sneha Kumar,Male,40,East,Assam,Guwahati,2023-08-09
10473,Aditya Iyer,Female,21,South,Karnataka,Mangaluru,2025-05-16
10474,Meera Das,Male,20,East,Bihar,Patna,2023-09-20
10475,Ishita Joshi,Male,56,West,Maharashtra,Mumbai,2023-10-23
10476,Priya Pillai,Female,25,East,Assam,Guwahati,2025-10-16
10477,Karthik Singh,Female,60,South,Karnataka,Mangaluru,2023-10-19
10478,Arjun Singh,Female,42,West,Goa,Panaji,2024-11-14
10479,Ishita Das,Male,58,East,Jharkhand,Ranchi,2025-05-25
10480,Aditya Singh,Male,29,West,Gujarat,Vadodara,2025-11-20
10481,Arjun Joshi,Female,22,North,Rajasthan,Udaipur,2025-12-03
10482,Priya Gupta,Male,50,North,Punjab,Ludhiana,2024-07-08
10483,Aisha Singh,Male,42,West,Gujarat,Surat,2023-12-15
10484,Rohan Gupta,Male,42,North,Punjab,Ludhiana,2023-08-07
10485,Vihaan Verma,Female,52,West,Maharashtra,Mumbai,2025-10-19
10486,Karthik Rao,Male,32,East,Odisha,Bhubaneswar,2024-03-25
10487,Arjun Iyer,Female,59,South,Telangana,Hyderabad,2024-05-18
10488,Diya Iyer,Male,43,South,Karnataka,Mangaluru,2023-03-27
10489,Vikram Pillai,Female,27,East,West Bengal,Kolkata,2024-06-06
10490,Aisha Singh,Female,41,East,Bihar,Patna,2024-04-05
10491,Aisha Reddy,Male,52,West,Goa,Panaji,2025-10-10
10492,Diya Pillai,Male,46,North,Uttar Pradesh,Kanpur,2024-09-21
10493,Diya Reddy,Female,55,South,Tamil Nadu,Chennai,2023-09-09
10494,Karthik Gupta,Male,22,South,Kerala,Thiruvananthapuram,2023-01-18
10495,Sneha Verma,Female,41,West,Rajasthan,Jaipur,2024-05-14
10496,Aarav Sharma,Female,36,West,Goa,Panaji,2024-04-02
10497,Priya Gupta,Female,26,West,Goa,Panaji,2023-04-25
10498,Ananya Singh,Male,43,South,Karnataka,Mysuru,2025-01-22
10499,Aisha Rao,Male,42,East,Jharkhand,Ranchi,2025-02-07
10500,Aditya Das,Female,52,East,Assam,Guwahati,2024-03-22
10501,Meera Iyer,Male,53,North,Haryana,Gurugram,2023-12-19
10502,Aditya Iyer,Female,31,West,Maharashtra,Pune,2024-09-16
10503,Diya Sharma,Female,23,South,Karnataka,Mysuru,2024-06-24
10504,Sneha Rao,Male,49,North,Rajasthan,Jaipur,2023-11-18
10505,Arjun Nair,Male,43,North,Haryana,Faridabad,2023-08-14
10506,Vihaan Joshi,Male,32,South,Telangana,Warangal,2023-12-27
10507,Vikram Gupta,Female,48,East,Assam,Guwahati,2025-04-13
10508,Aarav Joshi,Male,54,North,Delhi,New Delhi,2023-04-22
10509,Arjun Rao,Male,55,East,West Bengal,Kolkata,2023-07-31
10510,Arjun Joshi,Female,54,North,Punjab,Amritsar,2025-08-05
10511,Rahul Pillai,Male,36,North,Rajasthan,Udaipur,2023-06-08
10512,Meera Menon,Male,31,West,Gujarat,Ahmedabad,2024-07-25
10513,Arjun Verma,Male,53,East,Assam,Guwahati,2024-10-31
10514,Vikram Joshi,Female,54,East,Assam,Guwahati,2025-06-29
10515,Vihaan Sharma,Male,28,South,Karnataka,Mysuru,2025-10-19
10516,Aisha Sharma,Female,44,South,Telangana,Warangal,2024-02-08
10517,Karthik Kumar,Female,19,West,Rajasthan,Jaipur,2024-02-08
10518,Nisha Reddy,Male,39,North,Punjab,Amritsar,2024-08-23
10519,Karthik Iyer,Female,19,East,West Bengal,Kolkata,2023-07-12
10520,Nisha Rao,Male,37,South,Andhra Pradesh,Vijayawada,2025-09-26
10521,Karthik Patel,Male,34,West,Rajasthan,Jaipur,2024-06-06
10522,Rahul Kumar,Male,21,West,Goa,Panaji,2023-12-16
10523,Vikram Patel,Female,31,East,Assam,Guwahati,2023-11-12
10524,Aarav Pillai,Male,24,North,Punjab,Ludhiana,2025-07-31
10525,Rohan Gupta,Male,32,North,Haryana,Faridabad,2025-07-01
10526,Aditya Joshi,Male,47,West,Goa,Panaji,2024-10-13
10527,Vikram Verma,Male,33,West,Gujarat,Surat,2024-09-26
10528,Rohan Patel,Male,57,South,Karnataka,Mysuru,2025-10-07
10529,Ishita Joshi,Female,19,South,Kerala,Thiruvananthapuram,2024-08-15
10530,Vihaan Joshi,Male,36,East,West Bengal,Kolkata,2024-03-19
10531,Diya Singh,Female,18,North,Punjab,Amritsar,2024-09-12
10532,Vikram Verma,Male,48,East,West Bengal,Kolkata,2025-01-25
10533,Rahul Reddy,Female,21,East,Assam,Guwahati,2024-05-11
10534,Rohan Pillai,Female,44,West,Goa,Panaji,2025-02-11
10535,Arjun Reddy,Male,42,North,Rajasthan,Udaipur,2024-01-09
10536,Meera Pillai,Male,39,East,Bihar,Patna,2023-07-03
10537,Meera Kumar,Female,60,North,Rajasthan,Udaipur,2023-02-01
10538,Priya Sharma,Female,27,South,Telangana,Warangal,2023-10-10
10539,Arjun Singh,Male,50,West,Gujarat,Surat,2025-04-15
10540,Meera Verma,Female,47,South,Karnataka,Bengaluru,2025-05-22
10541,Nisha Verma,Female,47,East,Assam,Guwahati,2024-11-16
10542,Meera Das,Male,33,North,Delhi,New Delhi,2024-04-06
10543,Ishita Sharma,Female,26,South,Karnataka,Mysuru,2025-05-20
10544,Rahul Singh,Male,34,North,Rajasthan,Udaipur,2025-09-10
10545,Priya Singh,Female,52,North,Uttar Pradesh,Noida,2024-01-03
10546,Diya Nair,Male,32,West,Gujarat,Ahmedabad,2024-10-19
10547,Nisha Rao,Female,45,South,Tamil Nadu,Chennai,2023-06-15
10548,Diya Reddy,Male,37,North,Uttar Pradesh,Lucknow,2025-09-26
10549,Aditya Menon,Male,50,West,Goa,Panaji,2024-08-24
10550,Priya Verma,Female,50,North,Rajasthan,Jaipur,2024-08-16
10551,Ishita Menon,Female,53,West,Maharashtra,Mumbai,2023-05-06
10552,Priya Das,Female,30,East,West Bengal,Kolkata,2023-02-07
10553,Arjun Gupta,Male,21,West,Goa,Panaji,2023-12-14
10554,Priya Sharma,Male,40,West,Goa,Panaji,2025-01-06
10555,Vikram Menon,Male,25,East,Assam,Guwahati,2025-01-03
10556,Karthik Joshi,Female,30,West,Gujarat,Ahmedabad,2024-03-01
10557,Meera Sharma,Male,41,South,Kerala,Kochi,2024-10-09
10558,Ishita Reddy,Female,57,South,Kerala,Kozhikode,2023-10-13
10559,Meera Pillai,Male,47,North,Rajasthan,Jaipur,2023-11-16
10560,Rahul Rao,Female,47,North,Haryana,Gurugram,2024-05-26
10561,Rohan Reddy,Female,42,North,Haryana,Faridabad,2023-08-13
10562,Aditya Kumar,Female,50,South,Tamil Nadu,Madurai,2024-05-20
10563,Arjun Rao,Male,26,South,Karnataka,Mysuru,2025-01-11
10564,Diya Pillai,Female,43,South,Karnataka,Bengaluru,2025-10-25
10565,Priya Reddy,Male,41,West,Maharashtra,Mumbai,2024-04-12
10566,Priya Das,Male,50,West,Goa,Panaji,2025-07-26
10567,Rahul Joshi,Male,56,West,Maharashtra,Nagpur,2025-02-03
10568,Vikram Verma,Female,42,West,Gujarat,Surat,2023-06-12
10569,Vihaan Iyer,Male,32,East,Jharkhand,Ranchi,2024-10-14
10570,Nisha Rao,Female,58,South,Tamil Nadu,Coimbatore,2025-06-19
10571,Diya Verma,Male,58,West,Maharashtra,Nagpur,2025-03-18
10572,Meera Pillai,Male,23,North,Rajasthan,Udaipur,2023-03-23
10573,Priya Patel,Male,37,West,Gujarat,Ahmedabad,2024-04-25
10574,Aarav Kumar,Female,33,North,Haryana,Faridabad,2024-05-30
10575,Sneha Nair,Male,38,East,Odisha,Cuttack,2023-07-06
10576,Nisha Iyer,Female,32,East,Odisha,Cuttack,2023-05-26
10577,Aarav Sharma,Female,56,South,Andhra Pradesh,Visakhapatnam,2025-10-02
10578,Ananya Reddy,Female,59,East,Jharkhand,Ranchi,2023-06-01
10579,Meera Reddy,Male,21,West,Maharashtra,Mumbai,2023-04-03
10580,Ishita Nair,Male,41,South,Tamil Nadu,Madurai,2025-11-20
10581,Karthik Das,Female,20,West,Maharashtra,Mumbai,2024-06-23
10582,Sneha Nair,Female,18,East,Jharkhand,Ranchi,2024-10-10
10583,Aarav Das,Male,47,West,Maharashtra,Pune,2024-08-24
10584,Aisha Rao,Female,30,South,Tamil Nadu,Madurai,2023-02-18
10585,Vikram Singh,Male,35,North,Punjab,Amritsar,2024-06-24
10586,Ananya Singh,Female,57,South,Kerala,Thiruvananthapuram,2023-06-05
10587,Vihaan Kumar,Male,28,South,Telangana,Hyderabad,2025-02-13
10588,Karthik Singh,Male,59,South,Karnataka,Bengaluru,2024-06-29
10589,Aditya Joshi,Male,46,South,Tamil Nadu,Madurai,2024-10-11
10590,Arjun Pillai,Female,21,South,Karnataka,Mangaluru,2025-09-27
10591,Meera Patel,Other,42,South,Telangana,Warangal,2025-12-16
10592,Vikram Singh,Male,53,North,Punjab,Ludhiana,2023-06-24
10593,Arjun Joshi,Female,53,South,Kerala,Thiruvananthapuram,2023-01-27
10594,Vikram Iyer,Male,57,South,Tamil Nadu,Coimbatore,2023-05-27
10595,Aarav Das,Female,45,East,Bihar,Patna,2025-05-17
10596,Arjun Singh,Male,25,West,Maharashtra,Nagpur,2023-09-22
10597,Priya Kumar,Female,38,North,Haryana,Gurugram,2023-09-15
10598,Vihaan Sharma,Male,52,South,Telangana,Hyderabad,2025-04-06
10599,Vihaan Das,Male,35,South,Andhra Pradesh,Vijayawada,2025-01-12
10600,Sneha Gupta,Female,42,South,Andhra Pradesh,Visakhapatnam,2024-12-10
10601,Ananya Gupta,Female,58,South,Kerala,Thiruvananthapuram,2025-12-29
10602,Rohan Sharma,Female,22,South,Karnataka,Mangaluru,2025-11-14
10603,Aarav Menon,Female,25,South,Tamil Nadu,Coimbatore,2023-08-07
10604,Diya Reddy,Female,40,South,Karnataka,Mangaluru,2024-07-14
10605,Karthik Gupta,Male,20,South,Kerala,Kozhikode,2025-06-10
10606,Priya Kumar,Male,54,West,Goa,Panaji,2025-11-29
10607,Priya Patel,Female,48,South,Telangana,Hyderabad,2024-08-19
10608,Karthik Das,Female,46,West,Maharashtra,Pune,2023-12-09
10609,Arjun Menon,Other,58,West,Maharashtra,Mumbai,2024-05-17
10610,Vihaan Singh,Female,37,North,Haryana,Gurugram,2024-03-25
10611,Arjun Gupta,Female,20,South,Telangana,Warangal,2023-12-02
10612,Rohan Singh,Female,40,North,Haryana,Gurugram,2023-01-04
10613,Diya Verma,Male,57,North,Uttar Pradesh,Noida,2025-01-28
10614,Arjun Singh,Male,38,South,Tamil Nadu,Madurai,2024-05-31
10615,Diya Das,Female,30,East,Jharkhand,Ranchi,2023-08-26
10616,Ishita Menon,Female,25,East,West Bengal,Kolkata,2023-04-13
10617,Aarav Reddy,Female,22,South,Tamil Nadu,Coimbatore,2025-10-06
10618,Vihaan Verma,Male,42,South,Kerala,Kochi,2025-11-23
10619,Nisha Iyer,Female,56,North,Rajasthan,Udaipur,2024-06-01
10620,Aditya Reddy,Female,54,North,Punjab,Amritsar,2024-03-15
10621,Karthik Das,Female,58,South,Kerala,Kochi,2023-08-13
10622,Aarav Singh,Male,22,South,Telangana,Hyderabad,2024-07-18
10623,Rohan Singh,Female,25,West,Maharashtra,Mumbai,2025-12-18
10624,Vikram Verma,Female,21,West,Gujarat,Surat,2023-09-03
10625,Priya Reddy,Female,58,North,Delhi,New Delhi,2025-07-16
10626,Sneha Singh,Female,39,West,Gujarat,Surat,2025-08-10
10627,Aisha Iyer,Female,31,West,Gujarat,Ahmedabad,2025-03-29
10628,Vihaan Iyer,Male,36,North,Uttar Pradesh,Kanpur,2023-08-04
10629,Arjun Gupta,Male,30,South,Andhra Pradesh,Visakhapatnam,2023-10-10
10630,Nisha Iyer,Female,39,South,Karnataka,Bengaluru,2024-07-26
10631,Aisha Verma,Male,21,North,Delhi,New Delhi,2024-01-17
10632,Aditya Joshi,Female,50,East,Jharkhand,Ranchi,2025-12-04
10633,Diya Nair,Male,39,West,Goa,Panaji,2023-06-21
10634,Karthik Reddy,Male,18,West,Goa,Panaji,2023-02-13
10635,Ananya Joshi,Female,28,South,Tamil Nadu,Madurai,2023-08-16
10636,Diya Patel,Male,33,West,Gujarat,Ahmedabad,2024-07-27
10637,Aarav Menon,Female,21,West,Maharashtra,Pune,2023-11-13
10638,Vikram Iyer,Female,46,South,Telangana,Warangal,2024-12-31
10639,Sneha Das,Male,56,South,Kerala,Kochi,2024-08-23
10640,Ishita Singh,Female,55,West,Goa,Panaji,2024-09-15
10641,Aarav Gupta,Male,41,South,Karnataka,Mangaluru,2024-04-11
10642,Aditya Singh,Male,26,South,Karnataka,Mangaluru,2023-10-24
10643,Meera Patel,Male,25,South,Kerala,Thiruvananthapuram,2024-06-28
10644,Sneha Patel,Male,31,South,Kerala,Kochi,2024-05-03
10645,Diya Verma,Female,32,South,Kerala,Kozhikode,2025-10-16
10646,Priya Kumar,Female,39,East,Assam,Guwahati,2023-08-03
10647,Sneha Reddy,Male,54,West,Gujarat,Ahmedabad,2025-10-22
10648,Karthik Pillai,Female,32,North,Uttar Pradesh,Kanpur,2024-10-22
10649,Aditya Menon,Female,23,North,Rajasthan,Jaipur,2024-10-15
10650,Diya Pillai,Female,18,West,Gujarat,Surat,2025-03-12
10651,Diya Singh,Male,37,South,Karnataka,Mangaluru,2023-12-07
10652,Vikram Iyer,Female,58,West,Maharashtra,Mumbai,2024-12-04
10653,Aditya Kumar,Male,53,West,Maharashtra,Pune,2024-02-11
10654,Ishita Reddy,Female,19,North,Delhi,New Delhi,2025-05-02
10655,Sneha Joshi,Female,23,West,Maharashtra,Mumbai,2023-11-02
10656,Arjun Rao,Male,19,South,Telangana,Warangal,2025-05-23
10657,Rohan Gupta,Male,20,South,Karnataka,Bengaluru,2024-05-09
10658,Priya Iyer,Male,24,West,Gujarat,Ahmedabad,2024-07-31
10659,Priya Nair,Male,37,North,Rajasthan,Jaipur,2024-06-24
10660,Rohan Sharma,Male,58,West,Gujarat,Surat,2025-02-06
10661,Rahul Reddy,Female,39,West,Maharashtra,Nagpur,2025-06-14
10662,Nisha Reddy,Male,22,East,Odisha,Bhubaneswar,2024-03-30
10663,Ananya Kumar,Male,42,North,Rajasthan,Udaipur,2023-10-26
10664,Diya Sharma,Male,55,South,Karnataka,Mysuru,2024-03-02
10665,Sneha Nair,Male,35,South,Tamil Nadu,Chennai,2024-12-16
10666,Vikram Iyer,Male,18,South,Telangana,Hyderabad,2025-01-26
10667,Nisha Gupta,Female,42,South,Kerala,Thiruvananthapuram,2023-01-31
10668,Aisha Rao,Male,34,South,Kerala,Kozhikode,2023-11-28
10669,Ananya Kumar,Female,32,South,Karnataka,Mysuru,2023-02-21
10670,Ananya Joshi,Male,22,South,Karnataka,Mysuru,2023-08-31
10671,Arjun Rao,Female,34,South,Andhra Pradesh,Visakhapatnam,2025-02-13
10672,Aisha Iyer,Male,38,East,Odisha,Cuttack,2024-11-16
10673,Aditya Nair,Female,40,South,Telangana,Warangal,2024-07-26
10674,Ishita Patel,Female,60,West,Rajasthan,Jaipur,2025-05-21
10675,Sneha Iyer,Female,27,West,Maharashtra,Pune,2024-11-30
10676,Aditya Nair,Female,34,East,Assam,Guwahati,2024-06-02
10677,Meera Das,Female,18,South,Telangana,Hyderabad,2024-08-17
10678,Rahul Pillai,Female,54,West,Gujarat,Ahmedabad,2023-10-10
10679,Aisha Patel,Female,24,East,Jharkhand,Ranchi,2024-08-21
10680,Karthik Gupta,Female,29,East,Jharkhand,Ranchi,2023-05-28
10681,Vikram Nair,Female,57,North,Rajasthan,Udaipur,2023-03-11
10682,Sneha Kumar,Female,18,South,Telangana,Warangal,2023-08-22
10683,Nisha Singh,Male,37,South,Telangana,Hyderabad,2024-11-09
10684,Rohan Sharma,Female,48,North,Rajasthan,Jaipur,2024-09-27
10685,Ishita Verma,Male,21,East,Assam,Guwahati,2024-04-11
10686,Arjun Gupta,Female,43,West,Maharashtra,Pune,2024-07-10
10687,Ishita Das,Male,29,West,Rajasthan,Jaipur,2025-06-12
10688,Vikram Pillai,Male,39,South,Kerala,Thiruvananthapuram,2025-04-15
10689,Priya Das,Female,18,North,Haryana,Faridabad,2024-09-09
10690,Vikram Kumar,Female,18,South,Andhra Pradesh,Vijayawada,2023-05-14
10691,Nisha Sharma,Male,20,South,Karnataka,Bengaluru,2023-01-08
10692,Arjun Menon,Male,29,West,Maharashtra,Pune,2023-01-28
10693,Nisha Kumar,Male,38,West,Maharashtra,Pune,2025-02-21
10694,Rohan Das,Female,30,South,Karnataka,Mysuru,2024-06-24
10695,Nisha Singh,Male,30,South,Kerala,Thiruvananthapuram,2024-09-18
10696,Rohan Rao,Female,58,North,Uttar Pradesh,Noida,2025-11-23
10697,Karthik Sharma,Female,35,South,Kerala,Kochi,2023-01-07
10698,Sneha Joshi,Female,50,West,Goa,Panaji,2023-02-09
10699,Priya Menon,Male,23,South,Telangana,Hyderabad,2025-06-27
10700,Aisha Nair,Male,42,West,Goa,Panaji,2023-03-03
10701,Meera Joshi,Male,40,West,Goa,Panaji,2024-01-14
10702,Diya Sharma,Female,41,South,Tamil Nadu,Coimbatore,2023-11-18
10703,Aarav Gupta,Male,54,South,Andhra Pradesh,Visakhapatnam,2025-01-02
10704,Karthik Gupta,Female,43,South,Tamil Nadu,Madurai,2025-04-18
10705,Rohan Rao,Male,21,South,Telangana,Hyderabad,2024-02-23
10706,Sneha Gupta,Male,55,East,Odisha,Cuttack,2023-01-20
10707,Diya Singh,Male,52,South,Karnataka,Bengaluru,2024-02-16
10708,Vikram Das,Female,28,North,Rajasthan,Udaipur,2024-07-02
10709,Arjun Verma,Male,53,South,Karnataka,Mysuru,2024-08-27
10710,Meera Kumar,Male,42,North,Punjab,Ludhiana,2023-12-23
10711,Ananya Verma,Male,37,North,Delhi,New Delhi,2023-07-20
10712,Diya Patel,Female,18,West,Gujarat,Ahmedabad,2025-12-07
10713,Sneha Joshi,Female,47,West,Gujarat,Vadodara,2025-02-03
10714,Ishita Kumar,Male,21,West,Goa,Panaji,2023-08-19
10715,Priya Reddy,Male,40,South,Kerala,Kochi,2023-10-30
10716,Rahul Kumar,Male,52,East,Bihar,Patna,2024-01-22
10717,Priya Sharma,Female,59,North,Haryana,Gurugram,2024-12-15
10718,Diya Rao,Male,39,East,Assam,Guwahati,2025-07-13
10719,Rahul Verma,Female,48,South,Kerala,Thiruvananthapuram,2023-02-27
10720,Ishita Menon,Male,18,North,Delhi,New Delhi,2024-03-09
10721,Meera Iyer,Male,21,East,Odisha,Cuttack,2024-06-05
10722,Meera Rao,Male,36,South,Tamil Nadu,Coimbatore,2025-02-06
10723,Diya Verma,Female,47,South,Kerala,Kozhikode,2025-04-08
10724,Sneha Joshi,Female,18,North,Haryana,Faridabad,2024-04-27
10725,Meera Das,Female,36,West,Gujarat,Ahmedabad,2024-01-02
10726,Karthik Patel,Male,38,North,Uttar Pradesh,Lucknow,2025-06-07
10727,Arjun Reddy,Male,39,South,Telangana,Warangal,2025-06-01
10728,Aarav Patel,Female,19,North,Rajasthan,Jaipur,2024-02-15
10729,Aditya Joshi,Female,23,South,Karnataka,Mangaluru,2023-07-02
10730,Sneha Sharma,Female,38,South,Andhra Pradesh,Visakhapatnam,2023-06-07
10731,Priya Verma,Male,50,South,Karnataka,Bengaluru,2023-01-13
10732,Ananya Sharma,Male,36,North,Delhi,New Delhi,2024-07-19
10733,Aisha Sharma,Male,44,North,Punjab,Amritsar,2025-05-21
10734,Nisha Kumar,Female,54,West,Rajasthan,Jaipur,2024-07-08
10735,Vihaan Pillai,Female,46,West,Goa,Panaji,2024-11-08
10736,Karthik Singh,Female,39,East,Assam,Guwahati,2025-05-12
10737,Ananya Sharma,Male,51,West,Goa,Panaji,2024-09-09
10738,Aditya Kumar,Female,18,North,Punjab,Ludhiana,2023-07-23
10739,Rohan Verma,Male,42,West,Goa,Panaji,2025-08-14
10740,Priya Kumar,Male,38,West,Rajasthan,Udaipur,2023-10-29
10741,Vihaan Das,Female,51,West,Gujarat,Vadodara,2025-12-02
10742,Ishita Verma,Male,43,South,Kerala,Thiruvananthapuram,2025-03-05
10743,Sneha Reddy,Female,53,North,Haryana,Gurugram,2024-08-19
10744,Rahul Joshi,Female,52,West,Goa,Panaji,2024-12-29
10745,Ananya Verma,Male,40,South,Telangana,Hyderabad,2024-05-20
10746,Karthik Das,Female,34,East,West Bengal,Kolkata,2024-09-30
10747,Meera Verma,Female,59,West,Goa,Panaji,2023-07-10
10748,Aisha Singh,Male,29,West,Maharashtra,Nagpur,2025-06-17
10749,Sneha Menon,Female,37,East,West Bengal,Kolkata,2023-03-01
10750,Diya Verma,Female,56,North,Haryana,Faridabad,2023-03-03
10751,Rahul Iyer,Male,44,South,Telangana,Warangal,2023-10-29
10752,Meera Gupta,Male,59,East,Assam,Guwahati,2024-09-29
10753,Diya Reddy,Male,54,North,Haryana,Faridabad,2025-09-25
10754,Aisha Singh,Female,37,South,Andhra Pradesh,Vijayawada,2023-06-21
10755,Vikram Joshi,Female,28,South,Tamil Nadu,Coimbatore,2023-03-04
10756,Ishita Patel,Female,45,North,Rajasthan,Udaipur,2025-02-10
10757,Arjun Singh,Male,19,North,Rajasthan,Udaipur,2023-01-16
10758,Ananya Rao,Female,41,West,Maharashtra,Nagpur,2024-11-21
10759,Sneha Iyer,Female,33,East,West Bengal,Kolkata,2025-04-21
10760,Meera Patel,Male,29,North,Punjab,Amritsar,2025-06-17
10761,Aarav Singh,Female,33,South,Karnataka,Bengaluru,2025-07-21
10762,Karthik Das,Female,53,South,Karnataka,Bengaluru,2023-06-24
10763,Ishita Singh,Male,19,South,Tamil Nadu,Coimbatore,2024-02-21
10764,Ishita Pillai,Male,39,North,Delhi,New Delhi,2024-03-26
10765,Vihaan Joshi,Female,46,South,Tamil Nadu,Coimbatore,2025-04-15
10766,Meera Reddy,Female,45,West,Gujarat,Ahmedabad,2023-10-07
10767,Vihaan Gupta,Female,27,North,Haryana,Faridabad,2023-09-01
10768,Vikram Sharma,Female,40,East,Odisha,Cuttack,2024-11-05
10769,Vihaan Kumar,Male,49,South,Karnataka,Mangaluru,2023-05-26
10770,Arjun Patel,Male,48,North,Delhi,New Delhi,2025-12-26
10771,Aarav Menon,Female,36,South,Telangana,Warangal,2023-04-13
10772,Sneha Kumar,Male,32,North,Delhi,New Delhi,2023-11-06
10773,Nisha Rao,Female,50,South,Andhra Pradesh,Visakhapatnam,2023-04-27
10774,Aisha Joshi,Male,34,West,Gujarat,Surat,2025-02-01
10775,Aarav Verma,Male,53,North,Haryana,Gurugram,2025-01-07
10776,Vikram Kumar,Male,37,South,Telangana,Hyderabad,2023-07-06
10777,Vihaan Iyer,Male,26,South,Kerala,Kozhikode,2025-02-23
10778,Priya Iyer,Female,55,North,Haryana,Gurugram,2024-12-07
10779,Arjun Menon,Male,20,North,Rajasthan,Jaipur,2025-05-25
10780,Diya Das,Female,19,North,Delhi,New Delhi,2025-03-06
10781,Priya Menon,Female,35,North,Haryana,Gurugram,2024-04-17
10782,Aditya Reddy,Male,39,West,Goa,Panaji,2024-07-09
10783,Diya Reddy,Male,36,South,Kerala,Kochi,2024-11-12
10784,Vihaan Iyer,Female,24,South,Telangana,Warangal,2023-04-04
10785,Ishita Iyer,Male,52,South,Tamil Nadu,Chennai,2025-01-05
10786,Rahul Rao,Other,37,East,Odisha,Bhubaneswar,2025-02-28
10787,Ishita Rao,Female,37,West,Gujarat,Surat,2023-02-07
10788,Diya Sharma,Male,36,West,Goa,Panaji,2025-02-20
10789,Karthik Rao,Female,58,West,Gujarat,Vadodara,2024-04-26
10790,Vihaan Singh,Male,33,East,Odisha,Cuttack,2023-04-21
10791,Arjun Iyer,Male,55,South,Kerala,Thiruvananthapuram,2024-02-14
10792,Rahul Iyer,Female,38,West,Goa,Panaji,2024-02-01
10793,Vihaan Iyer,Male,46,West,Rajasthan,Udaipur,2023-02-11
10794,Aditya Reddy,Female,55,North,Delhi,New Delhi,2023-02-10
10795,Priya Kumar,Female,41,South,Kerala,Kozhikode,2024-02-03
10796,Arjun Joshi,Male,54,East,Odisha,Bhubaneswar,2023-07-01
10797,Aisha Gupta,Male,46,East,West Bengal,Kolkata,2025-01-13
10798,Priya Pillai,Male,48,West,Rajasthan,Udaipur,2024-12-18
10799,Ishita Rao,Male,56,North,Rajasthan,Jaipur,2024-04-08
10800,Meera Patel,Male,29,East,Bihar,Patna,2025-12-09
10801,Aarav Sharma,Female,47,North,Delhi,New Delhi,2023-10-25
10802,Karthik Patel,Female,21,South,Telangana,Hyderabad,2023-05-25
10803,Arjun Sharma,Female,47,West,Maharashtra,Nagpur,2023-01-16
10804,Rohan Sharma,Male,22,North,Uttar Pradesh,Kanpur,2025-12-11
10805,Rahul Nair,Female,33,West,Maharashtra,Pune,2023-04-17
10806,Ishita Kumar,Female,44,North,Uttar Pradesh,Noida,2023-08-07
10807,Vikram Singh,Male,21,East,West Bengal,Kolkata,2025-07-23
10808,Nisha Sharma,Male,25,East,Odisha,Bhubaneswar,2023-12-03
10809,Arjun Menon,Male,25,West,Maharashtra,Nagpur,2025-07-09
10810,Priya Reddy,Female,34,South,Telangana,Hyderabad,2024-01-06
10811,Rahul Sharma,Female,20,East,Odisha,Cuttack,2025-09-24
10812,Aarav Singh,Female,44,North,Rajasthan,Jaipur,2025-03-20
10813,Aisha Sharma,Female,51,South,Telangana,Hyderabad,2023-09-11
10814,Nisha Kumar,Unknown,38,East,Odisha,Bhubaneswar,2024-08-02
10815,Karthik Nair,Male,60,East,Bihar,Patna,2024-09-27
10816,Vihaan Verma,Female,41,West,Rajasthan,Udaipur,2025-11-19
10817,Arjun Joshi,Female,58,West,Maharashtra,Nagpur,2023-07-04
10818,Vikram Nair,Male,46,West,Gujarat,Vadodara,2024-04-18
10819,Ananya Joshi,Female,56,South,Karnataka,Mysuru,2025-09-11
10820,Ananya Patel,Male,23,South,Kerala,Thiruvananthapuram,2025-09-10
10821,Rohan Singh,Male,31,North,Rajasthan,Jaipur,2024-05-16
10822,Aisha Patel,Female,31,South,Karnataka,Mysuru,2025-05-23
10823,Aarav Kumar,Female,54,South,Tamil Nadu,Chennai,2023-12-16
10824,Meera Rao,Male,41,West,Maharashtra,Nagpur,2023-03-01
10825,Ishita Menon,Female,30,West,Gujarat,Surat,2025-05-28
10826,Aarav Rao,Male,18,East,Odisha,Bhubaneswar,2024-04-09
10827,Rahul Das,Female,29,South,Andhra Pradesh,Vijayawada,2023-11-07
10828,Sneha Kumar,Male,59,South,Tamil Nadu,Chennai,2025-07-19
10829,Nisha Patel,Male,41,North,Punjab,Amritsar,2025-08-22
10830,Rohan Das,Male,54,West,Goa,Panaji,2023-10-07
10831,Sneha Iyer,Male,37,South,Telangana,Warangal,2024-12-11
10832,Arjun Iyer,Male,23,West,Rajasthan,Jaipur,2025-08-24
10833,Diya Nair,Female,29,South,Tamil Nadu,Madurai,2024-11-25
10834,Meera Singh,Male,38,South,Kerala,Thiruvananthapuram,2025-06-28
10835,Sneha Joshi,Male,20,West,Rajasthan,Jaipur,2024-07-20
10836,Aisha Sharma,Male,44,West,Rajasthan,Jaipur,2023-09-28
10837,Arjun Menon,Male,53,East,Jharkhand,Ranchi,2025-09-06
10838,Meera Verma,Male,34,West,Gujarat,Surat,2025-12-12
10839,Rahul Gupta,Male,32,West,Gujarat,Vadodara,2025-04-20
10840,Meera Sharma,Male,56,North,Rajasthan,Jaipur,2025-09-30
10841,Arjun Menon,Male,21,South,Andhra Pradesh,Vijayawada,2023-08-28
10842,Nisha Pillai,Female,34,North,Rajasthan,Jaipur,2023-12-27
10843,Meera Verma,Female,55,South,Kerala,Kochi,2025-01-03
10844,Priya Sharma,Male,28,East,Odisha,Cuttack,2025-05-01
10845,Aarav Reddy,Male,29,South,Tamil Nadu,Madurai,2025-05-09
10846,Sneha Patel,Male,49,West,Gujarat,Surat,2024-12-01
10847,Vikram Rao,Male,44,South,Andhra Pradesh,Vijayawada,2025-04-15
10848,Aditya Sharma,Male,60,East,Jharkhand,Ranchi,2025-04-02
10849,Meera Rao,Female,44,West,Rajasthan,Jaipur,2023-04-07
10850,Diya Kumar,Male,57,West,Goa,Panaji,2023-11-23
10851,Diya Joshi,Other,46,South,Tamil Nadu,Coimbatore,2023-03-14
10852,Arjun Sharma,Male,26,North,Delhi,New Delhi,2025-09-20
10853,Aarav Menon,Female,60,South,Kerala,Kozhikode,2025-09-20
10854,Sneha Gupta,Female,20,East,Odisha,Bhubaneswar,2023-11-29
10855,Vikram Pillai,Male,56,South,Andhra Pradesh,Vijayawada,2024-04-02
10856,Rohan Joshi,Male,46,South,Karnataka,Bengaluru,2025-01-03
10857,Arjun Nair,Female,38,South,Telangana,Hyderabad,2025-05-25
10858,Ishita Joshi,Female,52,West,Maharashtra,Mumbai,2025-05-07
10859,Aditya Rao,Male,27,West,Rajasthan,Jaipur,2023-04-09
10860,Priya Gupta,Male,40,South,Andhra Pradesh,Visakhapatnam,2025-01-01
10861,Arjun Patel,Male,56,North,Uttar Pradesh,Lucknow,2025-07-13
10862,Arjun Nair,Male,42,West,Maharashtra,Pune,2023-09-01
10863,Ananya Singh,Female,41,West,Maharashtra,Pune,2024-10-23
10864,Vikram Pillai,Female,37,West,Gujarat,Ahmedabad,2025-10-02
10865,Ishita Menon,Male,32,West,Maharashtra,Nagpur,2024-01-02
10866,Nisha Reddy,Male,38,West,Maharashtra,Mumbai,2024-05-13
10867,Rohan Singh,Male,59,South,Kerala,Kochi,2023-04-23
10868,Vihaan Joshi,Female,29,South,Andhra Pradesh,Vijayawada,2025-08-02
10869,Rohan Verma,Female,35,East,Jharkhand,Ranchi,2025-11-13
10870,Rahul Reddy,Male,40,East,West Bengal,Kolkata,2023-10-10
10871,Nisha Reddy,Male,58,West,Maharashtra,Nagpur,2024-02-05
10872,Priya Reddy,Female,46,South,Kerala,Thiruvananthapuram,2024-07-21
10873,Karthik Rao,Male,58,North,Rajasthan,Udaipur,2025-12-13
10874,Arjun Singh,Unknown,53,West,Gujarat,Vadodara,2024-12-14
10875,Vikram Iyer,Male,22,South,Andhra Pradesh,Vijayawada,2024-02-26
10876,Priya Iyer,Male,39,South,Kerala,Kochi,2025-04-28
10877,Ishita Das,Male,43,North,Uttar Pradesh,Kanpur,2024-04-19
10878,Rohan Singh,Female,56,North,Rajasthan,Udaipur,2024-02-09
10879,Sneha Singh,Female,28,South,Tamil Nadu,Coimbatore,2023-02-05
10880,Karthik Singh,Male,59,South,Telangana,Warangal,2023-12-24
10881,Vikram Das,Male,28,South,Karnataka,Bengaluru,2024-07-11
10882,Sneha Kumar,Female,35,North,Rajasthan,Udaipur,2025-12-03
10883,Sneha Das,Male,29,South,Tamil Nadu,Coimbatore,2023-11-16
10884,Vihaan Pillai,Male,33,South,Telangana,Hyderabad,2025-01-07
10885,Diya Singh,Male,44,North,Haryana,Gurugram,2024-10-19
10886,Sneha Das,Female,53,South,Karnataka,Bengaluru,2024-04-16
10887,Vikram Singh,Male,34,North,Uttar Pradesh,Kanpur,2024-06-08
10888,Rahul Sharma,Male,38,South,Karnataka,Mangaluru,2023-01-25
10889,Sneha Kumar,Male,54,South,Telangana,Hyderabad,2024-10-01
10890,Priya Verma,Male,48,South,Andhra Pradesh,Visakhapatnam,2025-05-25
10891,Rohan Gupta,Female,39,North,Delhi,New Delhi,2023-06-23
10892,Diya Sharma,Female,44,East,Odisha,Cuttack,2023-07-05
10893,Karthik Verma,Male,40,North,Haryana,Gurugram,2025-09-27
10894,Nisha Gupta,Male,49,West,Gujarat,Vadodara,2024-06-11
10895,Aditya Reddy,Female,34,North,Uttar Pradesh,Lucknow,2025-08-29
10896,Ishita Patel,Male,28,South,Andhra Pradesh,Visakhapatnam,2024-11-14
10897,Karthik Pillai,Female,18,South,Kerala,Thiruvananthapuram,2023-07-05
10898,Aisha Gupta,Female,45,East,Odisha,Bhubaneswar,2024-07-28
10899,Ishita Joshi,Male,35,South,Andhra Pradesh,Visakhapatnam,2023-11-05
10900,Diya Reddy,Female,58,South,Tamil Nadu,Chennai,2024-06-21
10901,Ishita Kumar,Male,37,South,Tamil Nadu,Chennai,2025-05-07
10902,Priya Gupta,Male,24,South,Tamil Nadu,Madurai,2023-07-12
10903,Rohan Pillai,Female,54,South,Tamil Nadu,Madurai,2023-02-22
10904,Meera Rao,Female,33,West,Maharashtra,Pune,2024-04-19
10905,Karthik Pillai,Female,56,West,Gujarat,Ahmedabad,2023-06-23
10906,Rohan Verma,Female,40,East,Jharkhand,Ranchi,2024-11-30
10907,Priya Sharma,Male,49,North,Punjab,Ludhiana,2024-01-25
10908,Aisha Kumar,Male,34,South,Andhra Pradesh,Visakhapatnam,2024-04-01
10909,Sneha Joshi,Male,36,South,Tamil Nadu,Madurai,2025-11-18
10910,Aarav Gupta,Female,59,West,Rajasthan,Udaipur,2023-05-02
10911,Rohan Rao,Male,51,West,Maharashtra,Mumbai,2024-02-22
10912,Arjun Gupta,Male,31,South,Andhra Pradesh,Visakhapatnam,2023-06-08
10913,Vikram Joshi,Female,20,North,Delhi,New Delhi,2024-08-20
10914,Vihaan Iyer,Male,56,West,Goa,Panaji,2024-05-30
10915,Sneha Das,Male,42,West,Goa,Panaji,2025-10-22
10916,Arjun Patel,Male,28,West,Gujarat,Vadodara,2024-10-20
10917,Aarav Iyer,Male,32,South,Andhra Pradesh,Visakhapatnam,2024-11-08
10918,Diya Gupta,Male,36,East,Jharkhand,Ranchi,2023-11-11
10919,Meera Verma,Male,60,North,Delhi,New Delhi,2023-11-24
10920,Vikram Menon,Male,32,South,Telangana,Warangal,2023-10-03
10921,Ananya Sharma,Male,32,East,Odisha,Cuttack,2024-12-16
10922,Aarav Sharma,Male,55,West,Maharashtra,Nagpur,2024-03-27
10923,Vihaan Sharma,Male,32,East,Bihar,Patna,2024-04-30
10924,Arjun Das,Male,26,North,Haryana,Gurugram,2024-07-20
10925,Aisha Menon,Male,22,West,Maharashtra,Pune,2023-09-03
10926,Arjun Joshi,Male,36,South,Tamil Nadu,Madurai,2025-07-23
10927,Arjun Singh,Female,41,South,Kerala,Thiruvananthapuram,2025-06-07
10928,Sneha Rao,Female,46,West,Rajasthan,Udaipur,2023-06-13
10929,Aisha Singh,Male,22,North,Uttar Pradesh,Kanpur,2024-06-10
10930,Aarav Sharma,Male,39,South,Tamil Nadu,Chennai,2023-01-01
10931,Arjun Reddy,Female,30,South,Karnataka,Mangaluru,2025-05-12
10932,Aarav Nair,Female,46,North,Uttar Pradesh,Noida,2023-05-17
10933,Diya Kumar,Female,33,East,West Bengal,Kolkata,2023-05-31
10934,Ananya Iyer,Male,53,West,Gujarat,Vadodara,2025-09-30
10935,Rohan Patel,Female,34,South,Telangana,Hyderabad,2025-11-07
10936,Nisha Verma,Female,37,South,Karnataka,Bengaluru,2025-09-25
10937,Vikram Verma,Male,31,South,Telangana,Hyderabad,2024-11-28
10938,Aarav Iyer,Male,23,East,Assam,Guwahati,2025-12-24
10939,Meera Joshi,Male,39,South,Kerala,Thiruvananthapuram,2023-11-29
10940,Aditya Reddy,Male,57,West,Goa,Panaji,2024-01-07
10941,Arjun Rao,Male,26,South,Tamil Nadu,Madurai,2024-08-03
10942,Meera Singh,Female,49,West,Maharashtra,Mumbai,2024-11-16
10943,Diya Rao,Male,41,North,Rajasthan,Udaipur,2024-12-09
10944,Rohan Rao,Male,50,North,Rajasthan,Udaipur,2025-07-16
10945,Diya Iyer,Female,30,South,Tamil Nadu,Coimbatore,2025-01-09
10946,Priya Joshi,Male,52,South,Karnataka,Mysuru,2023-09-28
10947,Meera Das,Male,23,South,Karnataka,Mangaluru,2024-12-11
10948,Vikram Patel,Male,57,East,Bihar,Patna,2023-11-21
10949,Aditya Patel,Male,47,East,Assam,Guwahati,2025-09-16
10950,Meera Reddy,Male,55,West,Gujarat,Ahmedabad,2025-03-08
10951,Karthik Iyer,Female,33,North,Uttar Pradesh,Lucknow,2025-07-08
10952,Rohan Pillai,Male,18,North,Rajasthan,Jaipur,2024-06-30
10953,Sneha Menon,Female,59,South,Kerala,Kochi,2025-12-28
10954,Priya Iyer,Male,35,East,Bihar,Patna,2025-06-26
10955,Ananya Menon,Female,39,West,Rajasthan,Udaipur,2023-07-31
10956,Rahul Pillai,Female,43,West,Gujarat,Surat,2024-08-19
10957,Diya Kumar,Female,31,West,Gujarat,Ahmedabad,2023-02-17
10958,Meera Rao,Male,54,South,Karnataka,Bengaluru,2023-08-19
10959,Ananya Iyer,Female,31,South,Telangana,Hyderabad,2024-08-01
10960,Nisha Menon,Female,43,North,Uttar Pradesh,Lucknow,2025-08-07
10961,Vikram Kumar,Female,53,South,Karnataka,Mysuru,2025-07-20
10962,Sneha Joshi,Male,40,North,Punjab,Amritsar,2023-02-21
10963,Karthik Singh,Male,19,South,Andhra Pradesh,Visakhapatnam,2024-02-26
10964,Rahul Verma,Male,56,West,Goa,Panaji,2024-09-02
10965,Sneha Reddy,Male,24,South,Kerala,Kozhikode,2024-03-21
10966,Sneha Pillai,Female,56,West,Goa,Panaji,2025-08-18
10967,Priya Das,Female,39,North,Delhi,New Delhi,2023-05-11
10968,Ishita Sharma,Female,45,South,Telangana,Warangal,2024-08-22
10969,Sneha Gupta,Male,55,West,Goa,Panaji,2024-01-09
10970,Ishita Gupta,Male,37,West,Goa,Panaji,2024-07-04
10971,Vikram Gupta,Male,35,North,Uttar Pradesh,Kanpur,2024-06-13
10972,Vihaan Patel,Male,41,East,Bihar,Patna,2024-01-22
10973,Aisha Sharma,Female,50,North,Rajasthan,Jaipur,2023-12-02
10974,Nisha Gupta,Male,43,South,Andhra Pradesh,Visakhapatnam,2025-01-05
10975,Rohan Singh,Female,36,South,Kerala,Thiruvananthapuram,2025-10-21
10976,Priya Pillai,Male,59,South,Telangana,Warangal,2025-06-14
10977,Ananya Iyer,Female,30,West,Rajasthan,Jaipur,2024-06-21
10978,Arjun Das,Male,27,South,Telangana,Warangal,2024-05-10
10979,Diya Joshi,Male,31,West,Gujarat,Surat,2025-11-01
10980,Ishita Das,Male,26,West,Gujarat,Vadodara,2024-05-22
10981,Sneha Das,Male,28,South,Kerala,Thiruvananthapuram,2024-11-11
10982,Karthik Menon,Male,20,North,Punjab,Ludhiana,2024-07-18
10983,Nisha Rao,Female,57,South,Telangana,Warangal,2025-02-19
10984,Aarav Joshi,Male,29,South,Karnataka,Mangaluru,2025-01-29
10985,Rahul Pillai,Male,52,North,Rajasthan,Jaipur,2023-05-08
10986,Arjun Reddy,Female,56,West,Maharashtra,Pune,2023-05-26
10987,Vikram Verma,Male,56,North,Haryana,Faridabad,2024-05-13
10988,Rohan Rao,Male,49,West,Gujarat,Surat,2025-08-23
10989,Priya Pillai,Female,56,South,Kerala,Kochi,2024-07-13
10990,Meera Gupta,Male,31,North,Punjab,Ludhiana,2025-07-12
10991,Rahul Nair,Female,18,North,Uttar Pradesh,Kanpur,2024-02-07
10992,Vihaan Joshi,Female,44,North,Rajasthan,Jaipur,2025-09-02
10993,Ananya Pillai,Female,54,South,Telangana,Hyderabad,2023-12-08
10994,Aditya Iyer,Female,60,West,Goa,Panaji,2025-12-07
10995,Vihaan Patel,Male,18,West,Maharashtra,Mumbai,2024-06-24
10996,Arjun Nair,Male,46,South,Karnataka,Mangaluru,2024-05-25
10997,Rahul Das,Other,41,East,Bihar,Patna,2023-01-19
10998,Arjun Joshi,Male,34,South,Andhra Pradesh,Visakhapatnam,2024-05-09
10999,Nisha Kumar,Female,52,East,Jharkhand,Ranchi,2023-12-21
11000,Meera Rao,Female,48,West,Rajasthan,Udaipur,2024-07-12
11001,Rahul Iyer,Female,59,South,Karnataka,Mangaluru,2023-12-11
11002,Ananya Singh,Male,49,West,Maharashtra,Mumbai,2025-12-19
11003,Aarav Reddy,Male,36,East,Jharkhand,Ranchi,2024-11-18
11004,Ananya Iyer,Male,48,North,Uttar Pradesh,Lucknow,2023-08-17
11005,Rohan Menon,Male,56,North,Delhi,New Delhi,2023-05-27
11006,Ishita Menon,Female,37,North,Delhi,New Delhi,2023-11-28
11007,Nisha Gupta,Female,45,North,Punjab,Ludhiana,2024-03-08
11008,Aarav Iyer,Female,20,North,Rajasthan,Jaipur,2024-02-03
11009,Diya Sharma,Male,49,South,Karnataka,Mysuru,2025-04-15
11010,Aarav Kumar,Male,39,West,Maharashtra,Nagpur,2024-08-09
11011,Vihaan Verma,Male,59,South,Tamil Nadu,Chennai,2024-08-21
11012,Arjun Patel,Male,32,East,Bihar,Patna,2025-01-26
11013,Ananya Sharma,Male,55,East,Odisha,Cuttack,2023-12-12
11014,Meera Kumar,Male,36,South,Kerala,Kochi,2025-11-02
11015,Karthik Verma,Male,48,North,Haryana,Faridabad,2025-01-07
11016,Rahul Reddy,Male,43,East,Assam,Guwahati,2024-01-15
11017,Priya Iyer,Other,22,South,Tamil Nadu,Madurai,2024-02-25
11018,Aisha Menon,Male,37,West,Gujarat,Surat,2025-10-07
11019,Priya Singh,Female,19,East,Jharkhand,Ranchi,2024-02-22
11020,Rohan Reddy,Male,38,South,Tamil Nadu,Coimbatore,2023-12-22
11021,Ananya Gupta,Male,53,North,Punjab,Amritsar,2023-01-16
11022,Karthik Iyer,Male,45,South,Kerala,Thiruvananthapuram,2023-11-11
11023,Priya Menon,Female,37,East,Assam,Guwahati,2024-06-16
11024,Vikram Nair,Male,54,East,Odisha,Cuttack,2025-11-05
11025,Aditya Iyer,Male,56,East,Bihar,Patna,2024-06-28
11026,Aisha Singh,Female,53,West,Gujarat,Surat,2024-11-24
11027,Meera Reddy,Male,28,East,West Bengal,Kolkata,2023-03-10
11028,Vikram Iyer,Male,20,North,Haryana,Faridabad,2024-02-15
11029,Ananya Joshi,Male,54,South,Telangana,Hyderabad,2025-12-11
11030,Ishita Kumar,Male,37,North,Punjab,Amritsar,2025-12-24
11031,Priya Nair,Female,49,South,Telangana,Hyderabad,2025-03-22
11032,Nisha Singh,Female,42,West,Goa,Panaji,2025-07-07
11033,Rohan Nair,Male,38,South,Andhra Pradesh,Visakhapatnam,2025-04-26
11034,Rohan Singh,Male,33,South,Kerala,Thiruvananthapuram,2025-01-09
11035,Vihaan Pillai,Female,59,South,Karnataka,Mangaluru,2024-03-14
11036,Karthik Verma,Male,18,North,Uttar Pradesh,Noida,2024-06-13
11037,Meera Nair,Female,40,South,Karnataka,Mangaluru,2024-12-30
11038,Arjun Singh,Male,60,North,Haryana,Faridabad,2023-09-30
11039,Aditya Iyer,Female,41,South,Karnataka,Mysuru,2024-04-03
11040,Aarav Das,Female,42,South,Andhra Pradesh,Vijayawada,2025-03-30
11041,Aditya Gupta,Female,24,West,Rajasthan,Udaipur,2024-07-21
11042,Aisha Verma,Male,55,North,Punjab,Amritsar,2025-05-10
11043,Ishita Das,Female,56,South,Andhra Pradesh,Vijayawada,2024-05-11
11044,Vihaan Reddy,Female,52,North,Delhi,New Delhi,2025-03-05
11045,Rahul Patel,Female,31,East,Odisha,Cuttack,2025-03-15
11046,Priya Rao,Male,26,North,Haryana,Gurugram,2025-12-31
11047,Aarav Nair,Female,20,South,Andhra Pradesh,Visakhapatnam,2025-07-22
11048,Sneha Das,Male,55,South,Telangana,Hyderabad,2025-09-18
11049,Vihaan Verma,Male,37,East,Jharkhand,Ranchi,2025-04-19
11050,Aarav Rao,Female,58,South,Andhra Pradesh,Visakhapatnam,2024-09-26
11051,Aisha Singh,Male,50,East,Jharkhand,Ranchi,2024-08-25
11052,Ananya Joshi,Female,58,West,Gujarat,Surat,2025-01-05
11053,Diya Kumar,Female,49,East,Jharkhand,Ranchi,2025-09-17
11054,Sneha Nair,Female,53,North,Delhi,New Delhi,2024-01-02
11055,Rohan Kumar,Female,43,East,Jharkhand,Ranchi,2023-09-13
11056,Nisha Iyer,Male,22,West,Maharashtra,Nagpur,2024-03-15
11057,Priya Menon,Male,47,North,Uttar Pradesh,Kanpur,2024-03-10
11058,Ananya Nair,Male,34,West,Goa,Panaji,2024-11-20
11059,Aditya Pillai,Male,23,West,Gujarat,Surat,2023-11-04
11060,Meera Kumar,Male,32,North,Uttar Pradesh,Kanpur,2024-02-13
11061,Nisha Rao,Female,18,East,Jharkhand,Ranchi,2025-04-05
11062,Karthik Patel,Male,30,East,Bihar,Patna,2023-03-28
11063,Vihaan Sharma,Male,51,North,Punjab,Ludhiana,2023-01-03
11064,Sneha Gupta,Female,47,West,Goa,Panaji,2024-01-07
11065,Aarav Menon,Male,36,West,Goa,Panaji,2024-10-03
11066,Ishita Iyer,Male,19,North,Rajasthan,Jaipur,2025-11-12
11067,Ananya Nair,Male,29,South,Karnataka,Mysuru,2023-04-08
11068,Nisha Rao,Female,57,South,Kerala,Thiruvananthapuram,2024-10-31
11069,Meera Menon,Female,41,West,Maharashtra,Nagpur,2023-11-17
11070,Aditya Pillai,Female,28,South,Karnataka,Bengaluru,2024-06-17
11071,Nisha Singh,Male,19,South,Andhra Pradesh,Visakhapatnam,2025-03-30
11072,Vihaan Singh,Female,18,South,Tamil Nadu,Coimbatore,2024-01-02
11073,Vihaan Iyer,Female,45,South,Telangana,Hyderabad,2024-02-21
11074,Vikram Rao,Male,21,South,Kerala,Kozhikode,2024-12-29
11075,Ananya Pillai,Male,58,East,Bihar,Patna,2025-04-27
11076,Aditya Pillai,Female,47,West,Rajasthan,Udaipur,2024-10-31
11077,Nisha Rao,Male,24,West,Goa,Panaji,2023-05-13
11078,Arjun Sharma,Female,39,North,Uttar Pradesh,Kanpur,2023-02-22
11079,Nisha Patel,Male,43,South,Kerala,Kozhikode,2025-01-10
11080,Aisha Das,Female,46,East,Jharkhand,Ranchi,2024-11-25
11081,Rahul Gupta,Male,42,North,Rajasthan,Jaipur,2023-01-23
11082,Vihaan Patel,Male,27,South,Tamil Nadu,Coimbatore,2024-04-04
11083,Vikram Pillai,Male,37,West,Goa,Panaji,2024-10-11
11084,Diya Reddy,Female,31,East,Bihar,Patna,2024-04-26
11085,Aisha Pillai,Female,50,East,Assam,Guwahati,2023-04-30
11086,Vikram Pillai,Female,22,West,Maharashtra,Pune,2024-11-03
11087,Ananya Menon,Female,23,North,Punjab,Amritsar,2023-07-27
11088,Aarav Reddy,Male,39,South,Karnataka,Mysuru,2023-11-14
11089,Diya Rao,Female,34,East,Bihar,Patna,2023-12-04
11090,Karthik Nair,Male,32,South,Kerala,Kochi,2023-06-04
11091,Diya Nair,Male,56,East,Bihar,Patna,2025-05-17
11092,Rahul Patel,Male,57,North,Haryana,Gurugram,2024-01-29
11093,Vihaan Patel,Unknown,45,North,Haryana,Gurugram,2024-05-19
11094,Aisha Patel,Male,19,West,Maharashtra,Pune,2025-08-28
11095,Aditya Sharma,Male,35,South,Karnataka,Mangaluru,2023-11-09
11096,Vihaan Rao,Male,44,South,Andhra Pradesh,Visakhapatnam,2023-01-14
11097,Meera Patel,Female,38,South,Telangana,Hyderabad,2023-03-18
11098,Vihaan Gupta,Male,40,South,Telangana,Hyderabad,2024-02-13
11099,Karthik Singh,Male,24,North,Rajasthan,Jaipur,2024-01-29
11100,Aarav Nair,Female,36,West,Rajasthan,Jaipur,2023-08-08
11101,Vihaan Joshi,Male,26,South,Tamil Nadu,Madurai,2025-01-13
11102,Ishita Nair,Female,29,East,Jharkhand,Ranchi,2024-03-08
11103,Aditya Singh,Female,47,East,West Bengal,Kolkata,2025-03-16
11104,Aditya Verma,Male,24,East,Assam,Guwahati,2025-09-14
11105,Aditya Singh,Male,19,East,West Bengal,Kolkata,2024-10-15
11106,Meera Reddy,Male,34,South,Tamil Nadu,Coimbatore,2025-03-27
11107,Rohan Pillai,Male,28,West,Gujarat,Ahmedabad,2025-01-24
11108,Vihaan Gupta,Male,29,North,Punjab,Amritsar,2024-11-06
11109,Aisha Joshi,Male,20,North,Rajasthan,Udaipur,2025-04-11
11110,Rohan Nair,Male,38,South,Telangana,Warangal,2023-01-28
11111,Diya Sharma,Female,31,North,Delhi,New Delhi,2025-09-14
11112,Vikram Sharma,Male,32,South,Kerala,Thiruvananthapuram,2024-02-20
11113,Vikram Pillai,Female,59,South,Karnataka,Mysuru,2023-01-25
11114,Vihaan Gupta,Male,58,West,Gujarat,Vadodara,2024-11-03
11115,Vihaan Patel,Female,27,West,Rajasthan,Udaipur,2024-06-25
11116,Priya Menon,Male,53,West,Goa,Panaji,2023-06-14
11117,Aditya Sharma,Female,27,South,Kerala,Kozhikode,2023-07-27
11118,Rahul Iyer,Male,34,East,West Bengal,Kolkata,2025-08-06
11119,Diya Iyer,Female,42,South,Andhra Pradesh,Vijayawada,2025-09-11
11120,Sneha Joshi,Male,44,South,Telangana,Warangal,2024-09-05
11121,Aisha Nair,Male,50,East,Odisha,Cuttack,2024-01-08
11122,Karthik Patel,Male,28,East,Jharkhand,Ranchi,2024-09-09
11123,Rahul Das,Male,30,East,West Bengal,Kolkata,2023-03-10
11124,Vikram Patel,Male,18,North,Delhi,New Delhi,2023-04-11
11125,Vihaan Iyer,Male,48,North,Uttar Pradesh,Lucknow,2023-01-01
11126,Aditya Iyer,Male,50,West,Rajasthan,Jaipur,2023-12-17
11127,Aisha Rao,Male,38,South,Tamil Nadu,Chennai,2023-01-07
11128,Diya Sharma,Female,33,West,Rajasthan,Jaipur,2023-11-14
11129,Arjun Das,Female,56,West,Maharashtra,Mumbai,2024-09-14
11130,Ishita Iyer,Male,40,South,Andhra Pradesh,Visakhapatnam,2024-05-23
11131,Vihaan Menon,Female,27,North,Rajasthan,Jaipur,2023-07-05
11132,Vihaan Sharma,Female,50,West,Gujarat,Surat,2024-12-28
11133,Sneha Gupta,Male,39,South,Kerala,Kochi,2024-04-06
11134,Vihaan Patel,Male,58,South,Andhra Pradesh,Vijayawada,2023-12-09
11135,Ishita Menon,Male,23,North,Uttar Pradesh,Noida,2024-09-26
11136,Vihaan Reddy,Female,53,South,Karnataka,Bengaluru,2024-12-13
11137,Sneha Sharma,Male,27,East,West Bengal,Kolkata,2025-10-28
11138,Aditya Iyer,Female,33,West,Maharashtra,Nagpur,2024-07-29
11139,Diya Sharma,Female,30,West,Goa,Panaji,2023-05-16
11140,Nisha Reddy,Male,37,West,Rajasthan,Udaipur,2024-01-18
11141,Karthik Reddy,Male,21,North,Delhi,New Delhi,2023-07-05
11142,Vikram Pillai,Female,37,South,Tamil Nadu,Chennai,2024-09-30
11143,Vikram Nair,Male,39,North,Delhi,New Delhi,2025-07-16
11144,Aisha Kumar,Male,46,West,Goa,Panaji,2025-08-21
11145,Priya Das,Male,33,South,Telangana,Hyderabad,2024-07-14
11146,Rohan Gupta,Other,60,East,Assam,Guwahati,2025-06-16
11147,Ananya Das,Male,60,North,Haryana,Faridabad,2024-09-30
11148,Sneha Pillai,Female,40,North,Delhi,New Delhi,2023-11-17
11149,Ananya Reddy,Male,47,East,Jharkhand,Ranchi,2025-05-07
11150,Karthik Rao,Male,47,East,Assam,Guwahati,2025-09-24
11151,Karthik Iyer,Female,60,North,Uttar Pradesh,Kanpur,2023-10-12
11152,Sneha Sharma,Female,20,North,Rajasthan,Udaipur,2025-11-17
11153,Aditya Singh,Male,41,North,Punjab,Ludhiana,2023-12-17
11154,Rohan Kumar,Male,54,North,Uttar Pradesh,Kanpur,2023-03-24
11155,Aditya Reddy,Male,30,North,Rajasthan,Jaipur,2024-10-27
11156,Sneha Rao,Female,59,North,Delhi,New Delhi,2024-06-24
11157,Rahul Patel,Male,49,South,Karnataka,Bengaluru,2024-04-24
11158,Rahul Gupta,Female,54,East,Bihar,Patna,2023-08-01
11159,Rohan Pillai,Female,29,East,Jharkhand,Ranchi,2025-07-18
11160,Vihaan Nair,Male,25,South,Kerala,Kozhikode,2023-12-26
11161,Arjun Verma,Female,41,North,Haryana,Faridabad,2023-08-02
11162,Diya Kumar,Other,33,South,Karnataka,Bengaluru,2023-10-31
11163,Rohan Sharma,Male,49,South,Tamil Nadu,Coimbatore,2023-07-19
11164,Ananya Nair,Female,51,North,Rajasthan,Jaipur,2023-08-26
11165,Ananya Rao,Female,52,South,Telangana,Hyderabad,2024-11-01
11166,Sneha Menon,Female,49,North,Uttar Pradesh,Noida,2025-05-28
11167,Diya Joshi,Female,34,North,Haryana,Gurugram,2023-09-08
11168,Aarav Kumar,Male,19,West,Goa,Panaji,2024-04-20
11169,Aditya Verma,Female,43,South,Andhra Pradesh,Visakhapatnam,2024-05-12
11170,Rahul Das,Female,34,South,Telangana,Warangal,2025-09-04
11171,Diya Menon,Male,55,North,Punjab,Ludhiana,2025-09-23
11172,Vihaan Das,Male,19,East,West Bengal,Kolkata,2024-12-01
11173,Rahul Iyer,Male,25,North,Uttar Pradesh,Lucknow,2025-02-22
11174,Aarav Patel,Female,23,South,Telangana,Hyderabad,2024-03-04
11175,Rahul Verma,Female,26,North,Delhi,New Delhi,2024-06-22
11176,Diya Sharma,Male,18,West,Goa,Panaji,2025-06-19
11177,Rohan Sharma,Male,22,North,Punjab,Ludhiana,2025-08-25
11178,Aisha Nair,Male,56,South,Andhra Pradesh,Vijayawada,2023-07-29
11179,Aarav Gupta,Male,26,North,Rajasthan,Jaipur,2024-05-05
11180,Rahul Singh,Female,31,West,Goa,Panaji,2024-04-15
11181,Vikram Singh,Male,44,East,Assam,Guwahati,2024-07-21
11182,Karthik Rao,Female,26,South,Karnataka,Mangaluru,2024-10-25
11183,Rohan Verma,Female,53,North,Rajasthan,Jaipur,2024-07-03
11184,Meera Kumar,Female,46,East,Jharkhand,Ranchi,2023-07-17
11185,Vikram Kumar,Male,37,South,Kerala,Kochi,2024-06-04
11186,Karthik Kumar,Other,32,East,Bihar,Patna,2024-11-18
11187,Diya Nair,Male,53,North,Punjab,Ludhiana,2024-04-11
11188,Vihaan Sharma,Female,20,South,Kerala,Thiruvananthapuram,2024-08-18
11189,Vikram Patel,Male,40,South,Andhra Pradesh,Vijayawada,2023-05-19
11190,Sneha Menon,Male,26,North,Rajasthan,Jaipur,2025-10-11
11191,Sneha Joshi,Male,47,South,Karnataka,Mysuru,2023-08-30
11192,Arjun Joshi,Male,36,West,Gujarat,Ahmedabad,2023-11-12
11193,Nisha Nair,Female,55,South,Telangana,Hyderabad,2024-10-28
11194,Rahul Reddy,Male,20,North,Delhi,New Delhi,2025-01-02
11195,Aisha Nair,Female,20,South,Tamil Nadu,Coimbatore,2023-05-15
11196,Karthik Kumar,Male,51,East,Jharkhand,Ranchi,2024-08-01
11197,Karthik Singh,Other,19,East,Bihar,Patna,2025-12-28
11198,Rohan Pillai,Male,44,East,Jharkhand,Ranchi,2024-03-14
11199,Rohan Verma,Male,40,North,Haryana,Gurugram,2023-03-18
11200,Diya Rao,Male,59,South,Tamil Nadu,Madurai,2024-02-04
11201,Priya Menon,Female,49,North,Rajasthan,Udaipur,2024-01-09
11202,Aditya Das,Female,52,South,Telangana,Warangal,2025-11-01
11203,Ishita Singh,Male,57,South,Tamil Nadu,Madurai,2025-01-27
11204,Vikram Sharma,Male,35,South,Andhra Pradesh,Vijayawada,2025-01-18
11205,Rohan Reddy,Male,44,West,Maharashtra,Pune,2025-02-02
11206,Rahul Pillai,Female,28,North,Uttar Pradesh,Kanpur,2024-02-21
11207,Karthik Patel,Male,56,North,Delhi,New Delhi,2023-07-26
11208,Rahul Das,Female,36,West,Goa,Panaji,2023-12-07
11209,Rahul Sharma,Female,42,South,Tamil Nadu,Madurai,2024-12-21
11210,Aditya Patel,Female,24,East,Odisha,Cuttack,2023-11-07
11211,Aarav Joshi,Male,48,West,Rajasthan,Udaipur,2024-09-16
11212,Vikram Sharma,Male,19,West,Maharashtra,Nagpur,2023-03-24
11213,Vikram Reddy,Other,55,South,Karnataka,Mangaluru,2025-10-23
11214,Aisha Singh,Male,22,North,Haryana,Faridabad,2025-05-22
11215,Rahul Singh,Male,31,North,Punjab,Amritsar,2023-08-24
11216,Aisha Das,Female,35,South,Kerala,Thiruvananthapuram,2024-01-24
11217,Karthik Sharma,Male,53,South,Tamil Nadu,Coimbatore,2024-01-28
11218,Karthik Sharma,Male,21,North,Rajasthan,Udaipur,2025-01-16
11219,Priya Menon,Male,41,North,Delhi,New Delhi,2023-01-30
11220,Arjun Pillai,Male,30,South,Karnataka,Mysuru,2025-09-08
11221,Rohan Iyer,Male,38,East,Bihar,Patna,2024-08-27
11222,Ishita Iyer,Male,50,South,Karnataka,Bengaluru,2023-10-10
11223,Nisha Joshi,Male,39,West,Rajasthan,Jaipur,2023-08-26
11224,Diya Rao,Female,22,East,Jharkhand,Ranchi,2024-12-31
11225,Rohan Gupta,Female,41,West,Gujarat,Vadodara,2023-01-31
11226,Aarav Joshi,Female,52,North,Uttar Pradesh,Noida,2025-09-04
11227,Priya Iyer,Male,47,West,Goa,Panaji,2025-07-03
11228,Meera Iyer,Female,45,South,Tamil Nadu,Coimbatore,2023-07-26
11229,Rohan Sharma,Female,24,East,Bihar,Patna,2025-06-21
11230,Vikram Singh,Female,59,West,Maharashtra,Pune,2024-08-05
11231,Priya Verma,Female,52,East,Bihar,Patna,2024-04-04
11232,Vihaan Patel,Male,47,South,Telangana,Hyderabad,2023-05-16
11233,Arjun Sharma,Female,51,South,Andhra Pradesh,Visakhapatnam,2025-09-04
11234,Ishita Singh,Female,56,South,Karnataka,Mangaluru,2023-10-11
11235,Sneha Das,Female,26,North,Delhi,New Delhi,2025-04-29
11236,Aditya Patel,Male,29,West,Goa,Panaji,2023-12-17
11237,Aditya Gupta,Male,46,East,Bihar,Patna,2023-01-17
11238,Aisha Das,Male,27,West,Gujarat,Surat,2024-02-18
11239,Priya Pillai,Female,44,East,Odisha,Bhubaneswar,2023-01-06
11240,Vihaan Das,Female,36,South,Karnataka,Bengaluru,2025-02-18
11241,Ishita Das,Male,30,East,West Bengal,Kolkata,2023-03-28
11242,Aarav Pillai,Male,59,North,Rajasthan,Jaipur,2023-07-08
11243,Aisha Nair,Female,54,North,Punjab,Amritsar,2024-02-24
11244,Sneha Verma,Male,49,North,Uttar Pradesh,Lucknow,2025-12-26
11245,Karthik Kumar,Male,32,North,Delhi,New Delhi,2023-09-05
11246,Aarav Pillai,Male,38,North,Uttar Pradesh,Lucknow,2025-05-09
11247,Rohan Patel,Male,20,South,Tamil Nadu,Madurai,2023-07-26
11248,Aarav Gupta,Male,25,South,Karnataka,Mangaluru,2024-02-28
11249,Meera Sharma,Female,23,East,Jharkhand,Ranchi,2024-07-02
11250,Rohan Sharma,Male,46,North,Haryana,Gurugram,2024-05-01
11251,Aisha Pillai,Male,36,North,Uttar Pradesh,Kanpur,2023-05-13
11252,Aisha Menon,Female,34,West,Goa,Panaji,2023-04-25
11253,Priya Verma,Female,27,South,Kerala,Kochi,2024-01-12
11254,Aditya Reddy,Male,50,South,Telangana,Hyderabad,2025-09-03
11255,Rahul Nair,Female,30,North,Haryana,Gurugram,2023-07-30
11256,Aisha Joshi,Female,44,West,Gujarat,Surat,2023-05-12
11257,Ananya Menon,Female,59,South,Kerala,Kochi,2023-06-03
11258,Arjun Pillai,Female,29,West,Gujarat,Vadodara,2025-07-08
11259,Sneha Nair,Female,19,South,Karnataka,Bengaluru,2025-08-09
11260,Priya Sharma,Male,27,West,Maharashtra,Pune,2025-03-16
11261,Vihaan Gupta,Female,38,South,Telangana,Hyderabad,2023-05-27
11262,Arjun Das,Female,40,North,Punjab,Ludhiana,2024-12-15
11263,Vikram Reddy,Male,18,South,Karnataka,Bengaluru,2023-08-19
11264,Nisha Pillai,Male,50,West,Goa,Panaji,2024-03-26
11265,Nisha Verma,Female,43,South,Kerala,Kozhikode,2025-06-25
11266,Aisha Reddy,Female,32,South,Karnataka,Mangaluru,2025-12-08
11267,Priya Gupta,Male,39,West,Goa,Panaji,2023-04-17
11268,Karthik Sharma,Male,42,West,Rajasthan,Jaipur,2023-04-03
11269,Ishita Singh,Female,18,North,Delhi,New Delhi,2025-04-08
11270,Aarav Patel,Male,43,South,Telangana,Hyderabad,2023-05-20
11271,Rohan Verma,Female,38,North,Haryana,Gurugram,2023-01-11
11272,Aditya Sharma,Male,58,East,West Bengal,Kolkata,2024-03-23
11273,Aarav Singh,Male,41,North,Delhi,New Delhi,2025-07-15
11274,Rahul Joshi,Female,56,South,Telangana,Hyderabad,2024-01-30
11275,Sneha Sharma,Male,33,West,Maharashtra,Nagpur,2024-01-13
11276,Nisha Nair,Male,49,South,Tamil Nadu,Madurai,2023-12-27
11277,Sneha Nair,Male,33,South,Karnataka,Bengaluru,2024-11-13
11278,Sneha Reddy,Male,30,East,Assam,Guwahati,2025-10-13
11279,Vikram Singh,Female,59,South,Tamil Nadu,Madurai,2024-10-03
11280,Meera Verma,Female,49,West,Gujarat,Vadodara,2024-07-26
11281,Meera Sharma,Male,58,North,Delhi,New Delhi,2025-09-23
11282,Rahul Das,Male,41,North,Uttar Pradesh,Kanpur,2025-07-11
11283,Aditya Singh,Male,30,West,Goa,Panaji,2024-01-31
11284,Arjun Reddy,Unknown,28,South,Telangana,Warangal,2023-07-05
11285,Priya Menon,Male,32,South,Telangana,Hyderabad,2024-01-06
11286,Aarav Sharma,Female,27,West,Maharashtra,Nagpur,2024-08-30
11287,Diya Kumar,Female,59,South,Kerala,Thiruvananthapuram,2023-10-09
11288,Ishita Kumar,Female,58,West,Maharashtra,Nagpur,2025-11-22
11289,Aarav Gupta,Female,20,South,Tamil Nadu,Coimbatore,2023-03-23
11290,Karthik Nair,Female,33,South,Kerala,Kozhikode,2023-05-28
11291,Diya Das,Female,34,West,Maharashtra,Pune,2025-08-22
11292,Aisha Iyer,Female,42,South,Andhra Pradesh,Vijayawada,2025-09-18
11293,Ishita Reddy,Male,47,West,Gujarat,Vadodara,2025-08-05
11294,Ishita Rao,Female,52,North,Delhi,New Delhi,2024-05-09
11295,Karthik Gupta,Male,54,North,Punjab,Amritsar,2024-12-23
11296,Sneha Sharma,Female,30,South,Telangana,Hyderabad,2024-12-03
11297,Vikram Gupta,Female,41,South,Andhra Pradesh,Visakhapatnam,2025-10-27
11298,Aisha Rao,Female,55,South,Andhra Pradesh,Visakhapatnam,2025-04-05
11299,Rohan Singh,Female,43,North,Rajasthan,Jaipur,2024-03-09
11300,Nisha Patel,Male,26,North,Delhi,New Delhi,2025-11-23
11301,Vihaan Patel,Female,36,South,Andhra Pradesh,Visakhapatnam,2024-07-16
11302,Arjun Reddy,Male,45,East,Jharkhand,Ranchi,2023-05-18
11303,Karthik Menon,Male,24,South,Kerala,Kozhikode,2024-01-02
11304,Vikram Menon,Male,39,West,Gujarat,Ahmedabad,2023-04-16
11305,Arjun Das,Male,47,North,Rajasthan,Udaipur,2025-03-04
11306,Karthik Verma,Female,54,East,West Bengal,Kolkata,2025-11-21
11307,Sneha Nair,Female,33,North,Punjab,Amritsar,2024-09-27
11308,Sneha Patel,Female,53,North,Rajasthan,Udaipur,2025-09-13
11309,Aarav Rao,Male,22,South,Tamil Nadu,Madurai,2025-08-15
11310,Diya Das,Female,46,North,Punjab,Amritsar,2025-05-04
11311,Priya Iyer,Female,40,South,Kerala,Kochi,2023-03-19
11312,Nisha Das,Female,23,East,Bihar,Patna,2023-07-28
11313,Diya Patel,Female,53,West,Goa,Panaji,2023-01-08
11314,Rohan Das,Female,50,North,Haryana,Gurugram,2025-01-06
11315,Ishita Sharma,Male,58,West,Rajasthan,Udaipur,2023-08-15
11316,Ananya Kumar,Female,33,North,Delhi,New Delhi,2023-06-24
11317,Aditya Patel,Female,51,West,Maharashtra,Mumbai,2023-03-22
11318,Meera Gupta,Female,60,North,Rajasthan,Udaipur,2025-12-16
11319,Rahul Gupta,Male,43,South,Tamil Nadu,Chennai,2023-08-26
11320,Ananya Pillai,Female,54,South,Tamil Nadu,Madurai,2025-11-15
11321,Ishita Rao,Male,30,South,Tamil Nadu,Madurai,2023-07-06
11322,Karthik Menon,Female,34,South,Karnataka,Mysuru,2024-09-21
11323,Vihaan Rao,Female,49,East,Jharkhand,Ranchi,2025-10-10
11324,Arjun Verma,Male,49,South,Kerala,Kochi,2025-03-25
11325,Nisha Reddy,Male,45,East,West Bengal,Kolkata,2024-09-05
11326,Rahul Iyer,Female,46,South,Andhra Pradesh,Vijayawada,2025-06-10
11327,Diya Gupta,Female,42,South,Telangana,Hyderabad,2023-06-27
11328,Karthik Das,Female,39,North,Uttar Pradesh,Kanpur,2025-09-11
11329,Vikram Nair,Male,44,North,Haryana,Gurugram,2023-10-07
11330,Sneha Pillai,Female,55,West,Gujarat,Vadodara,2025-03-08
11331,Sneha Iyer,Male,37,West,Goa,Panaji,2025-12-13
11332,Nisha Iyer,Female,41,North,Delhi,New Delhi,2023-03-08
11333,Aditya Singh,Male,25,South,Andhra Pradesh,Visakhapatnam,2024-06-27
11334,Priya Das,Female,31,East,Assam,Guwahati,2024-06-03
11335,Rahul Singh,Male,56,East,Odisha,Bhubaneswar,2024-05-13
11336,Ishita Kumar,Other,31,North,Delhi,New Delhi,2025-08-03
11337,Aisha Gupta,Female,22,South,Andhra Pradesh,Vijayawada,2024-12-27
11338,Ishita Iyer,Female,38,North,Haryana,Gurugram,2025-12-05
11339,Vihaan Nair,Male,32,South,Andhra Pradesh,Visakhapatnam,2025-11-24
11340,Rohan Singh,Female,53,South,Telangana,Warangal,2023-07-08
11341,Nisha Gupta,Male,50,South,Telangana,Hyderabad,2025-08-04
11342,Arjun Pillai,Male,34,West,Maharashtra,Pune,2023-05-16
11343,Aditya Singh,Female,37,East,Assam,Guwahati,2024-06-29
11344,Vihaan Pillai,Female,18,North,Delhi,New Delhi,2025-03-03
11345,Rahul Joshi,Male,33,North,Haryana,Gurugram,2024-07-08
11346,Vikram Sharma,Male,35,West,Goa,Panaji,2025-06-12
11347,Arjun Kumar,Female,27,South,Telangana,Hyderabad,2025-08-03
11348,Karthik Menon,Female,40,West,Gujarat,Ahmedabad,2024-06-08
11349,Aarav Singh,Male,35,East,Assam,Guwahati,2023-06-23
11350,Aditya Menon,Female,26,South,Telangana,Hyderabad,2024-09-28
11351,Aarav Gupta,Female,47,East,Jharkhand,Ranchi,2023-07-26
11352,Vikram Kumar,Male,30,West,Rajasthan,Udaipur,2025-08-06
11353,Vikram Patel,Male,48,West,Goa,Panaji,2023-04-14
11354,Ishita Joshi,Female,60,North,Delhi,New Delhi,2025-11-29
11355,Aisha Gupta,Female,30,West,Goa,Panaji,2025-11-12
11356,Rahul Singh,Female,49,East,West Bengal,Kolkata,2023-10-17
11357,Aditya Sharma,Male,34,East,Odisha,Bhubaneswar,2024-07-20
11358,Aarav Rao,Male,20,West,Gujarat,Surat,2025-08-21
11359,Vihaan Gupta,Male,18,South,Karnataka,Mysuru,2025-04-17
11360,Aarav Rao,Female,22,West,Gujarat,Ahmedabad,2024-02-15
11361,Meera Iyer,Male,49,East,Bihar,Patna,2025-05-31
11362,Aisha Menon,Male,42,South,Andhra Pradesh,Vijayawada,2025-06-04
11363,Aisha Kumar,Male,22,North,Rajasthan,Udaipur,2024-02-28
11364,Vikram Rao,Male,54,North,Rajasthan,Jaipur,2023-06-04
11365,Aarav Patel,Male,40,North,Delhi,New Delhi,2023-05-31
11366,Karthik Verma,Male,29,South,Kerala,Kozhikode,2023-07-31
11367,Diya Kumar,Female,51,North,Punjab,Ludhiana,2025-05-30
11368,Vikram Reddy,Male,40,East,West Bengal,Kolkata,2025-01-24
11369,Vihaan Patel,Female,33,South,Kerala,Kozhikode,2024-06-24
11370,Karthik Das,Male,22,South,Telangana,Warangal,2024-12-01
11371,Aisha Gupta,Male,45,East,Jharkhand,Ranchi,2023-06-21
11372,Diya Pillai,Male,23,South,Andhra Pradesh,Vijayawada,2024-01-06
11373,Ananya Verma,Male,30,East,West Bengal,Kolkata,2025-07-01
11374,Arjun Menon,Male,60,West,Rajasthan,Jaipur,2025-03-12
11375,Arjun Verma,Female,47,South,Andhra Pradesh,Vijayawada,2023-09-13
11376,Rohan Menon,Male,43,East,Jharkhand,Ranchi,2025-09-16
11377,Ishita Kumar,Male,34,West,Rajasthan,Jaipur,2024-11-06
11378,Rohan Sharma,Unknown,26,West,Maharashtra,Mumbai,2025-05-13
11379,Aisha Verma,Male,33,West,Gujarat,Surat,2024-02-20
11380,Priya Gupta,Female,35,West,Gujarat,Vadodara,2023-11-25
11381,Ananya Iyer,Male,30,South,Telangana,Warangal,2025-07-06
11382,Rahul Joshi,Male,46,West,Rajasthan,Udaipur,2025-08-19
11383,Aditya Iyer,Female,60,East,Jharkhand,Ranchi,2025-04-03
11384,Arjun Sharma,Other,41,South,Kerala,Kozhikode,2023-09-06
11385,Nisha Verma,Male,30,North,Punjab,Amritsar,2025-01-14
11386,Ishita Das,Male,42,South,Tamil Nadu,Chennai,2023-11-04
11387,Sneha Reddy,Male,58,North,Rajasthan,Udaipur,2024-07-26
11388,Aditya Nair,Male,18,South,Tamil Nadu,Coimbatore,2025-03-08
11389,Aarav Iyer,Female,26,East,Odisha,Cuttack,2025-09-27
11390,Nisha Singh,Male,21,West,Maharashtra,Mumbai,2025-01-30
11391,Vihaan Das,Female,45,South,Andhra Pradesh,Vijayawada,2023-10-20
11392,Aisha Menon,Male,29,South,Karnataka,Mangaluru,2024-02-14
11393,Ishita Nair,Female,41,South,Andhra Pradesh,Visakhapatnam,2023-07-17
11394,Vihaan Gupta,Female,26,West,Gujarat,Vadodara,2023-03-21
11395,Rohan Sharma,Female,52,South,Karnataka,Bengaluru,2023-05-17
11396,Meera Sharma,Male,55,North,Uttar Pradesh,Lucknow,2023-08-01
11397,Aarav Menon,Female,52,West,Rajasthan,Udaipur,2024-09-10
11398,Arjun Reddy,Female,50,South,Telangana,Warangal,2025-08-17
11399,Nisha Gupta,Female,52,North,Punjab,Amritsar,2023-06-15
11400,Aarav Das,Female,37,North,Haryana,Faridabad,2024-03-05
11401,Aditya Rao,Female,19,South,Kerala,Kozhikode,2023-05-01
11402,Aarav Verma,Female,43,South,Tamil Nadu,Chennai,2023-11-27
11403,Diya Menon,Male,59,South,Karnataka,Bengaluru,2025-12-27
11404,Aisha Singh,Female,30,North,Haryana,Faridabad,2024-09-11
11405,Nisha Joshi,Female,47,North,Delhi,New Delhi,2023-02-06
11406,Meera Gupta,Male,49,West,Rajasthan,Jaipur,2025-08-21
11407,Aarav Iyer,Male,53,North,Rajasthan,Jaipur,2025-04-24
11408,Ishita Pillai,Female,36,North,Haryana,Faridabad,2025-03-07
11409,Vihaan Joshi,Male,39,West,Gujarat,Surat,2023-10-13
11410,Aarav Patel,Male,18,East,Bihar,Patna,2025-06-05
11411,Vikram Sharma,Male,28,South,Kerala,Kozhikode,2023-08-08
11412,Ananya Kumar,Female,43,South,Kerala,Kozhikode,2025-10-27
11413,Vihaan Reddy,Female,36,South,Kerala,Kozhikode,2023-08-04
11414,Ishita Menon,Female,36,South,Andhra Pradesh,Visakhapatnam,2024-11-11
11415,Aditya Patel,Female,29,West,Rajasthan,Udaipur,2023-10-20
11416,Diya Iyer,Male,20,East,West Bengal,Kolkata,2023-02-12
11417,Aditya Rao,Male,35,South,Karnataka,Mysuru,2024-11-23
11418,Vikram Iyer,Male,22,South,Karnataka,Mysuru,2025-08-16
11419,Arjun Menon,Male,41,West,Rajasthan,Jaipur,2023-04-24
11420,Aditya Menon,Male,31,East,Odisha,Cuttack,2025-07-09
11421,Arjun Pillai,Female,55,South,Telangana,Warangal,2023-08-25
11422,Ishita Menon,Female,20,West,Goa,Panaji,2024-10-14
11423,Vihaan Sharma,Female,23,South,Karnataka,Mangaluru,2023-06-07
11424,Aditya Rao,Other,29,South,Karnataka,Bengaluru,2025-06-26
11425,Vihaan Sharma,Unknown,28,East,Bihar,Patna,2025-08-18
11426,Aarav Kumar,Female,56,East,West Bengal,Kolkata,2025-05-02
11427,Priya Joshi,Male,43,South,Karnataka,Bengaluru,2025-06-04
11428,Aisha Joshi,Male,18,East,Bihar,Patna,2023-03-01
11429,Priya Iyer,Male,33,North,Haryana,Gurugram,2024-02-05
11430,Aisha Gupta,Male,26,East,Jharkhand,Ranchi,2025-04-07
11431,Priya Rao,Male,22,West,Maharashtra,Nagpur,2024-04-20
11432,Karthik Sharma,Female,25,West,Maharashtra,Nagpur,2024-10-16
11433,Diya Iyer,Male,38,West,Rajasthan,Udaipur,2025-04-24
11434,Meera Sharma,Male,50,North,Uttar Pradesh,Lucknow,2025-07-12
11435,Vikram Das,Female,56,South,Tamil Nadu,Coimbatore,2024-09-29
11436,Sneha Rao,Female,60,South,Tamil Nadu,Coimbatore,2024-10-10
11437,Rohan Gupta,Male,37,South,Telangana,Hyderabad,2023-08-01
11438,Vikram Kumar,Male,39,North,Punjab,Amritsar,2025-09-16
11439,Rahul Reddy,Other,30,South,Telangana,Hyderabad,2025-03-14
11440,Rahul Das,Male,56,North,Rajasthan,Udaipur,2023-05-08
11441,Aisha Reddy,Female,28,East,Assam,Guwahati,2025-08-09
11442,Nisha Menon,Male,35,South,Karnataka,Mysuru,2023-08-05
11443,Rohan Gupta,Male,47,North,Delhi,New Delhi,2024-12-11
11444,Vihaan Pillai,Male,50,West,Maharashtra,Nagpur,2023-01-20
11445,Karthik Iyer,Female,20,East,Bihar,Patna,2025-12-19
11446,Vihaan Menon,Female,18,South,Kerala,Kozhikode,2024-11-05
11447,Diya Reddy,Male,53,North,Rajasthan,Jaipur,2024-12-14
11448,Vikram Joshi,Male,23,North,Delhi,New Delhi,2025-01-08
11449,Aarav Verma,Male,54,East,Odisha,Cuttack,2024-07-10
11450,Diya Menon,Female,46,North,Haryana,Faridabad,2023-07-16
11451,Aarav Menon,Male,28,West,Maharashtra,Nagpur,2025-07-24
11452,Rahul Singh,Male,39,North,Punjab,Amritsar,2024-11-08
11453,Rohan Kumar,Male,28,East,Odisha,Bhubaneswar,2024-05-18
11454,Arjun Kumar,Male,55,West,Gujarat,Surat,2025-01-07
11455,Arjun Nair,Female,39,South,Telangana,Hyderabad,2025-03-02
11456,Karthik Menon,Female,32,East,Odisha,Cuttack,2023-07-16
11457,Priya Kumar,Male,30,North,Haryana,Faridabad,2025-02-19
11458,Nisha Rao,Male,59,North,Haryana,Gurugram,2025-01-13
11459,Arjun Reddy,Male,50,South,Tamil Nadu,Chennai,2024-02-26
11460,Sneha Sharma,Male,30,North,Haryana,Faridabad,2024-03-07
11461,Ishita Pillai,Female,55,West,Gujarat,Ahmedabad,2025-07-14
11462,Vihaan Pillai,Male,41,North,Uttar Pradesh,Kanpur,2023-08-23
11463,Aditya Joshi,Male,37,South,Tamil Nadu,Coimbatore,2023-11-23
11464,Ishita Rao,Male,34,North,Haryana,Faridabad,2025-07-22
11465,Rahul Rao,Female,41,East,West Bengal,Kolkata,2024-04-23
11466,Rohan Nair,Female,43,South,Tamil Nadu,Chennai,2024-03-03
11467,Aditya Nair,Female,57,East,Jharkhand,Ranchi,2024-10-27
11468,Vikram Nair,Female,49,West,Maharashtra,Nagpur,2025-05-07
11469,Diya Nair,Female,46,East,Jharkhand,Ranchi,2024-10-03
11470,Aarav Patel,Female,31,North,Uttar Pradesh,Noida,2025-03-21
11471,Vikram Reddy,Male,54,West,Rajasthan,Jaipur,2025-12-02
11472,Meera Reddy,Male,39,North,Delhi,New Delhi,2024-07-28
11473,Vikram Verma,Female,51,East,Odisha,Cuttack,2025-10-15
11474,Sneha Rao,Female,44,West,Gujarat,Vadodara,2025-10-25
11475,Priya Joshi,Female,45,South,Tamil Nadu,Coimbatore,2025-03-13
11476,Ishita Kumar,Female,39,North,Punjab,Amritsar,2024-02-04
11477,Aisha Patel,Male,60,North,Rajasthan,Udaipur,2024-08-17
11478,Karthik Reddy,Female,20,North,Delhi,New Delhi,2023-04-27
11479,Aarav Verma,Other,39,North,Punjab,Ludhiana,2024-01-18
11480,Ananya Nair,Female,38,West,Goa,Panaji,2025-05-08
11481,Nisha Gupta,Male,33,North,Punjab,Amritsar,2023-03-23
11482,Ishita Kumar,Male,26,South,Andhra Pradesh,Vijayawada,2025-04-11
11483,Vikram Nair,Male,30,West,Maharashtra,Pune,2025-05-22
11484,Vihaan Kumar,Male,27,South,Andhra Pradesh,Vijayawada,2024-10-14
11485,Arjun Reddy,Male,38,South,Tamil Nadu,Coimbatore,2025-01-03
11486,Nisha Patel,Female,59,West,Gujarat,Vadodara,2023-03-11
11487,Rohan Pillai,Male,57,West,Rajasthan,Udaipur,2024-01-22
11488,Vikram Kumar,Female,24,North,Haryana,Gurugram,2024-06-07
11489,Aditya Das,Female,39,West,Maharashtra,Pune,2023-10-24
11490,Aisha Joshi,Female,35,West,Rajasthan,Udaipur,2024-09-08
11491,Rahul Kumar,Female,38,South,Telangana,Hyderabad,2024-12-19
11492,Aditya Gupta,Female,31,West,Rajasthan,Jaipur,2025-12-24
11493,Arjun Pillai,Female,27,South,Tamil Nadu,Chennai,2023-06-27
11494,Vihaan Kumar,Male,50,South,Karnataka,Bengaluru,2025-10-28
11495,Karthik Gupta,Female,26,North,Punjab,Amritsar,2023-01-11
11496,Vikram Reddy,Male,35,North,Haryana,Faridabad,2025-02-23
11497,Vihaan Verma,Female,30,North,Delhi,New Delhi,2024-02-15
11498,Arjun Verma,Male,34,West,Gujarat,Vadodara,2025-06-10
11499,Rahul Pillai,Male,40,West,Maharashtra,Nagpur,2024-08-29
11500,Meera Menon,Male,42,East,West Bengal,Kolkata,2023-06-04
11501,Ananya Rao,Female,33,West,Goa,Panaji,2024-08-21
11502,Sneha Singh,Male,41,West,Maharashtra,Pune,2025-04-03
11503,Meera Iyer,Female,48,South,Tamil Nadu,Coimbatore,2023-12-16
11504,Ishita Kumar,Female,28,South,Andhra Pradesh,Vijayawada,2025-07-31
11505,Karthik Singh,Male,40,West,Rajasthan,Jaipur,2023-01-19
11506,Sneha Rao,Female,58,West,Goa,Panaji,2023-11-09
11507,Priya Nair,Male,56,West,Goa,Panaji,2025-07-15
11508,Priya Pillai,Female,39,West,Maharashtra,Mumbai,2024-06-11
11509,Aditya Das,Female,50,North,Delhi,New Delhi,2024-07-10
11510,Rohan Patel,Male,58,North,Haryana,Faridabad,2024-03-20
11511,Sneha Iyer,Other,59,North,Delhi,New Delhi,2023-08-19
11512,Aisha Rao,Female,35,North,Uttar Pradesh,Noida,2024-09-16
11513,Rahul Singh,Female,31,East,Bihar,Patna,2025-10-07
11514,Ananya Pillai,Female,45,South,Tamil Nadu,Coimbatore,2025-06-07
11515,Vikram Iyer,Female,28,South,Karnataka,Mangaluru,2023-12-25
11516,Nisha Kumar,Male,41,South,Tamil Nadu,Chennai,2023-02-13
11517,Rahul Singh,Male,53,North,Delhi,New Delhi,2025-05-26
11518,Vikram Reddy,Male,36,East,West Bengal,Kolkata,2023-08-11
11519,Aarav Nair,Female,30,South,Kerala,Thiruvananthapuram,2025-06-20
11520,Priya Pillai,Male,50,East,Assam,Guwahati,2023-09-28
11521,Aditya Rao,Female,36,South,Karnataka,Bengaluru,2023-07-31
11522,Rahul Reddy,Male,49,East,Assam,Guwahati,2023-09-04
11523,Ishita Joshi,Male,32,West,Gujarat,Surat,2025-08-05
11524,Vihaan Menon,Male,28,South,Telangana,Warangal,2025-03-31
11525,Ishita Singh,Female,40,West,Maharashtra,Nagpur,2023-03-13
11526,Sneha Iyer,Female,22,South,Karnataka,Bengaluru,2023-10-22
11527,Ishita Pillai,Male,39,South,Telangana,Warangal,2023-06-20
11528,Vikram Verma,Female,59,South,Telangana,Warangal,2023-09-03
11529,Arjun Iyer,Male,35,North,Punjab,Amritsar,2024-09-08
11530,Aisha Joshi,Female,24,West,Gujarat,Surat,2023-08-28
11531,Diya Rao,Male,50,South,Andhra Pradesh,Vijayawada,2023-11-07
11532,Nisha Pillai,Male,20,North,Haryana,Faridabad,2024-02-02
11533,Priya Reddy,Female,45,North,Haryana,Gurugram,2025-07-11
11534,Rahul Joshi,Female,18,South,Karnataka,Bengaluru,2025-03-02
11535,Rahul Gupta,Male,54,West,Goa,Panaji,2023-01-22
11536,Ishita Joshi,Male,39,South,Andhra Pradesh,Vijayawada,2025-03-23
11537,Ishita Reddy,Female,36,South,Telangana,Warangal,2025-06-22
11538,Arjun Joshi,Female,31,North,Rajasthan,Udaipur,2025-04-11
11539,Vikram Rao,Female,20,South,Karnataka,Mangaluru,2025-11-10
11540,Rahul Nair,Female,36,West,Maharashtra,Pune,2024-05-21
11541,Karthik Menon,Female,50,North,Uttar Pradesh,Lucknow,2023-06-09
11542,Nisha Nair,Male,38,South,Tamil Nadu,Coimbatore,2025-01-13
11543,Sneha Das,Male,18,West,Goa,Panaji,2025-03-23
11544,Rahul Joshi,Male,43,South,Andhra Pradesh,Visakhapatnam,2023-06-29
11545,Priya Iyer,Male,27,East,Jharkhand,Ranchi,2023-08-01
11546,Aisha Joshi,Female,52,West,Maharashtra,Mumbai,2024-06-13
11547,Rohan Reddy,Female,30,North,Delhi,New Delhi,2023-01-27
11548,Vikram Gupta,Male,23,West,Maharashtra,Nagpur,2025-07-27
11549,Meera Verma,Male,60,South,Tamil Nadu,Madurai,2025-05-19
11550,Rahul Patel,Female,23,North,Rajasthan,Jaipur,2024-03-13
11551,Ishita Joshi,Female,52,East,West Bengal,Kolkata,2023-10-12
11552,Arjun Das,Male,33,North,Delhi,New Delhi,2024-10-22
11553,Karthik Das,Female,58,North,Haryana,Gurugram,2024-10-10
11554,Ananya Iyer,Male,25,East,Bihar,Patna,2023-07-08
11555,Aisha Joshi,Female,20,South,Telangana,Warangal,2024-04-23
11556,Ananya Rao,Female,22,South,Kerala,Kochi,2024-08-25
11557,Sneha Patel,Male,38,North,Punjab,Amritsar,2025-10-11
11558,Vihaan Nair,Male,48,West,Goa,Panaji,2024-05-31
11559,Priya Singh,Female,31,North,Delhi,New Delhi,2025-07-04
11560,Rahul Sharma,Male,54,East,West Bengal,Kolkata,2023-08-18
11561,Aditya Patel,Male,36,West,Gujarat,Ahmedabad,2025-05-18
11562,Meera Pillai,Female,54,South,Andhra Pradesh,Vijayawada,2025-01-28
11563,Arjun Pillai,Male,37,North,Haryana,Gurugram,2023-02-03
11564,Diya Nair,Male,19,South,Tamil Nadu,Madurai,2023-10-23
11565,Rahul Sharma,Female,24,North,Uttar Pradesh,Noida,2024-03-28
11566,Ishita Nair,Male,50,West,Gujarat,Ahmedabad,2023-05-22
11567,Sneha Pillai,Male,59,North,Delhi,New Delhi,2024-10-09
11568,Aisha Rao,Female,23,South,Telangana,Warangal,2023-05-08
11569,Aarav Gupta,Male,24,North,Haryana,Gurugram,2025-04-14
11570,Nisha Gupta,Female,35,West,Goa,Panaji,2025-07-13
11571,Aditya Joshi,Other,60,West,Maharashtra,Pune,2024-12-30
11572,Aisha Rao,Female,46,South,Telangana,Warangal,2024-04-07
11573,Priya Joshi,Male,36,North,Haryana,Gurugram,2024-07-17
11574,Ananya Gupta,Male,42,East,Odisha,Cuttack,2024-05-28
11575,Aditya Das,Female,21,South,Karnataka,Mysuru,2023-01-01
11576,Rahul Patel,Female,30,South,Karnataka,Mysuru,2025-12-14
11577,Rahul Verma,Female,49,South,Telangana,Hyderabad,2023-12-04
11578,Ishita Menon,Female,44,North,Rajasthan,Udaipur,2025-06-26
11579,Nisha Reddy,Male,51,North,Haryana,Gurugram,2025-03-28
11580,Karthik Patel,Male,45,West,Goa,Panaji,2025-10-30
11581,Aditya Iyer,Female,26,South,Andhra Pradesh,Visakhapatnam,2023-12-11
11582,Rohan Pillai,Female,25,West,Rajasthan,Udaipur,2025-09-03
11583,Rohan Patel,Male,38,West,Gujarat,Ahmedabad,2025-06-01
11584,Rohan Joshi,Female,47,West,Gujarat,Vadodara,2023-07-17
11585,Ananya Joshi,Male,46,East,Bihar,Patna,2025-11-03
11586,Rohan Patel,Male,26,South,Kerala,Kochi,2025-05-21
11587,Diya Joshi,Male,30,North,Punjab,Amritsar,2024-06-25
11588,Ishita Das,Female,35,West,Rajasthan,Jaipur,2024-04-01
11589,Vihaan Das,Female,55,West,Gujarat,Ahmedabad,2025-01-19
11590,Vihaan Verma,Female,39,North,Haryana,Faridabad,2024-01-01
11591,Vikram Nair,Other,48,North,Haryana,Faridabad,2024-02-05
11592,Nisha Singh,Male,52,East,West Bengal,Kolkata,2024-07-27
11593,Rohan Menon,Female,59,South,Kerala,Kozhikode,2024-04-26
11594,Aarav Gupta,Female,59,South,Karnataka,Mangaluru,2023-04-20
11595,Aditya Patel,Female,27,North,Uttar Pradesh,Noida,2025-10-15
11596,Karthik Reddy,Female,26,West,Maharashtra,Pune,2024-02-10
11597,Arjun Reddy,Male,48,South,Telangana,Warangal,2023-11-05
11598,Diya Verma,Female,57,South,Tamil Nadu,Madurai,2023-06-09
11599,Rohan Patel,Male,41,South,Andhra Pradesh,Vijayawada,2025-04-23
11600,Aarav Sharma,Male,58,East,West Bengal,Kolkata,2023-02-24
11601,Aarav Reddy,Male,25,South,Andhra Pradesh,Vijayawada,2025-01-30
11602,Sneha Nair,Male,37,South,Tamil Nadu,Madurai,2023-09-13
11603,Arjun Rao,Male,34,South,Karnataka,Mysuru,2024-06-17
11604,Ananya Patel,Male,45,West,Maharashtra,Nagpur,2024-02-26
11605,Rohan Pillai,Male,23,South,Karnataka,Mysuru,2025-08-03
11606,Rohan Nair,Male,59,West,Maharashtra,Nagpur,2025-08-19
11607,Aisha Menon,Male,50,South,Andhra Pradesh,Vijayawada,2025-03-23
11608,Diya Sharma,Female,45,North,Haryana,Faridabad,2025-06-05
11609,Priya Gupta,Female,18,South,Tamil Nadu,Chennai,2023-09-21
11610,Karthik Sharma,Female,58,West,Goa,Panaji,2025-01-17
11611,Arjun Iyer,Female,52,East,West Bengal,Kolkata,2025-04-12
11612,Vikram Gupta,Male,41,North,Rajasthan,Jaipur,2023-08-21
11613,Aisha Menon,Male,23,West,Maharashtra,Pune,2024-11-10
11614,Meera Nair,Male,24,South,Karnataka,Mangaluru,2023-08-21
11615,Diya Verma,Female,26,South,Tamil Nadu,Coimbatore,2025-12-04
11616,Arjun Gupta,Female,54,North,Haryana,Faridabad,2024-07-11
11617,Aditya Reddy,Male,33,East,Assam,Guwahati,2025-07-01
11618,Diya Reddy,Male,51,North,Delhi,New Delhi,2024-11-11
11619,Karthik Verma,Female,52,West,Maharashtra,Mumbai,2023-12-01
11620,Karthik Sharma,Male,52,North,Haryana,Gurugram,2024-02-08
11621,Rahul Verma,Female,37,West,Rajasthan,Jaipur,2023-09-13
11622,Rahul Nair,Female,40,South,Karnataka,Mangaluru,2025-12-25
11623,Aditya Gupta,Female,59,West,Goa,Panaji,2025-10-16
11624,Diya Rao,Female,52,East,Jharkhand,Ranchi,2025-07-29
11625,Nisha Joshi,Male,40,South,Andhra Pradesh,Vijayawada,2025-02-10
11626,Arjun Reddy,Female,21,North,Punjab,Amritsar,2025-08-03
11627,Ananya Menon,Female,27,South,Kerala,Kochi,2023-11-07
11628,Rahul Pillai,Female,60,West,Maharashtra,Nagpur,2024-11-12
11629,Diya Verma,Female,28,South,Andhra Pradesh,Visakhapatnam,2023-05-09
11630,Priya Gupta,Female,57,West,Rajasthan,Jaipur,2025-02-19
11631,Vikram Iyer,Female,26,North,Haryana,Gurugram,2023-11-22
11632,Aisha Verma,Male,57,South,Karnataka,Mysuru,2025-02-28
11633,Diya Das,Male,29,North,Haryana,Faridabad,2023-01-17
11634,Vihaan Reddy,Male,34,North,Haryana,Faridabad,2024-11-29
11635,Rohan Joshi,Female,49,East,West Bengal,Kolkata,2025-10-05
11636,Sneha Sharma,Female,40,South,Andhra Pradesh,Vijayawada,2023-12-08
11637,Priya Iyer,Male,32,West,Rajasthan,Udaipur,2025-09-29
11638,Rohan Kumar,Male,45,South,Kerala,Kozhikode,2025-04-17
11639,Vihaan Joshi,Female,55,East,Jharkhand,Ranchi,2024-09-19
11640,Nisha Gupta,Male,22,East,West Bengal,Kolkata,2025-02-09
11641,Diya Menon,Male,57,West,Rajasthan,Jaipur,2025-05-27
11642,Aisha Singh,Male,35,North,Punjab,Ludhiana,2024-12-10
11643,Rohan Iyer,Male,38,West,Gujarat,Surat,2025-04-28
11644,Aarav Reddy,Female,32,North,Rajasthan,Udaipur,2025-01-08
11645,Ishita Kumar,Male,20,South,Andhra Pradesh,Visakhapatnam,2023-06-26
11646,Aditya Menon,Male,43,North,Punjab,Amritsar,2025-08-03
11647,Aditya Verma,Female,32,South,Kerala,Kochi,2023-12-23
11648,Priya Das,Male,37,North,Punjab,Amritsar,2024-05-09
11649,Ishita Reddy,Male,38,North,Uttar Pradesh,Kanpur,2023-02-04
11650,Vihaan Patel,Female,43,North,Uttar Pradesh,Lucknow,2025-03-28
11651,Aditya Pillai,Female,58,South,Telangana,Warangal,2023-01-10
11652,Vikram Gupta,Male,40,South,Kerala,Kochi,2025-09-12
11653,Priya Rao,Male,42,South,Telangana,Warangal,2024-06-14
11654,Priya Nair,Male,21,West,Rajasthan,Udaipur,2023-04-05
11655,Arjun Nair,Female,27,South,Kerala,Kochi,2024-07-29
11656,Priya Rao,Male,39,East,Assam,Guwahati,2024-03-25
11657,Aarav Joshi,Male,20,West,Maharashtra,Mumbai,2025-10-14
11658,Diya Gupta,Male,36,South,Andhra Pradesh,Visakhapatnam,2023-04-06
11659,Aarav Iyer,Female,48,West,Rajasthan,Udaipur,2025-05-14
11660,Vihaan Nair,Male,26,West,Gujarat,Surat,2024-10-30
11661,Aisha Iyer,Female,46,North,Rajasthan,Jaipur,2023-07-26
11662,Arjun Pillai,Male,54,West,Rajasthan,Udaipur,2025-04-29
11663,Vihaan Menon,Male,24,East,Bihar,Patna,2023-09-03
11664,Aditya Nair,Female,55,West,Rajasthan,Jaipur,2025-06-02
11665,Rohan Pillai,Female,41,East,West Bengal,Kolkata,2023-03-24
11666,Rohan Iyer,Female,25,East,Assam,Guwahati,2023-11-13
11667,Rahul Das,Female,51,South,Andhra Pradesh,Visakhapatnam,2024-10-06
11668,Sneha Joshi,Male,43,East,Jharkhand,Ranchi,2024-01-05
11669,Aditya Singh,Female,45,South,Andhra Pradesh,Visakhapatnam,2025-01-18
11670,Ishita Joshi,Male,45,North,Haryana,Faridabad,2024-09-21
11671,Karthik Sharma,Male,24,West,Gujarat,Ahmedabad,2023-06-29
11672,Arjun Nair,Female,20,East,Odisha,Bhubaneswar,2024-08-24
11673,Nisha Rao,Female,39,East,West Bengal,Kolkata,2024-08-22
11674,Karthik Rao,Female,55,North,Rajasthan,Udaipur,2025-04-20
11675,Sneha Menon,Female,35,North,Uttar Pradesh,Kanpur,2023-12-14
11676,Meera Patel,Other,29,South,Tamil Nadu,Chennai,2023-11-27
11677,Karthik Menon,Male,48,South,Andhra Pradesh,Visakhapatnam,2024-09-01
11678,Diya Nair,Female,56,West,Goa,Panaji,2025-01-13
11679,Meera Verma,Female,22,South,Karnataka,Bengaluru,2024-07-22
11680,Aisha Kumar,Female,58,North,Punjab,Amritsar,2024-01-24
11681,Arjun Verma,Female,46,South,Telangana,Hyderabad,2025-08-28
11682,Ishita Pillai,Female,60,East,Assam,Guwahati,2025-01-16
11683,Priya Reddy,Female,53,North,Uttar Pradesh,Lucknow,2023-05-17
11684,Rohan Das,Male,31,North,Punjab,Ludhiana,2023-10-09
11685,Meera Patel,Female,35,South,Tamil Nadu,Madurai,2025-10-15
11686,Aditya Verma,Male,24,East,Bihar,Patna,2025-01-13
11687,Nisha Rao,Male,40,East,West Bengal,Kolkata,2024-06-14
11688,Diya Gupta,Male,50,West,Goa,Panaji,2023-01-16
11689,Aarav Das,Male,33,North,Delhi,New Delhi,2025-10-01
11690,Sneha Kumar,Male,54,North,Punjab,Amritsar,2024-07-21
11691,Aditya Pillai,Male,42,South,Karnataka,Mangaluru,2025-12-27
11692,Ananya Kumar,Male,26,West,Rajasthan,Udaipur,2023-01-30
11693,Aditya Gupta,Male,45,West,Goa,Panaji,2024-10-25
11694,Ananya Rao,Male,26,South,Tamil Nadu,Chennai,2025-09-25
11695,Meera Pillai,Male,29,West,Gujarat,Vadodara,2025-05-24
11696,Nisha Nair,Female,35,South,Telangana,Warangal,2023-01-22
11697,Ishita Pillai,Male,44,South,Tamil Nadu,Coimbatore,2025-11-19
11698,Vikram Das,Male,43,South,Telangana,Hyderabad,2025-08-13
11699,Ishita Joshi,Male,43,East,Assam,Guwahati,2024-10-21
11700,Diya Nair,Male,27,West,Goa,Panaji,2025-12-08
11701,Aarav Rao,Female,34,East,West Bengal,Kolkata,2023-11-21
11702,Aditya Joshi,Male,49,West,Rajasthan,Udaipur,2023-06-30
11703,Aarav Menon,Male,41,South,Tamil Nadu,Madurai,2023-05-02
11704,Ishita Das,Male,60,West,Gujarat,Surat,2023-05-04
11705,Meera Verma,Female,25,West,Rajasthan,Jaipur,2023-09-23
11706,Priya Verma,Female,47,South,Tamil Nadu,Coimbatore,2023-01-28
11707,Rahul Reddy,Male,43,North,Delhi,New Delhi,2023-03-18
11708,Meera Verma,Male,41,South,Karnataka,Bengaluru,2024-03-07
11709,Aisha Patel,Male,44,North,Rajasthan,Jaipur,2025-05-28
11710,Rahul Patel,Female,32,North,Rajasthan,Jaipur,2025-06-12
11711,Diya Kumar,Male,45,South,Andhra Pradesh,Visakhapatnam,2025-11-24
11712,Aarav Menon,Male,28,South,Andhra Pradesh,Vijayawada,2024-03-11
11713,Diya Kumar,Male,56,North,Delhi,New Delhi,2025-12-21
11714,Rohan Rao,Male,19,West,Gujarat,Vadodara,2023-02-21
11715,Rohan Patel,Male,26,South,Telangana,Warangal,2023-04-26
11716,Vikram Singh,Male,40,East,West Bengal,Kolkata,2023-02-16
11717,Vihaan Verma,Male,50,South,Karnataka,Mangaluru,2024-03-13
11718,Aditya Kumar,Male,36,North,Haryana,Gurugram,2023-04-11
11719,Meera Patel,Female,30,East,West Bengal,Kolkata,2023-04-17
11720,Vihaan Gupta,Male,31,South,Kerala,Kochi,2025-09-09
11721,Rahul Patel,Female,49,South,Kerala,Kozhikode,2025-11-24
11722,Rahul Rao,Female,39,South,Tamil Nadu,Chennai,2025-09-27
11723,Ananya Gupta,Female,37,South,Kerala,Kochi,2023-12-25
11724,Vikram Nair,Female,50,South,Andhra Pradesh,Vijayawada,2025-06-05
11725,Sneha Joshi,Male,39,North,Punjab,Ludhiana,2025-03-10
11726,Aarav Das,Male,37,South,Andhra Pradesh,Vijayawada,2025-10-22
11727,Aarav Sharma,Female,31,West,Rajasthan,Udaipur,2024-03-10
11728,Sneha Das,Female,44,East,Jharkhand,Ranchi,2024-08-26
11729,Sneha Gupta,Male,43,North,Rajasthan,Jaipur,2024-07-19
11730,Rohan Pillai,Male,49,North,Delhi,New Delhi,2025-07-04
11731,Vikram Nair,Female,47,South,Karnataka,Bengaluru,2023-08-16
11732,Arjun Sharma,Female,44,North,Haryana,Faridabad,2024-06-28
11733,Ishita Verma,Male,43,West,Goa,Panaji,2024-10-09
11734,Ishita Sharma,Female,35,West,Goa,Panaji,2023-09-05
11735,Arjun Patel,Male,40,South,Kerala,Kochi,2025-12-12
11736,Vikram Iyer,Male,41,East,West Bengal,Kolkata,2023-11-10
11737,Rahul Reddy,Male,21,West,Maharashtra,Nagpur,2023-02-06
11738,Aarav Iyer,Male,58,South,Kerala,Kochi,2024-12-24
11739,Arjun Pillai,Female,20,West,Gujarat,Ahmedabad,2025-09-06
11740,Diya Joshi,Male,60,West,Gujarat,Vadodara,2023-03-25
11741,Rohan Kumar,Female,47,North,Punjab,Ludhiana,2025-06-18
11742,Rohan Sharma,Male,33,North,Rajasthan,Udaipur,2024-12-19
11743,Priya Reddy,Male,24,North,Rajasthan,Jaipur,2024-07-03
11744,Aditya Iyer,Male,56,South,Kerala,Thiruvananthapuram,2024-12-15
11745,Priya Iyer,Other,39,West,Rajasthan,Jaipur,2024-08-09
11746,Rahul Menon,Male,58,West,Rajasthan,Udaipur,2023-06-01
11747,Arjun Gupta,Female,48,South,Kerala,Kochi,2025-11-27
11748,Aditya Menon,Male,30,South,Karnataka,Mysuru,2023-06-14
11749,Arjun Sharma,Male,58,North,Delhi,New Delhi,2025-07-26
11750,Vikram Sharma,Male,58,South,Andhra Pradesh,Visakhapatnam,2023-07-31
11751,Ishita Kumar,Male,46,West,Goa,Panaji,2024-06-09
11752,Ananya Singh,Female,45,South,Telangana,Warangal,2025-01-11
11753,Aarav Rao,Female,36,South,Karnataka,Mysuru,2023-05-12
11754,Aditya Joshi,Female,40,South,Telangana,Warangal,2023-04-06
11755,Karthik Nair,Female,25,East,Assam,Guwahati,2025-10-09
11756,Karthik Rao,Female,42,North,Uttar Pradesh,Noida,2024-06-05
11757,Priya Kumar,Female,55,East,Jharkhand,Ranchi,2024-01-09
11758,Vihaan Nair,Female,55,West,Maharashtra,Mumbai,2025-11-05
11759,Diya Iyer,Female,52,South,Kerala,Kochi,2024-08-30
11760,Sneha Singh,Male,43,West,Gujarat,Surat,2023-01-18
11761,Vikram Iyer,Male,20,West,Gujarat,Vadodara,2025-10-27
11762,Rohan Das,Female,19,North,Delhi,New Delhi,2025-09-04
11763,Karthik Iyer,Male,22,South,Kerala,Kochi,2025-05-28
11764,Arjun Singh,Male,37,West,Gujarat,Ahmedabad,2024-08-16
11765,Arjun Iyer,Female,29,South,Tamil Nadu,Chennai,2024-10-04
11766,Rahul Sharma,Male,55,South,Kerala,Kochi,2023-05-09
11767,Ishita Sharma,Female,33,North,Rajasthan,Jaipur,2025-03-11
11768,Aditya Pillai,Male,54,West,Goa,Panaji,2024-03-30
11769,Ananya Patel,Female,55,West,Goa,Panaji,2025-05-25
11770,Vihaan Menon,Male,53,West,Goa,Panaji,2024-07-24
11771,Vihaan Nair,Female,46,West,Maharashtra,Pune,2025-12-31
11772,Priya Sharma,Other,52,North,Haryana,Faridabad,2025-10-10
11773,Karthik Iyer,Female,54,East,West Bengal,Kolkata,2024-02-05
11774,Karthik Iyer,Male,38,East,Odisha,Cuttack,2024-04-06
11775,Vikram Sharma,Male,38,North,Delhi,New Delhi,2023-03-30
11776,Priya Patel,Female,45,South,Karnataka,Mysuru,2025-04-02
11777,Karthik Sharma,Female,23,North,Delhi,New Delhi,2023-01-06
11778,Priya Rao,Female,37,West,Rajasthan,Jaipur,2025-08-02
11779,Ananya Singh,Female,53,South,Karnataka,Mangaluru,2023-03-25
11780,Arjun Patel,Male,30,North,Uttar Pradesh,Lucknow,2025-12-31
11781,Diya Verma,Male,57,South,Andhra Pradesh,Visakhapatnam,2024-09-12
11782,Aarav Gupta,Female,28,East,Bihar,Patna,2023-06-21
11783,Aarav Joshi,Female,41,West,Rajasthan,Udaipur,2024-11-29
11784,Sneha Iyer,Male,36,North,Haryana,Gurugram,2023-09-30
11785,Diya Gupta,Male,40,North,Haryana,Gurugram,2024-06-13
11786,Karthik Singh,Female,48,East,West Bengal,Kolkata,2023-11-15
11787,Ananya Gupta,Female,54,North,Uttar Pradesh,Kanpur,2024-03-04
11788,Priya Nair,Male,54,North,Uttar Pradesh,Lucknow,2025-04-26
11789,Ananya Nair,Male,20,South,Andhra Pradesh,Visakhapatnam,2023-09-06
11790,Ananya Nair,Male,51,West,Maharashtra,Mumbai,2024-01-22
11791,Rahul Gupta,Male,46,South,Telangana,Warangal,2023-12-29
11792,Priya Kumar,Female,20,North,Delhi,New Delhi,2023-03-09
11793,Vikram Reddy,Female,32,West,Maharashtra,Pune,2024-03-13
11794,Aarav Joshi,Female,24,North,Delhi,New Delhi,2025-10-12
11795,Rahul Patel,Female,20,South,Telangana,Hyderabad,2023-10-23
11796,Arjun Singh,Male,60,South,Andhra Pradesh,Visakhapatnam,2024-10-08
11797,Rahul Pillai,Female,33,North,Haryana,Faridabad,2023-02-02
11798,Ishita Reddy,Female,51,South,Kerala,Kochi,2023-02-01
11799,Aarav Nair,Female,37,South,Kerala,Kozhikode,2024-07-08
11800,Ananya Das,Male,56,South,Karnataka,Bengaluru,2023-11-01
11801,Karthik Singh,Female,50,East,Bihar,Patna,2025-03-03
11802,Nisha Sharma,Female,31,North,Uttar Pradesh,Noida,2023-04-06
11803,Sneha Reddy,Male,59,West,Rajasthan,Udaipur,2025-12-25
11804,Meera Verma,Male,52,South,Telangana,Hyderabad,2024-06-04
11805,Ishita Menon,Female,28,South,Tamil Nadu,Madurai,2023-08-18
11806,Sneha Das,Female,37,North,Uttar Pradesh,Lucknow,2025-01-02
11807,Karthik Kumar,Male,47,North,Rajasthan,Udaipur,2023-12-24
11808,Arjun Nair,Male,45,South,Andhra Pradesh,Visakhapatnam,2024-02-06
11809,Arjun Das,Male,32,South,Tamil Nadu,Coimbatore,2025-02-28
11810,Vikram Menon,Male,55,South,Telangana,Hyderabad,2023-04-09
11811,Priya Patel,Female,30,North,Uttar Pradesh,Kanpur,2023-09-28
11812,Karthik Joshi,Male,52,North,Haryana,Faridabad,2023-12-28
11813,Ishita Menon,Male,41,South,Telangana,Hyderabad,2024-06-11
11814,Arjun Patel,Female,18,South,Karnataka,Bengaluru,2025-11-10
11815,Meera Patel,Male,59,South,Karnataka,Mysuru,2024-06-23
11816,Sneha Kumar,Female,41,East,Assam,Guwahati,2024-08-17
11817,Ananya Patel,Male,44,South,Telangana,Warangal,2025-04-12
11818,Priya Menon,Female,35,North,Rajasthan,Jaipur,2024-02-01
11819,Sneha Das,Other,43,North,Punjab,Amritsar,2025-11-25
11820,Aarav Patel,Male,46,West,Goa,Panaji,2024-05-09
11821,Aisha Reddy,Female,25,South,Andhra Pradesh,Visakhapatnam,2023-11-10
11822,Ishita Patel,Other,39,South,Andhra Pradesh,Visakhapatnam,2024-05-04
11823,Nisha Gupta,Other,22,North,Uttar Pradesh,Kanpur,2023-08-21
11824,Aarav Iyer,Male,50,North,Delhi,New Delhi,2025-10-26
11825,Aarav Singh,Male,57,North,Haryana,Gurugram,2024-10-25
11826,Rahul Kumar,Male,22,West,Rajasthan,Jaipur,2023-09-01
11827,Meera Pillai,Male,53,South,Andhra Pradesh,Vijayawada,2023-08-29
11828,Aarav Rao,Male,30,East,Jharkhand,Ranchi,2024-07-11
11829,Ishita Singh,Male,34,North,Punjab,Amritsar,2023-03-16
11830,Meera Sharma,Female,30,South,Karnataka,Mysuru,2023-10-10
11831,Aditya Rao,Female,42,East,West Bengal,Kolkata,2023-03-28
11832,Ishita Nair,Female,19,North,Delhi,New Delhi,2025-05-30
11833,Ishita Nair,Female,41,West,Maharashtra,Pune,2025-07-18
11834,Ishita Singh,Male,53,North,Haryana,Gurugram,2023-06-09
11835,Ananya Pillai,Male,42,North,Haryana,Gurugram,2024-03-21
11836,Ananya Sharma,Female,51,North,Haryana,Faridabad,2023-03-23
11837,Vikram Kumar,Male,29,South,Karnataka,Mangaluru,2025-10-27
11838,Karthik Joshi,Male,36,South,Tamil Nadu,Chennai,2023-07-01
11839,Rohan Joshi,Female,59,East,West Bengal,Kolkata,2025-05-19
11840,Rahul Das,Unknown,47,South,Tamil Nadu,Chennai,2025-08-23
11841,Aditya Rao,Female,54,West,Gujarat,Vadodara,2024-04-22
11842,Rohan Gupta,Female,60,West,Goa,Panaji,2023-07-02
11843,Arjun Gupta,Male,18,West,Maharashtra,Mumbai,2023-06-23
11844,Rahul Joshi,Female,20,North,Uttar Pradesh,Lucknow,2023-01-14
11845,Ananya Iyer,Male,43,East,West Bengal,Kolkata,2023-03-14
11846,Aditya Singh,Female,32,South,Kerala,Kozhikode,2024-05-28
11847,Ananya Pillai,Female,45,South,Andhra Pradesh,Vijayawada,2024-08-24
11848,Ananya Verma,Male,21,South,Tamil Nadu,Madurai,2023-12-09
11849,Aisha Sharma,Female,36,East,West Bengal,Kolkata,2023-11-29
11850,Aarav Das,Female,41,North,Uttar Pradesh,Kanpur,2023-12-21
11851,Meera Menon,Male,57,South,Andhra Pradesh,Visakhapatnam,2025-04-26
11852,Ananya Iyer,Female,23,North,Haryana,Faridabad,2023-06-12
11853,Aarav Reddy,Male,33,East,Bihar,Patna,2023-04-26
11854,Meera Sharma,Male,49,North,Punjab,Amritsar,2025-10-28
11855,Ishita Kumar,Male,47,East,Jharkhand,Ranchi,2025-11-12
11856,Vihaan Reddy,Female,52,South,Tamil Nadu,Chennai,2025-03-01
11857,Rohan Kumar,Female,25,North,Uttar Pradesh,Lucknow,2024-06-26
11858,Sneha Verma,Female,22,West,Gujarat,Surat,2024-02-18
11859,Ishita Menon,Female,54,North,Haryana,Faridabad,2024-11-12
11860,Aisha Kumar,Female,29,North,Rajasthan,Jaipur,2024-10-03
11861,Aarav Das,Male,42,North,Punjab,Ludhiana,2024-10-30
11862,Ishita Das,Male,50,North,Punjab,Ludhiana,2023-01-22
11863,Aisha Kumar,Male,56,South,Kerala,Thiruvananthapuram,2025-08-26
11864,Rohan Pillai,Male,41,West,Gujarat,Surat,2023-11-26
11865,Aditya Sharma,Male,28,East,Assam,Guwahati,2025-11-11
11866,Ananya Sharma,Female,59,East,Assam,Guwahati,2025-06-20
11867,Diya Kumar,Other,52,South,Kerala,Kozhikode,2024-12-24
11868,Vikram Menon,Male,57,South,Kerala,Kochi,2023-09-09
11869,Karthik Menon,Male,18,South,Kerala,Thiruvananthapuram,2023-07-24
11870,Ananya Kumar,Male,25,North,Punjab,Amritsar,2025-04-11
11871,Arjun Kumar,Female,40,North,Haryana,Gurugram,2025-03-01
11872,Aarav Menon,Male,37,South,Telangana,Warangal,2025-12-20
11873,Aditya Reddy,Female,49,West,Rajasthan,Udaipur,2024-04-09
11874,Diya Iyer,Female,28,North,Uttar Pradesh,Lucknow,2024-01-29
11875,Rahul Singh,Female,24,North,Rajasthan,Jaipur,2025-10-17
11876,Sneha Das,Male,47,West,Rajasthan,Udaipur,2024-10-21
11877,Rohan Verma,Male,56,West,Maharashtra,Mumbai,2025-06-30
11878,Meera Singh,Male,30,West,Goa,Panaji,2024-06-13
11879,Rahul Verma,Male,59,South,Andhra Pradesh,Visakhapatnam,2025-11-24
11880,Rohan Das,Female,20,West,Gujarat,Ahmedabad,2023-02-26
11881,Aisha Das,Male,24,North,Punjab,Ludhiana,2024-06-05
11882,Nisha Gupta,Male,60,East,Odisha,Bhubaneswar,2023-12-27
11883,Karthik Reddy,Female,30,North,Delhi,New Delhi,2023-08-22
11884,Aisha Menon,Male,54,North,Delhi,New Delhi,2023-08-11
11885,Aisha Das,Male,42,South,Karnataka,Mangaluru,2023-11-23
11886,Nisha Das,Female,40,West,Goa,Panaji,2025-04-15
11887,Aisha Pillai,Female,50,South,Tamil Nadu,Coimbatore,2024-05-03
11888,Diya Patel,Male,22,South,Tamil Nadu,Chennai,2024-04-22
11889,Ananya Menon,Female,49,North,Punjab,Ludhiana,2025-09-11
11890,Ishita Patel,Female,47,East,Jharkhand,Ranchi,2025-03-02
11891,Ananya Nair,Male,48,South,Tamil Nadu,Chennai,2024-05-26
11892,Karthik Joshi,Female,30,West,Goa,Panaji,2025-10-09
11893,Ishita Joshi,Female,59,North,Haryana,Gurugram,2024-01-17
11894,Karthik Iyer,Female,22,South,Karnataka,Mangaluru,2024-03-27
11895,Sneha Iyer,Female,40,West,Gujarat,Surat,2023-08-02
11896,Vihaan Pillai,Male,18,North,Delhi,New Delhi,2024-07-18
11897,Vikram Menon,Female,27,North,Delhi,New Delhi,2025-01-01
11898,Arjun Pillai,Male,44,South,Kerala,Thiruvananthapuram,2024-03-14
11899,Aditya Gupta,Male,25,West,Maharashtra,Nagpur,2025-01-24
11900,Arjun Rao,Male,20,North,Punjab,Ludhiana,2024-09-20
11901,Arjun Gupta,Female,36,West,Rajasthan,Udaipur,2025-06-21
11902,Aarav Verma,Female,19,South,Karnataka,Bengaluru,2025-12-01
11903,Sneha Singh,Male,48,North,Rajasthan,Udaipur,2024-01-30
11904,Ishita Menon,Female,27,South,Tamil Nadu,Madurai,2023-09-04
11905,Vihaan Rao,Female,33,North,Punjab,Ludhiana,2025-06-23
11906,Nisha Menon,Female,54,South,Tamil Nadu,Chennai,2023-09-05
11907,Karthik Gupta,Male,37,East,Jharkhand,Ranchi,2024-08-21
11908,Ananya Iyer,Female,20,West,Goa,Panaji,2025-05-14
11909,Karthik Menon,Female,52,South,Kerala,Kozhikode,2023-03-25
11910,Diya Gupta,Male,51,South,Tamil Nadu,Madurai,2025-02-11
11911,Priya Nair,Male,38,South,Andhra Pradesh,Vijayawada,2023-02-20
11912,Meera Verma,Other,53,East,Jharkhand,Ranchi,2024-07-03
11913,Ishita Menon,Female,49,East,Assam,Guwahati,2025-02-09
11914,Aisha Verma,Male,35,West,Gujarat,Surat,2025-09-07
11915,Karthik Menon,Male,51,West,Rajasthan,Udaipur,2024-04-09
11916,Ishita Menon,Female,55,North,Rajasthan,Jaipur,2024-02-23
11917,Aisha Patel,Male,20,East,Odisha,Cuttack,2023-03-28
11918,Rahul Kumar,Male,20,West,Maharashtra,Pune,2023-09-16
11919,Meera Joshi,Male,44,West,Rajasthan,Udaipur,2023-11-07
11920,Priya Gupta,Male,19,West,Goa,Panaji,2023-06-22
11921,Ananya Joshi,Female,20,North,Delhi,New Delhi,2025-07-28
11922,Arjun Nair,Female,34,South,Andhra Pradesh,Vijayawada,2024-05-19
11923,Karthik Iyer,Male,56,North,Uttar Pradesh,Lucknow,2023-11-25
11924,Meera Menon,Female,55,West,Maharashtra,Nagpur,2023-07-15
11925,Aarav Rao,Male,57,North,Uttar Pradesh,Noida,2023-03-03
11926,Vikram Das,Male,36,South,Kerala,Thiruvananthapuram,2025-11-14
11927,Ishita Gupta,Female,36,West,Goa,Panaji,2024-07-15
11928,Aarav Das,Male,22,West,Gujarat,Surat,2025-06-15
11929,Vikram Reddy,Male,22,North,Delhi,New Delhi,2025-12-11
11930,Karthik Verma,Male,31,South,Karnataka,Mysuru,2025-04-23
11931,Ishita Iyer,Female,44,West,Rajasthan,Udaipur,2023-02-09
11932,Rohan Iyer,Male,53,West,Goa,Panaji,2024-12-28
11933,Vihaan Reddy,Male,57,West,Rajasthan,Udaipur,2024-04-01
11934,Sneha Kumar,Female,52,North,Punjab,Ludhiana,2025-05-27
11935,Vikram Singh,Male,38,North,Punjab,Ludhiana,2025-02-26
11936,Sneha Patel,Male,39,North,Haryana,Gurugram,2023-01-02
11937,Sneha Joshi,Male,41,South,Telangana,Hyderabad,2023-08-04
11938,Vikram Sharma,Male,56,North,Delhi,New Delhi,2025-02-15
11939,Aarav Verma,Male,41,West,Maharashtra,Nagpur,2024-11-09
11940,Karthik Joshi,Female,57,South,Karnataka,Mysuru,2024-02-18
11941,Sneha Menon,Female,60,South,Kerala,Thiruvananthapuram,2023-07-29
11942,Rahul Joshi,Male,30,South,Kerala,Thiruvananthapuram,2025-12-17
11943,Nisha Nair,Male,55,North,Delhi,New Delhi,2023-02-12
11944,Karthik Sharma,Male,18,North,Uttar Pradesh,Kanpur,2023-05-18
11945,Rahul Verma,Male,60,North,Haryana,Faridabad,2024-09-29
11946,Arjun Patel,Male,56,West,Maharashtra,Mumbai,2024-04-13
11947,Aarav Pillai,Male,27,West,Maharashtra,Nagpur,2024-12-26
11948,Ishita Kumar,Male,19,South,Kerala,Thiruvananthapuram,2023-07-21
11949,Aditya Reddy,Female,33,South,Tamil Nadu,Coimbatore,2023-07-11
11950,Vikram Nair,Male,54,West,Gujarat,Ahmedabad,2023-04-17
11951,Ananya Gupta,Male,33,South,Andhra Pradesh,Vijayawada,2023-11-23
11952,Sneha Verma,Male,40,South,Kerala,Thiruvananthapuram,2025-01-19
11953,Ishita Nair,Male,43,West,Rajasthan,Udaipur,2024-10-05
11954,Vikram Reddy,Female,33,North,Haryana,Gurugram,2023-12-23
11955,Vihaan Verma,Male,44,East,Odisha,Cuttack,2024-08-17
11956,Aisha Reddy,Male,58,East,Odisha,Cuttack,2024-05-15
11957,Meera Patel,Male,47,North,Haryana,Faridabad,2024-04-12
11958,Diya Pillai,Male,50,West,Gujarat,Surat,2024-05-22
11959,Ananya Nair,Female,49,North,Delhi,New Delhi,2023-04-16
11960,Sneha Pillai,Other,26,North,Rajasthan,Udaipur,2025-12-25
11961,Aditya Sharma,Male,28,South,Andhra Pradesh,Vijayawada,2023-07-14
11962,Arjun Sharma,Female,54,West,Maharashtra,Nagpur,2023-02-16
11963,Vihaan Patel,Male,23,North,Delhi,New Delhi,2025-10-05
11964,Rohan Das,Male,47,West,Gujarat,Ahmedabad,2024-06-20
11965,Arjun Reddy,Male,57,West,Gujarat,Ahmedabad,2025-04-26
11966,Priya Das,Female,39,West,Goa,Panaji,2024-12-09
11967,Nisha Verma,Male,47,South,Telangana,Hyderabad,2025-03-18
11968,Vikram Kumar,Other,35,West,Maharashtra,Nagpur,2024-09-03
11969,Aditya Reddy,Male,29,South,Tamil Nadu,Coimbatore,2023-04-25
11970,Arjun Das,Male,21,South,Tamil Nadu,Chennai,2024-11-10
11971,Rohan Das,Female,33,South,Tamil Nadu,Madurai,2024-09-22
11972,Sneha Das,Female,40,North,Delhi,New Delhi,2023-08-07
11973,Karthik Patel,Female,28,South,Telangana,Hyderabad,2023-07-16
11974,Ananya Verma,Female,41,West,Rajasthan,Udaipur,2024-02-05
11975,Diya Gupta,Male,39,South,Tamil Nadu,Chennai,2025-01-18
11976,Aisha Iyer,Male,56,East,West Bengal,Kolkata,2024-11-11
11977,Aditya Reddy,Male,39,South,Tamil Nadu,Coimbatore,2023-03-17
11978,Sneha Joshi,Male,32,West,Gujarat,Vadodara,2023-10-14
11979,Meera Iyer,Female,27,East,West Bengal,Kolkata,2025-05-10
11980,Aisha Verma,Female,45,North,Punjab,Amritsar,2025-01-11
11981,Sneha Patel,Female,53,South,Kerala,Kochi,2023-10-21
11982,Vikram Nair,Male,34,North,Haryana,Faridabad,2025-03-19
11983,Ishita Reddy,Female,53,West,Maharashtra,Mumbai,2025-06-04
11984,Nisha Iyer,Female,39,West,Rajasthan,Udaipur,2024-02-18
11985,Sneha Das,Male,40,South,Telangana,Hyderabad,2024-03-06
11986,Vihaan Rao,Male,46,South,Tamil Nadu,Chennai,2023-06-20
11987,Vikram Pillai,Female,39,North,Uttar Pradesh,Lucknow,2024-06-27
11988,Arjun Kumar,Female,28,West,Goa,Panaji,2025-09-15
11989,Ananya Nair,Other,53,West,Goa,Panaji,2023-03-13
11990,Ananya Menon,Male,46,North,Delhi,New Delhi,2025-10-19
11991,Vihaan Das,Male,59,North,Haryana,Faridabad,2024-06-15
11992,Vihaan Singh,Male,49,South,Tamil Nadu,Coimbatore,2023-08-27
11993,Aarav Singh,Male,31,North,Rajasthan,Udaipur,2024-12-11
11994,Diya Iyer,Female,35,South,Karnataka,Mangaluru,2024-07-30
11995,Aarav Nair,Male,55,North,Delhi,New Delhi,2024-12-13
11996,Vikram Sharma,Female,54,North,Punjab,Ludhiana,2024-10-03
11997,Aisha Singh,Female,51,East,Jharkhand,Ranchi,2024-08-12
11998,Aarav Patel,Male,40,South,Andhra Pradesh,Visakhapatnam,2023-07-09
11999,Nisha Iyer,Male,49,South,Karnataka,Bengaluru,2025-03-22
12000,Arjun Kumar,Male,20,South,Tamil Nadu,Coimbatore,2025-10-11
12001,Nisha Sharma,Female,60,South,Telangana,Hyderabad,2024-09-16
12002,Arjun Singh,Male,39,South,Tamil Nadu,Chennai,2024-09-20
12003,Ananya Reddy,Male,40,East,Bihar,Patna,2025-06-07
12004,Aisha Pillai,Female,21,South,Kerala,Thiruvananthapuram,2025-11-24
12005,Rohan Gupta,Female,30,South,Karnataka,Bengaluru,2025-02-22
12006,Rahul Menon,Male,49,North,Haryana,Gurugram,2024-11-01
12007,Ishita Sharma,Female,46,West,Goa,Panaji,2024-12-22
12008,Ishita Verma,Female,57,North,Uttar Pradesh,Lucknow,2024-06-09
12009,Vihaan Nair,Male,57,South,Tamil Nadu,Madurai,2024-06-20
12010,Diya Pillai,Male,27,West,Maharashtra,Nagpur,2025-04-26
12011,Rahul Das,Male,30,South,Andhra Pradesh,Vijayawada,2025-09-22
12012,Priya Gupta,Male,34,South,Andhra Pradesh,Visakhapatnam,2025-07-02
12013,Ananya Patel,Male,55,East,Jharkhand,Ranchi,2023-06-27
12014,Karthik Nair,Male,19,South,Kerala,Kozhikode,2023-10-03
12015,Diya Patel,Female,34,West,Maharashtra,Nagpur,2023-11-08
12016,Meera Menon,Female,43,West,Goa,Panaji,2025-03-01
12017,Ishita Menon,Male,55,South,Telangana,Warangal,2024-11-28
12018,Vikram Rao,Male,54,East,West Bengal,Kolkata,2023-01-27
12019,Arjun Iyer,Female,22,South,Andhra Pradesh,Vijayawada,2025-07-01
12020,Aisha Nair,Male,42,North,Punjab,Ludhiana,2024-02-26
12021,Nisha Das,Male,26,East,Assam,Guwahati,2025-11-03
12022,Ishita Joshi,Male,45,West,Goa,Panaji,2024-05-15
12023,Arjun Gupta,Female,39,East,Bihar,Patna,2025-06-26
12024,Nisha Verma,Male,46,South,Kerala,Kochi,2023-11-21
12025,Diya Iyer,Female,52,West,Gujarat,Ahmedabad,2023-10-12
12026,Vihaan Nair,Male,37,South,Kerala,Kochi,2025-12-04
12027,Ananya Menon,Female,22,North,Haryana,Gurugram,2024-05-12
12028,Rohan Joshi,Female,56,East,Jharkhand,Ranchi,2025-06-30
12029,Rahul Sharma,Female,49,South,Kerala,Thiruvananthapuram,2023-05-25
12030,Rohan Verma,Female,56,North,Delhi,New Delhi,2025-08-05
12031,Aarav Gupta,Male,27,South,Andhra Pradesh,Visakhapatnam,2023-03-23
12032,Diya Menon,Male,57,West,Gujarat,Vadodara,2025-09-06
12033,Vihaan Reddy,Male,34,West,Gujarat,Vadodara,2024-05-02
12034,Priya Kumar,Female,54,East,Jharkhand,Ranchi,2023-03-23
12035,Vihaan Das,Female,32,North,Delhi,New Delhi,2023-04-04
12036,Aditya Pillai,Male,26,South,Telangana,Warangal,2023-12-09
12037,Rohan Reddy,Female,49,South,Kerala,Kochi,2025-03-07
12038,Vikram Menon,Male,40,South,Karnataka,Bengaluru,2023-12-27
12039,Diya Patel,Male,28,South,Andhra Pradesh,Vijayawada,2025-12-25
12040,Diya Menon,Male,30,South,Tamil Nadu,Chennai,2024-09-15
12041,Sneha Pillai,Male,35,East,Bihar,Patna,2025-05-17
12042,Nisha Joshi,Male,26,West,Maharashtra,Nagpur,2024-03-04
12043,Ananya Pillai,Female,59,West,Gujarat,Surat,2023-06-20
12044,Aditya Kumar,Male,22,South,Telangana,Warangal,2024-07-31
12045,Priya Menon,Female,60,East,Bihar,Patna,2023-03-09
12046,Karthik Nair,Female,39,North,Haryana,Gurugram,2025-11-23
12047,Aarav Singh,Male,49,South,Tamil Nadu,Chennai,2023-01-01
12048,Meera Pillai,Female,19,North,Punjab,Amritsar,2023-05-31
12049,Sneha Reddy,Male,38,West,Rajasthan,Jaipur,2025-06-20
12050,Priya Rao,Male,39,South,Kerala,Kozhikode,2023-09-15
12051,Meera Patel,Male,41,West,Maharashtra,Nagpur,2025-01-19
12052,Priya Joshi,Male,41,West,Maharashtra,Pune,2024-09-19
12053,Rohan Kumar,Female,31,South,Karnataka,Bengaluru,2025-03-05
12054,Aisha Joshi,Female,54,East,Odisha,Cuttack,2023-01-19
12055,Rohan Gupta,Male,44,North,Haryana,Gurugram,2023-02-04
12056,Priya Patel,Male,41,North,Delhi,New Delhi,2024-01-06
12057,Priya Reddy,Male,23,West,Gujarat,Vadodara,2024-05-05
12058,Vihaan Kumar,Female,43,West,Maharashtra,Pune,2025-03-27
12059,Arjun Nair,Male,32,North,Rajasthan,Udaipur,2023-01-07
12060,Rahul Sharma,Female,46,West,Gujarat,Surat,2024-07-02
12061,Nisha Joshi,Female,53,South,Telangana,Hyderabad,2024-01-06
12062,Diya Sharma,Male,27,West,Goa,Panaji,2025-01-26
12063,Ishita Nair,Other,45,North,Punjab,Ludhiana,2024-07-27
12064,Aditya Patel,Male,26,West,Goa,Panaji,2024-11-11
12065,Vikram Joshi,Female,38,South,Karnataka,Mysuru,2023-03-29
12066,Priya Sharma,Male,27,North,Punjab,Ludhiana,2024-04-07
12067,Aarav Pillai,Male,21,South,Tamil Nadu,Coimbatore,2025-12-07
12068,Priya Das,Female,21,South,Tamil Nadu,Madurai,2024-04-25
12069,Aditya Pillai,Female,23,South,Telangana,Hyderabad,2025-04-02
12070,Rohan Sharma,Female,43,South,Andhra Pradesh,Vijayawada,2024-06-07
12071,Nisha Das,Male,57,North,Uttar Pradesh,Kanpur,2023-07-30
12072,Priya Reddy,Female,33,West,Rajasthan,Jaipur,2023-09-01
12073,Aisha Pillai,Male,25,South,Karnataka,Mangaluru,2023-08-27
12074,Arjun Das,Male,45,East,West Bengal,Kolkata,2025-02-07
12075,Rohan Singh,Male,33,East,West Bengal,Kolkata,2023-08-23
12076,Aditya Singh,Female,55,East,Odisha,Cuttack,2023-07-06
12077,Ishita Singh,Female,18,South,Andhra Pradesh,Visakhapatnam,2024-12-13
12078,Diya Patel,Male,36,West,Maharashtra,Mumbai,2024-05-11
12079,Vihaan Verma,Male,34,East,Bihar,Patna,2023-07-06
12080,Ishita Sharma,Male,45,North,Rajasthan,Udaipur,2025-07-24
12081,Sneha Singh,Male,29,South,Karnataka,Mangaluru,2023-11-09
12082,Arjun Kumar,Male,23,South,Telangana,Hyderabad,2025-03-29
12083,Ishita Kumar,Female,24,West,Maharashtra,Mumbai,2023-01-22
12084,Rohan Singh,Female,25,East,Jharkhand,Ranchi,2023-03-09
12085,Meera Singh,Female,20,West,Rajasthan,Udaipur,2024-01-27
12086,Rahul Pillai,Male,38,West,Rajasthan,Udaipur,2025-12-24
12087,Nisha Das,Male,25,South,Andhra Pradesh,Visakhapatnam,2024-12-29
12088,Rohan Pillai,Male,45,North,Haryana,Faridabad,2024-06-24
12089,Vihaan Kumar,Female,47,North,Rajasthan,Udaipur,2024-07-21
12090,Rahul Sharma,Male,49,West,Goa,Panaji,2025-06-18
12091,Karthik Reddy,Female,28,North,Rajasthan,Udaipur,2023-07-31
12092,Karthik Singh,Female,37,East,West Bengal,Kolkata,2023-07-19
12093,Priya Patel,Male,33,South,Telangana,Hyderabad,2025-09-13
12094,Nisha Rao,Male,42,West,Gujarat,Vadodara,2023-06-27
12095,Priya Gupta,Female,26,South,Karnataka,Mangaluru,2025-07-19
12096,Vikram Joshi,Female,56,North,Haryana,Gurugram,2023-02-13
12097,Aarav Nair,Male,57,West,Goa,Panaji,2023-06-17
12098,Vikram Pillai,Male,57,North,Rajasthan,Udaipur,2023-10-14
12099,Ananya Reddy,Female,20,North,Punjab,Amritsar,2024-12-09
12100,Sneha Kumar,Female,33,West,Maharashtra,Nagpur,2023-12-03
12101,Nisha Das,Male,29,East,Bihar,Patna,2024-08-08
12102,Aisha Singh,Male,32,West,Maharashtra,Nagpur,2023-07-02
12103,Nisha Sharma,Male,21,South,Andhra Pradesh,Vijayawada,2023-01-16
12104,Rohan Patel,Female,40,North,Delhi,New Delhi,2025-06-05
12105,Arjun Menon,Male,44,North,Uttar Pradesh,Noida,2025-04-16
12106,Rahul Sharma,Female,56,South,Andhra Pradesh,Visakhapatnam,2023-04-20
12107,Ishita Nair,Male,60,East,Odisha,Cuttack,2023-11-02
12108,Diya Nair,Male,54,East,West Bengal,Kolkata,2025-09-06
12109,Vihaan Rao,Male,30,South,Karnataka,Mangaluru,2023-01-06
12110,Diya Nair,Male,60,East,West Bengal,Kolkata,2025-04-22
12111,Rohan Nair,Female,54,South,Kerala,Kozhikode,2023-12-27
12112,Arjun Reddy,Female,57,South,Andhra Pradesh,Vijayawada,2024-10-17
12113,Aisha Nair,Male,38,South,Telangana,Hyderabad,2025-09-10
12114,Rohan Gupta,Male,46,East,Assam,Guwahati,2024-12-24
12115,Vikram Patel,Female,46,North,Punjab,Ludhiana,2023-04-25
12116,Diya Sharma,Male,28,South,Andhra Pradesh,Visakhapatnam,2023-10-03
12117,Rahul Joshi,Male,45,West,Maharashtra,Pune,2023-03-21
12118,Ishita Das,Male,27,North,Punjab,Amritsar,2023-06-28
12119,Diya Kumar,Female,22,South,Kerala,Kochi,2024-07-14
12120,Meera Das,Female,42,East,Assam,Guwahati,2024-05-23
12121,Priya Kumar,Female,50,North,Uttar Pradesh,Kanpur,2023-09-17
12122,Sneha Singh,Male,34,West,Maharashtra,Mumbai,2023-10-19
12123,Ananya Joshi,Male,50,East,Bihar,Patna,2025-06-03
12124,Aditya Joshi,Male,42,West,Gujarat,Ahmedabad,2023-10-18
12125,Rohan Verma,Male,50,East,West Bengal,Kolkata,2024-06-25
12126,Sneha Joshi,Female,26,North,Delhi,New Delhi,2025-02-02
12127,Rohan Nair,Female,39,North,Punjab,Amritsar,2025-12-22
12128,Rahul Patel,Male,42,South,Telangana,Warangal,2024-08-16
12129,Aditya Singh,Female,21,East,West Bengal,Kolkata,2025-08-05
12130,Priya Iyer,Male,26,West,Maharashtra,Pune,2024-04-24
12131,Meera Pillai,Male,32,South,Tamil Nadu,Madurai,2024-01-16
12132,Karthik Pillai,Female,33,South,Kerala,Thiruvananthapuram,2023-11-06
12133,Karthik Verma,Female,33,West,Goa,Panaji,2025-12-15
12134,Aarav Gupta,Female,30,West,Maharashtra,Mumbai,2025-04-26
12135,Diya Joshi,Male,31,North,Rajasthan,Jaipur,2024-02-29
12136,Priya Iyer,Male,39,East,West Bengal,Kolkata,2024-10-22
12137,Priya Nair,Male,38,South,Tamil Nadu,Chennai,2023-08-14
12138,Karthik Sharma,Female,26,North,Uttar Pradesh,Lucknow,2023-01-25
12139,Aditya Menon,Female,58,South,Karnataka,Bengaluru,2023-04-05
12140,Karthik Pillai,Male,21,East,Assam,Guwahati,2024-05-22
12141,Ishita Pillai,Female,27,North,Punjab,Ludhiana,2024-07-18
12142,Ananya Rao,Male,52,West,Gujarat,Surat,2024-10-05
12143,Aisha Nair,Female,26,North,Delhi,New Delhi,2024-05-04
12144,Nisha Menon,Male,33,South,Telangana,Hyderabad,2024-04-03
12145,Priya Nair,Male,35,West,Goa,Panaji,2025-06-19
12146,Aarav Verma,Male,27,North,Rajasthan,Udaipur,2023-12-04
12147,Nisha Reddy,Male,38,West,Maharashtra,Mumbai,2025-08-20
12148,Ishita Kumar,Female,32,West,Gujarat,Ahmedabad,2023-12-11
12149,Aarav Patel,Female,32,West,Rajasthan,Jaipur,2024-07-29
12150,Aditya Iyer,Female,28,North,Punjab,Ludhiana,2025-07-31
12151,Aarav Singh,Female,57,South,Telangana,Hyderabad,2023-12-12
12152,Priya Sharma,Male,59,South,Andhra Pradesh,Vijayawada,2023-11-21
12153,Arjun Nair,Female,58,North,Uttar Pradesh,Lucknow,2024-04-11
12154,Ishita Sharma,Female,54,North,Rajasthan,Jaipur,2023-04-01
12155,Vikram Das,Male,37,South,Tamil Nadu,Chennai,2023-10-21
12156,Ishita Singh,Male,51,South,Tamil Nadu,Chennai,2024-06-07
12157,Aditya Reddy,Female,39,South,Telangana,Warangal,2025-04-29
12158,Karthik Pillai,Male,35,South,Karnataka,Bengaluru,2023-09-16
12159,Ananya Singh,Female,33,West,Maharashtra,Mumbai,2023-07-05
12160,Sneha Joshi,Male,22,North,Rajasthan,Udaipur,2023-12-10
12161,Arjun Das,Female,18,North,Haryana,Faridabad,2025-03-31
12162,Ananya Verma,Male,36,North,Haryana,Gurugram,2025-01-10
12163,Aisha Verma,Male,27,West,Rajasthan,Jaipur,2024-07-22
12164,Nisha Menon,Male,38,North,Haryana,Gurugram,2025-08-07
12165,Diya Nair,Male,30,West,Maharashtra,Mumbai,2024-05-23
12166,Vihaan Kumar,Male,41,East,Assam,Guwahati,2023-01-16
12167,Ananya Reddy,Female,40,North,Haryana,Gurugram,2024-06-08
12168,Aisha Patel,Male,40,South,Karnataka,Mysuru,2023-07-19
12169,Karthik Kumar,Female,28,North,Uttar Pradesh,Lucknow,2023-11-05
12170,Ishita Sharma,Male,19,South,Telangana,Hyderabad,2023-09-16
12171,Nisha Menon,Female,23,North,Haryana,Gurugram,2024-02-29
12172,Rahul Gupta,Female,28,South,Kerala,Kozhikode,2025-02-17
12173,Diya Das,Male,32,South,Karnataka,Bengaluru,2025-11-10
12174,Vihaan Das,Female,26,East,Odisha,Bhubaneswar,2024-09-30
12175,Aisha Menon,Male,29,South,Karnataka,Mysuru,2025-07-08
12176,Rohan Patel,Male,53,North,Rajasthan,Jaipur,2025-10-08
12177,Aarav Reddy,Female,45,South,Karnataka,Bengaluru,2023-12-16
12178,Rohan Patel,Male,40,North,Haryana,Faridabad,2025-08-18
12179,Diya Menon,Male,44,North,Delhi,New Delhi,2024-03-13
12180,Vihaan Singh,Female,41,West,Maharashtra,Pune,2024-03-31
12181,Arjun Nair,Female,31,South,Andhra Pradesh,Vijayawada,2024-09-15
12182,Rahul Kumar,Female,52,South,Tamil Nadu,Madurai,2024-10-04
12183,Diya Kumar,Male,44,South,Kerala,Kochi,2024-01-27
12184,Sneha Verma,Female,38,South,Andhra Pradesh,Vijayawada,2024-07-27
12185,Ananya Das,Female,30,North,Uttar Pradesh,Lucknow,2023-02-02
12186,Vihaan Gupta,Female,25,East,Assam,Guwahati,2025-07-09
12187,Rohan Sharma,Male,51,East,West Bengal,Kolkata,2024-02-14
12188,Aarav Joshi,Female,59,North,Delhi,New Delhi,2025-10-19
12189,Arjun Kumar,Female,40,North,Delhi,New Delhi,2024-02-17
12190,Meera Sharma,Male,26,North,Delhi,New Delhi,2023-10-26
12191,Aisha Joshi,Female,18,South,Karnataka,Mangaluru,2023-03-14
12192,Aditya Pillai,Male,53,East,Jharkhand,Ranchi,2023-09-18
12193,Sneha Pillai,Male,33,North,Haryana,Gurugram,2024-11-20
12194,Aarav Kumar,Female,42,West,Gujarat,Ahmedabad,2025-08-16
12195,Rohan Iyer,Female,35,South,Tamil Nadu,Chennai,2025-01-01
12196,Ananya Singh,Male,51,West,Gujarat,Surat,2024-11-15
12197,Karthik Joshi,Male,55,West,Rajasthan,Jaipur,2025-04-19
12198,Nisha Sharma,Female,20,East,Bihar,Patna,2023-12-01
12199,Karthik Rao,Female,37,West,Gujarat,Surat,2025-01-01
12200,Vikram Reddy,Female,36,West,Rajasthan,Udaipur,2025-03-14
12201,Rohan Gupta,Female,30,East,West Bengal,Kolkata,2024-01-25
12202,Vikram Rao,Female,34,South,Andhra Pradesh,Vijayawada,2025-01-29
12203,Ishita Kumar,Male,31,West,Maharashtra,Mumbai,2025-06-01
12204,Karthik Nair,Female,47,South,Kerala,Kochi,2025-08-29
12205,Meera Menon,Male,39,North,Uttar Pradesh,Lucknow,2025-12-30
12206,Vikram Nair,Female,60,East,Odisha,Cuttack,2025-07-29
12207,Vihaan Gupta,Male,60,South,Kerala,Kochi,2025-06-21
12208,Ishita Reddy,Male,46,East,West Bengal,Kolkata,2023-01-24
12209,Aisha Gupta,Female,19,South,Andhra Pradesh,Visakhapatnam,2024-07-10
12210,Sneha Patel,Other,25,East,Bihar,Patna,2024-12-01
12211,Aditya Gupta,Female,31,North,Delhi,New Delhi,2024-02-07
12212,Vihaan Verma,Female,51,North,Uttar Pradesh,Lucknow,2024-03-16
12213,Arjun Nair,Male,30,South,Karnataka,Mangaluru,2025-05-31
12214,Aditya Patel,Female,27,East,Jharkhand,Ranchi,2025-07-14
12215,Aditya Rao,Male,25,North,Uttar Pradesh,Lucknow,2024-04-29
12216,Priya Das,Male,24,South,Tamil Nadu,Coimbatore,2025-12-26
12217,Meera Pillai,Male,30,North,Uttar Pradesh,Kanpur,2023-01-31
12218,Sneha Pillai,Female,43,South,Telangana,Hyderabad,2023-11-18
12219,Meera Kumar,Other,49,East,Bihar,Patna,2024-07-19
12220,Rohan Verma,Female,36,South,Kerala,Kochi,2023-01-10
12221,Ishita Gupta,Male,32,North,Punjab,Ludhiana,2024-11-08
12222,Ishita Das,Male,19,West,Gujarat,Ahmedabad,2025-04-30
12223,Aditya Singh,Female,54,South,Tamil Nadu,Chennai,2025-07-15
12224,Ananya Das,Male,36,South,Kerala,Kochi,2023-10-12
12225,Vihaan Reddy,Male,50,South,Telangana,Hyderabad,2023-06-02
12226,Meera Joshi,Female,56,West,Maharashtra,Pune,2024-01-06
12227,Sneha Joshi,Female,50,South,Andhra Pradesh,Vijayawada,2023-10-28
12228,Karthik Rao,Male,18,West,Maharashtra,Mumbai,2023-05-26
12229,Rahul Joshi,Male,56,South,Telangana,Warangal,2025-12-11
12230,Aisha Das,Female,45,South,Tamil Nadu,Madurai,2024-12-02
12231,Arjun Iyer,Female,34,North,Rajasthan,Jaipur,2023-05-21
12232,Arjun Pillai,Female,23,South,Karnataka,Bengaluru,2023-03-25
12233,Priya Pillai,Male,37,East,Odisha,Bhubaneswar,2023-01-21
12234,Rohan Joshi,Male,30,East,Bihar,Patna,2025-10-26
12235,Rohan Patel,Other,29,North,Rajasthan,Udaipur,2025-08-24
12236,Aarav Nair,Male,47,West,Goa,Panaji,2024-03-28
12237,Vihaan Kumar,Female,38,East,Odisha,Bhubaneswar,2023-12-08
12238,Aditya Gupta,Male,19,South,Karnataka,Bengaluru,2024-01-28
12239,Aditya Singh,Male,35,South,Kerala,Thiruvananthapuram,2025-09-29
12240,Diya Pillai,Female,45,South,Karnataka,Bengaluru,2025-08-28
12241,Diya Verma,Male,21,North,Delhi,New Delhi,2023-06-07
12242,Priya Gupta,Female,59,South,Karnataka,Bengaluru,2025-03-21
12243,Aarav Singh,Male,60,West,Maharashtra,Nagpur,2024-11-29
12244,Vikram Gupta,Other,23,East,West Bengal,Kolkata,2023-06-15
12245,Nisha Das,Male,55,East,Bihar,Patna,2023-02-03
12246,Rahul Das,Male,26,West,Maharashtra,Nagpur,2023-09-12
12247,Aisha Verma,Male,37,South,Tamil Nadu,Coimbatore,2023-10-29
12248,Rohan Nair,Female,47,North,Punjab,Amritsar,2023-08-08
12249,Karthik Sharma,Female,54,West,Rajasthan,Jaipur,2025-11-21
12250,Priya Nair,Male,55,South,Telangana,Hyderabad,2025-07-23
12251,Sneha Reddy,Female,21,South,Andhra Pradesh,Visakhapatnam,2024-05-23
12252,Arjun Pillai,Female,55,East,Bihar,Patna,2025-08-10
12253,Vihaan Joshi,Female,30,North,Delhi,New Delhi,2023-08-03
12254,Ananya Pillai,Female,52,North,Rajasthan,Udaipur,2023-09-02
12255,Arjun Iyer,Female,47,East,Assam,Guwahati,2023-01-20
12256,Priya Menon,Female,59,West,Rajasthan,Jaipur,2023-07-29
12257,Nisha Iyer,Male,21,West,Goa,Panaji,2024-03-01
12258,Nisha Iyer,Male,42,West,Goa,Panaji,2025-09-26
12259,Arjun Sharma,Female,48,South,Tamil Nadu,Chennai,2025-09-07
12260,Sneha Das,Male,29,West,Gujarat,Surat,2023-03-13
12261,Rohan Patel,Male,32,North,Uttar Pradesh,Noida,2023-06-27
12262,Vihaan Verma,Female,43,North,Delhi,New Delhi,2023-10-26
12263,Vikram Verma,Male,27,East,Odisha,Cuttack,2023-09-23
12264,Priya Kumar,Female,29,West,Maharashtra,Nagpur,2024-06-03
12265,Nisha Verma,Female,39,North,Punjab,Amritsar,2023-10-02
12266,Diya Verma,Other,57,North,Rajasthan,Jaipur,2025-08-05
12267,Ananya Verma,Male,38,West,Rajasthan,Udaipur,2023-02-22
12268,Diya Joshi,Male,52,North,Punjab,Ludhiana,2025-03-22
12269,Diya Reddy,Female,24,South,Kerala,Kozhikode,2024-05-03
12270,Diya Patel,Male,35,West,Goa,Panaji,2024-05-16
12271,Karthik Patel,Female,44,South,Karnataka,Bengaluru,2023-11-03
12272,Ananya Verma,Female,52,West,Maharashtra,Nagpur,2024-02-21
12273,Aditya Kumar,Male,19,West,Goa,Panaji,2024-05-23
12274,Rohan Nair,Female,49,North,Haryana,Gurugram,2025-07-09
12275,Rohan Joshi,Female,32,East,Assam,Guwahati,2024-09-29
12276,Vikram Patel,Male,41,North,Delhi,New Delhi,2024-10-27
12277,Rohan Das,Male,37,North,Haryana,Gurugram,2023-01-06
12278,Aarav Sharma,Male,27,West,Rajasthan,Jaipur,2024-02-26
12279,Priya Joshi,Male,41,North,Rajasthan,Udaipur,2024-01-25
12280,Diya Joshi,Female,41,South,Tamil Nadu,Madurai,2023-11-30
12281,Rohan Joshi,Male,41,South,Telangana,Hyderabad,2023-12-04
12282,Aisha Das,Male,57,West,Maharashtra,Pune,2025-04-27
12283,Karthik Iyer,Female,51,West,Rajasthan,Udaipur,2023-09-26
12284,Vihaan Rao,Female,58,South,Karnataka,Bengaluru,2023-03-06
12285,Aisha Nair,Male,57,South,Kerala,Thiruvananthapuram,2024-11-08
12286,Rohan Verma,Female,28,South,Kerala,Kochi,2025-12-23
12287,Aisha Gupta,Male,43,East,Bihar,Patna,2024-10-18
12288,Meera Das,Female,18,South,Tamil Nadu,Chennai,2025-02-19
12289,Rohan Patel,Female,47,West,Rajasthan,Udaipur,2023-11-25
12290,Priya Patel,Female,60,South,Andhra Pradesh,Vijayawada,2024-06-01
12291,Vihaan Sharma,Female,35,North,Rajasthan,Jaipur,2025-05-11
12292,Nisha Reddy,Male,43,South,Kerala,Thiruvananthapuram,2024-02-25
12293,Vihaan Pillai,Female,26,South,Andhra Pradesh,Vijayawada,2023-11-05
12294,Sneha Kumar,Female,26,West,Maharashtra,Pune,2025-03-24
12295,Priya Rao,Male,18,South,Tamil Nadu,Coimbatore,2025-04-25
12296,Ananya Iyer,Male,24,South,Tamil Nadu,Madurai,2025-08-19
12297,Arjun Sharma,Female,59,South,Andhra Pradesh,Visakhapatnam,2024-12-21
12298,Ishita Verma,Female,33,South,Karnataka,Bengaluru,2025-12-01
12299,Sneha Reddy,Female,55,South,Andhra Pradesh,Vijayawada,2024-08-12
12300,Rahul Singh,Female,28,South,Andhra Pradesh,Vijayawada,2023-11-16
12301,Vihaan Gupta,Female,42,North,Punjab,Amritsar,2025-10-07
12302,Ananya Kumar,Male,46,West,Rajasthan,Udaipur,2024-03-20
12303,Ananya Das,Male,36,West,Gujarat,Surat,2023-10-13
12304,Rahul Joshi,Male,35,South,Tamil Nadu,Chennai,2023-06-20
12305,Meera Kumar,Female,46,East,Assam,Guwahati,2023-09-20
12306,Vihaan Reddy,Female,33,West,Maharashtra,Mumbai,2025-07-30
12307,Arjun Joshi,Female,57,South,Kerala,Kozhikode,2023-05-22
12308,Rohan Joshi,Female,25,North,Uttar Pradesh,Kanpur,2024-09-19
12309,Nisha Nair,Female,51,South,Kerala,Kochi,2024-08-15
12310,Diya Gupta,Male,23,South,Karnataka,Mangaluru,2024-02-20
12311,Nisha Joshi,Female,47,West,Goa,Panaji,2023-01-25
12312,Vikram Joshi,Unknown,51,East,West Bengal,Kolkata,2024-09-18
12313,Diya Reddy,Male,38,West,Rajasthan,Udaipur,2023-04-04
12314,Vihaan Verma,Male,29,North,Delhi,New Delhi,2023-11-01
12315,Vihaan Sharma,Male,23,East,Assam,Guwahati,2023-07-04
12316,Rohan Das,Male,56,South,Karnataka,Bengaluru,2023-10-10
12317,Ishita Verma,Male,23,South,Kerala,Kozhikode,2024-11-16
12318,Aarav Singh,Male,21,West,Rajasthan,Jaipur,2025-05-12
12319,Vihaan Nair,Other,26,West,Goa,Panaji,2024-11-15
12320,Priya Rao,Male,22,West,Maharashtra,Mumbai,2024-10-27
12321,Rahul Sharma,Female,27,East,Bihar,Patna,2025-11-03
12322,Nisha Kumar,Female,25,North,Punjab,Ludhiana,2025-06-08
12323,Vihaan Das,Male,40,North,Haryana,Faridabad,2025-03-26
12324,Diya Nair,Male,21,South,Telangana,Hyderabad,2023-12-07
12325,Ananya Menon,Male,54,North,Uttar Pradesh,Noida,2024-08-26
12326,Aarav Rao,Female,24,East,West Bengal,Kolkata,2025-01-03
12327,Priya Reddy,Male,23,North,Rajasthan,Jaipur,2025-03-29
12328,Meera Das,Male,59,South,Kerala,Kozhikode,2025-06-25
12329,Ananya Iyer,Male,32,North,Uttar Pradesh,Kanpur,2024-06-23
12330,Vihaan Kumar,Female,52,South,Telangana,Hyderabad,2024-03-14
12331,Ishita Singh,Female,49,South,Telangana,Warangal,2025-09-14
12332,Vikram Nair,Male,31,South,Kerala,Kozhikode,2024-10-27
12333,Nisha Sharma,Male,52,North,Delhi,New Delhi,2024-01-19
12334,Meera Joshi,Male,28,North,Rajasthan,Jaipur,2024-08-04
12335,Meera Patel,Male,27,South,Telangana,Warangal,2023-06-09
12336,Aisha Das,Male,34,West,Gujarat,Surat,2024-03-07
12337,Aarav Kumar,Female,30,West,Rajasthan,Jaipur,2024-09-06
12338,Rohan Singh,Female,51,West,Maharashtra,Nagpur,2024-05-02
12339,Aisha Das,Female,22,South,Kerala,Thiruvananthapuram,2023-12-09
12340,Meera Menon,Female,27,West,Gujarat,Surat,2023-04-19
12341,Arjun Reddy,Male,49,North,Rajasthan,Jaipur,2025-04-28
12342,Vikram Sharma,Male,29,South,Andhra Pradesh,Vijayawada,2023-10-28
12343,Diya Menon,Male,30,South,Karnataka,Mangaluru,2024-12-05
12344,Aisha Kumar,Female,38,West,Maharashtra,Pune,2025-12-30
12345,Ishita Sharma,Male,50,East,Assam,Guwahati,2023-09-26
12346,Vikram Nair,Female,58,North,Haryana,Faridabad,2024-04-22
12347,Meera Patel,Female,49,North,Punjab,Ludhiana,2023-06-25
12348,Aarav Menon,Male,29,West,Goa,Panaji,2023-08-27
12349,Rahul Das,Female,52,West,Goa,Panaji,2025-06-11
12350,Sneha Reddy,Male,53,South,Kerala,Thiruvananthapuram,2024-09-01
12351,Rahul Sharma,Male,55,North,Uttar Pradesh,Kanpur,2025-05-08
12352,Aarav Iyer,Male,45,East,West Bengal,Kolkata,2024-05-06
12353,Karthik Iyer,Male,30,North,Haryana,Faridabad,2023-04-09
12354,Vihaan Verma,Female,29,East,Assam,Guwahati,2023-11-25
12355,Rahul Rao,Female,39,North,Rajasthan,Udaipur,2024-03-20
12356,Ananya Iyer,Male,19,South,Kerala,Kozhikode,2025-09-24
12357,Diya Verma,Male,46,East,Jharkhand,Ranchi,2023-10-22
12358,Aditya Iyer,Male,30,South,Telangana,Hyderabad,2024-03-17
12359,Ishita Joshi,Female,52,West,Rajasthan,Udaipur,2025-03-05
12360,Meera Iyer,Male,30,South,Kerala,Thiruvananthapuram,2025-06-09
12361,Vihaan Rao,Male,51,South,Tamil Nadu,Coimbatore,2023-01-31
12362,Arjun Rao,Male,36,West,Maharashtra,Mumbai,2024-03-13
12363,Ananya Kumar,Male,26,South,Karnataka,Mysuru,2023-10-13
12364,Rahul Das,Female,48,West,Maharashtra,Mumbai,2023-10-18
12365,Priya Menon,Female,50,West,Rajasthan,Jaipur,2024-01-03
12366,Vihaan Das,Male,44,South,Telangana,Hyderabad,2024-04-30
12367,Ishita Pillai,Female,19,South,Telangana,Warangal,2024-07-08
12368,Aisha Das,Male,32,West,Maharashtra,Pune,2023-06-17
12369,Karthik Gupta,Male,36,South,Andhra Pradesh,Visakhapatnam,2025-02-09
12370,Aisha Joshi,Male,48,North,Delhi,New Delhi,2023-03-19
12371,Rohan Iyer,Male,33,North,Rajasthan,Udaipur,2025-04-30
12372,Rahul Nair,Female,60,North,Haryana,Faridabad,2025-06-10
12373,Sneha Sharma,Female,39,North,Rajasthan,Jaipur,2024-10-22
12374,Priya Rao,Male,23,West,Goa,Panaji,2024-08-11
12375,Rohan Kumar,Male,31,North,Uttar Pradesh,Noida,2025-01-31
12376,Karthik Pillai,Male,44,South,Tamil Nadu,Madurai,2024-07-18
12377,Sneha Verma,Female,55,South,Tamil Nadu,Coimbatore,2025-03-22
12378,Priya Patel,Female,36,North,Punjab,Ludhiana,2023-10-29
12379,Vihaan Das,Male,54,West,Maharashtra,Nagpur,2023-10-20
12380,Rahul Rao,Female,60,North,Rajasthan,Udaipur,2023-10-21
12381,Aisha Nair,Female,21,North,Delhi,New Delhi,2023-04-19
12382,Sneha Gupta,Male,43,East,Assam,Guwahati,2023-12-31
12383,Rohan Singh,Male,26,East,Assam,Guwahati,2024-08-22
12384,Rahul Kumar,Female,58,West,Gujarat,Vadodara,2024-11-08
12385,Sneha Das,Male,57,South,Karnataka,Mangaluru,2023-04-03
12386,Diya Iyer,Male,32,West,Maharashtra,Nagpur,2025-12-23
12387,Meera Singh,Male,58,West,Gujarat,Vadodara,2024-03-03
12388,Meera Menon,Female,54,North,Rajasthan,Jaipur,2024-09-29
12389,Vikram Rao,Female,21,North,Haryana,Faridabad,2024-01-03
12390,Nisha Joshi,Female,43,North,Uttar Pradesh,Noida,2023-04-15
12391,Ishita Kumar,Male,35,West,Rajasthan,Udaipur,2023-07-28
12392,Vikram Nair,Male,58,South,Kerala,Thiruvananthapuram,2025-10-08
12393,Vikram Rao,Female,52,West,Gujarat,Ahmedabad,2024-04-18
12394,Nisha Gupta,Male,58,South,Andhra Pradesh,Vijayawada,2025-12-20
12395,Arjun Sharma,Female,58,East,West Bengal,Kolkata,2023-01-12
12396,Rohan Gupta,Male,46,South,Kerala,Kozhikode,2024-04-10
12397,Aditya Patel,Female,41,South,Andhra Pradesh,Visakhapatnam,2024-10-10
12398,Rahul Pillai,Female,21,South,Tamil Nadu,Coimbatore,2025-05-24
12399,Aditya Pillai,Female,38,North,Punjab,Ludhiana,2024-01-21
12400,Rahul Gupta,Male,56,North,Uttar Pradesh,Noida,2025-06-02
12401,Aarav Kumar,Female,24,South,Kerala,Thiruvananthapuram,2024-07-08
12402,Vihaan Menon,Male,40,South,Tamil Nadu,Madurai,2025-11-28
12403,Nisha Reddy,Female,57,West,Gujarat,Ahmedabad,2024-10-15
12404,Aisha Kumar,Male,38,South,Andhra Pradesh,Vijayawada,2025-05-14
12405,Meera Pillai,Female,18,North,Haryana,Gurugram,2025-09-15
12406,Ananya Joshi,Male,58,North,Uttar Pradesh,Noida,2023-12-19
12407,Ishita Menon,Female,42,West,Maharashtra,Nagpur,2024-05-28
12408,Aisha Singh,Female,48,South,Telangana,Warangal,2025-03-14
12409,Diya Gupta,Male,55,East,Odisha,Cuttack,2023-12-09
12410,Aarav Joshi,Female,22,West,Goa,Panaji,2023-12-02
12411,Rahul Verma,Male,48,North,Punjab,Amritsar,2023-01-24
12412,Meera Reddy,Female,18,South,Tamil Nadu,Madurai,2025-06-03
12413,Vihaan Nair,Female,47,West,Maharashtra,Nagpur,2023-04-14
12414,Vihaan Patel,Other,35,South,Telangana,Warangal,2024-07-27
12415,Sneha Gupta,Male,25,West,Maharashtra,Mumbai,2025-02-13
12416,Ishita Patel,Male,43,East,Assam,Guwahati,2025-06-05
12417,Vihaan Nair,Female,57,West,Goa,Panaji,2023-08-31
12418,Sneha Patel,Female,32,South,Telangana,Warangal,2023-12-08
12419,Nisha Sharma,Male,36,South,Tamil Nadu,Madurai,2024-09-24
12420,Meera Pillai,Male,27,West,Maharashtra,Nagpur,2025-05-14
12421,Ishita Pillai,Male,41,South,Kerala,Kozhikode,2023-06-22
12422,Aditya Nair,Female,33,South,Karnataka,Bengaluru,2023-04-13
12423,Nisha Patel,Female,60,North,Haryana,Gurugram,2023-06-09
12424,Aisha Singh,Male,48,West,Goa,Panaji,2024-12-14
12425,Sneha Iyer,Male,33,South,Karnataka,Mysuru,2024-07-10
12426,Vihaan Verma,Female,33,East,Assam,Guwahati,2024-07-29
12427,Rahul Singh,Male,45,South,Kerala,Thiruvananthapuram,2023-07-15
12428,Aisha Reddy,Female,37,East,Jharkhand,Ranchi,2025-09-15
12429,Aisha Sharma,Male,52,South,Kerala,Kozhikode,2025-07-22
12430,Meera Nair,Female,26,East,Assam,Guwahati,2023-03-11
12431,Vihaan Gupta,Female,57,North,Uttar Pradesh,Noida,2025-04-22
12432,Rahul Patel,Female,27,North,Uttar Pradesh,Noida,2023-09-04
12433,Vihaan Gupta,Male,35,East,Jharkhand,Ranchi,2023-11-25
12434,Vikram Verma,Female,32,South,Karnataka,Mangaluru,2023-06-07
12435,Rohan Rao,Male,47,East,Jharkhand,Ranchi,2025-07-06
12436,Arjun Kumar,Female,49,West,Gujarat,Surat,2024-11-28
12437,Sneha Joshi,Male,57,West,Maharashtra,Nagpur,2025-01-12
12438,Vihaan Kumar,Female,44,South,Tamil Nadu,Madurai,2024-08-07
12439,Sneha Rao,Male,44,West,Maharashtra,Pune,2023-02-24
12440,Meera Nair,Male,36,South,Tamil Nadu,Coimbatore,2024-04-30
12441,Vikram Menon,Male,27,West,Gujarat,Ahmedabad,2024-02-14
12442,Karthik Kumar,Female,23,West,Gujarat,Vadodara,2025-08-17
12443,Arjun Patel,Other,41,North,Haryana,Gurugram,2025-06-23
12444,Ananya Joshi,Male,26,North,Punjab,Ludhiana,2024-12-27
12445,Arjun Iyer,Male,44,West,Gujarat,Vadodara,2025-11-04
12446,Vikram Pillai,Male,24,South,Andhra Pradesh,Visakhapatnam,2023-05-27
12447,Aisha Rao,Male,23,South,Kerala,Thiruvananthapuram,2025-11-14
12448,Vihaan Gupta,Female,50,South,Karnataka,Mangaluru,2023-11-29
12449,Aditya Verma,Male,38,South,Andhra Pradesh,Visakhapatnam,2023-10-17
12450,Diya Menon,Female,55,South,Tamil Nadu,Coimbatore,2024-07-23
12451,Nisha Reddy,Female,34,South,Karnataka,Bengaluru,2025-03-01
12452,Ishita Patel,Female,48,East,Jharkhand,Ranchi,2025-06-27
12453,Diya Nair,Female,54,West,Rajasthan,Jaipur,2023-01-27
12454,Nisha Das,Male,28,South,Kerala,Kochi,2025-12-25
12455,Priya Verma,Male,45,West,Gujarat,Surat,2025-07-14
12456,Vikram Reddy,Female,22,South,Andhra Pradesh,Visakhapatnam,2024-01-23
12457,Aditya Das,Male,29,West,Maharashtra,Nagpur,2025-12-26
12458,Arjun Patel,Male,20,North,Punjab,Ludhiana,2023-09-07
12459,Nisha Menon,Female,39,West,Gujarat,Vadodara,2023-05-22
12460,Aditya Menon,Female,55,West,Rajasthan,Udaipur,2023-09-24
12461,Sneha Joshi,Male,19,East,Assam,Guwahati,2023-08-03
12462,Aisha Reddy,Female,43,East,Jharkhand,Ranchi,2024-05-03
12463,Aisha Menon,Male,19,North,Delhi,New Delhi,2024-05-10
12464,Ishita Das,Female,29,West,Gujarat,Surat,2024-04-24
12465,Rahul Singh,Male,57,North,Haryana,Faridabad,2024-10-04
12466,Sneha Iyer,Female,19,South,Telangana,Hyderabad,2023-01-01
12467,Aarav Kumar,Female,58,West,Maharashtra,Nagpur,2025-10-29
12468,Ananya Iyer,Male,33,South,Karnataka,Mangaluru,2025-04-20
12469,Karthik Singh,Female,47,West,Goa,Panaji,2024-01-15
12470,Vihaan Das,Female,53,West,Maharashtra,Nagpur,2025-04-23
12471,Aisha Nair,Female,21,South,Tamil Nadu,Coimbatore,2023-10-29
12472,Vihaan Kumar,Male,28,East,Assam,Guwahati,2024-10-11
12473,Aditya Sharma,Female,41,East,Odisha,Cuttack,2025-03-19
12474,Aisha Pillai,Female,35,North,Uttar Pradesh,Lucknow,2023-12-05
12475,Diya Rao,Male,44,West,Rajasthan,Jaipur,2025-09-25
12476,Arjun Iyer,Female,54,East,Jharkhand,Ranchi,2024-10-27
12477,Nisha Singh,Male,19,South,Karnataka,Mangaluru,2024-02-08
12478,Aarav Patel,Male,32,North,Haryana,Gurugram,2023-09-04
12479,Sneha Patel,Male,28,South,Telangana,Hyderabad,2024-07-12
12480,Vihaan Gupta,Female,44,North,Rajasthan,Udaipur,2025-02-16
12481,Rahul Sharma,Female,40,South,Kerala,Kozhikode,2023-04-21
12482,Meera Kumar,Male,52,East,Bihar,Patna,2025-09-14
12483,Aarav Nair,Female,47,East,Odisha,Bhubaneswar,2025-03-23
12484,Aisha Rao,Female,41,South,Andhra Pradesh,Visakhapatnam,2025-07-18
12485,Vikram Iyer,Female,36,West,Gujarat,Ahmedabad,2025-06-04
12486,Nisha Menon,Male,46,East,West Bengal,Kolkata,2025-06-27
12487,Priya Patel,Female,30,West,Goa,Panaji,2025-03-01
12488,Meera Menon,Female,40,East,Bihar,Patna,2023-10-19
12489,Rohan Das,Female,29,West,Rajasthan,Jaipur,2023-06-24
12490,Arjun Verma,Male,58,West,Gujarat,Vadodara,2023-04-19
12491,Rahul Pillai,Male,46,South,Telangana,Hyderabad,2025-08-19
12492,Karthik Iyer,Male,39,South,Andhra Pradesh,Visakhapatnam,2025-04-27
12493,Diya Menon,Female,40,North,Delhi,New Delhi,2025-11-03
12494,Ananya Singh,Male,48,West,Rajasthan,Jaipur,2024-11-23
12495,Vikram Sharma,Female,38,West,Maharashtra,Nagpur,2025-08-21
12496,Vihaan Singh,Male,41,West,Gujarat,Ahmedabad,2023-02-12
12497,Rohan Reddy,Male,25,West,Goa,Panaji,2024-04-05
12498,Karthik Rao,Male,26,East,Bihar,Patna,2024-12-05
12499,Meera Das,Female,39,East,Assam,Guwahati,2025-10-29
12500,Nisha Patel,Female,21,West,Goa,Panaji,2023-05-29
12501,Vikram Rao,Female,30,North,Uttar Pradesh,Noida,2023-12-04
12502,Aditya Rao,Female,51,North,Punjab,Ludhiana,2025-09-29
12503,Nisha Singh,Male,20,West,Rajasthan,Udaipur,2023-08-12
12504,Meera Rao,Female,54,East,West Bengal,Kolkata,2023-12-20
12505,Meera Rao,Male,45,South,Telangana,Hyderabad,2024-07-08
12506,Rohan Patel,Female,43,South,Kerala,Thiruvananthapuram,2023-03-07
12507,Vihaan Menon,Male,51,East,Bihar,Patna,2024-09-12
12508,Karthik Reddy,Female,32,West,Goa,Panaji,2023-03-25
12509,Rohan Joshi,Male,25,North,Delhi,New Delhi,2023-08-15
12510,Ishita Pillai,Male,52,East,West Bengal,Kolkata,2025-06-10
12511,Vihaan Reddy,Male,41,South,Tamil Nadu,Chennai,2025-10-09
12512,Vihaan Pillai,Male,54,East,Assam,Guwahati,2023-01-20
12513,Vihaan Kumar,Male,21,West,Gujarat,Vadodara,2025-11-24
12514,Aarav Reddy,Female,29,West,Maharashtra,Nagpur,2025-01-24
12515,Vihaan Verma,Female,36,North,Rajasthan,Udaipur,2025-07-29
12516,Aisha Rao,Male,32,East,West Bengal,Kolkata,2023-09-27
12517,Ananya Singh,Male,47,South,Telangana,Hyderabad,2024-02-10
12518,Karthik Menon,Male,54,West,Rajasthan,Udaipur,2023-10-31
12519,Aditya Pillai,Female,29,North,Uttar Pradesh,Kanpur,2025-10-05
12520,Meera Pillai,Male,36,North,Punjab,Ludhiana,2025-03-20
12521,Ishita Singh,Female,51,North,Uttar Pradesh,Kanpur,2025-11-18
12522,Aarav Verma,Male,24,South,Tamil Nadu,Coimbatore,2024-01-26
12523,Arjun Nair,Male,45,South,Kerala,Kochi,2025-06-27
12524,Karthik Rao,Male,45,West,Goa,Panaji,2023-05-22
12525,Aditya Reddy,Male,46,North,Delhi,New Delhi,2024-10-07
12526,Priya Rao,Male,54,South,Telangana,Warangal,2025-03-19
12527,Diya Patel,Male,37,South,Telangana,Hyderabad,2025-08-05
12528,Priya Nair,Male,28,East,Assam,Guwahati,2023-09-02
12529,Aarav Gupta,Female,56,South,Telangana,Warangal,2025-02-04
12530,Rohan Verma,Male,59,East,West Bengal,Kolkata,2025-05-25
12531,Karthik Sharma,Male,40,North,Punjab,Ludhiana,2025-06-30
12532,Aditya Sharma,Male,37,North,Rajasthan,Jaipur,2025-10-25
12533,Ishita Joshi,Female,37,South,Andhra Pradesh,Visakhapatnam,2025-07-08
12534,Ishita Iyer,Female,28,South,Karnataka,Mysuru,2025-07-27
12535,Aditya Pillai,Female,39,North,Delhi,New Delhi,2024-03-24
12536,Vihaan Patel,Male,30,North,Delhi,New Delhi,2023-09-23
12537,Aisha Rao,Male,30,North,Delhi,New Delhi,2023-09-07
12538,Nisha Gupta,Male,58,South,Tamil Nadu,Chennai,2025-08-12
12539,Priya Patel,Male,32,North,Uttar Pradesh,Noida,2024-06-26
12540,Ananya Kumar,Female,48,North,Uttar Pradesh,Lucknow,2024-09-23
12541,Rahul Menon,Female,40,North,Haryana,Gurugram,2025-06-25
12542,Meera Joshi,Female,39,North,Punjab,Ludhiana,2024-06-04
12543,Meera Sharma,Male,33,North,Haryana,Faridabad,2025-06-02
12544,Arjun Gupta,Male,59,North,Punjab,Ludhiana,2025-01-03
12545,Aarav Iyer,Male,46,South,Karnataka,Mangaluru,2023-05-24
12546,Meera Reddy,Male,37,West,Goa,Panaji,2025-08-01
12547,Karthik Singh,Female,45,South,Kerala,Thiruvananthapuram,2024-07-18
12548,Aisha Sharma,Male,44,West,Goa,Panaji,2023-03-11
12549,Ananya Das,Female,46,West,Rajasthan,Udaipur,2024-09-24
12550,Nisha Reddy,Male,22,South,Telangana,Hyderabad,2025-06-07
12551,Karthik Das,Male,59,South,Kerala,Thiruvananthapuram,2025-03-11
12552,Vikram Singh,Male,55,South,Telangana,Hyderabad,2023-06-29
12553,Rohan Pillai,Female,55,North,Uttar Pradesh,Kanpur,2024-08-15
12554,Diya Gupta,Male,19,East,Jharkhand,Ranchi,2024-07-20
12555,Rohan Gupta,Male,37,South,Andhra Pradesh,Visakhapatnam,2024-11-21
12556,Nisha Menon,Male,60,East,Assam,Guwahati,2024-10-26
12557,Ishita Gupta,Male,30,West,Goa,Panaji,2024-02-10
12558,Karthik Verma,Male,43,South,Andhra Pradesh,Visakhapatnam,2025-09-12
12559,Aditya Nair,Male,52,South,Andhra Pradesh,Visakhapatnam,2024-09-28
12560,Rahul Gupta,Female,25,West,Goa,Panaji,2025-11-26
12561,Arjun Reddy,Female,45,North,Haryana,Gurugram,2024-05-31
12562,Priya Das,Male,58,North,Punjab,Amritsar,2025-04-29
12563,Ananya Das,Female,32,South,Kerala,Kochi,2025-06-26
12564,Priya Iyer,Male,25,South,Kerala,Kozhikode,2023-11-12
12565,Ananya Joshi,Female,28,West,Gujarat,Vadodara,2023-01-27
12566,Priya Nair,Male,46,South,Andhra Pradesh,Vijayawada,2023-02-24
12567,Nisha Rao,Male,22,South,Tamil Nadu,Chennai,2023-09-06
12568,Arjun Kumar,Male,24,South,Andhra Pradesh,Vijayawada,2023-09-30
12569,Meera Menon,Female,35,North,Haryana,Gurugram,2023-07-10
12570,Sneha Kumar,Male,39,East,Assam,Guwahati,2024-07-28
12571,Meera Patel,Male,29,West,Maharashtra,Nagpur,2025-05-06
12572,Vihaan Sharma,Male,29,East,Bihar,Patna,2024-09-07
12573,Sneha Gupta,Male,53,South,Kerala,Thiruvananthapuram,2025-10-14
12574,Meera Iyer,Female,46,West,Maharashtra,Nagpur,2024-11-03
12575,Diya Sharma,Female,28,South,Andhra Pradesh,Vijayawada,2024-11-13
12576,Priya Verma,Female,23,North,Rajasthan,Udaipur,2023-04-19
12577,Rohan Reddy,Male,38,East,Assam,Guwahati,2024-10-13
12578,Rohan Joshi,Male,27,North,Delhi,New Delhi,2025-09-07
12579,Meera Joshi,Female,49,West,Gujarat,Surat,2023-08-14
12580,Diya Singh,Female,50,North,Rajasthan,Udaipur,2023-12-19
12581,Ananya Rao,Male,34,South,Kerala,Thiruvananthapuram,2023-05-25
12582,Vikram Sharma,Female,20,East,Odisha,Bhubaneswar,2025-07-03
12583,Karthik Joshi,Female,60,West,Gujarat,Surat,2023-09-30
12584,Arjun Pillai,Male,35,West,Goa,Panaji,2024-06-17
12585,Diya Das,Female,27,West,Rajasthan,Jaipur,2024-04-04
12586,Diya Rao,Male,58,North,Uttar Pradesh,Kanpur,2025-07-29
12587,Meera Kumar,Female,56,South,Tamil Nadu,Coimbatore,2025-10-31
12588,Diya Singh,Female,60,North,Uttar Pradesh,Noida,2023-06-30
12589,Aisha Joshi,Male,25,South,Karnataka,Mysuru,2023-01-29
12590,Rahul Gupta,Male,51,North,Punjab,Ludhiana,2024-06-15
12591,Rahul Pillai,Female,54,North,Delhi,New Delhi,2025-10-25
12592,Vikram Singh,Female,58,North,Haryana,Faridabad,2023-05-20
12593,Aisha Patel,Male,50,West,Maharashtra,Nagpur,2025-11-17
12594,Sneha Sharma,Female,27,West,Rajasthan,Udaipur,2023-04-08
12595,Vihaan Menon,Female,57,South,Telangana,Hyderabad,2023-09-19
12596,Karthik Pillai,Male,35,North,Haryana,Faridabad,2023-01-19
12597,Diya Das,Male,42,South,Kerala,Thiruvananthapuram,2023-01-12
12598,Meera Joshi,Female,59,West,Maharashtra,Pune,2024-06-20
12599,Sneha Verma,Male,58,South,Telangana,Hyderabad,2023-09-16
12600,Aditya Das,Male,53,South,Andhra Pradesh,Visakhapatnam,2023-01-24
12601,Vihaan Rao,Female,19,North,Punjab,Amritsar,2025-10-28
12602,Aarav Kumar,Male,36,South,Karnataka,Mysuru,2023-08-16
12603,Aditya Singh,Male,27,North,Haryana,Faridabad,2024-01-11
12604,Vihaan Joshi,Male,20,South,Andhra Pradesh,Visakhapatnam,2023-08-12
12605,Rahul Kumar,Female,36,South,Karnataka,Mangaluru,2025-01-05
12606,Vikram Das,Female,43,West,Goa,Panaji,2023-09-14
12607,Rohan Gupta,Female,42,South,Telangana,Warangal,2024-05-29
12608,Priya Gupta,Male,34,South,Andhra Pradesh,Vijayawada,2025-04-12
12609,Diya Verma,Female,27,North,Uttar Pradesh,Kanpur,2024-12-01
12610,Aarav Menon,Female,28,South,Karnataka,Bengaluru,2025-06-29
12611,Aarav Pillai,Male,28,North,Uttar Pradesh,Noida,2024-11-29
12612,Ishita Pillai,Male,29,South,Andhra Pradesh,Visakhapatnam,2024-03-13
12613,Sneha Das,Female,57,South,Kerala,Thiruvananthapuram,2023-02-06
12614,Vihaan Rao,Male,25,North,Punjab,Amritsar,2023-04-16
12615,Ishita Nair,Male,41,South,Tamil Nadu,Chennai,2024-09-06
12616,Sneha Sharma,Male,31,South,Tamil Nadu,Madurai,2023-08-20
12617,Rahul Iyer,Male,40,West,Maharashtra,Pune,2025-05-16
12618,Ishita Reddy,Male,53,South,Kerala,Thiruvananthapuram,2025-11-06
12619,Ananya Iyer,Male,34,North,Haryana,Gurugram,2025-08-17
12620,Meera Sharma,Female,22,South,Telangana,Hyderabad,2023-10-05
12621,Ananya Rao,Male,20,North,Delhi,New Delhi,2023-05-05
12622,Karthik Singh,Female,26,East,West Bengal,Kolkata,2024-11-05
12623,Rohan Kumar,Male,37,West,Rajasthan,Udaipur,2024-12-15
12624,Ishita Singh,Female,37,East,Odisha,Cuttack,2024-10-28
12625,Karthik Verma,Male,36,West,Goa,Panaji,2025-07-01
12626,Ishita Gupta,Female,38,East,Bihar,Patna,2024-01-30
12627,Sneha Rao,Female,33,South,Telangana,Hyderabad,2025-02-11
12628,Sneha Reddy,Female,50,North,Rajasthan,Jaipur,2023-07-05
12629,Sneha Joshi,Male,22,West,Goa,Panaji,2024-04-10
12630,Aisha Sharma,Female,41,West,Goa,Panaji,2025-12-16
12631,Ananya Nair,Male,32,North,Delhi,New Delhi,2024-04-02
12632,Nisha Gupta,Male,43,North,Uttar Pradesh,Kanpur,2025-09-27
12633,Ananya Rao,Male,42,South,Tamil Nadu,Madurai,2023-03-15
12634,Arjun Kumar,Female,45,South,Tamil Nadu,Chennai,2024-09-23
12635,Ananya Kumar,Male,50,North,Uttar Pradesh,Kanpur,2025-11-03
12636,Nisha Das,Female,35,North,Rajasthan,Udaipur,2025-04-19
12637,Aarav Iyer,Male,35,East,West Bengal,Kolkata,2025-06-30
12638,Nisha Joshi,Male,55,North,Punjab,Amritsar,2025-03-04
12639,Karthik Reddy,Female,50,East,Jharkhand,Ranchi,2023-02-18
12640,Arjun Iyer,Male,44,North,Rajasthan,Jaipur,2025-08-23
12641,Sneha Iyer,Female,32,South,Telangana,Hyderabad,2023-12-25
12642,Nisha Pillai,Female,30,South,Telangana,Warangal,2023-08-30
12643,Sneha Pillai,Female,51,North,Uttar Pradesh,Lucknow,2025-12-12
12644,Sneha Verma,Female,21,North,Punjab,Ludhiana,2025-12-28
12645,Rohan Verma,Male,52,South,Andhra Pradesh,Visakhapatnam,2023-02-25
12646,Priya Pillai,Male,36,West,Maharashtra,Pune,2025-05-28
12647,Aditya Pillai,Male,48,East,Bihar,Patna,2023-09-12
12648,Aditya Sharma,Male,42,West,Goa,Panaji,2023-01-05
12649,Sneha Das,Female,57,West,Maharashtra,Mumbai,2025-12-11
12650,Priya Nair,Female,29,West,Rajasthan,Udaipur,2023-11-25
12651,Arjun Rao,Female,29,South,Karnataka,Mangaluru,2023-04-08
12652,Ishita Pillai,Female,59,West,Gujarat,Ahmedabad,2025-09-07
12653,Rohan Kumar,Male,42,West,Gujarat,Surat,2025-09-29
12654,Ananya Kumar,Female,50,South,Andhra Pradesh,Vijayawada,2025-02-21
12655,Vikram Joshi,Female,54,North,Delhi,New Delhi,2024-07-30
12656,Ishita Iyer,Male,45,West,Gujarat,Surat,2023-11-23
12657,Priya Sharma,Female,60,North,Haryana,Faridabad,2023-08-31
12658,Vikram Singh,Female,26,East,Odisha,Bhubaneswar,2024-01-02
12659,Diya Nair,Male,31,South,Karnataka,Bengaluru,2025-02-12
12660,Arjun Menon,Male,20,North,Delhi,New Delhi,2024-12-24
12661,Nisha Joshi,Male,22,West,Goa,Panaji,2023-08-22
12662,Rohan Menon,Male,43,East,Bihar,Patna,2024-10-13
12663,Nisha Rao,Female,58,South,Tamil Nadu,Chennai,2023-11-29
12664,Vihaan Kumar,Female,35,North,Haryana,Faridabad,2024-05-09
12665,Nisha Kumar,Female,55,North,Delhi,New Delhi,2024-01-04
12666,Aditya Nair,Female,38,South,Telangana,Warangal,2023-04-05
12667,Aarav Rao,Female,56,South,Kerala,Kochi,2025-06-25
12668,Vihaan Das,Female,33,North,Haryana,Faridabad,2025-03-12
12669,Ishita Kumar,Male,57,North,Uttar Pradesh,Lucknow,2023-07-27
12670,Sneha Menon,Male,40,South,Andhra Pradesh,Visakhapatnam,2024-08-29
12671,Aarav Patel,Male,46,North,Uttar Pradesh,Lucknow,2024-04-17
12672,Nisha Das,Male,27,West,Maharashtra,Pune,2025-10-28
12673,Vikram Joshi,Female,22,North,Haryana,Gurugram,2023-05-16
12674,Aarav Singh,Male,28,South,Andhra Pradesh,Vijayawada,2024-09-01
12675,Rahul Verma,Female,46,East,Jharkhand,Ranchi,2025-06-29
12676,Vihaan Sharma,Female,44,South,Karnataka,Bengaluru,2023-09-18
12677,Aisha Gupta,Male,51,West,Rajasthan,Udaipur,2024-04-02
12678,Diya Nair,Male,31,South,Tamil Nadu,Madurai,2023-08-20
12679,Ishita Iyer,Male,58,South,Karnataka,Mysuru,2023-04-11
12680,Rohan Gupta,Male,59,West,Rajasthan,Udaipur,2023-05-27
12681,Sneha Iyer,Female,27,South,Tamil Nadu,Madurai,2024-12-17
12682,Meera Singh,Male,59,North,Uttar Pradesh,Kanpur,2024-05-21
12683,Priya Joshi,Male,28,South,Karnataka,Mangaluru,2024-07-11
12684,Aarav Reddy,Male,28,West,Maharashtra,Pune,2023-04-14
12685,Vihaan Das,Male,52,South,Telangana,Warangal,2023-12-02
12686,Aditya Menon,Male,36,South,Karnataka,Bengaluru,2024-03-21
12687,Aarav Rao,Female,41,South,Karnataka,Mysuru,2025-01-03
12688,Ananya Kumar,Male,18,West,Gujarat,Surat,2024-03-19
12689,Priya Sharma,Female,29,West,Goa,Panaji,2023-04-28
12690,Rohan Reddy,Female,31,West,Gujarat,Ahmedabad,2025-07-17
12691,Aditya Sharma,Female,20,West,Gujarat,Surat,2024-12-23
12692,Vihaan Patel,Male,49,West,Rajasthan,Jaipur,2024-07-20
12693,Aditya Nair,Male,33,South,Karnataka,Mangaluru,2023-03-29
12694,Diya Gupta,Male,55,West,Maharashtra,Nagpur,2024-04-20
12695,Karthik Kumar,Male,27,East,West Bengal,Kolkata,2023-10-22
12696,Vihaan Pillai,Female,34,West,Rajasthan,Udaipur,2024-12-20
12697,Nisha Singh,Male,57,North,Rajasthan,Jaipur,2025-09-21
12698,Aarav Sharma,Other,21,South,Kerala,Kozhikode,2025-04-23
12699,Vikram Verma,Female,32,North,Delhi,New Delhi,2024-11-16
12700,Rahul Rao,Male,50,North,Uttar Pradesh,Noida,2024-09-30
12701,Aarav Iyer,Female,56,West,Goa,Panaji,2025-08-18
12702,Ananya Sharma,Male,27,East,Assam,Guwahati,2025-07-23
12703,Diya Menon,Male,24,South,Kerala,Thiruvananthapuram,2025-06-08
12704,Aisha Reddy,Male,50,South,Tamil Nadu,Chennai,2025-07-02
12705,Aisha Kumar,Female,34,North,Uttar Pradesh,Kanpur,2024-02-10
12706,Vikram Menon,Male,29,North,Haryana,Gurugram,2025-12-23
12707,Priya Kumar,Female,34,South,Telangana,Warangal,2023-04-29
12708,Meera Reddy,Male,33,South,Andhra Pradesh,Visakhapatnam,2023-12-07
12709,Karthik Pillai,Female,31,South,Andhra Pradesh,Visakhapatnam,2023-11-09
12710,Vihaan Kumar,Male,20,South,Andhra Pradesh,Vijayawada,2023-06-12
12711,Vihaan Patel,Male,47,North,Uttar Pradesh,Noida,2023-10-20
12712,Rahul Verma,Male,58,West,Maharashtra,Mumbai,2024-11-20
12713,Nisha Nair,Male,52,South,Kerala,Thiruvananthapuram,2024-11-03
12714,Ishita Menon,Female,43,West,Rajasthan,Udaipur,2024-02-03
12715,Sneha Verma,Male,29,South,Andhra Pradesh,Visakhapatnam,2025-06-27
12716,Diya Pillai,Female,48,South,Andhra Pradesh,Vijayawada,2024-05-01
12717,Priya Iyer,Male,34,North,Haryana,Faridabad,2025-11-13
12718,Nisha Rao,Male,54,East,West Bengal,Kolkata,2025-12-18
12719,Karthik Das,Male,25,North,Rajasthan,Udaipur,2025-01-18
12720,Meera Gupta,Male,36,South,Kerala,Kozhikode,2023-08-28
12721,Nisha Patel,Female,43,East,West Bengal,Kolkata,2023-11-07
12722,Vihaan Patel,Female,21,North,Punjab,Ludhiana,2023-11-17
12723,Sneha Verma,Female,32,North,Haryana,Gurugram,2024-11-02
12724,Nisha Nair,Female,31,West,Rajasthan,Udaipur,2024-07-25
12725,Diya Menon,Female,47,West,Goa,Panaji,2024-02-18
12726,Arjun Das,Female,59,South,Kerala,Kozhikode,2024-02-06
12727,Aditya Joshi,Female,41,South,Karnataka,Mysuru,2023-02-28
12728,Vihaan Pillai,Male,60,South,Telangana,Warangal,2023-02-22
12729,Arjun Verma,Female,51,South,Kerala,Thiruvananthapuram,2025-12-23
12730,Arjun Joshi,Female,36,West,Rajasthan,Jaipur,2024-09-24
12731,Nisha Menon,Male,20,North,Rajasthan,Jaipur,2023-10-13
12732,Rahul Gupta,Female,21,West,Gujarat,Ahmedabad,2023-01-18
12733,Vihaan Menon,Male,28,South,Tamil Nadu,Chennai,2025-10-25
12734,Ananya Pillai,Female,30,East,West Bengal,Kolkata,2023-06-09
12735,Aditya Nair,Male,35,East,Bihar,Patna,2023-05-22
12736,Meera Singh,Male,36,North,Punjab,Ludhiana,2024-02-01
12737,Arjun Pillai,Male,50,East,Bihar,Patna,2025-11-07
12738,Ishita Sharma,Female,55,West,Maharashtra,Pune,2024-08-02
12739,Vikram Menon,Male,20,East,Odisha,Cuttack,2024-06-17
12740,Aisha Sharma,Female,52,South,Kerala,Kozhikode,2025-06-29
12741,Sneha Sharma,Female,18,West,Goa,Panaji,2024-04-05
12742,Aarav Das,Male,52,South,Telangana,Hyderabad,2023-10-13
12743,Vikram Rao,Other,53,South,Tamil Nadu,Chennai,2025-10-25
12744,Aisha Patel,Male,55,South,Kerala,Kozhikode,2023-05-09
12745,Rohan Verma,Female,56,North,Rajasthan,Udaipur,2025-08-13
12746,Aditya Menon,Male,42,North,Delhi,New Delhi,2024-11-01
12747,Meera Patel,Male,57,West,Goa,Panaji,2024-05-13
12748,Ishita Sharma,Male,30,South,Tamil Nadu,Madurai,2023-10-03
12749,Vihaan Singh,Female,21,North,Punjab,Ludhiana,2023-01-29
12750,Aditya Singh,Female,23,North,Rajasthan,Udaipur,2025-10-01
12751,Nisha Iyer,Male,28,West,Rajasthan,Udaipur,2024-10-11
12752,Diya Gupta,Male,18,North,Delhi,New Delhi,2023-01-31
12753,Rahul Patel,Other,25,South,Tamil Nadu,Chennai,2025-04-22
12754,Aisha Singh,Male,51,South,Andhra Pradesh,Visakhapatnam,2023-12-02
12755,Rahul Singh,Male,57,East,Jharkhand,Ranchi,2024-07-23
12756,Ananya Das,Male,26,South,Karnataka,Mangaluru,2023-11-09
12757,Aisha Iyer,Male,53,West,Rajasthan,Udaipur,2024-08-21
12758,Vikram Rao,Female,56,East,West Bengal,Kolkata,2025-05-14
12759,Aisha Sharma,Female,59,North,Haryana,Gurugram,2024-01-06
12760,Arjun Sharma,Male,54,South,Karnataka,Mysuru,2025-03-15
12761,Rohan Patel,Female,59,South,Karnataka,Bengaluru,2023-11-10
12762,Vihaan Pillai,Female,38,South,Andhra Pradesh,Vijayawada,2023-01-28
12763,Arjun Rao,Male,37,North,Punjab,Amritsar,2025-08-23
12764,Aditya Rao,Male,55,West,Gujarat,Vadodara,2025-10-26
12765,Rahul Joshi,Female,18,South,Kerala,Kochi,2024-04-17
12766,Rohan Das,Male,52,East,Odisha,Bhubaneswar,2025-11-22
12767,Rohan Rao,Male,45,West,Maharashtra,Pune,2023-03-30
12768,Vikram Gupta,Female,24,South,Andhra Pradesh,Visakhapatnam,2023-02-09
12769,Priya Joshi,Female,60,West,Gujarat,Ahmedabad,2024-11-11
12770,Rahul Das,Female,26,North,Delhi,New Delhi,2024-01-10
12771,Diya Rao,Male,18,South,Tamil Nadu,Coimbatore,2025-09-24
12772,Meera Rao,Female,53,South,Karnataka,Mangaluru,2024-01-28
12773,Priya Nair,Female,51,North,Rajasthan,Jaipur,2025-11-07
12774,Rohan Joshi,Other,51,West,Rajasthan,Udaipur,2023-05-12
12775,Aarav Nair,Female,34,West,Maharashtra,Pune,2023-10-17
12776,Karthik Rao,Female,49,West,Rajasthan,Jaipur,2025-03-16
12777,Priya Iyer,Female,19,South,Karnataka,Mangaluru,2023-07-28
12778,Arjun Sharma,Male,53,South,Telangana,Hyderabad,2023-11-23
12779,Ananya Das,Female,42,West,Gujarat,Ahmedabad,2025-09-18
12780,Ananya Gupta,Male,60,South,Karnataka,Bengaluru,2024-05-17
12781,Karthik Patel,Female,43,South,Karnataka,Mangaluru,2023-10-06
12782,Meera Patel,Other,43,North,Rajasthan,Jaipur,2025-02-26
12783,Meera Nair,Male,38,East,West Bengal,Kolkata,2025-10-03
12784,Meera Singh,Female,35,North,Haryana,Gurugram,2025-08-09
12785,Rohan Iyer,Female,46,East,West Bengal,Kolkata,2023-10-04
12786,Diya Nair,Male,41,South,Karnataka,Mangaluru,2023-10-25
12787,Nisha Menon,Male,45,East,Bihar,Patna,2024-03-08
12788,Aarav Nair,Male,29,South,Kerala,Thiruvananthapuram,2025-10-06
12789,Aisha Das,Unknown,28,East,Jharkhand,Ranchi,2025-12-31
12790,Arjun Pillai,Female,44,East,Assam,Guwahati,2023-11-13
12791,Sneha Das,Male,40,North,Delhi,New Delhi,2025-11-10
12792,Priya Sharma,Male,50,East,Assam,Guwahati,2023-05-01
12793,Sneha Rao,Female,33,West,Maharashtra,Pune,2024-10-14
12794,Aisha Reddy,Female,45,South,Andhra Pradesh,Vijayawada,2023-10-31
12795,Vihaan Sharma,Male,45,West,Gujarat,Ahmedabad,2025-07-24
12796,Aditya Singh,Male,55,West,Gujarat,Surat,2024-12-21
12797,Ananya Das,Female,23,South,Karnataka,Mangaluru,2024-05-10
12798,Nisha Kumar,Male,59,North,Delhi,New Delhi,2023-07-04
12799,Ishita Verma,Female,46,East,Odisha,Cuttack,2025-06-06
12800,Meera Joshi,Female,51,South,Karnataka,Bengaluru,2025-03-18
12801,Ananya Kumar,Male,20,North,Rajasthan,Jaipur,2023-11-28
12802,Rahul Gupta,Female,23,East,Assam,Guwahati,2024-12-13
12803,Priya Joshi,Male,55,East,Assam,Guwahati,2024-07-29
12804,Meera Das,Male,30,East,Assam,Guwahati,2023-12-16
12805,Rohan Patel,Female,53,West,Goa,Panaji,2025-04-17
12806,Vihaan Verma,Male,32,East,Bihar,Patna,2023-11-16
12807,Nisha Patel,Female,23,North,Uttar Pradesh,Kanpur,2024-06-20
12808,Rohan Kumar,Female,50,South,Telangana,Warangal,2024-02-16
12809,Aditya Sharma,Male,58,West,Rajasthan,Udaipur,2025-06-24
12810,Sneha Rao,Other,29,North,Haryana,Faridabad,2024-06-16
12811,Karthik Joshi,Male,60,South,Telangana,Warangal,2024-05-16
12812,Vikram Reddy,Male,30,North,Delhi,New Delhi,2025-07-02
12813,Aarav Patel,Female,50,North,Haryana,Faridabad,2025-12-27
12814,Aisha Iyer,Female,45,South,Tamil Nadu,Madurai,2025-11-30
12815,Karthik Reddy,Female,53,West,Maharashtra,Mumbai,2024-06-10
12816,Aarav Pillai,Female,22,North,Punjab,Amritsar,2024-12-11
12817,Rahul Iyer,Male,42,West,Rajasthan,Udaipur,2025-01-19
12818,Rahul Nair,Male,34,South,Telangana,Hyderabad,2025-08-13
12819,Ananya Kumar,Male,54,South,Karnataka,Mangaluru,2023-04-22
12820,Aarav Kumar,Female,36,West,Rajasthan,Udaipur,2024-04-07
12821,Priya Das,Male,52,East,Assam,Guwahati,2023-02-21
12822,Karthik Iyer,Male,60,South,Tamil Nadu,Madurai,2023-09-12
12823,Nisha Iyer,Male,51,North,Uttar Pradesh,Lucknow,2023-10-27
12824,Meera Menon,Male,23,South,Karnataka,Mysuru,2025-08-15
12825,Ishita Nair,Female,36,South,Kerala,Kozhikode,2024-03-02
12826,Sneha Das,Female,18,North,Rajasthan,Udaipur,2025-09-16
12827,Vikram Verma,Male,24,North,Rajasthan,Jaipur,2023-11-03
12828,Vikram Kumar,Male,51,South,Telangana,Warangal,2023-04-09
12829,Karthik Verma,Female,36,West,Gujarat,Vadodara,2023-05-01
12830,Vikram Kumar,Male,50,South,Tamil Nadu,Chennai,2025-11-19
12831,Aditya Gupta,Female,43,West,Maharashtra,Mumbai,2023-08-18
12832,Ananya Verma,Male,58,North,Haryana,Gurugram,2024-10-12
12833,Arjun Verma,Male,59,South,Tamil Nadu,Madurai,2025-11-20
12834,Vihaan Joshi,Female,44,South,Kerala,Kozhikode,2024-09-20
12835,Ananya Iyer,Male,55,West,Gujarat,Surat,2025-08-05
12836,Ananya Kumar,Male,43,East,Bihar,Patna,2024-05-31
12837,Ananya Sharma,Male,52,East,Bihar,Patna,2025-04-24
12838,Priya Pillai,Other,37,South,Andhra Pradesh,Visakhapatnam,2025-04-12
12839,Rahul Kumar,Female,41,North,Rajasthan,Udaipur,2025-03-30
12840,Sneha Joshi,Male,38,West,Gujarat,Ahmedabad,2025-03-21
12841,Nisha Singh,Female,43,West,Rajasthan,Jaipur,2025-01-31
12842,Rohan Kumar,Female,37,North,Rajasthan,Udaipur,2023-11-15
12843,Vikram Reddy,Male,23,East,Jharkhand,Ranchi,2023-04-21
12844,Aarav Rao,Female,20,East,Odisha,Cuttack,2025-03-17
12845,Ishita Patel,Female,27,West,Rajasthan,Udaipur,2025-11-06
12846,Ananya Menon,Male,29,West,Maharashtra,Mumbai,2024-05-01
12847,Aarav Iyer,Male,50,North,Rajasthan,Udaipur,2025-03-21
12848,Ishita Joshi,Male,39,South,Telangana,Warangal,2024-05-31
12849,Rohan Sharma,Female,33,West,Goa,Panaji,2025-04-14
12850,Sneha Verma,Female,34,West,Maharashtra,Pune,2024-09-15
12851,Aditya Iyer,Female,27,North,Haryana,Faridabad,2025-11-13
12852,Aisha Iyer,Female,29,South,Tamil Nadu,Chennai,2024-07-09
12853,Aisha Das,Female,36,South,Karnataka,Bengaluru,2024-05-11
12854,Rohan Singh,Female,57,East,Assam,Guwahati,2025-06-06
12855,Ananya Sharma,Male,40,South,Telangana,Hyderabad,2024-01-17
12856,Arjun Verma,Male,57,West,Rajasthan,Udaipur,2023-08-04
12857,Diya Gupta,Male,27,South,Kerala,Kozhikode,2025-01-25
12858,Arjun Menon,Male,27,South,Kerala,Kozhikode,2024-06-26
12859,Nisha Sharma,Female,27,South,Karnataka,Mangaluru,2025-07-04
12860,Diya Reddy,Female,56,South,Karnataka,Mysuru,2025-10-31
12861,Ishita Patel,Male,47,East,Assam,Guwahati,2023-03-23
12862,Karthik Rao,Unknown,21,South,Karnataka,Mysuru,2025-09-20
12863,Rahul Iyer,Male,18,East,Bihar,Patna,2023-06-15
12864,Vihaan Menon,Female,60,West,Gujarat,Vadodara,2023-07-27
12865,Aditya Rao,Female,36,West,Goa,Panaji,2023-01-24
12866,Karthik Kumar,Male,22,West,Goa,Panaji,2025-03-17
12867,Ishita Reddy,Male,47,West,Maharashtra,Nagpur,2025-06-05
12868,Vihaan Verma,Female,43,North,Haryana,Faridabad,2024-11-21
12869,Aditya Das,Female,57,South,Kerala,Kozhikode,2023-11-28
12870,Diya Nair,Female,51,West,Maharashtra,Pune,2025-09-28
12871,Ishita Sharma,Male,19,East,West Bengal,Kolkata,2023-08-29
12872,Priya Rao,Male,41,East,Assam,Guwahati,2025-04-15
12873,Sneha Das,Other,31,East,Assam,Guwahati,2023-06-30
12874,Aditya Gupta,Male,58,West,Goa,Panaji,2023-03-31
12875,Rahul Gupta,Female,59,North,Rajasthan,Udaipur,2024-03-14
12876,Nisha Kumar,Female,30,West,Rajasthan,Udaipur,2024-06-26
12877,Vikram Verma,Female,46,West,Maharashtra,Nagpur,2023-07-12
12878,Vikram Patel,Female,18,South,Andhra Pradesh,Visakhapatnam,2024-05-02
12879,Vikram Gupta,Male,51,West,Maharashtra,Mumbai,2024-09-03
12880,Sneha Sharma,Female,21,South,Karnataka,Mysuru,2025-08-12
12881,Priya Joshi,Female,45,South,Andhra Pradesh,Vijayawada,2025-12-06
12882,Aditya Iyer,Female,36,East,Jharkhand,Ranchi,2023-05-26
12883,Meera Nair,Female,18,South,Kerala,Kochi,2025-10-23
12884,Aditya Reddy,Male,53,South,Karnataka,Bengaluru,2023-11-23
12885,Rahul Patel,Female,60,South,Tamil Nadu,Coimbatore,2025-09-14
12886,Nisha Reddy,Male,30,East,Bihar,Patna,2023-06-02
12887,Rahul Kumar,Male,59,West,Rajasthan,Udaipur,2024-02-06
12888,Diya Verma,Female,22,West,Maharashtra,Nagpur,2025-03-30
12889,Diya Gupta,Male,50,North,Haryana,Gurugram,2024-05-02
12890,Meera Nair,Female,31,North,Delhi,New Delhi,2023-03-08
12891,Diya Rao,Male,33,South,Telangana,Warangal,2023-03-30
12892,Aditya Rao,Male,49,North,Haryana,Faridabad,2023-07-21
12893,Vihaan Singh,Male,44,North,Rajasthan,Udaipur,2024-03-03
12894,Rohan Das,Male,52,North,Punjab,Amritsar,2025-07-28
12895,Aarav Pillai,Female,20,South,Tamil Nadu,Coimbatore,2023-12-05
12896,Ishita Nair,Female,21,East,West Bengal,Kolkata,2023-03-20
12897,Vikram Joshi,Female,24,West,Rajasthan,Udaipur,2024-01-13
12898,Aisha Menon,Male,30,South,Kerala,Kozhikode,2023-06-14
12899,Aditya Kumar,Female,58,West,Maharashtra,Mumbai,2025-01-18
12900,Rahul Joshi,Female,20,South,Andhra Pradesh,Visakhapatnam,2025-07-25
12901,Ishita Das,Male,34,South,Kerala,Kochi,2023-06-04
12902,Aarav Joshi,Female,27,North,Delhi,New Delhi,2025-11-29
12903,Karthik Verma,Female,18,South,Tamil Nadu,Coimbatore,2023-06-18
12904,Diya Verma,Male,45,West,Maharashtra,Mumbai,2025-12-29
12905,Vikram Pillai,Female,27,West,Rajasthan,Udaipur,2025-03-02
12906,Ananya Singh,Male,24,South,Telangana,Warangal,2025-09-29
12907,Ishita Gupta,Male,56,East,West Bengal,Kolkata,2023-12-20
12908,Diya Pillai,Male,20,South,Telangana,Hyderabad,2023-11-24
12909,Vihaan Pillai,Female,24,South,Kerala,Kochi,2024-05-12
12910,Karthik Iyer,Male,26,South,Andhra Pradesh,Visakhapatnam,2023-12-11
12911,Rahul Joshi,Male,57,South,Tamil Nadu,Madurai,2024-10-04
12912,Aditya Patel,Female,52,South,Karnataka,Mangaluru,2025-02-27
12913,Karthik Menon,Female,43,North,Haryana,Faridabad,2024-01-12
12914,Diya Joshi,Female,22,East,Odisha,Cuttack,2024-03-09
12915,Diya Singh,Male,30,South,Kerala,Kozhikode,2024-05-15
12916,Sneha Sharma,Female,47,North,Punjab,Ludhiana,2024-06-04
12917,Sneha Patel,Male,57,North,Punjab,Amritsar,2024-07-15
12918,Meera Sharma,Female,56,North,Rajasthan,Jaipur,2024-05-27
12919,Diya Patel,Female,27,West,Rajasthan,Jaipur,2024-05-30
12920,Rahul Verma,Female,59,South,Telangana,Hyderabad,2024-05-11
12921,Aditya Das,Female,40,South,Telangana,Warangal,2024-08-24
12922,Sneha Das,Female,28,North,Uttar Pradesh,Noida,2025-10-11
12923,Aisha Sharma,Female,29,North,Delhi,New Delhi,2024-10-28
12924,Karthik Verma,Male,30,South,Telangana,Hyderabad,2023-12-31
12925,Meera Iyer,Male,57,West,Gujarat,Vadodara,2025-08-24
12926,Ananya Pillai,Female,33,East,Assam,Guwahati,2023-12-30
12927,Diya Kumar,Male,26,North,Punjab,Ludhiana,2023-04-18
12928,Rahul Sharma,Female,27,East,Jharkhand,Ranchi,2025-11-03
12929,Aisha Das,Female,46,North,Punjab,Ludhiana,2025-11-12
12930,Priya Das,Male,26,West,Rajasthan,Jaipur,2024-09-14
12931,Aisha Nair,Female,50,West,Rajasthan,Udaipur,2023-11-17
12932,Ananya Verma,Female,41,North,Punjab,Ludhiana,2024-05-24
12933,Sneha Patel,Female,52,South,Andhra Pradesh,Vijayawada,2024-11-02
12934,Ishita Reddy,Male,28,West,Gujarat,Surat,2025-11-30
12935,Priya Nair,Female,56,North,Rajasthan,Jaipur,2023-10-31
12936,Arjun Sharma,Male,30,South,Karnataka,Mysuru,2025-08-26
12937,Vikram Iyer,Female,40,North,Rajasthan,Udaipur,2023-12-31
12938,Sneha Gupta,Female,42,West,Gujarat,Vadodara,2025-01-07
12939,Aisha Iyer,Male,33,East,Assam,Guwahati,2025-09-15
12940,Rohan Joshi,Female,38,South,Andhra Pradesh,Visakhapatnam,2025-10-17
12941,Aarav Sharma,Male,27,South,Telangana,Warangal,2023-06-01
12942,Vikram Nair,Female,58,North,Punjab,Ludhiana,2023-09-16
12943,Rahul Pillai,Female,57,South,Telangana,Hyderabad,2024-12-07
12944,Ishita Iyer,Male,36,North,Uttar Pradesh,Kanpur,2023-08-11
12945,Sneha Verma,Male,52,North,Punjab,Ludhiana,2023-08-18
12946,Aarav Gupta,Female,45,South,Kerala,Thiruvananthapuram,2024-03-14
12947,Vihaan Singh,Male,58,West,Rajasthan,Jaipur,2023-05-30
12948,Karthik Das,Male,19,West,Rajasthan,Udaipur,2025-06-28
12949,Vihaan Menon,Male,47,West,Rajasthan,Jaipur,2025-09-04
12950,Priya Patel,Male,57,East,West Bengal,Kolkata,2024-09-26
12951,Arjun Singh,Female,57,North,Punjab,Amritsar,2024-02-03
12952,Rohan Joshi,Female,22,North,Rajasthan,Udaipur,2024-09-13
12953,Ananya Kumar,Male,55,North,Uttar Pradesh,Lucknow,2023-05-23
12954,Rohan Rao,Male,59,West,Goa,Panaji,2025-08-05
12955,Aisha Singh,Male,32,East,Bihar,Patna,2025-12-29
12956,Nisha Sharma,Female,53,North,Haryana,Faridabad,2023-02-23
12957,Karthik Gupta,Female,20,North,Punjab,Ludhiana,2025-04-23
12958,Rahul Menon,Female,41,East,Assam,Guwahati,2025-07-26
12959,Ishita Kumar,Female,58,South,Andhra Pradesh,Visakhapatnam,2024-07-05
12960,Ishita Iyer,Female,58,North,Delhi,New Delhi,2025-11-16
12961,Rohan Kumar,Female,29,South,Andhra Pradesh,Vijayawada,2023-10-26
12962,Aarav Reddy,Male,25,South,Kerala,Kochi,2024-11-22
12963,Arjun Verma,Female,31,South,Tamil Nadu,Coimbatore,2024-07-11
12964,Aditya Reddy,Female,35,East,Assam,Guwahati,2024-03-20
12965,Aditya Kumar,Male,37,East,Bihar,Patna,2023-04-08
12966,Arjun Pillai,Female,40,North,Uttar Pradesh,Kanpur,2023-02-27
12967,Rohan Sharma,Female,22,North,Punjab,Amritsar,2023-06-26
12968,Rohan Gupta,Female,18,West,Goa,Panaji,2024-12-19
12969,Ishita Patel,Male,19,East,Bihar,Patna,2024-10-27
12970,Sneha Das,Female,33,West,Maharashtra,Mumbai,2025-11-16
12971,Diya Menon,Male,22,West,Maharashtra,Mumbai,2023-11-19
12972,Meera Nair,Female,39,South,Karnataka,Bengaluru,2024-11-05
12973,Priya Joshi,Female,18,North,Uttar Pradesh,Lucknow,2025-04-25
12974,Arjun Joshi,Female,29,North,Delhi,New Delhi,2023-03-31
12975,Aarav Pillai,Male,36,West,Gujarat,Surat,2023-05-11
12976,Aarav Iyer,Female,39,South,Tamil Nadu,Coimbatore,2025-11-18
12977,Meera Gupta,Male,59,North,Delhi,New Delhi,2024-10-23
12978,Aarav Kumar,Female,34,South,Kerala,Kozhikode,2023-02-27
12979,Vikram Gupta,Female,30,North,Rajasthan,Jaipur,2025-12-16
12980,Meera Pillai,Male,56,East,West Bengal,Kolkata,2025-09-20
12981,Aditya Rao,Male,45,West,Gujarat,Vadodara,2025-11-14
12982,Meera Joshi,Female,20,South,Tamil Nadu,Chennai,2023-07-09
12983,Nisha Gupta,Male,22,North,Rajasthan,Jaipur,2025-08-16
12984,Aarav Verma,Female,53,North,Delhi,New Delhi,2023-03-17
12985,Meera Kumar,Male,32,West,Gujarat,Vadodara,2024-01-06
12986,Sneha Joshi,Male,34,East,Bihar,Patna,2025-06-17
12987,Nisha Kumar,Female,46,South,Andhra Pradesh,Visakhapatnam,2025-04-30
12988,Arjun Menon,Female,21,West,Maharashtra,Nagpur,2024-05-20
12989,Nisha Das,Female,49,North,Punjab,Ludhiana,2023-07-02
12990,Aditya Reddy,Female,60,East,Bihar,Patna,2023-06-03
12991,Karthik Singh,Female,55,South,Tamil Nadu,Coimbatore,2025-06-21
12992,Rahul Kumar,Female,21,North,Uttar Pradesh,Noida,2025-11-12
12993,Aditya Das,Male,30,West,Rajasthan,Udaipur,2024-06-09
12994,Ananya Patel,Male,37,West,Goa,Panaji,2024-08-28
12995,Sneha Iyer,Male,35,South,Andhra Pradesh,Visakhapatnam,2025-05-28
12996,Meera Rao,Male,59,East,Odisha,Cuttack,2025-12-11
12997,Meera Iyer,Male,54,South,Tamil Nadu,Coimbatore,2023-12-05
12998,Arjun Gupta,Male,29,South,Andhra Pradesh,Vijayawada,2025-11-30
12999,Karthik Nair,Female,42,South,Andhra Pradesh,Visakhapatnam,2024-06-01
13000,Aarav Nair,Male,47,East,Assam,Guwahati,2024-02-11
13001,Aditya Joshi,Male,32,North,Rajasthan,Udaipur,2023-05-18
13002,Karthik Das,Female,53,North,Delhi,New Delhi,2023-12-07
13003,Priya Rao,Male,25,South,Telangana,Hyderabad,2024-06-25
13004,Priya Nair,Male,45,North,Punjab,Amritsar,2023-08-13
13005,Vihaan Sharma,Male,39,West,Maharashtra,Nagpur,2023-09-18
13006,Ananya Patel,Male,55,North,Rajasthan,Jaipur,2024-11-27
13007,Rahul Reddy,Male,33,East,Odisha,Cuttack,2025-03-21
13008,Vikram Reddy,Male,22,South,Telangana,Warangal,2024-04-17
13009,Rohan Singh,Female,51,North,Rajasthan,Udaipur,2023-03-18
13010,Diya Verma,Male,55,South,Tamil Nadu,Chennai,2023-09-19
13011,Aarav Iyer,Male,28,West,Maharashtra,Pune,2025-10-22
13012,Priya Reddy,Female,19,South,Kerala,Kochi,2023-01-17
13013,Karthik Sharma,Male,42,South,Telangana,Warangal,2023-12-10
13014,Karthik Sharma,Male,42,West,Rajasthan,Udaipur,2025-11-01
13015,Sneha Pillai,Female,18,North,Rajasthan,Jaipur,2025-07-28
13016,Aarav Gupta,Female,48,South,Tamil Nadu,Chennai,2024-11-24
13017,Vihaan Das,Female,22,North,Punjab,Amritsar,2025-04-25
13018,Priya Pillai,Male,57,West,Goa,Panaji,2025-10-27
13019,Karthik Pillai,Female,21,South,Karnataka,Mysuru,2023-09-03
13020,Nisha Nair,Male,22,North,Rajasthan,Jaipur,2025-09-12
13021,Karthik Gupta,Male,22,South,Kerala,Thiruvananthapuram,2023-06-23
13022,Arjun Patel,Male,33,West,Maharashtra,Mumbai,2025-04-25
13023,Karthik Reddy,Female,35,North,Rajasthan,Udaipur,2024-11-23
13024,Vihaan Nair,Male,60,South,Andhra Pradesh,Vijayawada,2025-10-05
13025,Diya Iyer,Female,34,South,Andhra Pradesh,Vijayawada,2023-10-08
13026,Ananya Verma,Female,52,West,Gujarat,Vadodara,2025-09-16
13027,Ananya Nair,Male,35,East,Odisha,Bhubaneswar,2023-08-25
13028,Sneha Patel,Female,21,North,Rajasthan,Udaipur,2023-06-06
13029,Ananya Iyer,Male,48,North,Rajasthan,Jaipur,2025-10-19
13030,Ishita Das,Male,48,North,Rajasthan,Udaipur,2023-12-04
13031,Rohan Verma,Male,26,South,Kerala,Kozhikode,2023-12-03
13032,Rohan Patel,Female,48,West,Maharashtra,Mumbai,2025-02-09
13033,Aisha Patel,Male,22,North,Punjab,Amritsar,2024-05-09
13034,Rohan Das,Female,53,South,Andhra Pradesh,Vijayawada,2024-06-30
13035,Aisha Singh,Female,33,South,Karnataka,Mysuru,2023-06-10
13036,Arjun Das,Female,59,South,Tamil Nadu,Madurai,2024-08-27
13037,Ishita Verma,Male,58,West,Rajasthan,Jaipur,2024-01-22
13038,Aditya Patel,Male,33,East,Assam,Guwahati,2025-09-14
13039,Vihaan Das,Male,37,South,Tamil Nadu,Madurai,2023-08-22
13040,Ishita Patel,Female,47,West,Goa,Panaji,2024-12-11
13041,Aarav Reddy,Female,43,South,Andhra Pradesh,Vijayawada,2024-04-03
13042,Rohan Iyer,Female,48,East,West Bengal,Kolkata,2024-02-17
13043,Vihaan Patel,Female,32,South,Kerala,Kochi,2025-11-07
13044,Aarav Kumar,Male,58,West,Maharashtra,Mumbai,2023-03-13
13045,Aarav Kumar,Female,55,North,Haryana,Gurugram,2024-01-13
13046,Aditya Sharma,Male,55,North,Uttar Pradesh,Noida,2024-11-12
13047,Ananya Verma,Male,60,West,Gujarat,Ahmedabad,2025-04-13
13048,Diya Iyer,Female,37,South,Telangana,Warangal,2023-05-31
13049,Nisha Gupta,Female,52,West,Rajasthan,Jaipur,2024-12-20
13050,Rahul Gupta,Male,40,South,Telangana,Hyderabad,2023-05-10
13051,Vikram Menon,Male,56,South,Kerala,Kozhikode,2024-02-10
13052,Arjun Singh,Male,42,West,Rajasthan,Udaipur,2025-11-22
13053,Karthik Patel,Female,39,South,Telangana,Hyderabad,2024-06-19
13054,Aisha Menon,Male,25,South,Telangana,Hyderabad,2023-07-16
13055,Diya Joshi,Female,26,North,Uttar Pradesh,Kanpur,2025-07-05
13056,Aisha Pillai,Male,32,East,Assam,Guwahati,2025-12-05
13057,Rahul Gupta,Unknown,37,North,Rajasthan,Jaipur,2023-10-01
13058,Vikram Verma,Male,52,South,Tamil Nadu,Chennai,2023-05-13
13059,Vikram Reddy,Male,54,South,Karnataka,Mangaluru,2023-09-21
13060,Arjun Rao,Female,20,East,Odisha,Bhubaneswar,2024-01-02
13061,Rohan Nair,Female,51,South,Telangana,Hyderabad,2025-04-04
13062,Aisha Pillai,Male,51,South,Andhra Pradesh,Vijayawada,2023-01-05
13063,Diya Pillai,Male,53,West,Maharashtra,Nagpur,2023-09-26
13064,Vikram Singh,Female,52,North,Delhi,New Delhi,2025-04-30
13065,Arjun Patel,Male,26,North,Rajasthan,Jaipur,2025-01-02
13066,Rohan Singh,Male,47,South,Telangana,Hyderabad,2023-03-10
13067,Arjun Joshi,Male,43,South,Kerala,Kozhikode,2025-03-10
13068,Arjun Sharma,Female,29,East,Assam,Guwahati,2023-12-24
13069,Nisha Rao,Male,41,South,Karnataka,Bengaluru,2023-11-21
13070,Vikram Sharma,Male,58,North,Rajasthan,Jaipur,2025-01-20
13071,Diya Das,Female,36,North,Delhi,New Delhi,2023-09-13
13072,Arjun Rao,Female,33,North,Uttar Pradesh,Noida,2024-02-23
13073,Sneha Patel,Male,43,South,Telangana,Hyderabad,2023-07-30
13074,Ananya Patel,Male,40,South,Karnataka,Mysuru,2025-06-29
13075,Meera Sharma,Female,50,West,Goa,Panaji,2024-08-06
13076,Arjun Pillai,Male,59,East,Odisha,Bhubaneswar,2024-07-30
13077,Aarav Pillai,Male,47,East,Bihar,Patna,2023-06-15
13078,Priya Joshi,Female,40,South,Andhra Pradesh,Visakhapatnam,2023-08-02
13079,Rohan Sharma,Female,27,South,Telangana,Hyderabad,2024-06-12
13080,Meera Pillai,Female,53,East,West Bengal,Kolkata,2023-01-03
13081,Karthik Singh,Male,48,North,Uttar Pradesh,Lucknow,2025-06-13
13082,Ishita Das,Female,60,East,Odisha,Bhubaneswar,2025-06-14
13083,Sneha Menon,Male,39,South,Kerala,Kochi,2025-12-29
13084,Vihaan Reddy,Male,60,West,Rajasthan,Udaipur,2023-02-21
13085,Ananya Pillai,Female,60,North,Delhi,New Delhi,2024-03-12
13086,Aditya Joshi,Female,55,North,Delhi,New Delhi,2025-10-18
13087,Priya Verma,Male,19,West,Goa,Panaji,2023-04-04
13088,Sneha Singh,Male,40,South,Karnataka,Bengaluru,2024-08-09
13089,Vihaan Rao,Male,52,West,Maharashtra,Mumbai,2024-08-25
13090,Meera Nair,Female,54,South,Kerala,Kozhikode,2023-03-27
13091,Aisha Menon,Female,49,West,Rajasthan,Jaipur,2024-06-01
13092,Aditya Pillai,Male,60,East,Jharkhand,Ranchi,2025-01-11
13093,Ishita Rao,Male,29,West,Rajasthan,Jaipur,2024-03-05
13094,Karthik Pillai,Male,52,North,Rajasthan,Jaipur,2025-05-12
13095,Aditya Patel,Male,58,South,Andhra Pradesh,Vijayawada,2025-04-08
13096,Arjun Verma,Female,20,North,Punjab,Ludhiana,2023-02-12
13097,Ananya Joshi,Female,51,East,West Bengal,Kolkata,2024-02-08
13098,Rohan Sharma,Male,55,South,Tamil Nadu,Chennai,2023-06-18
13099,Priya Menon,Male,41,South,Tamil Nadu,Madurai,2023-07-22
13100,Ananya Sharma,Male,55,West,Goa,Panaji,2024-12-06
13101,Vikram Patel,Male,34,South,Karnataka,Bengaluru,2024-06-26
13102,Sneha Rao,Male,57,North,Haryana,Gurugram,2023-04-12
13103,Vikram Verma,Male,18,East,Odisha,Cuttack,2023-12-12
13104,Aditya Patel,Male,25,West,Rajasthan,Jaipur,2024-08-25
13105,Vihaan Das,Unknown,32,South,Kerala,Kochi,2024-03-17
13106,Aarav Verma,Female,42,West,Rajasthan,Jaipur,2023-09-07
13107,Karthik Nair,Male,25,North,Haryana,Faridabad,2025-05-27
13108,Rohan Rao,Female,49,South,Tamil Nadu,Madurai,2024-11-01
13109,Rahul Verma,Female,30,West,Goa,Panaji,2023-09-05
13110,Ishita Rao,Female,32,North,Rajasthan,Jaipur,2024-10-13
13111,Rahul Kumar,Male,23,North,Delhi,New Delhi,2025-06-19
13112,Karthik Verma,Female,50,South,Karnataka,Mysuru,2023-04-01
13113,Aditya Das,Male,24,North,Punjab,Amritsar,2024-07-21
13114,Nisha Reddy,Female,50,South,Telangana,Warangal,2024-07-01
13115,Diya Rao,Female,46,South,Kerala,Kochi,2023-03-21
13116,Rohan Nair,Male,55,East,Assam,Guwahati,2025-07-22
13117,Priya Singh,Male,54,North,Rajasthan,Jaipur,2025-09-07
13118,Vikram Reddy,Female,49,South,Telangana,Hyderabad,2025-05-19
13119,Ishita Menon,Female,20,South,Telangana,Hyderabad,2023-06-18
13120,Nisha Nair,Female,37,South,Kerala,Kozhikode,2024-09-15
13121,Meera Verma,Female,31,South,Karnataka,Mysuru,2024-01-14
13122,Aditya Gupta,Female,45,South,Andhra Pradesh,Vijayawada,2023-07-13
13123,Vikram Reddy,Female,55,South,Telangana,Warangal,2023-09-21
13124,Diya Joshi,Male,21,West,Goa,Panaji,2024-06-04
13125,Aditya Pillai,Male,32,North,Punjab,Amritsar,2025-07-07
13126,Vikram Das,Female,34,North,Haryana,Faridabad,2024-04-23
13127,Aisha Menon,Male,54,North,Rajasthan,Jaipur,2024-07-27
13128,Diya Patel,Female,41,South,Andhra Pradesh,Visakhapatnam,2025-04-22
13129,Ishita Das,Male,55,East,Bihar,Patna,2025-06-14
13130,Aisha Joshi,Female,59,North,Punjab,Amritsar,2024-05-31
13131,Rohan Menon,Male,58,North,Punjab,Ludhiana,2025-10-20
13132,Aditya Gupta,Male,53,North,Haryana,Gurugram,2025-06-14
13133,Meera Reddy,Male,58,East,Bihar,Patna,2024-04-09
13134,Karthik Menon,Male,39,West,Goa,Panaji,2024-09-04
13135,Diya Kumar,Female,20,South,Karnataka,Mangaluru,2024-08-27
13136,Rohan Joshi,Female,47,North,Rajasthan,Udaipur,2024-09-12
13137,Aisha Singh,Female,39,North,Rajasthan,Udaipur,2025-09-26
13138,Rohan Singh,Male,50,North,Rajasthan,Jaipur,2024-07-08
13139,Nisha Rao,Male,42,West,Maharashtra,Mumbai,2023-05-16
13140,Diya Reddy,Male,47,South,Karnataka,Bengaluru,2023-11-26
13141,Aarav Patel,Male,54,West,Rajasthan,Jaipur,2025-08-12
13142,Vikram Rao,Male,39,East,West Bengal,Kolkata,2024-01-30
13143,Ananya Singh,Male,21,West,Rajasthan,Udaipur,2023-06-05
13144,Ananya Joshi,Female,46,West,Rajasthan,Jaipur,2025-11-28
13145,Aditya Sharma,Female,49,South,Kerala,Kozhikode,2025-05-19
13146,Nisha Das,Female,40,West,Gujarat,Surat,2024-06-21
13147,Aisha Menon,Female,36,East,Odisha,Cuttack,2025-12-05
13148,Karthik Joshi,Male,32,North,Delhi,New Delhi,2024-10-29
13149,Priya Menon,Female,33,North,Rajasthan,Udaipur,2023-09-01
13150,Vikram Sharma,Male,40,West,Rajasthan,Udaipur,2024-06-30
13151,Aarav Reddy,Male,57,North,Haryana,Faridabad,2024-03-25
13152,Vikram Pillai,Female,54,South,Karnataka,Bengaluru,2023-10-05
13153,Ananya Rao,Female,18,North,Haryana,Gurugram,2025-01-23
13154,Rohan Das,Female,36,West,Goa,Panaji,2024-02-10
13155,Aisha Sharma,Female,54,West,Gujarat,Vadodara,2025-02-09
13156,Arjun Reddy,Male,52,North,Punjab,Ludhiana,2025-12-05
13157,Aditya Singh,Male,47,East,Jharkhand,Ranchi,2025-01-18
13158,Aarav Verma,Male,34,South,Kerala,Thiruvananthapuram,2025-02-10
13159,Priya Gupta,Other,56,North,Haryana,Gurugram,2023-08-26
13160,Vihaan Kumar,Female,43,South,Andhra Pradesh,Vijayawada,2023-07-20
13161,Rohan Rao,Female,30,West,Goa,Panaji,2025-01-15
13162,Sneha Sharma,Male,39,South,Karnataka,Mysuru,2023-08-20
13163,Priya Singh,Male,40,South,Kerala,Thiruvananthapuram,2024-12-24
13164,Aisha Menon,Male,60,West,Gujarat,Vadodara,2024-12-25
13165,Ishita Patel,Female,50,South,Telangana,Hyderabad,2023-03-28
13166,Vikram Nair,Male,44,West,Gujarat,Vadodara,2024-12-03
13167,Ishita Singh,Male,52,East,Odisha,Bhubaneswar,2025-03-30
13168,Vikram Das,Male,29,South,Telangana,Hyderabad,2023-02-23
13169,Aarav Pillai,Female,26,North,Uttar Pradesh,Kanpur,2025-12-01
13170,Nisha Patel,Male,51,West,Maharashtra,Nagpur,2025-01-11
13171,Nisha Das,Female,31,North,Uttar Pradesh,Noida,2024-11-24
13172,Aarav Iyer,Male,54,South,Andhra Pradesh,Vijayawada,2024-03-11
13173,Aditya Sharma,Male,20,South,Kerala,Kozhikode,2024-08-16
13174,Vihaan Das,Male,38,South,Tamil Nadu,Coimbatore,2024-03-17
13175,Rahul Rao,Unknown,24,South,Karnataka,Mangaluru,2023-06-16
13176,Aditya Nair,Female,50,South,Telangana,Warangal,2024-07-19
13177,Aisha Nair,Male,52,North,Rajasthan,Jaipur,2023-03-14
13178,Vihaan Kumar,Male,28,East,Odisha,Bhubaneswar,2024-12-25
13179,Ishita Joshi,Female,49,North,Uttar Pradesh,Lucknow,2025-08-05
13180,Priya Gupta,Female,39,North,Delhi,New Delhi,2023-09-27
13181,Ananya Gupta,Male,59,South,Telangana,Warangal,2023-08-07
13182,Karthik Das,Male,36,South,Kerala,Thiruvananthapuram,2024-06-30
13183,Vikram Sharma,Female,53,South,Tamil Nadu,Coimbatore,2023-11-04
13184,Ishita Menon,Female,54,South,Kerala,Kozhikode,2024-02-25
13185,Aisha Iyer,Female,28,West,Rajasthan,Udaipur,2025-04-28
13186,Aisha Kumar,Female,58,West,Rajasthan,Udaipur,2025-06-04
13187,Sneha Gupta,Male,30,West,Goa,Panaji,2024-04-06
13188,Vikram Rao,Female,45,West,Maharashtra,Mumbai,2024-08-07
13189,Sneha Reddy,Male,32,North,Haryana,Faridabad,2025-07-04
13190,Aditya Reddy,Female,30,North,Delhi,New Delhi,2023-02-07
13191,Arjun Das,Female,60,South,Tamil Nadu,Coimbatore,2024-03-01
13192,Diya Gupta,Male,50,East,Jharkhand,Ranchi,2024-03-09
13193,Priya Joshi,Female,25,East,Assam,Guwahati,2025-11-20
13194,Arjun Pillai,Female,49,South,Andhra Pradesh,Vijayawada,2023-07-24
13195,Rahul Kumar,Female,54,West,Rajasthan,Jaipur,2024-12-05
13196,Priya Reddy,Male,21,West,Gujarat,Surat,2025-01-11
13197,Vikram Patel,Male,35,East,Bihar,Patna,2023-02-09
13198,Sneha Pillai,Female,40,East,Assam,Guwahati,2025-04-20
13199,Aarav Joshi,Female,46,South,Karnataka,Mysuru,2025-06-24
13200,Rohan Gupta,Male,19,West,Gujarat,Ahmedabad,2023-06-17
13201,Karthik Singh,Male,30,West,Goa,Panaji,2024-10-03
13202,Ishita Das,Male,33,West,Gujarat,Vadodara,2024-11-17
13203,Ananya Kumar,Female,25,South,Tamil Nadu,Chennai,2024-08-22
13204,Rahul Menon,Female,36,East,Jharkhand,Ranchi,2023-04-12
13205,Vikram Verma,Female,49,North,Rajasthan,Udaipur,2025-01-29
13206,Aarav Patel,Female,20,North,Delhi,New Delhi,2024-12-18
13207,Karthik Pillai,Female,49,East,Jharkhand,Ranchi,2023-03-30
13208,Vikram Nair,Male,58,North,Delhi,New Delhi,2023-12-11
13209,Aarav Reddy,Female,39,West,Rajasthan,Jaipur,2025-03-10
13210,Karthik Gupta,Female,42,North,Haryana,Gurugram,2024-08-30
13211,Diya Pillai,Other,34,South,Telangana,Hyderabad,2023-06-08
13212,Nisha Reddy,Male,42,North,Uttar Pradesh,Kanpur,2024-06-19
13213,Vikram Rao,Male,50,South,Tamil Nadu,Chennai,2023-06-12
13214,Aditya Gupta,Male,48,North,Uttar Pradesh,Lucknow,2023-10-13
13215,Aarav Reddy,Female,53,South,Telangana,Hyderabad,2025-05-14
13216,Rohan Das,Male,40,South,Andhra Pradesh,Vijayawada,2023-02-24
13217,Arjun Kumar,Female,42,South,Karnataka,Bengaluru,2024-07-29
13218,Vihaan Reddy,Female,47,South,Telangana,Warangal,2023-02-02
13219,Ishita Joshi,Male,30,North,Delhi,New Delhi,2024-07-11
13220,Arjun Kumar,Female,60,North,Punjab,Amritsar,2024-12-31
13221,Vikram Nair,Female,46,West,Maharashtra,Mumbai,2025-09-19
13222,Nisha Rao,Female,33,South,Telangana,Hyderabad,2025-03-11
13223,Aditya Gupta,Male,55,South,Karnataka,Bengaluru,2023-07-15
13224,Rohan Sharma,Male,44,South,Kerala,Kochi,2024-03-23
13225,Aditya Iyer,Female,43,South,Telangana,Warangal,2025-07-13
13226,Vihaan Menon,Male,28,East,Bihar,Patna,2023-04-02
13227,Meera Iyer,Female,54,South,Andhra Pradesh,Vijayawada,2024-08-30
13228,Ananya Das,Other,20,West,Maharashtra,Nagpur,2023-10-13
13229,Aditya Verma,Female,43,South,Kerala,Thiruvananthapuram,2025-05-23
13230,Ananya Sharma,Male,51,South,Telangana,Hyderabad,2023-04-12
13231,Nisha Reddy,Male,50,West,Rajasthan,Udaipur,2023-05-20
13232,Diya Nair,Female,32,North,Delhi,New Delhi,2025-04-14
13233,Ishita Verma,Female,19,South,Telangana,Hyderabad,2023-09-23
13234,Aditya Patel,Male,45,South,Karnataka,Mangaluru,2024-07-26
13235,Ishita Menon,Male,37,West,Rajasthan,Udaipur,2024-06-18
13236,Rahul Singh,Female,55,South,Tamil Nadu,Coimbatore,2024-06-06
13237,Nisha Pillai,Male,33,South,Andhra Pradesh,Visakhapatnam,2023-01-16
13238,Rahul Rao,Male,21,East,Jharkhand,Ranchi,2024-07-14
13239,Rohan Iyer,Male,25,North,Delhi,New Delhi,2025-05-27
13240,Vikram Nair,Male,37,West,Rajasthan,Udaipur,2023-12-02
13241,Sneha Das,Male,43,West,Goa,Panaji,2025-06-28
13242,Nisha Joshi,Male,49,West,Gujarat,Ahmedabad,2023-06-19
13243,Vihaan Patel,Male,30,West,Maharashtra,Mumbai,2025-07-01
13244,Ananya Rao,Female,22,North,Rajasthan,Jaipur,2023-04-29
13245,Arjun Iyer,Female,59,North,Delhi,New Delhi,2025-12-01
13246,Aisha Nair,Male,30,South,Tamil Nadu,Madurai,2025-10-09
13247,Aarav Patel,Female,58,West,Maharashtra,Nagpur,2023-01-10
13248,Vikram Gupta,Male,28,West,Goa,Panaji,2024-03-05
13249,Vikram Iyer,Male,54,East,Bihar,Patna,2023-02-18
13250,Ishita Das,Male,49,North,Uttar Pradesh,Kanpur,2023-07-26
13251,Rohan Verma,Female,59,West,Gujarat,Ahmedabad,2024-05-28
13252,Vikram Rao,Male,35,South,Karnataka,Bengaluru,2023-02-06
13253,Aisha Sharma,Male,46,North,Delhi,New Delhi,2023-08-06
13254,Sneha Verma,Female,32,South,Telangana,Hyderabad,2023-06-29
13255,Aditya Nair,Male,37,South,Karnataka,Mysuru,2023-05-10
13256,Rohan Patel,Female,53,South,Telangana,Warangal,2024-09-02
13257,Arjun Singh,Female,22,North,Haryana,Gurugram,2024-10-20
13258,Meera Singh,Female,57,South,Andhra Pradesh,Vijayawada,2023-12-25
13259,Arjun Verma,Male,54,West,Goa,Panaji,2024-09-18
13260,Priya Patel,Male,50,East,Assam,Guwahati,2025-10-24
13261,Meera Gupta,Other,35,South,Karnataka,Mangaluru,2024-05-20
13262,Rohan Joshi,Female,36,West,Goa,Panaji,2025-03-28
13263,Arjun Singh,Female,49,West,Maharashtra,Nagpur,2025-03-04
13264,Arjun Joshi,Male,59,South,Karnataka,Bengaluru,2025-04-18
13265,Meera Sharma,Male,39,North,Delhi,New Delhi,2024-09-14
13266,Aarav Pillai,Male,58,South,Karnataka,Mysuru,2024-09-20
13267,Aarav Kumar,Male,18,West,Rajasthan,Jaipur,2023-04-07
13268,Karthik Menon,Male,42,West,Gujarat,Ahmedabad,2025-03-29
13269,Diya Rao,Male,37,North,Haryana,Gurugram,2024-08-21
13270,Rahul Rao,Female,52,North,Rajasthan,Jaipur,2025-07-22
13271,Vihaan Gupta,Male,23,South,Telangana,Warangal,2024-03-04
13272,Aisha Singh,Male,23,South,Telangana,Hyderabad,2024-06-26
13273,Meera Pillai,Male,54,North,Haryana,Faridabad,2024-01-02
13274,Nisha Menon,Male,20,West,Gujarat,Surat,2025-12-04
13275,Aisha Reddy,Male,54,North,Rajasthan,Jaipur,2023-02-21
13276,Priya Singh,Male,48,North,Haryana,Faridabad,2024-07-17
13277,Rahul Iyer,Male,52,North,Rajasthan,Jaipur,2024-05-13
13278,Aditya Verma,Female,32,West,Rajasthan,Jaipur,2025-09-03
13279,Priya Das,Male,34,South,Kerala,Thiruvananthapuram,2023-11-19
13280,Rahul Nair,Female,32,North,Uttar Pradesh,Noida,2024-07-09
13281,Aditya Das,Female,22,West,Maharashtra,Mumbai,2023-08-07
13282,Vikram Verma,Female,39,South,Telangana,Hyderabad,2024-06-17
13283,Aisha Pillai,Male,28,East,Bihar,Patna,2024-10-03
13284,Ishita Joshi,Male,45,East,Assam,Guwahati,2024-06-02
13285,Diya Pillai,Female,31,West,Rajasthan,Udaipur,2023-02-13
13286,Diya Iyer,Female,56,South,Karnataka,Mangaluru,2023-03-06
13287,Vikram Joshi,Female,20,West,Rajasthan,Jaipur,2023-09-03
13288,Meera Menon,Male,59,North,Rajasthan,Udaipur,2025-09-13
13289,Priya Patel,Female,28,East,West Bengal,Kolkata,2025-12-30
13290,Karthik Menon,Female,47,South,Andhra Pradesh,Visakhapatnam,2023-06-07
13291,Rohan Joshi,Female,55,South,Kerala,Kozhikode,2025-07-26
13292,Rohan Kumar,Male,22,East,Odisha,Bhubaneswar,2025-11-14
13293,Karthik Singh,Male,39,West,Maharashtra,Nagpur,2025-04-04
13294,Meera Singh,Male,30,West,Rajasthan,Jaipur,2023-06-09
13295,Aditya Pillai,Male,38,East,Assam,Guwahati,2025-03-28
13296,Sneha Verma,Female,54,South,Andhra Pradesh,Visakhapatnam,2025-10-01
13297,Vihaan Rao,Female,42,North,Rajasthan,Jaipur,2023-03-16
13298,Nisha Patel,Female,38,South,Tamil Nadu,Chennai,2023-05-18
13299,Ishita Rao,Male,45,West,Gujarat,Surat,2024-04-23
13300,Vihaan Rao,Female,58,North,Rajasthan,Jaipur,2024-07-06
13301,Aisha Reddy,Male,21,West,Gujarat,Surat,2024-01-22
13302,Vihaan Patel,Female,46,East,Assam,Guwahati,2024-04-16
13303,Priya Reddy,Female,52,West,Goa,Panaji,2023-11-05
13304,Ishita Pillai,Male,40,South,Karnataka,Mysuru,2025-06-05
13305,Diya Joshi,Male,24,South,Tamil Nadu,Chennai,2024-12-01
13306,Karthik Iyer,Male,26,West,Gujarat,Ahmedabad,2025-09-26
13307,Aditya Das,Male,40,West,Maharashtra,Pune,2025-08-09
13308,Rohan Gupta,Female,20,South,Andhra Pradesh,Vijayawada,2025-12-14
13309,Vikram Patel,Male,26,West,Maharashtra,Mumbai,2025-02-24
13310,Sneha Sharma,Male,21,West,Rajasthan,Udaipur,2023-11-01
13311,Rahul Sharma,Male,42,North,Rajasthan,Jaipur,2023-04-12
13312,Karthik Rao,Female,23,North,Uttar Pradesh,Lucknow,2025-02-13
13313,Vikram Menon,Male,35,North,Delhi,New Delhi,2025-12-08
13314,Rahul Reddy,Male,24,South,Kerala,Thiruvananthapuram,2024-07-25
13315,Vihaan Iyer,Female,52,South,Karnataka,Mysuru,2023-05-28
13316,Aisha Reddy,Male,48,North,Uttar Pradesh,Lucknow,2024-08-19
13317,Sneha Kumar,Male,55,West,Goa,Panaji,2025-09-04
13318,Priya Nair,Female,49,South,Andhra Pradesh,Vijayawada,2025-12-06
13319,Rohan Kumar,Male,52,North,Punjab,Amritsar,2024-05-13
13320,Aisha Singh,Female,45,North,Rajasthan,Jaipur,2023-06-04
13321,Sneha Joshi,Female,22,West,Goa,Panaji,2023-08-18
13322,Vihaan Rao,Female,47,South,Karnataka,Mangaluru,2023-06-07
13323,Nisha Iyer,Male,39,North,Rajasthan,Udaipur,2025-07-11
13324,Rahul Singh,Female,34,West,Goa,Panaji,2024-07-21
13325,Priya Iyer,Female,27,North,Haryana,Gurugram,2023-10-26
13326,Ananya Pillai,Male,24,North,Punjab,Amritsar,2025-12-13
13327,Karthik Pillai,Male,21,North,Punjab,Ludhiana,2025-02-04
13328,Aisha Patel,Male,59,West,Goa,Panaji,2024-07-18
13329,Aditya Gupta,Female,44,South,Karnataka,Mangaluru,2024-04-11
13330,Diya Menon,Female,24,North,Rajasthan,Udaipur,2024-04-30
13331,Karthik Menon,Female,40,North,Delhi,New Delhi,2024-03-19
13332,Diya Patel,Male,28,North,Rajasthan,Udaipur,2025-06-23
13333,Vihaan Joshi,Male,25,South,Tamil Nadu,Chennai,2025-05-12
13334,Vihaan Kumar,Female,25,South,Tamil Nadu,Coimbatore,2025-07-14
13335,Ishita Iyer,Other,54,East,Jharkhand,Ranchi,2023-10-19
13336,Ishita Menon,Male,22,North,Haryana,Faridabad,2025-01-21
13337,Nisha Iyer,Male,24,East,Jharkhand,Ranchi,2025-05-24
13338,Nisha Sharma,Male,39,North,Delhi,New Delhi,2024-10-24
13339,Vihaan Kumar,Male,53,West,Goa,Panaji,2025-07-08
13340,Ishita Reddy,Female,19,North,Uttar Pradesh,Lucknow,2025-06-27
13341,Vikram Patel,Female,41,East,Odisha,Bhubaneswar,2023-05-04
13342,Rahul Rao,Male,19,West,Goa,Panaji,2023-03-09
13343,Aisha Iyer,Male,29,North,Uttar Pradesh,Kanpur,2024-04-19
13344,Aisha Sharma,Male,59,South,Telangana,Hyderabad,2023-12-24
13345,Aisha Pillai,Female,43,West,Goa,Panaji,2024-06-04
13346,Rahul Gupta,Male,55,North,Delhi,New Delhi,2025-04-12
13347,Rahul Pillai,Male,23,South,Tamil Nadu,Madurai,2024-09-15
13348,Meera Nair,Male,40,South,Andhra Pradesh,Vijayawada,2024-03-02
13349,Rohan Kumar,Male,19,South,Telangana,Hyderabad,2025-10-05
13350,Aditya Rao,Female,43,South,Karnataka,Bengaluru,2024-03-18
13351,Aisha Iyer,Male,31,South,Kerala,Thiruvananthapuram,2024-08-23
13352,Rahul Verma,Male,35,West,Goa,Panaji,2025-01-31
13353,Diya Patel,Female,55,East,Bihar,Patna,2025-08-12
13354,Sneha Reddy,Male,49,West,Gujarat,Surat,2024-05-01
13355,Nisha Singh,Male,31,South,Andhra Pradesh,Visakhapatnam,2025-01-08
13356,Vihaan Gupta,Unknown,47,South,Telangana,Hyderabad,2024-10-09
13357,Rahul Sharma,Female,30,North,Haryana,Faridabad,2025-06-14
13358,Aditya Verma,Female,57,West,Gujarat,Vadodara,2023-01-05
13359,Rahul Gupta,Female,48,North,Haryana,Faridabad,2024-09-23
13360,Aarav Pillai,Other,54,North,Delhi,New Delhi,2025-05-26
13361,Vikram Singh,Male,55,North,Delhi,New Delhi,2025-09-12
13362,Rohan Patel,Male,39,South,Andhra Pradesh,Visakhapatnam,2023-01-26
13363,Aarav Rao,Male,45,North,Uttar Pradesh,Noida,2023-06-11
13364,Ishita Verma,Male,36,South,Andhra Pradesh,Vijayawada,2025-01-14
13365,Aarav Rao,Male,60,East,Jharkhand,Ranchi,2024-06-16
13366,Karthik Verma,Other,33,North,Delhi,New Delhi,2025-06-01
13367,Sneha Kumar,Female,22,South,Kerala,Kochi,2024-02-14
13368,Arjun Kumar,Male,19,South,Tamil Nadu,Chennai,2025-05-04
13369,Arjun Kumar,Male,27,South,Kerala,Kochi,2025-06-19
13370,Meera Sharma,Male,36,North,Haryana,Gurugram,2023-01-09
13371,Ananya Patel,Female,37,South,Tamil Nadu,Madurai,2023-02-19
13372,Rohan Iyer,Male,46,West,Gujarat,Vadodara,2024-03-17
13373,Nisha Reddy,Female,42,South,Telangana,Hyderabad,2023-02-05
13374,Rahul Nair,Female,34,North,Uttar Pradesh,Kanpur,2023-04-28
13375,Karthik Iyer,Male,30,North,Haryana,Faridabad,2024-12-02
13376,Meera Rao,Female,33,North,Haryana,Faridabad,2025-01-23
13377,Meera Nair,Male,52,North,Uttar Pradesh,Noida,2023-08-18
13378,Aisha Iyer,Female,53,South,Tamil Nadu,Coimbatore,2024-07-13
13379,Priya Nair,Male,56,South,Telangana,Hyderabad,2023-07-27
13380,Arjun Joshi,Male,20,North,Uttar Pradesh,Noida,2025-12-20
13381,Aditya Joshi,Other,26,West,Goa,Panaji,2023-08-27
13382,Meera Nair,Female,57,West,Gujarat,Surat,2025-05-16
13383,Ananya Rao,Male,46,South,Andhra Pradesh,Vijayawada,2023-02-17
13384,Rahul Reddy,Male,39,South,Kerala,Thiruvananthapuram,2025-01-26
13385,Rahul Singh,Male,20,South,Andhra Pradesh,Vijayawada,2024-05-31
13386,Aarav Pillai,Female,27,East,Assam,Guwahati,2023-07-24
13387,Ishita Sharma,Male,48,South,Telangana,Warangal,2023-03-31
13388,Ananya Joshi,Female,28,West,Rajasthan,Jaipur,2024-05-14
13389,Aarav Kumar,Male,34,South,Andhra Pradesh,Vijayawada,2025-11-09
13390,Aisha Joshi,Male,57,North,Haryana,Gurugram,2023-01-07
13391,Nisha Iyer,Female,58,South,Andhra Pradesh,Vijayawada,2023-11-18
13392,Sneha Verma,Male,25,East,Jharkhand,Ranchi,2023-09-25
13393,Priya Iyer,Female,19,East,Odisha,Cuttack,2023-10-23
13394,Ishita Pillai,Female,21,South,Andhra Pradesh,Visakhapatnam,2024-07-23
13395,Vikram Pillai,Male,33,East,Odisha,Cuttack,2023-09-21
13396,Sneha Nair,Female,58,East,Jharkhand,Ranchi,2023-03-31
13397,Vihaan Patel,Male,58,North,Punjab,Ludhiana,2025-05-02
13398,Rahul Reddy,Male,38,North,Punjab,Amritsar,2024-05-02
13399,Sneha Rao,Male,22,South,Andhra Pradesh,Vijayawada,2024-02-05
13400,Karthik Gupta,Female,52,West,Maharashtra,Mumbai,2023-12-23
13401,Rohan Patel,Male,31,South,Tamil Nadu,Chennai,2025-01-24
13402,Arjun Sharma,Male,32,South,Tamil Nadu,Madurai,2024-05-13
13403,Vihaan Joshi,Male,23,East,Bihar,Patna,2025-04-13
13404,Aisha Menon,Male,33,South,Tamil Nadu,Chennai,2024-03-10
13405,Diya Das,Male,40,North,Delhi,New Delhi,2023-04-29
13406,Vihaan Menon,Male,48,North,Rajasthan,Udaipur,2025-12-06
13407,Karthik Pillai,Male,59,East,West Bengal,Kolkata,2025-10-19
13408,Nisha Singh,Male,29,East,West Bengal,Kolkata,2023-12-14
13409,Karthik Gupta,Male,58,South,Telangana,Warangal,2024-06-22
13410,Aisha Gupta,Female,36,South,Telangana,Warangal,2024-06-13
13411,Rahul Gupta,Female,29,West,Maharashtra,Nagpur,2023-10-30
13412,Diya Das,Male,30,South,Telangana,Hyderabad,2023-07-21
13413,Aisha Pillai,Female,19,South,Kerala,Kochi,2023-06-05
13414,Rohan Kumar,Male,37,West,Maharashtra,Pune,2023-01-14
13415,Vihaan Menon,Male,48,North,Punjab,Ludhiana,2025-11-09
13416,Aditya Singh,Female,39,West,Rajasthan,Udaipur,2025-01-25
13417,Aisha Gupta,Female,38,South,Telangana,Hyderabad,2025-06-07
13418,Aisha Nair,Other,25,North,Punjab,Amritsar,2024-03-20
13419,Aarav Pillai,Female,56,South,Karnataka,Bengaluru,2023-05-02
13420,Nisha Menon,Male,54,South,Tamil Nadu,Madurai,2023-07-03
13421,Nisha Reddy,Female,46,North,Delhi,New Delhi,2024-11-01
13422,Priya Nair,Female,36,North,Rajasthan,Jaipur,2023-02-18
13423,Ishita Menon,Male,52,North,Rajasthan,Udaipur,2023-06-30
13424,Nisha Nair,Other,55,South,Telangana,Warangal,2023-05-21
13425,Ishita Gupta,Male,43,North,Uttar Pradesh,Noida,2024-06-13
13426,Ishita Sharma,Female,28,North,Rajasthan,Jaipur,2024-08-06
13427,Priya Rao,Male,53,West,Maharashtra,Mumbai,2024-04-15
13428,Vihaan Kumar,Male,52,North,Uttar Pradesh,Lucknow,2023-05-23
13429,Priya Nair,Female,21,East,Assam,Guwahati,2024-12-07
13430,Sneha Pillai,Unknown,20,West,Gujarat,Vadodara,2023-10-21
13431,Ananya Singh,Female,29,West,Rajasthan,Jaipur,2024-02-26
13432,Vihaan Iyer,Female,49,East,West Bengal,Kolkata,2024-07-17
13433,Karthik Reddy,Male,43,North,Delhi,New Delhi,2024-02-21
13434,Aarav Patel,Male,60,West,Goa,Panaji,2024-10-22
13435,Nisha Pillai,Female,60,North,Haryana,Faridabad,2025-07-01
13436,Diya Verma,Female,30,West,Maharashtra,Mumbai,2023-02-28
13437,Priya Nair,Female,55,South,Tamil Nadu,Chennai,2025-10-12
13438,Vihaan Verma,Female,46,West,Goa,Panaji,2023-09-15
13439,Arjun Rao,Male,36,East,Assam,Guwahati,2025-03-03
13440,Priya Gupta,Male,52,East,West Bengal,Kolkata,2024-06-14
13441,Diya Singh,Male,58,South,Tamil Nadu,Chennai,2023-06-15
13442,Meera Rao,Other,44,West,Goa,Panaji,2025-11-14
13443,Aditya Gupta,Female,48,South,Tamil Nadu,Chennai,2023-01-04
13444,Arjun Kumar,Male,20,East,Assam,Guwahati,2023-01-03
13445,Ananya Iyer,Male,52,East,Bihar,Patna,2024-02-22
13446,Aarav Joshi,Male,41,North,Punjab,Amritsar,2023-12-28
13447,Rohan Pillai,Female,24,North,Delhi,New Delhi,2025-06-24
13448,Rohan Patel,Male,52,North,Punjab,Ludhiana,2024-01-04
13449,Aarav Reddy,Female,38,West,Gujarat,Vadodara,2024-06-22
13450,Aisha Verma,Male,18,South,Kerala,Kozhikode,2025-05-29
13451,Ishita Sharma,Male,23,West,Rajasthan,Jaipur,2023-12-12
13452,Ananya Singh,Female,56,North,Uttar Pradesh,Kanpur,2024-12-31
13453,Karthik Pillai,Male,51,North,Haryana,Gurugram,2025-06-15
13454,Vikram Singh,Female,35,West,Maharashtra,Pune,2025-12-03
13455,Rohan Gupta,Male,42,East,Jharkhand,Ranchi,2024-12-24
13456,Diya Pillai,Male,32,South,Andhra Pradesh,Vijayawada,2024-07-17
13457,Ananya Kumar,Male,49,West,Gujarat,Surat,2023-07-21
13458,Meera Menon,Female,59,North,Haryana,Faridabad,2023-11-17
13459,Meera Reddy,Female,35,North,Punjab,Ludhiana,2024-04-08
13460,Arjun Joshi,Male,48,North,Rajasthan,Udaipur,2025-10-31
13461,Ishita Rao,Male,46,South,Karnataka,Bengaluru,2024-09-24
13462,Diya Menon,Female,32,South,Karnataka,Mysuru,2023-11-29
13463,Priya Gupta,Male,40,North,Delhi,New Delhi,2023-01-15
13464,Nisha Pillai,Male,55,West,Gujarat,Ahmedabad,2025-12-16
13465,Priya Joshi,Male,58,South,Telangana,Warangal,2025-12-23
13466,Aditya Menon,Female,28,North,Delhi,New Delhi,2023-08-18
13467,Priya Joshi,Male,32,West,Rajasthan,Udaipur,2023-01-11
13468,Meera Patel,Male,40,North,Rajasthan,Udaipur,2024-06-25
13469,Priya Kumar,Male,20,North,Haryana,Faridabad,2024-06-05
13470,Aarav Gupta,Male,36,South,Telangana,Hyderabad,2025-12-13
13471,Sneha Verma,Female,18,South,Kerala,Thiruvananthapuram,2025-02-05
13472,Aisha Rao,Female,41,North,Haryana,Gurugram,2024-10-02
13473,Rohan Iyer,Male,28,North,Uttar Pradesh,Lucknow,2024-07-23
13474,Aarav Verma,Male,47,North,Haryana,Faridabad,2024-02-09
13475,Nisha Nair,Male,28,North,Haryana,Faridabad,2024-12-07
13476,Meera Singh,Female,56,North,Punjab,Amritsar,2025-07-17
13477,Rohan Joshi,Male,18,East,West Bengal,Kolkata,2024-08-15
13478,Rahul Nair,Other,29,West,Maharashtra,Pune,2023-07-05
13479,Meera Joshi,Male,21,West,Rajasthan,Udaipur,2025-06-13
13480,Vikram Singh,Male,42,West,Goa,Panaji,2023-03-20
13481,Vihaan Pillai,Male,25,South,Kerala,Kozhikode,2023-05-25
13482,Ananya Menon,Female,32,West,Goa,Panaji,2023-01-14
13483,Sneha Sharma,Female,60,South,Andhra Pradesh,Visakhapatnam,2023-01-02
13484,Rohan Iyer,Male,47,East,Jharkhand,Ranchi,2024-05-30
13485,Diya Kumar,Male,57,West,Rajasthan,Udaipur,2025-01-25
13486,Aditya Nair,Male,49,West,Rajasthan,Jaipur,2023-03-07
13487,Diya Nair,Male,52,West,Gujarat,Surat,2023-09-03
13488,Rohan Iyer,Male,38,South,Andhra Pradesh,Visakhapatnam,2024-07-25
13489,Rahul Singh,Male,48,South,Kerala,Kochi,2024-03-11
13490,Diya Joshi,Female,53,West,Goa,Panaji,2023-12-19
13491,Nisha Pillai,Male,44,South,Karnataka,Bengaluru,2024-11-09
13492,Ishita Iyer,Male,25,North,Punjab,Ludhiana,2024-01-18
13493,Nisha Verma,Male,40,East,Assam,Guwahati,2025-12-19
13494,Karthik Singh,Male,40,East,Bihar,Patna,2024-04-14
13495,Meera Gupta,Male,59,North,Punjab,Amritsar,2023-03-15
13496,Priya Iyer,Male,50,South,Karnataka,Mangaluru,2023-01-26
13497,Sneha Rao,Male,30,East,West Bengal,Kolkata,2025-04-14
13498,Arjun Menon,Female,56,East,West Bengal,Kolkata,2024-09-19
13499,Ishita Gupta,Male,52,South,Andhra Pradesh,Vijayawada,2025-02-12
13500,Meera Das,Male,33,North,Rajasthan,Udaipur,2025-10-05
13501,Aisha Sharma,Female,29,South,Kerala,Kochi,2023-09-23
13502,Aditya Menon,Male,48,North,Haryana,Gurugram,2024-07-03
13503,Arjun Joshi,Female,22,East,Assam,Guwahati,2023-03-18
13504,Vikram Nair,Male,57,South,Tamil Nadu,Chennai,2025-12-08
13505,Diya Das,Female,42,East,Assam,Guwahati,2025-10-10
13506,Nisha Rao,Female,38,North,Uttar Pradesh,Kanpur,2025-12-31
13507,Aarav Reddy,Female,20,East,Assam,Guwahati,2024-03-22
13508,Karthik Patel,Female,27,West,Rajasthan,Udaipur,2024-05-20
13509,Ishita Kumar,Male,40,North,Uttar Pradesh,Lucknow,2025-09-22
13510,Vihaan Das,Female,34,South,Andhra Pradesh,Visakhapatnam,2025-05-19
13511,Meera Menon,Male,59,South,Karnataka,Mangaluru,2023-10-26
13512,Arjun Joshi,Female,52,South,Andhra Pradesh,Vijayawada,2025-01-03
13513,Aarav Das,Male,42,East,Jharkhand,Ranchi,2025-12-19
13514,Vihaan Joshi,Female,19,North,Uttar Pradesh,Noida,2023-06-06
13515,Diya Kumar,Female,44,East,Bihar,Patna,2023-12-08
13516,Arjun Reddy,Female,26,East,Jharkhand,Ranchi,2025-08-31
13517,Aarav Singh,Male,21,South,Karnataka,Mysuru,2025-06-12
13518,Vikram Das,Female,43,West,Rajasthan,Jaipur,2025-11-24
13519,Ananya Das,Male,49,South,Kerala,Kozhikode,2025-07-05
13520,Diya Sharma,Male,46,South,Karnataka,Mangaluru,2025-11-17
13521,Ananya Gupta,Female,39,South,Karnataka,Bengaluru,2023-11-10
13522,Diya Pillai,Female,30,West,Maharashtra,Mumbai,2024-04-19
13523,Sneha Singh,Female,40,South,Andhra Pradesh,Vijayawada,2024-08-19
13524,Vikram Rao,Female,48,South,Andhra Pradesh,Visakhapatnam,2024-09-27
13525,Karthik Menon,Male,58,South,Karnataka,Bengaluru,2024-03-20
13526,Arjun Rao,Female,53,South,Telangana,Hyderabad,2024-02-21
13527,Rohan Kumar,Male,57,East,Bihar,Patna,2024-03-14
13528,Vikram Patel,Male,48,North,Delhi,New Delhi,2023-06-14
13529,Sneha Patel,Male,32,East,Bihar,Patna,2024-02-24
13530,Sneha Singh,Female,31,West,Rajasthan,Udaipur,2025-09-14
13531,Meera Patel,Male,52,South,Telangana,Hyderabad,2024-04-26
13532,Ishita Iyer,Male,41,North,Punjab,Amritsar,2024-05-31
13533,Rohan Pillai,Female,47,South,Telangana,Hyderabad,2023-03-23
13534,Priya Reddy,Male,47,South,Karnataka,Bengaluru,2023-04-29
13535,Vikram Singh,Female,44,South,Tamil Nadu,Madurai,2023-01-28
13536,Vihaan Pillai,Female,57,South,Andhra Pradesh,Visakhapatnam,2025-02-19
13537,Nisha Gupta,Male,31,South,Tamil Nadu,Coimbatore,2024-05-12
13538,Diya Menon,Other,28,West,Maharashtra,Nagpur,2024-06-20
13539,Diya Pillai,Male,43,North,Haryana,Faridabad,2024-06-02
13540,Aisha Nair,Female,38,South,Kerala,Thiruvananthapuram,2023-07-13
13541,Sneha Iyer,Male,26,South,Telangana,Hyderabad,2024-08-14
13542,Aarav Sharma,Male,18,North,Delhi,New Delhi,2024-03-17
13543,Aisha Pillai,Female,23,South,Telangana,Hyderabad,2025-11-25
13544,Arjun Sharma,Male,18,South,Telangana,Hyderabad,2023-09-15
13545,Ananya Das,Female,39,East,Jharkhand,Ranchi,2023-04-23
13546,Meera Patel,Male,30,South,Karnataka,Mysuru,2023-01-14
13547,Karthik Pillai,Male,55,South,Telangana,Hyderabad,2025-06-29
13548,Ananya Joshi,Female,58,West,Goa,Panaji,2023-05-20
13549,Priya Rao,Male,57,South,Karnataka,Mangaluru,2024-11-27
13550,Rohan Joshi,Male,48,West,Gujarat,Ahmedabad,2025-05-19
13551,Diya Kumar,Female,32,North,Punjab,Amritsar,2023-07-08
13552,Rohan Pillai,Female,19,South,Telangana,Warangal,2023-03-23
13553,Priya Sharma,Male,48,West,Gujarat,Surat,2025-08-15
13554,Nisha Rao,Female,43,West,Maharashtra,Pune,2025-06-16
13555,Vihaan Gupta,Female,19,South,Karnataka,Bengaluru,2025-08-24
13556,Vikram Iyer,Male,28,North,Punjab,Amritsar,2024-01-16
13557,Ishita Joshi,Female,50,South,Tamil Nadu,Chennai,2024-12-22
13558,Nisha Das,Male,35,West,Maharashtra,Pune,2023-11-25
13559,Vihaan Verma,Female,38,South,Karnataka,Mangaluru,2023-03-13
13560,Rahul Gupta,Female,48,West,Maharashtra,Pune,2023-05-13
13561,Priya Reddy,Female,43,South,Telangana,Warangal,2024-07-23
13562,Sneha Verma,Female,47,North,Haryana,Faridabad,2024-04-05
13563,Diya Singh,Male,56,South,Tamil Nadu,Chennai,2023-05-05
13564,Vihaan Patel,Male,38,West,Rajasthan,Jaipur,2025-10-31
13565,Sneha Kumar,Male,33,West,Maharashtra,Pune,2025-07-29
13566,Rahul Kumar,Male,24,North,Rajasthan,Jaipur,2023-01-27
13567,Nisha Iyer,Female,39,West,Maharashtra,Mumbai,2023-07-26
13568,Priya Verma,Female,24,North,Haryana,Gurugram,2023-11-08
13569,Vihaan Verma,Male,19,North,Haryana,Faridabad,2024-01-17
13570,Vikram Singh,Male,54,East,Bihar,Patna,2023-10-23
13571,Sneha Iyer,Female,31,South,Tamil Nadu,Madurai,2024-02-06
13572,Rohan Singh,Male,25,West,Maharashtra,Pune,2023-05-02
13573,Karthik Kumar,Male,46,North,Delhi,New Delhi,2025-01-20
13574,Karthik Pillai,Female,24,East,Bihar,Patna,2023-04-16
13575,Vihaan Sharma,Male,55,East,Bihar,Patna,2025-03-01
13576,Aisha Joshi,Female,39,West,Rajasthan,Jaipur,2025-11-25
13577,Nisha Iyer,Male,34,South,Andhra Pradesh,Vijayawada,2023-03-13
13578,Diya Das,Female,33,West,Rajasthan,Jaipur,2024-07-21
13579,Arjun Menon,Female,50,North,Rajasthan,Udaipur,2023-03-17
13580,Ananya Gupta,Male,56,West,Rajasthan,Udaipur,2024-12-22
13581,Ishita Iyer,Male,52,West,Goa,Panaji,2025-10-06
13582,Sneha Singh,Male,55,North,Delhi,New Delhi,2023-08-16
13583,Aditya Gupta,Male,49,West,Maharashtra,Nagpur,2024-03-28
13584,Rohan Patel,Male,20,East,Assam,Guwahati,2025-02-04
13585,Aisha Pillai,Female,20,West,Gujarat,Vadodara,2024-05-01
13586,Rohan Sharma,Female,25,South,Kerala,Kochi,2024-10-29
13587,Rohan Menon,Female,48,West,Rajasthan,Jaipur,2025-04-09
13588,Ananya Reddy,Male,26,North,Delhi,New Delhi,2025-03-01
13589,Karthik Pillai,Female,22,South,Tamil Nadu,Madurai,2025-08-28
13590,Priya Das,Male,45,South,Tamil Nadu,Coimbatore,2024-05-04
13591,Aisha Iyer,Female,32,East,Odisha,Bhubaneswar,2024-01-11
13592,Vikram Joshi,Female,44,South,Karnataka,Bengaluru,2023-08-19
13593,Ishita Sharma,Female,59,West,Gujarat,Vadodara,2024-12-02
13594,Aisha Pillai,Female,48,West,Maharashtra,Mumbai,2024-04-19
13595,Karthik Rao,Male,57,West,Maharashtra,Mumbai,2023-08-14
13596,Arjun Nair,Male,35,North,Delhi,New Delhi,2023-05-23
13597,Rahul Patel,Female,55,South,Tamil Nadu,Madurai,2024-12-08
13598,Vikram Patel,Male,21,West,Rajasthan,Udaipur,2023-02-23
13599,Priya Pillai,Male,38,West,Goa,Panaji,2023-07-15
13600,Nisha Joshi,Female,59,North,Uttar Pradesh,Lucknow,2025-04-24
13601,Vihaan Pillai,Female,40,South,Telangana,Hyderabad,2023-10-25
13602,Arjun Singh,Male,39,West,Gujarat,Surat,2024-06-20
13603,Rahul Pillai,Male,18,South,Kerala,Thiruvananthapuram,2024-08-01
13604,Aisha Das,Male,42,South,Telangana,Warangal,2024-05-14
13605,Ishita Singh,Female,58,South,Kerala,Thiruvananthapuram,2024-09-15
13606,Meera Pillai,Male,45,South,Tamil Nadu,Coimbatore,2025-04-20
13607,Aisha Pillai,Female,54,North,Uttar Pradesh,Lucknow,2023-07-25
13608,Aisha Menon,Female,28,South,Kerala,Kochi,2025-05-29
13609,Vihaan Sharma,Male,39,East,Assam,Guwahati,2024-02-12
13610,Ananya Reddy,Male,42,East,Odisha,Bhubaneswar,2023-10-06
13611,Arjun Joshi,Male,38,West,Gujarat,Surat,2024-11-07
13612,Vihaan Patel,Female,53,South,Kerala,Kozhikode,2025-07-29
13613,Aditya Iyer,Male,37,West,Rajasthan,Udaipur,2023-09-28
13614,Aarav Verma,Female,33,North,Rajasthan,Udaipur,2024-03-16
13615,Rohan Gupta,Male,45,West,Maharashtra,Mumbai,2023-05-07
13616,Aditya Kumar,Male,46,South,Andhra Pradesh,Visakhapatnam,2024-05-01
13617,Aarav Menon,Female,43,West,Goa,Panaji,2024-07-01
13618,Karthik Joshi,Male,57,North,Punjab,Amritsar,2025-09-12
13619,Diya Sharma,Female,19,North,Punjab,Amritsar,2025-07-25
13620,Sneha Rao,Male,27,South,Kerala,Kozhikode,2025-02-10
13621,Rahul Verma,Female,30,North,Rajasthan,Udaipur,2023-01-19
13622,Ananya Verma,Female,32,South,Karnataka,Mangaluru,2024-02-29
13623,Priya Menon,Female,26,South,Telangana,Hyderabad,2025-07-24
13624,Ishita Reddy,Male,44,East,Assam,Guwahati,2023-02-27
13625,Vikram Pillai,Male,25,South,Telangana,Warangal,2024-02-27
13626,Ananya Singh,Male,23,South,Kerala,Kozhikode,2025-04-23
13627,Arjun Iyer,Male,53,South,Kerala,Kozhikode,2023-03-07
13628,Ananya Verma,Female,41,East,Jharkhand,Ranchi,2025-03-25
13629,Vikram Singh,Male,20,North,Punjab,Ludhiana,2025-06-20
13630,Diya Singh,Unknown,43,North,Delhi,New Delhi,2024-03-12
13631,Ishita Verma,Female,53,North,Haryana,Gurugram,2025-02-28
13632,Rahul Nair,Female,38,South,Kerala,Kozhikode,2025-12-27
13633,Aditya Sharma,Female,30,West,Rajasthan,Jaipur,2023-08-23
13634,Ananya Menon,Male,28,West,Gujarat,Vadodara,2024-11-05
13635,Vihaan Gupta,Male,25,South,Telangana,Hyderabad,2023-04-08
13636,Priya Sharma,Male,31,West,Rajasthan,Udaipur,2025-10-29
13637,Diya Singh,Male,50,East,Bihar,Patna,2025-07-15
13638,Rahul Joshi,Unknown,19,South,Andhra Pradesh,Visakhapatnam,2025-01-30
13639,Karthik Gupta,Other,18,South,Karnataka,Bengaluru,2024-03-02
13640,Arjun Nair,Male,28,South,Kerala,Kozhikode,2023-08-15
13641,Sneha Rao,Male,23,South,Telangana,Hyderabad,2023-01-17
13642,Aditya Singh,Male,49,East,Odisha,Bhubaneswar,2024-07-16
13643,Vihaan Menon,Male,32,West,Rajasthan,Jaipur,2023-08-16
13644,Rohan Joshi,Male,29,West,Gujarat,Ahmedabad,2024-12-06
13645,Vikram Menon,Male,54,North,Rajasthan,Udaipur,2024-10-30
13646,Meera Gupta,Male,46,South,Tamil Nadu,Madurai,2023-09-11
13647,Nisha Kumar,Male,39,West,Rajasthan,Udaipur,2023-04-28
13648,Aditya Menon,Male,31,West,Rajasthan,Jaipur,2023-02-19
13649,Arjun Menon,Female,36,West,Goa,Panaji,2024-06-26
13650,Aisha Menon,Male,22,East,Jharkhand,Ranchi,2023-11-23
13651,Meera Iyer,Male,52,North,Rajasthan,Jaipur,2025-08-01
13652,Karthik Sharma,Female,42,West,Gujarat,Vadodara,2024-08-24
13653,Arjun Pillai,Male,55,North,Haryana,Faridabad,2023-04-12
13654,Arjun Das,Female,26,South,Kerala,Kozhikode,2024-01-23
13655,Rohan Gupta,Female,24,South,Tamil Nadu,Coimbatore,2024-10-10
13656,Diya Nair,Male,35,South,Telangana,Hyderabad,2023-12-05
13657,Rohan Verma,Female,19,South,Andhra Pradesh,Vijayawada,2023-07-03
13658,Rahul Sharma,Female,27,West,Goa,Panaji,2023-02-25
13659,Aarav Kumar,Male,19,North,Punjab,Amritsar,2025-09-05
13660,Vihaan Iyer,Female,25,East,West Bengal,Kolkata,2024-07-25
13661,Vikram Singh,Male,24,West,Rajasthan,Jaipur,2024-12-17
13662,Ishita Reddy,Male,52,West,Goa,Panaji,2025-10-04
13663,Priya Reddy,Female,40,South,Andhra Pradesh,Vijayawada,2023-08-04
13664,Sneha Pillai,Female,25,South,Karnataka,Mysuru,2025-08-01
13665,Ananya Das,Female,38,West,Gujarat,Surat,2023-11-10
13666,Aditya Rao,Male,50,West,Rajasthan,Jaipur,2023-08-21
13667,Vihaan Patel,Female,18,North,Rajasthan,Udaipur,2025-01-14
13668,Rohan Sharma,Female,29,South,Tamil Nadu,Chennai,2024-07-28
13669,Nisha Reddy,Male,28,South,Telangana,Warangal,2025-06-06
13670,Vikram Iyer,Other,47,West,Rajasthan,Jaipur,2023-09-04
13671,Vihaan Sharma,Male,21,South,Telangana,Warangal,2024-03-17
13672,Karthik Joshi,Male,51,South,Andhra Pradesh,Visakhapatnam,2023-05-15
13673,Priya Iyer,Male,40,North,Delhi,New Delhi,2025-10-12
13674,Aditya Rao,Male,49,South,Karnataka,Bengaluru,2025-10-22
13675,Ananya Rao,Female,20,North,Uttar Pradesh,Noida,2023-06-10
13676,Aisha Patel,Male,45,South,Telangana,Warangal,2023-05-20
13677,Nisha Kumar,Female,21,South,Karnataka,Mangaluru,2023-10-31
13678,Rahul Verma,Male,29,West,Rajasthan,Udaipur,2023-05-05
13679,Rohan Nair,Male,41,North,Rajasthan,Jaipur,2025-07-25
13680,Aditya Nair,Female,50,West,Gujarat,Vadodara,2024-02-11
13681,Rahul Sharma,Male,20,North,Haryana,Gurugram,2023-06-13
13682,Rahul Pillai,Female,21,South,Andhra Pradesh,Visakhapatnam,2025-05-11
13683,Vikram Verma,Female,47,North,Delhi,New Delhi,2023-08-28
13684,Meera Sharma,Female,23,South,Andhra Pradesh,Vijayawada,2023-05-29
13685,Aditya Gupta,Male,47,North,Punjab,Amritsar,2024-08-06
13686,Karthik Joshi,Female,25,West,Rajasthan,Udaipur,2024-05-19
13687,Nisha Iyer,Other,35,East,West Bengal,Kolkata,2024-06-08
13688,Priya Das,Male,33,West,Rajasthan,Jaipur,2025-02-13
13689,Vihaan Patel,Female,23,South,Andhra Pradesh,Vijayawada,2025-11-13
13690,Meera Kumar,Male,41,South,Kerala,Kochi,2024-12-01
13691,Aarav Singh,Male,45,North,Haryana,Faridabad,2025-10-14
13692,Sneha Patel,Male,49,West,Rajasthan,Udaipur,2023-02-19
13693,Vikram Menon,Female,42,North,Delhi,New Delhi,2025-08-15
13694,Vikram Gupta,Female,45,South,Kerala,Kochi,2024-11-25
13695,Aarav Iyer,Male,38,South,Kerala,Kochi,2023-01-26
13696,Diya Verma,Male,25,South,Tamil Nadu,Coimbatore,2024-10-11
13697,Meera Rao,Female,53,East,Jharkhand,Ranchi,2023-01-11
13698,Vikram Sharma,Male,26,North,Rajasthan,Jaipur,2025-03-18
13699,Rohan Patel,Male,57,East,West Bengal,Kolkata,2023-01-11
13700,Priya Reddy,Female,38,South,Kerala,Kochi,2025-02-10
13701,Arjun Das,Female,18,North,Punjab,Amritsar,2025-02-08
13702,Sneha Menon,Male,39,North,Haryana,Gurugram,2025-08-30
13703,Rohan Sharma,Male,27,South,Karnataka,Bengaluru,2024-02-11
13704,Rohan Verma,Female,43,North,Haryana,Gurugram,2025-12-04
13705,Aisha Iyer,Female,57,East,Bihar,Patna,2025-04-21
13706,Arjun Reddy,Male,20,East,West Bengal,Kolkata,2024-12-17
13707,Aisha Gupta,Male,26,North,Punjab,Ludhiana,2023-12-25
13708,Diya Das,Male,49,South,Karnataka,Mysuru,2024-07-07
13709,Meera Singh,Female,20,South,Tamil Nadu,Madurai,2023-10-12
13710,Nisha Menon,Female,21,East,Bihar,Patna,2024-02-04
13711,Aditya Reddy,Male,23,South,Andhra Pradesh,Visakhapatnam,2024-01-23
13712,Ishita Verma,Female,26,North,Delhi,New Delhi,2025-02-22
13713,Sneha Joshi,Female,43,North,Rajasthan,Jaipur,2024-02-29
13714,Rohan Menon,Female,19,North,Rajasthan,Udaipur,2025-10-26
13715,Meera Sharma,Female,19,East,Jharkhand,Ranchi,2024-03-16
13716,Nisha Patel,Male,38,South,Andhra Pradesh,Visakhapatnam,2023-12-22
13717,Sneha Menon,Male,39,South,Karnataka,Mysuru,2025-07-07
13718,Diya Kumar,Female,20,South,Kerala,Kochi,2025-02-03
13719,Vihaan Joshi,Female,52,West,Goa,Panaji,2024-07-07
13720,Priya Gupta,Male,55,South,Tamil Nadu,Chennai,2023-09-25
13721,Karthik Menon,Female,50,South,Kerala,Thiruvananthapuram,2025-09-18
13722,Meera Menon,Male,32,North,Punjab,Ludhiana,2023-03-05
13723,Priya Nair,Male,28,East,Jharkhand,Ranchi,2024-03-17
13724,Arjun Sharma,Male,27,South,Tamil Nadu,Chennai,2024-06-24
13725,Ananya Singh,Female,53,West,Maharashtra,Pune,2024-04-14
13726,Rohan Kumar,Female,31,East,Bihar,Patna,2025-05-27
13727,Vihaan Sharma,Male,19,South,Kerala,Thiruvananthapuram,2024-12-12
13728,Arjun Nair,Other,54,South,Tamil Nadu,Coimbatore,2023-01-13
13729,Sneha Iyer,Female,46,South,Telangana,Hyderabad,2023-08-10
13730,Arjun Pillai,Female,52,West,Gujarat,Ahmedabad,2025-05-30
13731,Arjun Das,Male,37,South,Telangana,Hyderabad,2025-04-18
13732,Ishita Singh,Male,38,East,Jharkhand,Ranchi,2025-01-21
13733,Vikram Kumar,Male,51,West,Gujarat,Surat,2023-09-27
13734,Priya Singh,Female,60,West,Maharashtra,Pune,2025-01-01
13735,Vihaan Reddy,Female,50,South,Kerala,Kozhikode,2025-04-23
13736,Ishita Sharma,Female,36,West,Goa,Panaji,2024-09-07
13737,Rahul Sharma,Female,25,North,Delhi,New Delhi,2023-03-06
13738,Nisha Reddy,Male,48,North,Rajasthan,Udaipur,2025-11-27
13739,Priya Verma,Female,28,North,Uttar Pradesh,Kanpur,2023-01-28
13740,Priya Menon,Male,39,West,Gujarat,Vadodara,2023-08-25
13741,Rohan Nair,Male,42,East,Odisha,Cuttack,2024-01-19
13742,Ishita Gupta,Male,37,North,Rajasthan,Udaipur,2023-11-22
13743,Rahul Singh,Female,55,North,Haryana,Faridabad,2023-03-26
13744,Rohan Singh,Female,24,South,Telangana,Warangal,2025-01-18
13745,Sneha Reddy,Male,30,South,Karnataka,Mangaluru,2023-09-03
13746,Rahul Joshi,Male,56,South,Andhra Pradesh,Visakhapatnam,2024-01-23
13747,Sneha Das,Male,60,North,Haryana,Faridabad,2025-07-17
13748,Karthik Pillai,Female,27,West,Goa,Panaji,2023-09-23
13749,Sneha Menon,Female,25,West,Goa,Panaji,2025-01-30
13750,Nisha Rao,Female,59,East,Bihar,Patna,2025-03-14
13751,Karthik Joshi,Female,60,East,Odisha,Bhubaneswar,2023-08-16
13752,Aisha Das,Male,37,East,Jharkhand,Ranchi,2023-08-28
13753,Sneha Pillai,Male,34,South,Tamil Nadu,Madurai,2024-01-23
13754,Vihaan Nair,Male,28,North,Punjab,Ludhiana,2024-01-13
13755,Priya Patel,Male,33,South,Tamil Nadu,Madurai,2023-07-31
13756,Sneha Kumar,Male,54,South,Karnataka,Mangaluru,2025-03-05
13757,Karthik Reddy,Male,59,South,Telangana,Hyderabad,2024-11-06
13758,Rahul Iyer,Female,49,South,Kerala,Kochi,2024-10-10
13759,Aditya Menon,Male,43,West,Gujarat,Surat,2023-06-20
13760,Arjun Patel,Male,54,North,Rajasthan,Jaipur,2025-03-19
13761,Vikram Sharma,Female,26,South,Andhra Pradesh,Vijayawada,2023-04-14
13762,Nisha Nair,Male,52,North,Delhi,New Delhi,2024-01-07
13763,Arjun Sharma,Female,20,West,Goa,Panaji,2023-05-09
13764,Aarav Iyer,Female,48,South,Tamil Nadu,Coimbatore,2023-08-08
13765,Sneha Iyer,Male,59,West,Goa,Panaji,2024-04-16
13766,Diya Singh,Female,24,South,Tamil Nadu,Madurai,2025-09-14
13767,Priya Menon,Male,19,West,Rajasthan,Jaipur,2024-08-30
13768,Arjun Pillai,Male,42,West,Gujarat,Vadodara,2025-12-11
13769,Aisha Reddy,Male,57,South,Kerala,Kozhikode,2023-04-04
13770,Vikram Iyer,Other,29,South,Telangana,Hyderabad,2025-11-10
13771,Ishita Iyer,Male,47,West,Maharashtra,Nagpur,2023-04-16
13772,Karthik Gupta,Male,47,East,Odisha,Bhubaneswar,2024-09-03
13773,Ishita Iyer,Female,46,South,Tamil Nadu,Chennai,2025-04-28
13774,Ishita Patel,Male,58,North,Uttar Pradesh,Noida,2025-08-05
13775,Karthik Pillai,Male,28,North,Uttar Pradesh,Noida,2025-05-03
13776,Meera Pillai,Female,40,East,West Bengal,Kolkata,2024-03-04
13777,Vihaan Menon,Male,34,North,Uttar Pradesh,Noida,2025-11-27
13778,Meera Gupta,Female,30,West,Maharashtra,Pune,2023-10-29
13779,Rohan Patel,Female,50,North,Rajasthan,Udaipur,2024-09-30
13780,Meera Gupta,Female,18,East,Assam,Guwahati,2023-03-12
13781,Aisha Iyer,Other,57,West,Maharashtra,Nagpur,2024-10-07
13782,Rahul Nair,Female,30,South,Karnataka,Mysuru,2024-06-08
13783,Vikram Patel,Female,55,South,Andhra Pradesh,Vijayawada,2023-06-23
13784,Rahul Sharma,Female,20,North,Rajasthan,Udaipur,2023-03-31
13785,Ananya Das,Female,33,North,Haryana,Gurugram,2024-01-03
13786,Rahul Reddy,Female,59,South,Tamil Nadu,Chennai,2025-03-11
13787,Aarav Singh,Female,24,West,Gujarat,Ahmedabad,2025-12-21
13788,Ishita Sharma,Male,20,West,Maharashtra,Nagpur,2023-11-15
13789,Priya Gupta,Female,31,South,Andhra Pradesh,Visakhapatnam,2025-04-03
13790,Nisha Pillai,Male,33,East,Odisha,Cuttack,2024-07-04
13791,Diya Menon,Male,21,South,Karnataka,Bengaluru,2023-03-01
13792,Vihaan Das,Male,48,South,Karnataka,Mangaluru,2023-05-07
13793,Priya Menon,Female,30,West,Goa,Panaji,2023-03-24
13794,Rahul Joshi,Male,44,North,Delhi,New Delhi,2025-08-03
13795,Karthik Verma,Female,18,South,Tamil Nadu,Madurai,2024-08-08
13796,Ishita Pillai,Female,42,North,Delhi,New Delhi,2024-10-08
13797,Vikram Nair,Male,54,West,Rajasthan,Jaipur,2025-06-08
13798,Rahul Nair,Female,28,South,Andhra Pradesh,Visakhapatnam,2024-07-27
13799,Ishita Pillai,Female,26,South,Telangana,Warangal,2024-05-27
13800,Ananya Reddy,Female,24,West,Gujarat,Surat,2023-03-06
13801,Aarav Menon,Male,31,South,Karnataka,Mangaluru,2023-07-02
13802,Aisha Rao,Male,47,East,Jharkhand,Ranchi,2025-12-25
13803,Rahul Gupta,Female,41,North,Rajasthan,Jaipur,2025-04-14
13804,Vikram Gupta,Male,20,East,Jharkhand,Ranchi,2023-02-23
13805,Aarav Verma,Male,56,South,Tamil Nadu,Coimbatore,2023-08-24
13806,Aarav Patel,Male,44,East,Odisha,Bhubaneswar,2025-06-07
13807,Rohan Menon,Female,18,West,Gujarat,Ahmedabad,2024-09-03
13808,Ananya Sharma,Male,55,South,Telangana,Warangal,2025-08-16
13809,Sneha Sharma,Female,43,South,Kerala,Kochi,2024-03-13
13810,Karthik Iyer,Female,23,South,Telangana,Warangal,2025-09-30
13811,Ananya Nair,Female,59,North,Delhi,New Delhi,2024-11-24
13812,Aditya Das,Male,29,West,Goa,Panaji,2025-08-20
13813,Meera Das,Male,55,South,Andhra Pradesh,Vijayawada,2024-06-07
13814,Karthik Kumar,Male,52,North,Delhi,New Delhi,2024-02-08
13815,Rohan Menon,Male,27,South,Tamil Nadu,Madurai,2023-12-09
13816,Karthik Joshi,Male,26,West,Gujarat,Surat,2025-03-10
13817,Nisha Joshi,Male,40,West,Gujarat,Ahmedabad,2023-08-02
13818,Arjun Reddy,Female,47,North,Uttar Pradesh,Noida,2025-10-20
13819,Sneha Rao,Female,39,North,Uttar Pradesh,Lucknow,2023-11-18
13820,Vikram Pillai,Female,26,West,Rajasthan,Jaipur,2025-12-14
13821,Nisha Patel,Male,36,West,Maharashtra,Pune,2025-02-22
13822,Ananya Patel,Female,25,West,Goa,Panaji,2025-05-05
13823,Karthik Verma,Male,21,North,Rajasthan,Udaipur,2025-12-30
13824,Aarav Iyer,Female,22,South,Andhra Pradesh,Vijayawada,2025-12-27
13825,Aarav Sharma,Male,36,South,Andhra Pradesh,Vijayawada,2023-06-29
13826,Aditya Patel,Female,35,South,Andhra Pradesh,Visakhapatnam,2024-01-15
13827,Arjun Patel,Female,46,West,Rajasthan,Udaipur,2025-07-21
13828,Karthik Menon,Male,36,West,Maharashtra,Nagpur,2024-03-25
13829,Ishita Reddy,Female,23,North,Uttar Pradesh,Lucknow,2023-05-11
13830,Rohan Sharma,Female,22,South,Kerala,Kochi,2025-06-22
13831,Rohan Rao,Male,60,West,Rajasthan,Jaipur,2023-11-26
13832,Aarav Rao,Female,22,North,Punjab,Ludhiana,2024-09-28
13833,Aarav Singh,Female,25,North,Delhi,New Delhi,2023-02-22
13834,Aarav Verma,Female,44,West,Gujarat,Ahmedabad,2024-04-12
13835,Sneha Gupta,Female,54,West,Gujarat,Vadodara,2024-10-01
13836,Priya Sharma,Female,60,South,Kerala,Thiruvananthapuram,2024-02-17
13837,Vihaan Kumar,Female,55,East,West Bengal,Kolkata,2025-11-03
13838,Vihaan Nair,Other,54,South,Andhra Pradesh,Visakhapatnam,2024-05-10
13839,Arjun Gupta,Male,35,East,Bihar,Patna,2024-01-03
13840,Aarav Das,Male,43,North,Delhi,New Delhi,2024-06-22
13841,Sneha Reddy,Female,59,West,Gujarat,Vadodara,2024-09-28
13842,Nisha Das,Female,33,South,Telangana,Warangal,2024-05-29
13843,Ananya Iyer,Male,39,West,Maharashtra,Nagpur,2024-04-25
13844,Aisha Iyer,Male,40,West,Rajasthan,Udaipur,2024-02-18
13845,Priya Rao,Male,20,South,Andhra Pradesh,Vijayawada,2023-08-16
13846,Aditya Rao,Female,20,North,Uttar Pradesh,Kanpur,2023-05-17
13847,Arjun Das,Female,29,East,Assam,Guwahati,2025-03-01
13848,Vikram Sharma,Male,40,West,Maharashtra,Nagpur,2025-04-14
13849,Ananya Nair,Male,28,North,Haryana,Gurugram,2024-04-16
13850,Rohan Sharma,Female,59,South,Andhra Pradesh,Visakhapatnam,2024-06-01
13851,Rohan Singh,Male,46,West,Maharashtra,Nagpur,2023-11-01
13852,Aarav Verma,Female,23,South,Karnataka,Mysuru,2024-10-16
13853,Ananya Patel,Male,33,North,Uttar Pradesh,Noida,2023-06-30
13854,Vihaan Singh,Female,51,East,Assam,Guwahati,2023-01-30
13855,Ananya Patel,Female,54,North,Haryana,Gurugram,2025-08-29
13856,Aarav Das,Female,28,South,Kerala,Kochi,2025-02-03
13857,Priya Patel,Female,28,West,Rajasthan,Jaipur,2023-02-09
13858,Karthik Patel,Female,42,West,Goa,Panaji,2023-07-06
13859,Rahul Verma,Female,36,West,Maharashtra,Nagpur,2023-11-15
13860,Vikram Kumar,Male,49,North,Haryana,Gurugram,2025-01-01
13861,Aarav Singh,Male,25,North,Delhi,New Delhi,2025-06-10
13862,Arjun Rao,Male,29,North,Delhi,New Delhi,2023-11-20
13863,Vikram Nair,Female,58,West,Maharashtra,Nagpur,2025-07-31
13864,Vikram Reddy,Female,39,South,Telangana,Warangal,2025-12-02
13865,Aditya Menon,Female,23,South,Andhra Pradesh,Visakhapatnam,2024-10-17
13866,Rahul Patel,Other,38,West,Gujarat,Ahmedabad,2023-06-23
13867,Sneha Patel,Female,43,West,Gujarat,Surat,2024-11-15
13868,Arjun Gupta,Female,18,North,Uttar Pradesh,Lucknow,2025-11-30
13869,Vihaan Reddy,Other,34,North,Rajasthan,Udaipur,2024-02-13
13870,Ananya Patel,Female,52,South,Kerala,Thiruvananthapuram,2023-06-29
13871,Vikram Kumar,Female,44,West,Maharashtra,Pune,2025-05-03
13872,Aarav Das,Female,19,South,Telangana,Hyderabad,2023-02-06
13873,Aarav Nair,Male,53,South,Telangana,Warangal,2024-02-10
13874,Aditya Singh,Female,18,North,Uttar Pradesh,Lucknow,2024-06-22
13875,Rohan Iyer,Male,27,South,Andhra Pradesh,Vijayawada,2024-01-11
13876,Rahul Menon,Male,48,West,Maharashtra,Pune,2023-09-13
13877,Vihaan Gupta,Female,54,South,Karnataka,Mysuru,2023-10-05
13878,Diya Joshi,Female,22,East,Jharkhand,Ranchi,2023-09-06
13879,Aarav Das,Male,58,West,Maharashtra,Mumbai,2024-11-23
13880,Aisha Sharma,Male,30,South,Kerala,Kozhikode,2025-11-06
13881,Aarav Sharma,Female,41,West,Rajasthan,Jaipur,2023-05-05
13882,Vikram Reddy,Female,44,North,Punjab,Ludhiana,2023-07-31
13883,Meera Singh,Male,18,East,West Bengal,Kolkata,2024-04-16
13884,Rahul Menon,Female,37,South,Tamil Nadu,Madurai,2025-01-18
13885,Nisha Pillai,Male,25,East,Bihar,Patna,2024-05-14
13886,Vikram Das,Female,20,East,Assam,Guwahati,2025-03-21
13887,Sneha Singh,Female,49,East,Bihar,Patna,2025-06-07
13888,Arjun Kumar,Female,42,North,Uttar Pradesh,Kanpur,2023-06-24
13889,Rohan Kumar,Female,42,North,Uttar Pradesh,Lucknow,2023-11-13
13890,Nisha Verma,Male,31,West,Gujarat,Vadodara,2025-09-27
13891,Rahul Verma,Female,60,North,Rajasthan,Jaipur,2025-04-03
13892,Ishita Verma,Male,44,West,Goa,Panaji,2025-05-19
13893,Sneha Gupta,Female,49,North,Haryana,Faridabad,2025-07-19
13894,Rohan Reddy,Female,44,West,Rajasthan,Udaipur,2025-06-05
13895,Nisha Pillai,Male,21,North,Punjab,Ludhiana,2023-09-26
13896,Arjun Pillai,Male,56,North,Delhi,New Delhi,2024-04-14
13897,Vihaan Reddy,Male,28,South,Kerala,Kozhikode,2023-08-12
13898,Nisha Reddy,Female,20,North,Haryana,Faridabad,2025-12-23
13899,Karthik Patel,Female,42,West,Gujarat,Surat,2025-09-01
13900,Vihaan Gupta,Male,41,North,Haryana,Gurugram,2025-06-25
13901,Vihaan Gupta,Female,26,West,Maharashtra,Mumbai,2025-04-09
13902,Vikram Patel,Male,25,West,Gujarat,Surat,2023-08-26
13903,Karthik Nair,Female,56,East,Odisha,Bhubaneswar,2023-03-16
13904,Diya Pillai,Female,48,South,Karnataka,Bengaluru,2024-05-14
13905,Rahul Joshi,Male,34,North,Haryana,Gurugram,2023-09-25
13906,Rohan Rao,Male,60,West,Rajasthan,Udaipur,2025-09-13
13907,Nisha Menon,Female,48,West,Maharashtra,Nagpur,2025-12-09
13908,Nisha Iyer,Female,21,South,Telangana,Hyderabad,2025-12-18
13909,Nisha Singh,Male,21,West,Gujarat,Surat,2024-12-23
13910,Nisha Nair,Male,54,South,Kerala,Thiruvananthapuram,2025-12-31
13911,Ananya Singh,Female,25,South,Tamil Nadu,Coimbatore,2023-07-09
13912,Priya Verma,Male,59,South,Karnataka,Bengaluru,2025-09-22
13913,Aditya Das,Female,39,South,Kerala,Kozhikode,2024-07-19
13914,Vikram Joshi,Male,26,East,Odisha,Bhubaneswar,2025-09-19
13915,Diya Patel,Female,59,East,Bihar,Patna,2025-01-05
13916,Priya Kumar,Male,25,West,Goa,Panaji,2023-06-05
13917,Nisha Menon,Female,49,North,Haryana,Gurugram,2024-11-03
13918,Vikram Reddy,Female,32,South,Telangana,Warangal,2023-03-10
13919,Aarav Nair,Female,35,North,Haryana,Faridabad,2024-01-08
13920,Ananya Nair,Male,40,North,Delhi,New Delhi,2023-02-24
13921,Karthik Kumar,Male,22,East,Odisha,Bhubaneswar,2023-03-26
13922,Aarav Patel,Male,44,West,Gujarat,Surat,2025-07-29
13923,Meera Pillai,Male,50,North,Rajasthan,Udaipur,2025-04-20
13924,Vihaan Nair,Female,19,South,Kerala,Kochi,2024-08-14
13925,Priya Menon,Female,59,East,Bihar,Patna,2025-01-01
13926,Karthik Joshi,Male,55,South,Andhra Pradesh,Vijayawada,2024-09-13
13927,Rahul Das,Other,45,North,Haryana,Faridabad,2025-10-05
13928,Diya Iyer,Female,41,North,Uttar Pradesh,Kanpur,2023-11-13
13929,Aisha Pillai,Female,38,North,Uttar Pradesh,Lucknow,2024-09-16
13930,Rahul Joshi,Female,48,South,Andhra Pradesh,Visakhapatnam,2023-09-09
13931,Diya Nair,Female,28,East,Odisha,Cuttack,2023-06-01
13932,Ananya Reddy,Female,45,South,Karnataka,Bengaluru,2025-06-28
13933,Diya Pillai,Female,57,North,Rajasthan,Jaipur,2025-05-15
13934,Sneha Sharma,Female,21,South,Karnataka,Bengaluru,2024-08-22
13935,Arjun Kumar,Male,60,South,Karnataka,Mangaluru,2025-10-03
13936,Diya Patel,Female,59,West,Maharashtra,Mumbai,2025-08-28
13937,Vikram Singh,Female,33,West,Rajasthan,Jaipur,2025-10-01
13938,Aarav Gupta,Female,29,South,Andhra Pradesh,Visakhapatnam,2023-10-30
13939,Nisha Singh,Male,39,South,Karnataka,Mangaluru,2025-10-23
13940,Aarav Gupta,Male,52,West,Maharashtra,Mumbai,2024-02-04
13941,Sneha Pillai,Male,60,North,Rajasthan,Jaipur,2023-03-09
13942,Vihaan Gupta,Male,33,East,Odisha,Cuttack,2023-06-03
13943,Aditya Das,Female,39,South,Kerala,Thiruvananthapuram,2025-10-11
13944,Vikram Joshi,Male,52,West,Goa,Panaji,2023-07-01
13945,Karthik Iyer,Male,45,South,Karnataka,Bengaluru,2024-06-08
13946,Ishita Rao,Female,59,South,Andhra Pradesh,Visakhapatnam,2023-07-08
13947,Diya Pillai,Female,46,North,Rajasthan,Udaipur,2023-01-20
13948,Ananya Kumar,Male,38,North,Punjab,Ludhiana,2025-04-30
13949,Vihaan Joshi,Male,42,South,Tamil Nadu,Coimbatore,2025-06-16
13950,Meera Sharma,Female,56,South,Tamil Nadu,Chennai,2023-01-10
13951,Sneha Verma,Male,48,South,Karnataka,Bengaluru,2024-11-30
13952,Nisha Rao,Female,32,North,Uttar Pradesh,Noida,2024-10-16
13953,Rohan Gupta,Male,59,East,Bihar,Patna,2023-08-29
13954,Aarav Iyer,Female,52,South,Tamil Nadu,Chennai,2023-06-01
13955,Meera Nair,Male,55,South,Andhra Pradesh,Vijayawada,2025-02-22
13956,Ishita Kumar,Female,39,East,Bihar,Patna,2023-07-07
13957,Diya Iyer,Male,22,East,Bihar,Patna,2024-04-08
13958,Karthik Verma,Male,30,West,Gujarat,Surat,2024-12-22
13959,Ishita Das,Male,49,South,Tamil Nadu,Madurai,2025-06-18
13960,Aarav Joshi,Female,20,South,Telangana,Hyderabad,2024-12-06
13961,Diya Patel,Female,32,West,Rajasthan,Jaipur,2025-05-30
13962,Meera Verma,Male,44,West,Rajasthan,Jaipur,2024-02-19
13963,Ishita Pillai,Male,44,South,Karnataka,Mangaluru,2024-07-31
13964,Aarav Sharma,Female,47,West,Gujarat,Vadodara,2023-11-06
13965,Aarav Singh,Female,23,South,Andhra Pradesh,Vijayawada,2025-10-22
13966,Priya Iyer,Female,42,North,Haryana,Gurugram,2023-11-13
13967,Karthik Joshi,Female,45,South,Andhra Pradesh,Vijayawada,2025-10-16
13968,Ishita Pillai,Male,39,South,Andhra Pradesh,Visakhapatnam,2024-01-03
13969,Rohan Pillai,Male,21,West,Goa,Panaji,2024-07-08
13970,Priya Kumar,Male,32,West,Rajasthan,Udaipur,2024-08-27
13971,Priya Kumar,Female,43,East,Bihar,Patna,2025-07-24
13972,Aditya Joshi,Male,35,West,Rajasthan,Udaipur,2024-04-24
13973,Aditya Joshi,Male,26,South,Tamil Nadu,Coimbatore,2025-09-07
13974,Aditya Reddy,Male,21,North,Haryana,Faridabad,2025-12-22
13975,Aditya Kumar,Female,22,South,Karnataka,Bengaluru,2025-07-28
13976,Aisha Nair,Male,23,East,Bihar,Patna,2023-01-14
13977,Aditya Verma,Male,29,West,Maharashtra,Mumbai,2023-01-28
13978,Ishita Reddy,Female,48,West,Goa,Panaji,2023-05-22
13979,Arjun Gupta,Male,26,South,Andhra Pradesh,Vijayawada,2024-08-12
13980,Vikram Singh,Male,24,West,Maharashtra,Nagpur,2024-04-17
13981,Diya Singh,Female,46,North,Delhi,New Delhi,2023-11-13
13982,Diya Rao,Female,31,North,Uttar Pradesh,Lucknow,2024-03-20
13983,Nisha Iyer,Female,37,South,Karnataka,Mangaluru,2023-10-23
13984,Ishita Singh,Male,49,South,Andhra Pradesh,Visakhapatnam,2024-02-08
13985,Arjun Gupta,Female,39,North,Haryana,Gurugram,2025-01-21
13986,Aisha Joshi,Male,53,East,Odisha,Bhubaneswar,2023-09-20
13987,Meera Patel,Male,35,South,Telangana,Hyderabad,2025-04-26
13988,Vikram Menon,Female,57,West,Gujarat,Vadodara,2024-01-12
13989,Diya Verma,Female,42,South,Karnataka,Mysuru,2024-08-07
13990,Aarav Kumar,Female,48,East,Assam,Guwahati,2025-12-27
13991,Nisha Singh,Female,52,South,Tamil Nadu,Coimbatore,2025-03-09
13992,Ishita Joshi,Female,43,South,Telangana,Hyderabad,2024-04-15
13993,Vihaan Singh,Female,21,North,Punjab,Ludhiana,2025-01-01
13994,Aarav Patel,Female,59,South,Tamil Nadu,Coimbatore,2025-08-29
13995,Ishita Iyer,Male,37,West,Gujarat,Ahmedabad,2023-02-16
13996,Sneha Menon,Female,51,West,Rajasthan,Jaipur,2025-08-04
13997,Sneha Rao,Male,29,South,Tamil Nadu,Coimbatore,2025-12-17
13998,Karthik Joshi,Male,33,West,Maharashtra,Nagpur,2023-01-24
13999,Aisha Verma,Female,59,West,Goa,Panaji,2025-04-10
14000,Aditya Pillai,Female,22,South,Andhra Pradesh,Vijayawada,2024-02-07
14001,Rohan Joshi,Male,52,West,Maharashtra,Nagpur,2025-11-13
14002,Arjun Singh,Male,44,North,Haryana,Faridabad,2025-12-23
14003,Karthik Gupta,Male,18,North,Rajasthan,Udaipur,2023-10-10
14004,Nisha Nair,Female,51,South,Karnataka,Mangaluru,2023-04-03
14005,Arjun Kumar,Male,60,South,Telangana,Warangal,2024-11-16
14006,Vikram Rao,Female,49,South,Kerala,Kozhikode,2023-11-06
14007,Ishita Joshi,Female,56,West,Rajasthan,Udaipur,2025-06-06
14008,Ananya Reddy,Male,50,West,Goa,Panaji,2023-01-07
14009,Priya Verma,Male,48,North,Rajasthan,Jaipur,2025-12-02
14010,Aisha Singh,Male,30,South,Telangana,Hyderabad,2025-02-26
14011,Rahul Patel,Female,19,South,Telangana,Warangal,2023-02-12
14012,Aditya Verma,Female,47,West,Maharashtra,Nagpur,2024-12-25
14013,Aisha Menon,Female,27,North,Haryana,Faridabad,2023-07-20
14014,Priya Rao,Female,40,South,Karnataka,Mysuru,2025-06-13
14015,Nisha Reddy,Male,50,North,Punjab,Ludhiana,2024-10-28
14016,Ananya Sharma,Male,56,South,Karnataka,Bengaluru,2024-07-01
14017,Priya Das,Female,46,East,Bihar,Patna,2023-08-14
14018,Rahul Pillai,Female,47,East,Bihar,Patna,2024-09-24
14019,Nisha Gupta,Female,51,South,Andhra Pradesh,Vijayawada,2025-08-03
14020,Diya Reddy,Female,56,South,Karnataka,Mysuru,2023-07-13
14021,Diya Das,Male,34,West,Maharashtra,Pune,2024-06-21
14022,Arjun Joshi,Male,39,South,Kerala,Kozhikode,2024-04-25
14023,Meera Pillai,Unknown,22,North,Uttar Pradesh,Kanpur,2024-03-05
14024,Aisha Verma,Female,28,North,Punjab,Ludhiana,2025-08-02
14025,Vikram Das,Male,39,North,Delhi,New Delhi,2025-06-29
14026,Rohan Menon,Male,49,North,Rajasthan,Udaipur,2024-07-31
14027,Meera Reddy,Male,41,West,Rajasthan,Udaipur,2023-04-21
14028,Rohan Pillai,Male,28,South,Kerala,Kozhikode,2023-07-31
14029,Karthik Joshi,Female,28,North,Rajasthan,Udaipur,2025-04-30
14030,Nisha Patel,Other,34,West,Gujarat,Surat,2025-05-27
14031,Vikram Patel,Female,49,North,Uttar Pradesh,Noida,2025-09-13
14032,Ananya Singh,Female,36,South,Karnataka,Bengaluru,2025-09-22
14033,Rahul Reddy,Female,44,South,Karnataka,Mysuru,2024-07-24
14034,Aditya Gupta,Male,49,East,West Bengal,Kolkata,2025-11-19
14035,Arjun Gupta,Other,42,South,Tamil Nadu,Coimbatore,2024-10-27
14036,Diya Patel,Male,45,East,Odisha,Bhubaneswar,2023-12-16
14037,Diya Joshi,Female,57,East,Odisha,Bhubaneswar,2025-07-18
14038,Aisha Nair,Female,44,North,Rajasthan,Jaipur,2024-11-11
14039,Ishita Iyer,Male,31,North,Uttar Pradesh,Kanpur,2023-09-08
14040,Rahul Joshi,Male,59,West,Rajasthan,Jaipur,2023-11-15
14041,Aditya Kumar,Male,56,East,Bihar,Patna,2025-06-03
14042,Karthik Rao,Male,19,South,Telangana,Warangal,2023-07-08
14043,Aarav Pillai,Male,34,West,Maharashtra,Mumbai,2024-12-25
14044,Vikram Iyer,Female,18,North,Haryana,Faridabad,2025-11-12
14045,Arjun Verma,Female,49,West,Rajasthan,Jaipur,2023-03-20
14046,Diya Sharma,Male,36,West,Rajasthan,Udaipur,2024-06-29
14047,Ananya Reddy,Male,31,South,Andhra Pradesh,Visakhapatnam,2025-07-12
14048,Nisha Patel,Female,48,West,Rajasthan,Udaipur,2024-09-10
14049,Karthik Iyer,Male,35,East,West Bengal,Kolkata,2023-11-01
14050,Vikram Joshi,Male,31,South,Karnataka,Mysuru,2023-07-18
14051,Aarav Joshi,Female,31,East,Jharkhand,Ranchi,2024-07-07
14052,Rahul Pillai,Male,41,North,Uttar Pradesh,Kanpur,2025-11-13
14053,Vihaan Kumar,Male,22,North,Punjab,Ludhiana,2023-07-02
14054,Ananya Rao,Female,33,West,Rajasthan,Udaipur,2024-08-29
14055,Vihaan Verma,Male,22,North,Rajasthan,Udaipur,2023-03-24
14056,Diya Patel,Male,30,South,Kerala,Thiruvananthapuram,2023-04-03
14057,Arjun Iyer,Male,33,North,Punjab,Ludhiana,2024-09-08
14058,Sneha Reddy,Male,32,South,Tamil Nadu,Madurai,2024-07-26
14059,Arjun Iyer,Female,48,East,Bihar,Patna,2024-08-03
14060,Diya Verma,Female,22,East,Jharkhand,Ranchi,2025-09-27
14061,Meera Verma,Female,38,South,Telangana,Warangal,2025-02-12
14062,Sneha Pillai,Male,47,South,Tamil Nadu,Chennai,2025-05-02
14063,Karthik Rao,Male,40,North,Haryana,Faridabad,2024-10-12
14064,Meera Pillai,Male,55,South,Andhra Pradesh,Vijayawada,2025-03-02
14065,Aditya Nair,Female,46,East,Jharkhand,Ranchi,2024-04-20
14066,Diya Reddy,Male,30,South,Andhra Pradesh,Visakhapatnam,2024-05-18
14067,Aditya Nair,Female,49,South,Telangana,Warangal,2023-08-19
14068,Ishita Rao,Male,59,East,Bihar,Patna,2025-05-27
14069,Karthik Kumar,Female,44,North,Haryana,Faridabad,2025-11-08
14070,Aisha Gupta,Female,51,North,Punjab,Amritsar,2024-11-20
14071,Karthik Sharma,Male,50,South,Telangana,Hyderabad,2023-07-28
14072,Meera Kumar,Female,21,North,Haryana,Faridabad,2023-05-11
14073,Ishita Reddy,Male,35,West,Maharashtra,Mumbai,2025-01-12
14074,Vikram Verma,Female,23,North,Delhi,New Delhi,2024-01-19
14075,Diya Iyer,Male,45,North,Delhi,New Delhi,2023-12-28
14076,Diya Kumar,Male,44,West,Maharashtra,Mumbai,2025-01-30
14077,Ishita Joshi,Male,43,West,Goa,Panaji,2025-07-31
14078,Ananya Rao,Female,37,South,Tamil Nadu,Madurai,2024-10-09
14079,Ananya Sharma,Female,30,North,Delhi,New Delhi,2023-12-21
14080,Diya Pillai,Male,45,South,Karnataka,Mangaluru,2023-04-10
14081,Priya Pillai,Female,51,North,Punjab,Amritsar,2024-12-31
14082,Aarav Iyer,Male,40,South,Andhra Pradesh,Visakhapatnam,2023-10-28
14083,Sneha Singh,Male,27,North,Punjab,Amritsar,2024-08-31
14084,Aisha Verma,Female,47,North,Haryana,Gurugram,2025-05-31
14085,Rohan Sharma,Male,39,South,Kerala,Thiruvananthapuram,2023-07-22
14086,Rahul Nair,Female,22,South,Tamil Nadu,Chennai,2025-11-10
14087,Karthik Reddy,Male,26,South,Kerala,Kozhikode,2023-04-22
14088,Aarav Patel,Male,60,North,Haryana,Faridabad,2024-01-16
14089,Diya Reddy,Male,21,North,Uttar Pradesh,Noida,2025-01-24
14090,Arjun Joshi,Female,59,South,Telangana,Hyderabad,2025-08-11
14091,Arjun Pillai,Female,18,North,Uttar Pradesh,Noida,2025-03-06
14092,Rahul Joshi,Male,51,South,Andhra Pradesh,Visakhapatnam,2023-12-03
14093,Ishita Rao,Female,58,West,Maharashtra,Pune,2023-08-10
14094,Aisha Reddy,Female,43,East,Jharkhand,Ranchi,2025-10-08
14095,Aisha Verma,Male,35,South,Andhra Pradesh,Vijayawada,2025-01-29
14096,Aarav Iyer,Male,33,West,Rajasthan,Udaipur,2024-11-19
14097,Aisha Reddy,Male,40,South,Telangana,Hyderabad,2023-04-28
14098,Rahul Reddy,Male,53,South,Telangana,Hyderabad,2023-06-23
14099,Priya Kumar,Female,43,South,Kerala,Kochi,2023-11-15
14100,Diya Kumar,Male,19,South,Tamil Nadu,Chennai,2024-03-16
14101,Vihaan Joshi,Male,22,North,Delhi,New Delhi,2024-02-19
14102,Aarav Patel,Male,46,West,Rajasthan,Jaipur,2025-10-24
14103,Ishita Pillai,Male,21,West,Rajasthan,Udaipur,2025-08-07
14104,Ananya Das,Female,52,South,Andhra Pradesh,Vijayawada,2023-03-24
14105,Aarav Reddy,Female,39,South,Telangana,Warangal,2025-09-15
14106,Aarav Reddy,Male,25,North,Uttar Pradesh,Noida,2024-05-07
14107,Aditya Verma,Male,38,East,Jharkhand,Ranchi,2023-01-06
14108,Aarav Pillai,Male,25,South,Tamil Nadu,Chennai,2024-12-05
14109,Rohan Rao,Female,22,East,Bihar,Patna,2023-12-13
14110,Aisha Menon,Male,38,West,Rajasthan,Jaipur,2024-06-17
14111,Vikram Sharma,Male,44,West,Gujarat,Ahmedabad,2024-10-18
14112,Arjun Das,Male,55,West,Gujarat,Surat,2025-08-12
14113,Aarav Reddy,Male,22,South,Tamil Nadu,Chennai,2024-03-26
14114,Ishita Patel,Male,38,South,Karnataka,Mangaluru,2025-10-22
14115,Vihaan Sharma,Female,25,North,Haryana,Gurugram,2025-07-06
14116,Karthik Menon,Female,39,South,Telangana,Warangal,2025-08-11
14117,Vikram Nair,Male,35,East,Bihar,Patna,2023-08-02
14118,Aisha Menon,Female,21,West,Maharashtra,Pune,2025-06-18
14119,Aisha Kumar,Female,21,South,Karnataka,Mangaluru,2024-01-08
14120,Ishita Kumar,Male,54,North,Haryana,Gurugram,2024-10-14
14121,Aisha Sharma,Male,32,South,Telangana,Hyderabad,2024-05-21
14122,Rahul Sharma,Male,55,West,Goa,Panaji,2025-09-09
14123,Vikram Verma,Female,44,North,Haryana,Faridabad,2024-07-29
14124,Karthik Pillai,Female,38,East,Odisha,Cuttack,2023-11-29
14125,Vihaan Nair,Male,21,North,Rajasthan,Udaipur,2023-07-31
14126,Aisha Patel,Male,28,North,Rajasthan,Udaipur,2023-10-16
14127,Nisha Verma,Female,36,North,Punjab,Ludhiana,2024-09-01
14128,Rohan Joshi,Male,36,East,Jharkhand,Ranchi,2023-06-15
14129,Meera Singh,Female,44,South,Kerala,Thiruvananthapuram,2023-05-06
14130,Rohan Das,Male,57,South,Karnataka,Bengaluru,2025-11-21
14131,Karthik Patel,Female,59,South,Tamil Nadu,Coimbatore,2023-10-01
14132,Vikram Reddy,Female,45,South,Telangana,Hyderabad,2025-11-10
14133,Ananya Das,Male,22,North,Rajasthan,Udaipur,2024-09-06
14134,Sneha Iyer,Female,42,North,Rajasthan,Udaipur,2023-10-03
14135,Rohan Singh,Male,20,West,Gujarat,Ahmedabad,2025-10-27
14136,Vikram Gupta,Male,43,South,Tamil Nadu,Madurai,2025-10-12
14137,Diya Patel,Female,27,North,Delhi,New Delhi,2023-04-07
14138,Aditya Kumar,Male,41,South,Kerala,Kozhikode,2023-10-04
14139,Ishita Sharma,Unknown,46,North,Haryana,Faridabad,2025-03-10
14140,Diya Nair,Male,24,West,Rajasthan,Udaipur,2023-11-28
14141,Karthik Joshi,Female,40,South,Andhra Pradesh,Vijayawada,2023-07-24
14142,Diya Menon,Male,44,South,Telangana,Warangal,2023-04-13
14143,Rohan Pillai,Female,59,South,Tamil Nadu,Chennai,2025-09-30
14144,Karthik Nair,Male,26,North,Delhi,New Delhi,2025-08-12
14145,Aarav Menon,Male,20,East,West Bengal,Kolkata,2023-12-26
14146,Vikram Singh,Male,30,North,Punjab,Ludhiana,2023-02-08
14147,Diya Verma,Male,23,South,Karnataka,Mangaluru,2023-11-03
14148,Sneha Menon,Male,55,West,Maharashtra,Pune,2025-06-02
14149,Vikram Gupta,Male,38,North,Haryana,Gurugram,2024-06-03
14150,Arjun Verma,Other,36,North,Uttar Pradesh,Kanpur,2025-05-27
14151,Ishita Pillai,Male,42,South,Andhra Pradesh,Visakhapatnam,2023-02-15
14152,Aarav Gupta,Female,56,South,Karnataka,Mangaluru,2023-07-13
14153,Aditya Pillai,Female,21,North,Rajasthan,Jaipur,2023-09-06
14154,Aarav Kumar,Male,39,West,Gujarat,Ahmedabad,2025-10-09
14155,Ishita Nair,Female,22,South,Andhra Pradesh,Vijayawada,2023-07-26
14156,Rahul Pillai,Female,18,South,Tamil Nadu,Chennai,2023-04-25
14157,Aditya Verma,Male,34,West,Gujarat,Surat,2023-08-27
14158,Rohan Joshi,Female,26,East,West Bengal,Kolkata,2024-07-19
14159,Aditya Kumar,Male,26,East,Assam,Guwahati,2025-12-07
14160,Rohan Pillai,Female,41,West,Gujarat,Ahmedabad,2025-01-05
14161,Ishita Iyer,Male,27,West,Rajasthan,Jaipur,2025-12-29
14162,Ishita Verma,Male,37,South,Andhra Pradesh,Vijayawada,2024-05-22
14163,Aarav Das,Female,34,West,Rajasthan,Jaipur,2023-06-04
14164,Aditya Iyer,Male,30,West,Rajasthan,Udaipur,2024-04-05
14165,Vihaan Patel,Male,46,North,Haryana,Gurugram,2025-03-01
14166,Arjun Reddy,Male,53,West,Goa,Panaji,2024-10-15
14167,Ananya Verma,Female,40,South,Karnataka,Bengaluru,2023-11-13
14168,Aarav Menon,Male,44,South,Tamil Nadu,Coimbatore,2024-03-26
14169,Nisha Verma,Male,35,South,Kerala,Kochi,2024-07-30
14170,Ishita Verma,Male,35,South,Karnataka,Mysuru,2024-05-10
14171,Ananya Nair,Female,26,South,Tamil Nadu,Coimbatore,2023-12-28
14172,Ananya Sharma,Female,20,East,Assam,Guwahati,2024-04-01
14173,Ananya Joshi,Male,24,West,Rajasthan,Udaipur,2023-05-09
14174,Meera Nair,Male,32,West,Goa,Panaji,2025-11-28
14175,Rohan Iyer,Male,47,East,Assam,Guwahati,2025-03-22
14176,Rahul Sharma,Female,26,East,Odisha,Bhubaneswar,2025-05-22
14177,Aarav Gupta,Female,58,West,Rajasthan,Jaipur,2023-12-16
14178,Priya Iyer,Unknown,44,North,Rajasthan,Udaipur,2024-10-06
14179,Rohan Das,Female,53,South,Karnataka,Mangaluru,2024-03-27
14180,Vihaan Reddy,Male,35,South,Telangana,Warangal,2023-04-19
14181,Priya Rao,Male,48,West,Rajasthan,Udaipur,2024-07-30
14182,Sneha Das,Female,34,North,Rajasthan,Udaipur,2023-08-29
14183,Nisha Verma,Female,23,North,Rajasthan,Jaipur,2024-08-13
14184,Priya Patel,Female,56,South,Karnataka,Bengaluru,2024-07-31
14185,Karthik Rao,Male,42,South,Andhra Pradesh,Vijayawada,2023-11-21
14186,Vikram Patel,Male,59,North,Uttar Pradesh,Noida,2024-01-06
14187,Aarav Kumar,Female,59,South,Kerala,Kochi,2023-04-15
14188,Ananya Pillai,Female,55,West,Gujarat,Ahmedabad,2023-04-08
14189,Diya Singh,Male,55,North,Punjab,Amritsar,2023-04-06
14190,Vikram Menon,Male,48,North,Delhi,New Delhi,2023-02-15
14191,Aarav Das,Female,46,North,Uttar Pradesh,Lucknow,2025-06-08
14192,Vikram Das,Female,57,East,Jharkhand,Ranchi,2023-01-31
14193,Ananya Nair,Female,26,West,Rajasthan,Udaipur,2024-02-12
14194,Ananya Nair,Female,18,North,Delhi,New Delhi,2024-12-16
14195,Vikram Singh,Male,33,North,Punjab,Amritsar,2024-10-05
14196,Aarav Das,Female,55,South,Tamil Nadu,Coimbatore,2024-11-28
14197,Rahul Pillai,Female,40,South,Karnataka,Mysuru,2025-08-30
14198,Sneha Gupta,Male,25,South,Telangana,Hyderabad,2024-12-01
14199,Rohan Patel,Female,29,West,Rajasthan,Jaipur,2025-05-25
14200,Aditya Singh,Female,27,North,Haryana,Faridabad,2025-06-24
14201,Ishita Reddy,Male,33,North,Rajasthan,Jaipur,2025-03-19
14202,Karthik Verma,Female,60,South,Tamil Nadu,Chennai,2024-08-21
14203,Diya Kumar,Female,41,South,Andhra Pradesh,Vijayawada,2025-08-24
14204,Nisha Kumar,Female,56,East,Odisha,Bhubaneswar,2024-09-24
14205,Karthik Patel,Female,25,South,Kerala,Thiruvananthapuram,2023-05-15
14206,Aarav Kumar,Male,28,West,Goa,Panaji,2023-11-24
14207,Sneha Joshi,Female,58,West,Maharashtra,Mumbai,2023-07-18
14208,Vikram Reddy,Male,43,West,Rajasthan,Jaipur,2024-11-13
14209,Meera Kumar,Female,24,South,Telangana,Warangal,2023-05-04
14210,Ananya Menon,Male,32,South,Tamil Nadu,Chennai,2025-01-23
14211,Meera Gupta,Male,32,South,Karnataka,Mangaluru,2024-01-17
14212,Arjun Reddy,Male,20,West,Rajasthan,Jaipur,2024-07-24
14213,Vihaan Pillai,Male,33,West,Goa,Panaji,2025-11-30
14214,Aarav Sharma,Male,32,South,Karnataka,Mysuru,2025-03-08
14215,Aditya Nair,Male,42,North,Delhi,New Delhi,2025-06-09
14216,Vikram Joshi,Female,50,North,Rajasthan,Udaipur,2023-06-25
14217,Aisha Iyer,Female,31,South,Andhra Pradesh,Visakhapatnam,2024-01-15
14218,Aisha Gupta,Female,41,West,Maharashtra,Mumbai,2023-06-14
14219,Aarav Rao,Female,28,North,Uttar Pradesh,Noida,2025-02-02
14220,Meera Patel,Female,20,South,Telangana,Hyderabad,2024-09-06
14221,Rohan Verma,Male,26,South,Andhra Pradesh,Visakhapatnam,2023-06-22
14222,Sneha Reddy,Female,23,North,Haryana,Faridabad,2025-02-01
14223,Sneha Pillai,Female,48,East,Odisha,Cuttack,2025-12-08
14224,Sneha Menon,Male,33,North,Delhi,New Delhi,2024-09-10
14225,Karthik Reddy,Female,28,West,Goa,Panaji,2024-10-26
14226,Priya Verma,Male,34,North,Haryana,Gurugram,2025-05-08
14227,Vihaan Nair,Female,20,West,Goa,Panaji,2024-07-09
14228,Ananya Joshi,Female,36,North,Haryana,Faridabad,2024-09-28
14229,Aditya Das,Female,41,West,Gujarat,Vadodara,2023-08-03
14230,Arjun Kumar,Male,59,South,Karnataka,Mysuru,2023-05-24
14231,Ananya Gupta,Male,25,North,Rajasthan,Jaipur,2024-09-10
14232,Diya Gupta,Female,53,West,Maharashtra,Mumbai,2025-10-04
14233,Aarav Das,Male,57,West,Rajasthan,Jaipur,2023-12-20
14234,Karthik Sharma,Male,19,East,Assam,Guwahati,2023-10-08
14235,Karthik Singh,Female,40,South,Karnataka,Bengaluru,2025-04-16
14236,Ishita Kumar,Female,57,South,Kerala,Thiruvananthapuram,2024-01-25
14237,Aisha Gupta,Male,47,South,Karnataka,Mysuru,2025-12-23
14238,Aisha Das,Male,42,North,Uttar Pradesh,Noida,2023-09-22
14239,Priya Reddy,Female,24,North,Rajasthan,Udaipur,2023-01-06
14240,Arjun Menon,Male,45,South,Karnataka,Bengaluru,2025-07-01
14241,Rohan Sharma,Male,58,North,Rajasthan,Udaipur,2023-06-17
14242,Rohan Singh,Female,34,West,Goa,Panaji,2023-12-21
14243,Meera Singh,Female,49,North,Haryana,Gurugram,2023-06-22
14244,Aisha Joshi,Female,18,West,Goa,Panaji,2025-04-29
14245,Nisha Das,Male,44,West,Gujarat,Vadodara,2023-04-29
14246,Vikram Kumar,Female,53,East,West Bengal,Kolkata,2023-06-23
14247,Aarav Sharma,Female,24,South,Andhra Pradesh,Vijayawada,2025-08-16
14248,Nisha Singh,Female,20,South,Telangana,Warangal,2023-05-09
14249,Rahul Reddy,Male,47,West,Goa,Panaji,2023-07-06
14250,Rahul Das,Other,18,East,Odisha,Bhubaneswar,2025-12-22
14251,Diya Nair,Female,51,West,Gujarat,Vadodara,2025-06-11
14252,Meera Das,Female,55,South,Kerala,Kozhikode,2024-08-20
14253,Karthik Sharma,Male,60,South,Telangana,Warangal,2023-07-29
14254,Vihaan Patel,Female,53,West,Goa,Panaji,2025-10-05
14255,Arjun Nair,Female,50,South,Tamil Nadu,Madurai,2025-01-19
14256,Meera Menon,Female,60,North,Punjab,Amritsar,2024-06-15
14257,Ananya Joshi,Male,33,East,West Bengal,Kolkata,2025-08-09
14258,Aisha Menon,Male,55,West,Goa,Panaji,2024-07-13
14259,Vihaan Gupta,Male,28,West,Gujarat,Ahmedabad,2023-08-16
14260,Aisha Kumar,Male,25,West,Gujarat,Vadodara,2024-07-19
14261,Aisha Singh,Female,18,South,Andhra Pradesh,Visakhapatnam,2024-09-05
14262,Aisha Nair,Male,31,East,Jharkhand,Ranchi,2023-03-30
14263,Vihaan Gupta,Male,47,West,Maharashtra,Mumbai,2025-03-25
14264,Diya Verma,Male,38,West,Gujarat,Ahmedabad,2023-09-07
14265,Meera Gupta,Male,38,North,Haryana,Gurugram,2023-08-13
14266,Vihaan Gupta,Female,51,West,Maharashtra,Mumbai,2025-06-21
14267,Aditya Patel,Female,55,North,Uttar Pradesh,Lucknow,2025-08-28
14268,Aisha Joshi,Female,43,South,Andhra Pradesh,Visakhapatnam,2024-11-03
14269,Aisha Verma,Male,58,North,Punjab,Ludhiana,2023-06-17
14270,Arjun Menon,Female,31,East,Bihar,Patna,2023-04-20
14271,Sneha Singh,Male,57,North,Delhi,New Delhi,2023-10-24
14272,Priya Gupta,Male,52,East,West Bengal,Kolkata,2023-08-31
14273,Ishita Joshi,Female,59,South,Kerala,Kochi,2023-07-28
14274,Ishita Joshi,Female,35,West,Goa,Panaji,2025-10-24
14275,Rahul Joshi,Male,37,North,Uttar Pradesh,Noida,2025-12-15
14276,Ishita Sharma,Male,26,West,Rajasthan,Udaipur,2023-09-18
14277,Ishita Verma,Female,58,West,Goa,Panaji,2024-01-15
14278,Karthik Patel,Female,50,South,Karnataka,Mangaluru,2023-04-06
14279,Aditya Pillai,Male,21,South,Kerala,Thiruvananthapuram,2025-02-07
14280,Sneha Das,Female,21,West,Rajasthan,Udaipur,2025-04-08
14281,Aarav Joshi,Female,33,South,Andhra Pradesh,Vijayawada,2025-07-14
14282,Rohan Kumar,Male,43,North,Haryana,Faridabad,2024-09-11
14283,Meera Sharma,Male,23,South,Kerala,Kozhikode,2023-09-17
14284,Vikram Pillai,Male,54,South,Telangana,Warangal,2025-04-10
14285,Ananya Verma,Female,39,West,Goa,Panaji,2024-07-03
14286,Karthik Gupta,Male,59,West,Gujarat,Vadodara,2024-11-30
14287,Rohan Verma,Other,56,East,West Bengal,Kolkata,2024-12-09
14288,Vikram Verma,Female,24,West,Maharashtra,Nagpur,2025-10-28
14289,Ishita Verma,Male,39,South,Telangana,Hyderabad,2024-07-16
14290,Meera Rao,Male,47,North,Delhi,New Delhi,2024-01-08
14291,Aarav Nair,Unknown,27,West,Maharashtra,Mumbai,2023-08-10
14292,Meera Gupta,Male,32,South,Kerala,Thiruvananthapuram,2024-06-14
14293,Diya Verma,Female,23,West,Maharashtra,Mumbai,2023-12-16
14294,Ishita Reddy,Male,41,East,Odisha,Cuttack,2023-01-31
14295,Priya Kumar,Male,19,West,Goa,Panaji,2023-01-22
14296,Ananya Verma,Female,57,South,Kerala,Kochi,2025-01-23
14297,Aisha Menon,Male,32,South,Tamil Nadu,Coimbatore,2023-08-02
14298,Rohan Patel,Female,38,South,Andhra Pradesh,Visakhapatnam,2024-12-12
14299,Rahul Kumar,Male,35,West,Gujarat,Ahmedabad,2023-05-20
14300,Sneha Patel,Female,22,West,Maharashtra,Mumbai,2025-08-22
14301,Aarav Reddy,Female,42,South,Kerala,Thiruvananthapuram,2024-02-13
14302,Rahul Menon,Female,53,East,Odisha,Bhubaneswar,2024-03-13
14303,Vihaan Patel,Female,27,North,Punjab,Ludhiana,2025-03-07
14304,Meera Nair,Male,40,West,Gujarat,Ahmedabad,2023-01-13
14305,Karthik Singh,Male,41,North,Punjab,Ludhiana,2024-05-15
14306,Meera Verma,Male,27,South,Telangana,Hyderabad,2025-11-15
14307,Arjun Iyer,Male,23,West,Rajasthan,Jaipur,2024-06-17
14308,Ananya Kumar,Female,30,North,Rajasthan,Udaipur,2025-05-10
14309,Nisha Nair,Male,38,North,Punjab,Ludhiana,2023-03-17
14310,Nisha Reddy,Female,49,North,Rajasthan,Udaipur,2024-01-01
14311,Rahul Singh,Male,60,South,Telangana,Warangal,2025-04-20
14312,Karthik Gupta,Male,32,East,Odisha,Bhubaneswar,2025-06-05
14313,Karthik Das,Female,19,South,Karnataka,Mangaluru,2024-05-13
14314,Sneha Gupta,Male,32,East,West Bengal,Kolkata,2024-11-29
14315,Priya Pillai,Female,34,East,Assam,Guwahati,2024-11-10
14316,Sneha Reddy,Male,37,South,Tamil Nadu,Coimbatore,2023-07-22
14317,Meera Singh,Male,23,North,Uttar Pradesh,Kanpur,2024-03-21
14318,Aditya Sharma,Female,39,South,Andhra Pradesh,Visakhapatnam,2024-06-01
14319,Priya Verma,Male,34,West,Rajasthan,Jaipur,2023-05-12
14320,Aisha Nair,Female,43,West,Goa,Panaji,2023-04-01
14321,Nisha Kumar,Male,39,West,Maharashtra,Mumbai,2024-04-16
14322,Nisha Gupta,Female,26,East,Jharkhand,Ranchi,2024-05-16
14323,Diya Nair,Male,29,North,Rajasthan,Udaipur,2025-01-30
14324,Vikram Joshi,Female,39,West,Gujarat,Vadodara,2024-01-22
14325,Aarav Patel,Female,40,North,Punjab,Ludhiana,2025-10-27
14326,Ishita Sharma,Male,54,East,Assam,Guwahati,2024-08-20
14327,Diya Sharma,Male,31,South,Karnataka,Mysuru,2025-06-26
14328,Meera Menon,Female,41,East,Jharkhand,Ranchi,2025-05-16
14329,Ananya Joshi,Male,25,South,Kerala,Kozhikode,2024-10-18
14330,Aarav Reddy,Female,43,North,Uttar Pradesh,Lucknow,2023-12-08
14331,Priya Singh,Female,49,South,Kerala,Kozhikode,2025-10-21
14332,Vikram Menon,Female,45,South,Kerala,Kozhikode,2024-04-08
14333,Priya Iyer,Male,49,West,Maharashtra,Pune,2024-04-06
14334,Meera Nair,Male,39,North,Haryana,Faridabad,2025-12-08
14335,Vihaan Iyer,Male,26,West,Maharashtra,Nagpur,2025-03-29
14336,Vikram Pillai,Male,20,South,Tamil Nadu,Coimbatore,2024-04-18
14337,Aisha Nair,Male,42,West,Rajasthan,Jaipur,2025-06-06
14338,Meera Pillai,Female,56,East,West Bengal,Kolkata,2025-07-27
14339,Diya Reddy,Male,29,West,Rajasthan,Udaipur,2024-01-03
14340,Aditya Verma,Female,46,South,Telangana,Warangal,2025-11-13
14341,Vikram Rao,Female,20,West,Rajasthan,Udaipur,2024-12-23
14342,Sneha Joshi,Female,58,South,Tamil Nadu,Madurai,2023-10-20
14343,Karthik Singh,Male,40,North,Uttar Pradesh,Noida,2025-12-22
14344,Ishita Gupta,Female,40,North,Haryana,Gurugram,2024-07-21
14345,Rahul Patel,Male,35,West,Maharashtra,Mumbai,2025-05-23
14346,Aditya Joshi,Male,28,West,Maharashtra,Mumbai,2025-08-18
14347,Vihaan Gupta,Female,53,North,Haryana,Faridabad,2024-08-11
14348,Aarav Menon,Female,43,West,Goa,Panaji,2023-09-17
14349,Rohan Patel,Male,25,North,Haryana,Faridabad,2025-06-26
14350,Aisha Menon,Male,45,North,Rajasthan,Jaipur,2023-07-03
14351,Sneha Menon,Male,35,North,Delhi,New Delhi,2025-12-07
14352,Ananya Kumar,Female,30,West,Gujarat,Surat,2023-05-27
14353,Diya Verma,Female,53,West,Rajasthan,Udaipur,2024-08-14
14354,Karthik Sharma,Male,59,East,Jharkhand,Ranchi,2025-10-14
14355,Rahul Das,Male,57,West,Goa,Panaji,2024-03-15
14356,Aisha Joshi,Female,29,North,Delhi,New Delhi,2023-08-17
14357,Karthik Singh,Male,39,South,Kerala,Kozhikode,2025-01-01
14358,Arjun Sharma,Female,19,North,Haryana,Gurugram,2025-08-04
14359,Rahul Kumar,Male,39,West,Gujarat,Ahmedabad,2025-01-09
14360,Rohan Reddy,Male,45,South,Andhra Pradesh,Vijayawada,2024-01-13
14361,Aarav Das,Male,30,South,Kerala,Kochi,2025-08-11
14362,Vikram Menon,Female,50,North,Haryana,Gurugram,2024-08-22
14363,Ananya Kumar,Male,20,North,Delhi,New Delhi,2023-01-23
14364,Aditya Pillai,Male,51,West,Gujarat,Surat,2023-10-20
14365,Aisha Joshi,Male,40,South,Kerala,Kochi,2024-04-20
14366,Aisha Kumar,Female,49,North,Uttar Pradesh,Kanpur,2025-08-09
14367,Aditya Rao,Female,37,South,Karnataka,Bengaluru,2024-03-26
14368,Meera Verma,Female,45,West,Rajasthan,Jaipur,2025-06-16
14369,Aarav Kumar,Male,25,South,Kerala,Kozhikode,2023-10-12
14370,Nisha Rao,Female,20,South,Andhra Pradesh,Visakhapatnam,2024-08-12
14371,Vihaan Das,Male,47,South,Karnataka,Mysuru,2023-05-02
14372,Sneha Patel,Male,42,West,Rajasthan,Udaipur,2024-05-25
14373,Diya Patel,Female,47,South,Tamil Nadu,Madurai,2023-01-02
14374,Diya Joshi,Male,46,West,Gujarat,Ahmedabad,2025-06-10
14375,Nisha Kumar,Male,47,West,Goa,Panaji,2025-03-09
14376,Rohan Gupta,Male,51,West,Rajasthan,Jaipur,2024-09-20
14377,Rohan Kumar,Female,42,West,Rajasthan,Udaipur,2024-04-05
14378,Ishita Joshi,Female,34,North,Uttar Pradesh,Noida,2025-08-09
14379,Aisha Rao,Male,41,South,Telangana,Warangal,2025-08-29
14380,Vikram Menon,Female,55,West,Rajasthan,Jaipur,2025-09-08
14381,Rahul Singh,Female,45,South,Karnataka,Bengaluru,2025-03-24
14382,Rohan Verma,Female,50,South,Andhra Pradesh,Visakhapatnam,2023-02-23
14383,Vihaan Nair,Male,53,West,Maharashtra,Mumbai,2023-04-19
14384,Aisha Joshi,Male,24,West,Rajasthan,Udaipur,2023-10-07
14385,Karthik Kumar,Male,40,East,Jharkhand,Ranchi,2025-12-16
14386,Aarav Menon,Female,43,West,Gujarat,Vadodara,2025-04-19
14387,Aditya Rao,Female,31,East,West Bengal,Kolkata,2025-04-16
14388,Rahul Singh,Female,59,South,Telangana,Warangal,2025-11-17
14389,Diya Das,Male,45,South,Andhra Pradesh,Visakhapatnam,2023-07-23
14390,Aditya Verma,Male,41,South,Andhra Pradesh,Visakhapatnam,2024-06-28
14391,Diya Menon,Male,24,South,Telangana,Warangal,2023-11-05
14392,Arjun Das,Male,53,West,Rajasthan,Udaipur,2024-06-11
14393,Vihaan Patel,Female,56,North,Rajasthan,Udaipur,2025-10-05
14394,Rahul Patel,Female,32,South,Telangana,Warangal,2024-09-08
14395,Rahul Reddy,Female,20,East,Bihar,Patna,2023-01-31
14396,Priya Rao,Female,19,North,Delhi,New Delhi,2023-04-10
14397,Diya Joshi,Female,24,South,Tamil Nadu,Chennai,2024-10-28
14398,Aditya Menon,Male,33,South,Kerala,Kochi,2025-03-14
14399,Karthik Gupta,Female,38,South,Karnataka,Mangaluru,2024-05-09
14400,Priya Menon,Female,26,South,Kerala,Kozhikode,2024-04-15
14401,Arjun Verma,Male,29,South,Tamil Nadu,Madurai,2025-01-11
14402,Karthik Iyer,Female,46,West,Maharashtra,Pune,2025-01-03
14403,Aditya Iyer,Female,41,South,Tamil Nadu,Coimbatore,2025-09-24
14404,Rahul Pillai,Male,50,West,Rajasthan,Jaipur,2023-11-27
14405,Ishita Menon,Male,31,East,West Bengal,Kolkata,2023-09-09
14406,Meera Reddy,Male,60,North,Delhi,New Delhi,2025-10-21
14407,Meera Nair,Male,35,East,Assam,Guwahati,2024-06-01
14408,Aditya Das,Male,22,South,Kerala,Kochi,2023-03-14
14409,Aarav Singh,Female,32,West,Goa,Panaji,2023-06-05
14410,Vikram Menon,Male,24,West,Gujarat,Vadodara,2024-12-23
14411,Nisha Reddy,Female,42,South,Karnataka,Mangaluru,2023-03-10
14412,Aisha Menon,Female,31,South,Karnataka,Mangaluru,2024-04-15
14413,Vihaan Joshi,Female,57,North,Haryana,Faridabad,2024-05-06
14414,Aarav Patel,Female,53,North,Delhi,New Delhi,2023-10-27
14415,Vikram Verma,Female,52,West,Goa,Panaji,2025-07-06
14416,Vihaan Nair,Female,41,West,Gujarat,Vadodara,2024-12-13
14417,Aditya Iyer,Male,32,West,Rajasthan,Jaipur,2025-01-20
14418,Meera Verma,Male,28,South,Kerala,Kozhikode,2024-02-11
14419,Aditya Sharma,Female,41,South,Telangana,Warangal,2025-07-27
14420,Rahul Sharma,Female,28,South,Tamil Nadu,Chennai,2024-08-02
14421,Rohan Singh,Other,34,South,Andhra Pradesh,Visakhapatnam,2024-08-04
14422,Ishita Rao,Female,23,East,Assam,Guwahati,2025-03-09
14423,Vihaan Pillai,Female,38,West,Rajasthan,Jaipur,2024-06-12
14424,Ananya Verma,Male,25,North,Uttar Pradesh,Lucknow,2023-05-17
14425,Rahul Singh,Female,32,South,Telangana,Warangal,2023-08-07
14426,Arjun Menon,Female,49,West,Maharashtra,Nagpur,2024-06-01
14427,Priya Sharma,Male,27,South,Telangana,Hyderabad,2023-05-12
14428,Sneha Gupta,Male,45,South,Andhra Pradesh,Vijayawada,2025-11-07
14429,Priya Sharma,Male,32,South,Kerala,Kozhikode,2024-07-13
14430,Aditya Nair,Female,29,North,Punjab,Amritsar,2025-07-16
14431,Rohan Gupta,Male,60,North,Punjab,Ludhiana,2023-11-28
14432,Vihaan Verma,Female,35,West,Goa,Panaji,2023-11-15
14433,Nisha Reddy,Male,54,West,Rajasthan,Udaipur,2025-09-06
14434,Arjun Pillai,Male,41,East,Bihar,Patna,2025-10-30
14435,Nisha Kumar,Female,39,South,Karnataka,Bengaluru,2023-06-16
14436,Aarav Das,Male,46,South,Telangana,Hyderabad,2023-05-27
14437,Vikram Rao,Male,27,South,Kerala,Kozhikode,2025-07-27
14438,Diya Patel,Male,31,North,Rajasthan,Jaipur,2024-03-20
14439,Arjun Rao,Female,33,East,Jharkhand,Ranchi,2023-03-11
14440,Aisha Nair,Male,54,South,Tamil Nadu,Coimbatore,2025-04-12
14441,Sneha Sharma,Female,28,East,Odisha,Cuttack,2025-07-07
14442,Aisha Verma,Female,43,North,Rajasthan,Udaipur,2024-09-07
14443,Rahul Gupta,Male,57,South,Andhra Pradesh,Visakhapatnam,2023-11-15
14444,Vikram Rao,Male,36,West,Maharashtra,Mumbai,2023-02-05
14445,Rohan Verma,Male,35,West,Rajasthan,Jaipur,2023-09-12
14446,Sneha Kumar,Male,47,East,Assam,Guwahati,2025-08-19
14447,Diya Iyer,Male,49,South,Karnataka,Mangaluru,2023-12-01
14448,Rohan Patel,Female,40,North,Haryana,Gurugram,2025-11-09
14449,Ananya Rao,Other,29,South,Andhra Pradesh,Visakhapatnam,2023-10-25
14450,Karthik Nair,Male,30,North,Rajasthan,Jaipur,2025-11-10
14451,Nisha Singh,Female,38,West,Rajasthan,Udaipur,2024-04-22
14452,Nisha Joshi,Male,38,West,Maharashtra,Mumbai,2024-04-16
14453,Ananya Patel,Female,46,North,Haryana,Gurugram,2025-08-19
14454,Rohan Gupta,Male,46,North,Delhi,New Delhi,2024-04-14
14455,Aisha Gupta,Female,44,East,Bihar,Patna,2025-02-05
14456,Aditya Nair,Female,46,South,Karnataka,Bengaluru,2024-08-12
14457,Aisha Sharma,Male,32,North,Delhi,New Delhi,2025-03-02
14458,Aditya Kumar,Female,29,South,Telangana,Warangal,2024-01-21
14459,Meera Gupta,Female,58,West,Rajasthan,Jaipur,2025-07-30
14460,Karthik Das,Male,36,West,Maharashtra,Nagpur,2024-03-21
14461,Ananya Rao,Female,29,West,Goa,Panaji,2023-04-09
14462,Nisha Gupta,Male,40,West,Goa,Panaji,2024-10-16
14463,Vihaan Rao,Female,22,East,Bihar,Patna,2025-12-14
14464,Karthik Singh,Male,43,South,Telangana,Hyderabad,2025-10-23
14465,Rohan Verma,Female,27,North,Uttar Pradesh,Kanpur,2025-07-22
14466,Rahul Rao,Male,39,West,Maharashtra,Pune,2025-03-27
14467,Aditya Kumar,Male,56,South,Tamil Nadu,Chennai,2024-10-22
14468,Rohan Sharma,Male,40,South,Kerala,Kozhikode,2023-08-20
14469,Diya Nair,Female,28,East,Jharkhand,Ranchi,2024-08-22
14470,Vihaan Patel,Female,45,East,Odisha,Bhubaneswar,2025-07-08
14471,Rohan Sharma,Female,48,East,Jharkhand,Ranchi,2023-12-26
14472,Karthik Patel,Female,25,East,Bihar,Patna,2025-05-21
14473,Karthik Patel,Female,56,South,Telangana,Hyderabad,2024-07-09
14474,Ananya Rao,Female,45,West,Gujarat,Ahmedabad,2023-09-07
14475,Rohan Iyer,Female,33,North,Delhi,New Delhi,2024-08-18
14476,Arjun Verma,Male,48,West,Rajasthan,Udaipur,2023-05-19
14477,Ishita Iyer,Female,58,West,Maharashtra,Nagpur,2025-09-16
14478,Meera Pillai,Female,33,West,Maharashtra,Mumbai,2025-06-28
14479,Arjun Gupta,Male,22,West,Rajasthan,Udaipur,2023-01-12
14480,Rohan Gupta,Female,52,West,Gujarat,Ahmedabad,2025-09-06
14481,Arjun Joshi,Female,42,South,Tamil Nadu,Chennai,2023-09-30
14482,Aarav Kumar,Male,30,West,Rajasthan,Udaipur,2024-05-02
14483,Arjun Das,Male,46,West,Gujarat,Ahmedabad,2025-11-14
14484,Vihaan Rao,Male,44,West,Gujarat,Vadodara,2024-06-21
14485,Diya Pillai,Male,57,South,Kerala,Kozhikode,2025-09-11
14486,Sneha Patel,Male,34,North,Punjab,Ludhiana,2025-12-19
14487,Aisha Verma,Male,54,South,Telangana,Hyderabad,2024-08-10
14488,Sneha Rao,Male,55,West,Goa,Panaji,2025-02-26
14489,Aisha Singh,Female,46,North,Delhi,New Delhi,2025-07-09
14490,Ishita Reddy,Male,51,West,Maharashtra,Mumbai,2025-10-30
14491,Aarav Patel,Male,47,South,Kerala,Thiruvananthapuram,2023-08-31
14492,Ishita Pillai,Male,48,North,Uttar Pradesh,Kanpur,2025-03-08
14493,Rohan Reddy,Male,39,West,Rajasthan,Jaipur,2023-09-14
14494,Diya Das,Other,42,North,Rajasthan,Jaipur,2023-11-06
14495,Vihaan Pillai,Female,21,North,Haryana,Faridabad,2024-05-30
14496,Rohan Singh,Female,52,North,Uttar Pradesh,Lucknow,2025-11-19
14497,Ananya Das,Male,58,West,Gujarat,Vadodara,2025-12-24
14498,Aisha Kumar,Female,26,South,Karnataka,Mangaluru,2024-09-27
14499,Ishita Iyer,Male,43,South,Andhra Pradesh,Visakhapatnam,2025-03-07
14500,Karthik Joshi,Male,44,West,Maharashtra,Mumbai,2023-02-09
14501,Vihaan Kumar,Male,44,West,Goa,Panaji,2025-11-15
14502,Priya Pillai,Other,35,West,Rajasthan,Udaipur,2024-08-03
14503,Sneha Das,Male,47,South,Kerala,Kochi,2023-01-01
14504,Sneha Reddy,Female,48,South,Karnataka,Bengaluru,2023-03-20
14505,Ishita Gupta,Male,59,West,Maharashtra,Pune,2024-09-11
14506,Ishita Pillai,Male,20,South,Telangana,Warangal,2024-05-15
14507,Ishita Joshi,Female,46,North,Haryana,Faridabad,2025-09-04
14508,Ananya Iyer,Male,24,South,Tamil Nadu,Coimbatore,2024-04-30
14509,Aisha Reddy,Female,35,West,Rajasthan,Jaipur,2024-04-22
14510,Aditya Das,Male,33,East,Assam,Guwahati,2023-11-29
14511,Ishita Gupta,Male,49,South,Tamil Nadu,Chennai,2023-01-30
14512,Aarav Verma,Female,55,West,Rajasthan,Jaipur,2024-12-27
14513,Nisha Reddy,Female,42,South,Telangana,Warangal,2023-06-22
14514,Ananya Verma,Male,49,North,Punjab,Ludhiana,2025-03-02
14515,Rohan Patel,Male,36,West,Gujarat,Vadodara,2024-04-12
14516,Aditya Pillai,Female,20,West,Maharashtra,Nagpur,2024-12-23
14517,Aisha Patel,Male,52,West,Rajasthan,Udaipur,2024-02-01
14518,Arjun Verma,Female,46,East,Odisha,Bhubaneswar,2023-05-05
14519,Meera Reddy,Male,28,South,Kerala,Kozhikode,2024-11-26
14520,Ananya Patel,Male,23,South,Telangana,Hyderabad,2024-06-10
14521,Sneha Singh,Female,36,East,Jharkhand,Ranchi,2025-10-23
14522,Karthik Sharma,Male,54,West,Rajasthan,Udaipur,2024-06-19
14523,Sneha Das,Female,44,East,Bihar,Patna,2024-08-23
14524,Rohan Sharma,Male,22,West,Rajasthan,Jaipur,2025-09-14
14525,Nisha Reddy,Male,43,North,Punjab,Amritsar,2024-08-28
14526,Karthik Nair,Female,52,West,Gujarat,Surat,2025-12-30
14527,Vikram Pillai,Female,36,North,Haryana,Gurugram,2024-11-30
14528,Ananya Menon,Female,34,East,West Bengal,Kolkata,2023-05-19
14529,Sneha Iyer,Male,52,West,Gujarat,Vadodara,2023-01-10
14530,Rahul Reddy,Male,30,South,Telangana,Hyderabad,2023-05-10
14531,Karthik Singh,Female,31,South,Andhra Pradesh,Visakhapatnam,2024-02-05
14532,Diya Das,Female,47,South,Telangana,Warangal,2024-10-03
14533,Aarav Verma,Male,60,South,Karnataka,Bengaluru,2024-03-12
14534,Ishita Pillai,Male,39,South,Tamil Nadu,Chennai,2023-02-27
14535,Rohan Singh,Male,39,West,Rajasthan,Jaipur,2024-11-30
14536,Aisha Patel,Male,32,West,Maharashtra,Nagpur,2024-02-12
14537,Diya Reddy,Female,35,West,Rajasthan,Udaipur,2024-02-04
14538,Nisha Singh,Male,31,North,Uttar Pradesh,Noida,2023-12-22
14539,Karthik Pillai,Male,31,South,Tamil Nadu,Madurai,2023-04-09
14540,Nisha Joshi,Male,50,South,Andhra Pradesh,Visakhapatnam,2024-06-01
14541,Vihaan Kumar,Male,55,South,Andhra Pradesh,Vijayawada,2023-04-18
14542,Diya Singh,Male,28,West,Gujarat,Surat,2023-06-01
14543,Aisha Rao,Female,28,South,Tamil Nadu,Coimbatore,2025-06-24
14544,Ishita Menon,Female,43,South,Karnataka,Mangaluru,2025-04-29
14545,Aisha Singh,Male,20,West,Gujarat,Surat,2025-01-18
14546,Ananya Gupta,Female,42,North,Delhi,New Delhi,2023-01-27
14547,Nisha Das,Female,34,South,Tamil Nadu,Madurai,2023-04-29
14548,Aditya Sharma,Male,39,North,Uttar Pradesh,Noida,2024-12-23
14549,Vikram Gupta,Male,46,North,Haryana,Faridabad,2023-04-10
14550,Vihaan Verma,Male,43,North,Uttar Pradesh,Lucknow,2023-01-03
14551,Arjun Das,Male,51,East,Assam,Guwahati,2025-03-16
14552,Ananya Verma,Female,43,South,Karnataka,Mangaluru,2023-10-31
14553,Nisha Joshi,Male,26,South,Telangana,Hyderabad,2023-06-26
14554,Aditya Gupta,Female,57,East,West Bengal,Kolkata,2023-03-25
14555,Ananya Kumar,Female,28,West,Gujarat,Surat,2023-09-20
14556,Ishita Pillai,Male,24,West,Gujarat,Vadodara,2024-04-02
14557,Aditya Sharma,Female,47,North,Haryana,Faridabad,2024-02-13
14558,Rahul Reddy,Male,19,North,Delhi,New Delhi,2023-07-25
14559,Priya Sharma,Male,47,East,West Bengal,Kolkata,2025-03-30
14560,Diya Verma,Female,21,East,Odisha,Cuttack,2025-10-11
14561,Karthik Nair,Male,31,North,Delhi,New Delhi,2025-03-12
14562,Sneha Rao,Male,30,South,Karnataka,Mysuru,2025-06-13
14563,Vihaan Pillai,Female,42,East,Odisha,Cuttack,2025-05-22
14564,Vikram Menon,Female,30,South,Karnataka,Bengaluru,2024-01-23
14565,Meera Verma,Male,30,South,Telangana,Hyderabad,2025-06-12
14566,Karthik Rao,Male,54,East,West Bengal,Kolkata,2025-02-05
14567,Rohan Menon,Female,23,South,Telangana,Hyderabad,2025-10-28
14568,Rahul Kumar,Female,43,South,Kerala,Kochi,2024-03-25
14569,Priya Reddy,Male,31,South,Karnataka,Mysuru,2023-12-08
14570,Meera Sharma,Female,25,East,Jharkhand,Ranchi,2025-05-09
14571,Aarav Nair,Female,41,West,Goa,Panaji,2023-05-01
14572,Ishita Kumar,Female,39,North,Punjab,Ludhiana,2023-10-29
14573,Karthik Sharma,Female,57,South,Kerala,Kochi,2025-08-18
14574,Ananya Das,Female,56,North,Delhi,New Delhi,2025-06-02
14575,Aditya Pillai,Male,38,North,Haryana,Gurugram,2025-05-30
14576,Aisha Kumar,Male,60,South,Telangana,Warangal,2023-08-22
14577,Rohan Nair,Female,43,West,Rajasthan,Udaipur,2023-03-07
14578,Meera Nair,Female,27,South,Telangana,Hyderabad,2023-08-18
14579,Vikram Iyer,Female,30,East,Jharkhand,Ranchi,2025-07-10
14580,Meera Rao,Male,59,North,Delhi,New Delhi,2023-02-20
14581,Arjun Nair,Female,31,East,West Bengal,Kolkata,2024-10-20
14582,Rohan Reddy,Male,26,South,Telangana,Hyderabad,2024-01-22
14583,Rahul Singh,Other,24,North,Punjab,Ludhiana,2025-11-27
14584,Karthik Joshi,Male,56,North,Punjab,Amritsar,2025-01-22
14585,Arjun Joshi,Female,48,North,Haryana,Gurugram,2024-05-07
14586,Arjun Das,Male,33,East,Jharkhand,Ranchi,2023-02-10
14587,Arjun Sharma,Female,25,West,Gujarat,Vadodara,2025-08-03
14588,Rahul Gupta,Male,32,South,Telangana,Warangal,2025-12-13
14589,Vikram Iyer,Female,42,North,Delhi,New Delhi,2023-03-27
14590,Aditya Rao,Female,55,North,Punjab,Amritsar,2023-10-23
14591,Aarav Joshi,Female,58,West,Gujarat,Surat,2025-11-10
14592,Vikram Joshi,Female,32,South,Tamil Nadu,Madurai,2024-02-29
14593,Ishita Rao,Male,42,West,Maharashtra,Nagpur,2023-07-08
14594,Aditya Reddy,Male,24,South,Kerala,Thiruvananthapuram,2023-06-10
14595,Sneha Iyer,Female,43,West,Maharashtra,Mumbai,2024-12-13
14596,Priya Menon,Male,25,North,Rajasthan,Udaipur,2024-01-16
14597,Rohan Joshi,Female,35,North,Uttar Pradesh,Kanpur,2023-09-01
14598,Vikram Verma,Female,38,South,Andhra Pradesh,Vijayawada,2023-07-02
14599,Ananya Patel,Male,33,West,Maharashtra,Mumbai,2024-06-27
14600,Sneha Rao,Male,20,South,Karnataka,Bengaluru,2025-02-17
14601,Diya Sharma,Male,39,South,Telangana,Warangal,2025-08-05
14602,Aarav Menon,Male,30,North,Haryana,Faridabad,2023-04-03
14603,Diya Joshi,Female,49,East,Bihar,Patna,2024-01-03
14604,Sneha Sharma,Female,29,West,Maharashtra,Mumbai,2023-06-08
14605,Vihaan Kumar,Male,48,North,Delhi,New Delhi,2024-02-02
14606,Vikram Verma,Male,58,East,Jharkhand,Ranchi,2024-03-13
14607,Rohan Reddy,Female,19,North,Delhi,New Delhi,2024-01-08
14608,Vihaan Patel,Male,58,South,Kerala,Kozhikode,2023-11-02
14609,Diya Iyer,Male,25,East,West Bengal,Kolkata,2025-09-11
14610,Aisha Gupta,Male,39,West,Gujarat,Vadodara,2025-09-08
14611,Priya Menon,Female,22,South,Karnataka,Mangaluru,2023-11-25
14612,Sneha Patel,Male,19,South,Telangana,Warangal,2023-12-09
14613,Aisha Das,Male,59,West,Goa,Panaji,2024-12-24
14614,Aditya Das,Female,55,South,Karnataka,Mangaluru,2023-06-07
14615,Meera Pillai,Male,56,South,Tamil Nadu,Madurai,2023-12-16
14616,Rohan Sharma,Female,20,South,Telangana,Hyderabad,2024-12-26
14617,Arjun Reddy,Male,55,North,Rajasthan,Jaipur,2023-12-31
14618,Karthik Menon,Male,39,East,Jharkhand,Ranchi,2023-01-15
14619,Meera Kumar,Male,57,South,Telangana,Warangal,2023-06-02
14620,Vikram Iyer,Male,50,East,Jharkhand,Ranchi,2024-06-15
14621,Diya Nair,Male,49,East,Jharkhand,Ranchi,2025-08-24
14622,Ananya Pillai,Male,34,North,Rajasthan,Udaipur,2025-12-11
14623,Karthik Pillai,Male,35,South,Telangana,Warangal,2025-05-04
14624,Sneha Menon,Male,20,North,Uttar Pradesh,Kanpur,2024-04-13
14625,Sneha Rao,Female,23,East,Bihar,Patna,2025-05-28
14626,Karthik Das,Female,30,North,Punjab,Amritsar,2024-08-18
14627,Meera Gupta,Female,48,South,Karnataka,Mysuru,2024-01-02
14628,Diya Reddy,Female,34,West,Maharashtra,Mumbai,2024-10-02
14629,Diya Gupta,Female,38,North,Rajasthan,Udaipur,2025-05-11
14630,Aisha Joshi,Male,33,West,Goa,Panaji,2025-06-12
14631,Priya Reddy,Male,34,South,Kerala,Kozhikode,2025-11-05
14632,Aarav Patel,Male,49,South,Karnataka,Bengaluru,2024-08-11
14633,Aarav Singh,Female,18,North,Uttar Pradesh,Kanpur,2023-04-02
14634,Meera Sharma,Female,55,East,Assam,Guwahati,2024-04-02
14635,Ananya Reddy,Female,25,South,Tamil Nadu,Coimbatore,2025-12-11
14636,Priya Pillai,Male,18,East,Bihar,Patna,2025-12-09
14637,Aarav Joshi,Female,19,South,Andhra Pradesh,Visakhapatnam,2024-01-22
14638,Priya Kumar,Male,54,North,Punjab,Ludhiana,2024-01-06
14639,Ananya Pillai,Male,41,North,Haryana,Gurugram,2023-07-03
14640,Aarav Joshi,Male,44,North,Uttar Pradesh,Kanpur,2025-02-10
14641,Rahul Singh,Male,37,East,Assam,Guwahati,2023-07-24
14642,Aditya Pillai,Male,38,South,Karnataka,Mysuru,2025-08-11
14643,Rohan Pillai,Female,59,East,Bihar,Patna,2023-06-21
14644,Ishita Iyer,Female,54,South,Karnataka,Mysuru,2025-04-04
14645,Rahul Joshi,Male,52,North,Punjab,Ludhiana,2023-08-10
14646,Rahul Gupta,Male,55,North,Punjab,Ludhiana,2025-12-15
14647,Vihaan Kumar,Female,32,North,Delhi,New Delhi,2024-09-06
14648,Ishita Pillai,Male,59,South,Tamil Nadu,Coimbatore,2023-06-16
14649,Meera Gupta,Male,47,East,Odisha,Cuttack,2023-05-22
14650,Nisha Verma,Male,21,South,Kerala,Kochi,2023-05-05
14651,Ananya Menon,Female,60,South,Tamil Nadu,Coimbatore,2023-03-31
14652,Diya Das,Male,56,North,Haryana,Faridabad,2023-11-07
14653,Vihaan Reddy,Male,32,West,Gujarat,Ahmedabad,2025-08-09
14654,Rohan Kumar,Male,40,North,Rajasthan,Udaipur,2023-08-04
14655,Arjun Das,Male,58,West,Maharashtra,Mumbai,2025-06-01
14656,Priya Joshi,Male,32,South,Tamil Nadu,Madurai,2025-01-30
14657,Aarav Kumar,Female,43,North,Rajasthan,Jaipur,2023-04-06
14658,Vikram Sharma,Female,29,West,Gujarat,Ahmedabad,2024-12-10
14659,Meera Sharma,Female,39,South,Tamil Nadu,Madurai,2023-05-29
14660,Vihaan Reddy,Female,23,North,Punjab,Ludhiana,2025-07-16
14661,Vikram Reddy,Male,35,West,Rajasthan,Jaipur,2024-12-15
14662,Rahul Reddy,Female,41,North,Delhi,New Delhi,2025-06-01
14663,Arjun Verma,Female,55,West,Rajasthan,Jaipur,2023-12-24
14664,Ishita Nair,Female,45,North,Punjab,Amritsar,2024-08-10
14665,Meera Patel,Male,32,North,Haryana,Faridabad,2023-11-12
14666,Karthik Joshi,Male,36,North,Delhi,New Delhi,2025-06-03
14667,Vikram Singh,Other,22,South,Kerala,Thiruvananthapuram,2025-11-25
14668,Rohan Joshi,Female,21,North,Punjab,Amritsar,2024-03-25
14669,Arjun Sharma,Female,34,North,Punjab,Amritsar,2025-04-24
14670,Karthik Gupta,Other,27,North,Delhi,New Delhi,2023-03-31
14671,Rahul Joshi,Female,29,West,Gujarat,Vadodara,2024-06-24
14672,Aditya Reddy,Male,22,East,Bihar,Patna,2023-06-25
14673,Rohan Nair,Male,24,North,Uttar Pradesh,Noida,2024-10-09
14674,Priya Joshi,Female,40,South,Kerala,Kochi,2025-06-19
14675,Rahul Joshi,Male,19,West,Goa,Panaji,2024-11-17
14676,Nisha Verma,Unknown,47,East,Assam,Guwahati,2024-01-29
14677,Diya Patel,Male,54,South,Kerala,Kochi,2024-05-18
14678,Vikram Verma,Female,22,East,West Bengal,Kolkata,2025-08-13
14679,Ananya Joshi,Female,37,North,Punjab,Amritsar,2025-11-15
14680,Nisha Rao,Male,43,North,Haryana,Faridabad,2023-04-10
14681,Meera Reddy,Male,56,South,Karnataka,Mysuru,2024-02-29
14682,Diya Das,Female,23,South,Andhra Pradesh,Visakhapatnam,2025-11-19
14683,Aditya Sharma,Male,46,East,Odisha,Cuttack,2025-06-24
14684,Aisha Joshi,Female,27,South,Kerala,Kochi,2024-05-10
14685,Aarav Kumar,Male,33,North,Uttar Pradesh,Noida,2024-10-12
14686,Aisha Iyer,Male,51,West,Goa,Panaji,2025-09-24
14687,Arjun Verma,Male,48,South,Kerala,Kozhikode,2023-05-20
14688,Aisha Kumar,Male,53,South,Karnataka,Mysuru,2023-11-16
14689,Aditya Menon,Male,58,West,Maharashtra,Pune,2024-01-04
14690,Nisha Patel,Female,22,East,Bihar,Patna,2023-10-24
14691,Nisha Iyer,Male,50,West,Gujarat,Ahmedabad,2025-03-06
14692,Priya Patel,Female,60,West,Rajasthan,Jaipur,2024-05-15
14693,Diya Nair,Female,36,South,Tamil Nadu,Chennai,2023-09-16
14694,Nisha Kumar,Female,49,West,Goa,Panaji,2025-12-14
14695,Karthik Nair,Male,40,West,Goa,Panaji,2023-01-18
14696,Vihaan Nair,Female,20,East,Jharkhand,Ranchi,2023-04-20
14697,Karthik Nair,Male,18,West,Maharashtra,Mumbai,2023-11-27
14698,Meera Joshi,Male,53,West,Maharashtra,Pune,2025-08-03
14699,Sneha Iyer,Female,58,South,Andhra Pradesh,Visakhapatnam,2023-09-25
14700,Vikram Joshi,Male,45,East,West Bengal,Kolkata,2024-03-10
14701,Ishita Menon,Female,56,South,Karnataka,Bengaluru,2024-03-25
14702,Rahul Rao,Female,22,South,Andhra Pradesh,Vijayawada,2023-10-24
14703,Aarav Menon,Male,30,North,Delhi,New Delhi,2024-12-19
14704,Aisha Patel,Male,28,West,Maharashtra,Mumbai,2025-10-17
14705,Vihaan Das,Female,39,West,Rajasthan,Jaipur,2023-07-03
14706,Karthik Gupta,Female,40,West,Rajasthan,Udaipur,2024-02-16
14707,Vihaan Reddy,Female,29,North,Uttar Pradesh,Noida,2023-11-16
14708,Vihaan Menon,Male,38,South,Karnataka,Mangaluru,2025-01-10
14709,Meera Verma,Male,36,North,Punjab,Amritsar,2025-03-15
14710,Diya Joshi,Male,22,North,Uttar Pradesh,Kanpur,2024-02-21
14711,Ishita Kumar,Male,41,West,Maharashtra,Pune,2025-05-31
14712,Diya Kumar,Male,47,West,Gujarat,Vadodara,2025-03-01
14713,Sneha Joshi,Male,25,South,Kerala,Thiruvananthapuram,2023-03-31
14714,Rahul Menon,Male,19,North,Uttar Pradesh,Kanpur,2025-01-28
14715,Rahul Menon,Female,51,West,Maharashtra,Pune,2024-07-27
14716,Vikram Sharma,Female,40,South,Andhra Pradesh,Visakhapatnam,2025-08-20
14717,Meera Kumar,Male,20,West,Maharashtra,Pune,2025-07-24
14718,Ananya Rao,Female,41,East,Odisha,Cuttack,2025-11-17
14719,Karthik Kumar,Female,35,West,Maharashtra,Pune,2024-03-01
14720,Nisha Reddy,Female,54,East,Jharkhand,Ranchi,2025-06-01
14721,Diya Nair,Female,48,South,Andhra Pradesh,Vijayawada,2025-02-24
14722,Priya Menon,Male,31,South,Tamil Nadu,Madurai,2024-06-18
14723,Vikram Das,Male,18,South,Karnataka,Bengaluru,2023-10-12
14724,Rahul Gupta,Male,31,West,Goa,Panaji,2024-09-13
14725,Karthik Iyer,Male,58,South,Andhra Pradesh,Visakhapatnam,2024-05-18
14726,Arjun Nair,Female,22,South,Telangana,Hyderabad,2023-02-15
14727,Karthik Nair,Female,48,East,Jharkhand,Ranchi,2024-06-20
14728,Nisha Sharma,Male,48,North,Delhi,New Delhi,2023-03-03
14729,Karthik Sharma,Female,47,North,Uttar Pradesh,Noida,2023-12-02
14730,Rahul Singh,Female,53,South,Tamil Nadu,Coimbatore,2023-07-30
14731,Aarav Joshi,Male,18,South,Kerala,Kozhikode,2024-02-04
14732,Aarav Joshi,Female,20,South,Andhra Pradesh,Vijayawada,2024-12-09
14733,Priya Nair,Male,37,North,Delhi,New Delhi,2023-12-13
14734,Ishita Singh,Female,60,East,Bihar,Patna,2024-01-12
14735,Karthik Iyer,Male,60,West,Maharashtra,Nagpur,2025-03-31
14736,Karthik Joshi,Male,38,South,Telangana,Hyderabad,2025-07-07
14737,Sneha Patel,Female,47,West,Gujarat,Vadodara,2023-02-13
14738,Aisha Iyer,Female,59,South,Kerala,Kozhikode,2025-03-10
14739,Vihaan Pillai,Male,47,West,Goa,Panaji,2025-02-25
14740,Sneha Menon,Female,22,North,Uttar Pradesh,Kanpur,2025-01-02
14741,Diya Das,Female,27,North,Punjab,Amritsar,2025-08-25
14742,Nisha Singh,Male,41,South,Karnataka,Bengaluru,2025-12-28
14743,Aditya Sharma,Male,56,South,Telangana,Hyderabad,2024-10-13
14744,Aditya Verma,Male,23,East,Odisha,Cuttack,2024-06-05
14745,Rahul Singh,Male,27,South,Kerala,Kozhikode,2023-04-21
14746,Aditya Reddy,Female,59,South,Karnataka,Mangaluru,2024-08-30
14747,Aarav Patel,Female,60,South,Andhra Pradesh,Vijayawada,2025-12-14
14748,Vikram Reddy,Female,27,South,Tamil Nadu,Chennai,2025-06-14
14749,Ishita Kumar,Female,42,West,Goa,Panaji,2024-06-07
14750,Sneha Iyer,Male,31,North,Rajasthan,Udaipur,2023-05-26
14751,Nisha Iyer,Male,56,South,Karnataka,Mysuru,2023-09-21
14752,Ishita Kumar,Female,30,West,Gujarat,Vadodara,2024-04-12
14753,Ishita Rao,Female,28,North,Haryana,Faridabad,2025-05-21
14754,Karthik Das,Male,56,West,Rajasthan,Jaipur,2025-08-16
14755,Arjun Pillai,Male,28,East,Bihar,Patna,2024-11-09
14756,Aarav Patel,Female,33,East,Jharkhand,Ranchi,2025-01-27
14757,Sneha Verma,Male,50,South,Telangana,Warangal,2025-07-07
14758,Diya Singh,Male,58,North,Uttar Pradesh,Kanpur,2024-07-28
14759,Priya Nair,Female,58,West,Maharashtra,Nagpur,2024-12-06
14760,Sneha Sharma,Other,49,East,West Bengal,Kolkata,2025-04-13
14761,Nisha Verma,Female,27,West,Gujarat,Ahmedabad,2025-03-24
14762,Priya Verma,Female,32,East,Jharkhand,Ranchi,2024-02-03
14763,Aarav Pillai,Male,33,North,Rajasthan,Jaipur,2024-08-24
14764,Priya Joshi,Female,60,South,Karnataka,Bengaluru,2023-11-24
14765,Ishita Nair,Male,44,West,Maharashtra,Pune,2024-01-30
14766,Vikram Kumar,Other,49,East,Bihar,Patna,2024-07-01
14767,Nisha Das,Male,23,East,Jharkhand,Ranchi,2025-11-07
14768,Rohan Gupta,Unknown,53,South,Telangana,Hyderabad,2025-07-07
14769,Karthik Verma,Female,25,North,Rajasthan,Jaipur,2023-03-18
14770,Aditya Kumar,Male,42,South,Karnataka,Bengaluru,2025-12-08
14771,Vihaan Nair,Female,24,South,Tamil Nadu,Coimbatore,2025-10-14
14772,Vikram Nair,Male,34,West,Maharashtra,Nagpur,2023-05-09
14773,Ananya Patel,Male,47,South,Telangana,Warangal,2024-06-02
14774,Nisha Iyer,Male,19,North,Uttar Pradesh,Lucknow,2023-10-31
14775,Rohan Nair,Female,34,South,Karnataka,Bengaluru,2024-12-25
14776,Vihaan Singh,Female,21,North,Haryana,Faridabad,2025-06-30
14777,Nisha Gupta,Male,43,South,Tamil Nadu,Coimbatore,2025-03-26
14778,Arjun Menon,Male,31,South,Tamil Nadu,Chennai,2025-08-31
14779,Nisha Sharma,Female,25,South,Karnataka,Mangaluru,2025-03-29
14780,Vihaan Reddy,Male,22,South,Karnataka,Mangaluru,2023-12-29
14781,Vikram Kumar,Female,22,South,Andhra Pradesh,Vijayawada,2025-12-25
14782,Karthik Kumar,Female,22,South,Andhra Pradesh,Vijayawada,2025-11-20
14783,Meera Singh,Female,44,West,Goa,Panaji,2025-03-19
14784,Vihaan Patel,Female,22,South,Kerala,Kozhikode,2025-11-03
14785,Aisha Joshi,Male,20,West,Maharashtra,Mumbai,2024-07-23
14786,Ishita Reddy,Female,55,West,Maharashtra,Nagpur,2025-08-27
14787,Sneha Iyer,Male,47,East,Jharkhand,Ranchi,2023-12-19
14788,Aisha Singh,Male,18,East,Jharkhand,Ranchi,2024-09-01
14789,Rohan Rao,Male,25,West,Maharashtra,Pune,2024-04-12
14790,Aditya Rao,Female,30,South,Tamil Nadu,Madurai,2025-07-12
14791,Ananya Reddy,Female,37,South,Telangana,Warangal,2024-01-23
14792,Vikram Reddy,Male,23,East,Odisha,Cuttack,2025-01-28
14793,Vihaan Pillai,Female,25,South,Telangana,Hyderabad,2024-03-17
14794,Diya Nair,Male,47,South,Karnataka,Bengaluru,2024-05-30
14795,Aisha Kumar,Female,57,South,Telangana,Warangal,2025-04-22
14796,Aarav Gupta,Male,32,South,Andhra Pradesh,Visakhapatnam,2023-02-14
14797,Aarav Sharma,Female,27,South,Andhra Pradesh,Visakhapatnam,2024-12-23
14798,Aditya Iyer,Female,50,North,Uttar Pradesh,Noida,2025-01-25
14799,Priya Menon,Male,26,South,Tamil Nadu,Coimbatore,2023-07-22
14800,Aisha Rao,Female,50,North,Punjab,Ludhiana,2024-06-22
14801,Diya Kumar,Male,26,South,Tamil Nadu,Madurai,2024-01-21
14802,Meera Menon,Female,31,South,Kerala,Kochi,2024-09-21
14803,Aarav Sharma,Female,49,East,Odisha,Bhubaneswar,2025-08-25
14804,Rohan Das,Female,54,South,Tamil Nadu,Chennai,2025-01-07
14805,Diya Das,Male,23,North,Haryana,Faridabad,2023-12-26
14806,Vihaan Joshi,Female,22,West,Gujarat,Surat,2025-09-09
14807,Aisha Verma,Male,21,South,Tamil Nadu,Madurai,2023-07-24
14808,Vihaan Patel,Female,33,East,West Bengal,Kolkata,2025-09-17
14809,Vihaan Nair,Female,27,South,Karnataka,Mangaluru,2025-12-08
14810,Ishita Singh,Female,48,East,Assam,Guwahati,2024-01-01
14811,Meera Nair,Female,48,South,Kerala,Thiruvananthapuram,2023-09-10
14812,Aditya Menon,Male,31,East,Bihar,Patna,2023-03-19
14813,Ishita Patel,Female,30,South,Karnataka,Mangaluru,2025-02-07
14814,Meera Kumar,Male,21,West,Maharashtra,Nagpur,2024-09-23
14815,Nisha Kumar,Male,43,North,Uttar Pradesh,Noida,2025-09-13
14816,Ananya Menon,Female,41,East,Jharkhand,Ranchi,2024-02-21
14817,Rahul Rao,Female,26,East,Jharkhand,Ranchi,2025-11-24
14818,Nisha Rao,Male,52,North,Uttar Pradesh,Kanpur,2023-11-08
14819,Rohan Nair,Female,59,East,Odisha,Cuttack,2023-07-16
14820,Aisha Rao,Male,32,South,Karnataka,Bengaluru,2025-09-23
14821,Rahul Das,Male,41,South,Karnataka,Mysuru,2023-09-17
14822,Arjun Verma,Male,48,South,Karnataka,Mysuru,2024-08-18
14823,Meera Das,Female,36,West,Gujarat,Ahmedabad,2024-06-17
14824,Ananya Pillai,Female,19,West,Maharashtra,Pune,2023-01-24
14825,Rahul Sharma,Female,19,West,Gujarat,Ahmedabad,2025-07-31
14826,Rahul Iyer,Male,58,South,Kerala,Kochi,2025-07-11
14827,Rahul Joshi,Female,53,North,Haryana,Faridabad,2024-11-09
14828,Vihaan Joshi,Male,54,South,Tamil Nadu,Coimbatore,2023-04-20
14829,Karthik Iyer,Male,51,South,Tamil Nadu,Madurai,2023-03-31
14830,Vihaan Menon,Female,56,West,Rajasthan,Jaipur,2023-02-06
14831,Diya Pillai,Male,36,North,Delhi,New Delhi,2025-04-01
14832,Rohan Nair,Female,55,North,Uttar Pradesh,Kanpur,2025-09-19
14833,Ananya Das,Female,40,North,Punjab,Amritsar,2024-07-25
14834,Meera Rao,Male,33,South,Telangana,Hyderabad,2024-08-06
14835,Aditya Verma,Female,23,West,Goa,Panaji,2023-11-03
14836,Priya Rao,Female,43,South,Telangana,Warangal,2023-03-03
14837,Ananya Pillai,Male,39,West,Goa,Panaji,2023-11-01
14838,Arjun Patel,Female,41,West,Rajasthan,Jaipur,2023-06-28
14839,Nisha Singh,Female,57,South,Tamil Nadu,Chennai,2024-06-23
14840,Meera Joshi,Male,38,South,Kerala,Kochi,2025-07-20
14841,Ishita Pillai,Male,47,East,West Bengal,Kolkata,2025-07-20
14842,Rohan Singh,Other,28,East,West Bengal,Kolkata,2025-04-24
14843,Aarav Sharma,Female,26,West,Rajasthan,Udaipur,2025-11-25
14844,Priya Iyer,Male,29,South,Karnataka,Mysuru,2025-01-19
14845,Ishita Pillai,Male,43,South,Tamil Nadu,Chennai,2025-11-19
14846,Rohan Pillai,Female,39,West,Gujarat,Surat,2025-01-08
14847,Nisha Das,Male,20,East,Jharkhand,Ranchi,2025-03-07
14848,Ananya Patel,Male,50,South,Karnataka,Mysuru,2025-12-24
14849,Rohan Patel,Female,32,North,Haryana,Gurugram,2025-01-16
14850,Arjun Das,Female,22,South,Andhra Pradesh,Vijayawada,2024-09-18
14851,Vikram Patel,Male,41,East,Jharkhand,Ranchi,2024-03-28
14852,Arjun Gupta,Male,28,West,Rajasthan,Udaipur,2025-04-10
14853,Arjun Verma,Male,50,North,Uttar Pradesh,Lucknow,2025-01-27
14854,Arjun Joshi,Male,40,South,Tamil Nadu,Coimbatore,2025-05-10
14855,Sneha Reddy,Male,27,North,Uttar Pradesh,Lucknow,2025-03-29
14856,Priya Iyer,Male,60,South,Kerala,Kochi,2025-11-26
14857,Aarav Singh,Male,45,South,Tamil Nadu,Madurai,2024-01-16
14858,Aisha Menon,Male,56,East,Assam,Guwahati,2024-10-10
14859,Aisha Sharma,Female,34,East,Bihar,Patna,2023-09-03
14860,Ishita Nair,Male,43,East,Odisha,Bhubaneswar,2023-09-08
14861,Aditya Reddy,Male,42,North,Delhi,New Delhi,2024-07-18
14862,Rohan Reddy,Male,53,North,Haryana,Gurugram,2025-06-27
14863,Rohan Reddy,Male,29,South,Kerala,Kochi,2025-03-31
14864,Aisha Nair,Female,20,South,Karnataka,Mysuru,2024-12-15
14865,Aarav Joshi,Male,46,South,Tamil Nadu,Coimbatore,2024-04-16
14866,Diya Kumar,Female,41,North,Delhi,New Delhi,2023-05-02
14867,Vikram Das,Male,36,West,Rajasthan,Udaipur,2025-02-19
14868,Vikram Patel,Female,30,South,Karnataka,Mysuru,2025-01-17
14869,Aarav Gupta,Male,33,West,Gujarat,Ahmedabad,2023-05-01
14870,Priya Joshi,Male,57,North,Haryana,Gurugram,2023-05-19
14871,Diya Pillai,Male,44,West,Rajasthan,Udaipur,2023-03-28
14872,Ananya Rao,Male,23,South,Karnataka,Mangaluru,2023-05-10
14873,Diya Singh,Male,59,South,Karnataka,Bengaluru,2023-09-09
14874,Diya Gupta,Male,27,South,Telangana,Hyderabad,2025-02-25
14875,Aarav Pillai,Female,55,South,Tamil Nadu,Madurai,2023-02-16
14876,Aditya Joshi,Male,25,North,Delhi,New Delhi,2024-05-15
14877,Vihaan Sharma,Male,35,North,Uttar Pradesh,Kanpur,2024-02-29
14878,Rahul Patel,Male,49,North,Delhi,New Delhi,2025-08-22
14879,Diya Gupta,Unknown,34,West,Rajasthan,Jaipur,2024-12-31
14880,Nisha Nair,Male,59,North,Haryana,Faridabad,2023-04-21
14881,Diya Pillai,Male,19,South,Kerala,Thiruvananthapuram,2025-11-28
14882,Aisha Verma,Male,37,West,Maharashtra,Mumbai,2023-05-15
14883,Nisha Rao,Female,27,North,Punjab,Ludhiana,2024-09-01
14884,Karthik Kumar,Female,26,South,Kerala,Kozhikode,2025-11-23
14885,Aisha Kumar,Male,56,South,Tamil Nadu,Chennai,2025-09-13
14886,Aditya Nair,Male,58,East,Assam,Guwahati,2024-03-03
14887,Vihaan Iyer,Male,42,South,Kerala,Kochi,2025-12-27
14888,Vihaan Menon,Male,42,North,Haryana,Faridabad,2023-07-18
14889,Arjun Rao,Female,41,South,Andhra Pradesh,Visakhapatnam,2024-07-13
14890,Ananya Patel,Male,23,North,Punjab,Amritsar,2023-09-16
14891,Rahul Nair,Male,47,South,Telangana,Warangal,2024-12-25
14892,Priya Singh,Female,27,South,Tamil Nadu,Chennai,2024-11-04
14893,Diya Gupta,Male,56,North,Delhi,New Delhi,2023-05-17
14894,Aisha Pillai,Male,48,South,Karnataka,Mysuru,2025-07-04
14895,Arjun Reddy,Male,35,West,Gujarat,Ahmedabad,2025-07-24
14896,Vikram Menon,Male,60,South,Tamil Nadu,Chennai,2024-01-16
14897,Ishita Das,Female,50,South,Karnataka,Bengaluru,2023-08-26
14898,Diya Rao,Female,36,South,Andhra Pradesh,Visakhapatnam,2024-11-18
14899,Aisha Rao,Male,40,South,Kerala,Kochi,2024-04-02
14900,Vihaan Joshi,Male,22,East,Assam,Guwahati,2023-03-23
14901,Ananya Nair,Male,43,South,Tamil Nadu,Coimbatore,2024-08-17
14902,Diya Das,Male,46,West,Rajasthan,Jaipur,2024-10-15
14903,Rohan Joshi,Female,41,South,Andhra Pradesh,Vijayawada,2024-02-07
14904,Rahul Iyer,Male,23,South,Andhra Pradesh,Vijayawada,2025-04-01
14905,Rohan Sharma,Female,56,East,Bihar,Patna,2023-07-07
14906,Karthik Das,Male,21,South,Telangana,Hyderabad,2024-05-07
14907,Priya Verma,Female,59,East,West Bengal,Kolkata,2023-09-12
14908,Meera Nair,Female,43,South,Tamil Nadu,Chennai,2024-02-29
14909,Ishita Singh,Female,32,North,Delhi,New Delhi,2024-04-29
14910,Nisha Reddy,Male,30,West,Gujarat,Surat,2024-03-11
14911,Meera Das,Female,57,East,Odisha,Bhubaneswar,2023-06-29
14912,Aarav Verma,Male,39,West,Rajasthan,Jaipur,2025-12-30
14913,Meera Nair,Female,30,West,Rajasthan,Udaipur,2025-06-19
14914,Aditya Reddy,Female,56,South,Andhra Pradesh,Vijayawada,2024-10-05
14915,Diya Menon,Male,34,South,Telangana,Hyderabad,2023-05-19
14916,Karthik Nair,Other,53,East,Assam,Guwahati,2025-02-25
14917,Meera Verma,Female,56,South,Telangana,Hyderabad,2023-04-12
14918,Arjun Iyer,Female,42,West,Rajasthan,Udaipur,2024-04-12
14919,Rahul Patel,Male,51,North,Haryana,Faridabad,2023-10-10
14920,Vihaan Gupta,Female,38,South,Andhra Pradesh,Vijayawada,2025-11-18
14921,Diya Verma,Female,42,East,West Bengal,Kolkata,2023-01-18
14922,Nisha Das,Female,42,North,Punjab,Ludhiana,2025-01-25
14923,Ananya Joshi,Female,39,West,Maharashtra,Pune,2024-11-17
14924,Aisha Pillai,Male,40,East,Odisha,Cuttack,2024-08-23
14925,Rahul Rao,Male,42,South,Tamil Nadu,Madurai,2025-11-09
14926,Aisha Reddy,Female,31,South,Andhra Pradesh,Visakhapatnam,2024-03-08
14927,Vihaan Patel,Male,31,West,Gujarat,Ahmedabad,2025-11-07
14928,Aarav Iyer,Female,43,South,Tamil Nadu,Chennai,2024-01-11
14929,Aarav Menon,Male,57,North,Rajasthan,Udaipur,2025-10-07
14930,Ananya Sharma,Male,47,East,Bihar,Patna,2024-12-16
14931,Sneha Rao,Male,43,West,Maharashtra,Mumbai,2025-10-20
14932,Ananya Joshi,Male,55,South,Karnataka,Bengaluru,2025-01-06
14933,Nisha Singh,Male,39,East,Odisha,Cuttack,2023-08-09
14934,Vihaan Gupta,Male,56,West,Gujarat,Vadodara,2025-11-15
14935,Karthik Reddy,Male,56,West,Rajasthan,Udaipur,2025-12-23
14936,Aisha Das,Female,51,West,Maharashtra,Mumbai,2023-09-11
14937,Rohan Joshi,Female,42,East,Odisha,Bhubaneswar,2025-01-05
14938,Diya Patel,Male,53,West,Gujarat,Vadodara,2025-04-05
14939,Aditya Reddy,Female,30,North,Haryana,Gurugram,2023-01-30
14940,Sneha Verma,Male,46,North,Haryana,Gurugram,2025-02-25
14941,Aisha Iyer,Male,59,South,Telangana,Hyderabad,2023-01-10
14942,Meera Verma,Female,26,West,Rajasthan,Udaipur,2024-03-05
14943,Karthik Gupta,Male,32,North,Punjab,Amritsar,2024-11-28
14944,Ananya Gupta,Male,48,West,Rajasthan,Jaipur,2023-05-04
14945,Meera Das,Male,39,North,Punjab,Amritsar,2023-02-20
14946,Ishita Singh,Female,48,East,West Bengal,Kolkata,2024-02-02
14947,Arjun Reddy,Male,27,North,Punjab,Ludhiana,2023-11-10
14948,Karthik Pillai,Female,54,North,Rajasthan,Udaipur,2024-10-09
14949,Aisha Singh,Male,24,North,Punjab,Amritsar,2024-05-28
14950,Rahul Iyer,Male,49,North,Punjab,Ludhiana,2024-05-16
14951,Rohan Nair,Female,28,West,Maharashtra,Mumbai,2024-06-13
14952,Aarav Sharma,Male,45,South,Telangana,Warangal,2024-11-27
14953,Aisha Gupta,Female,21,West,Gujarat,Surat,2025-01-03
14954,Karthik Joshi,Female,48,North,Punjab,Amritsar,2025-05-09
14955,Aarav Pillai,Male,46,West,Rajasthan,Udaipur,2024-02-23
14956,Vihaan Das,Male,50,North,Delhi,New Delhi,2023-07-13
14957,Aditya Das,Female,21,West,Rajasthan,Udaipur,2023-11-08
14958,Meera Patel,Male,43,North,Delhi,New Delhi,2025-09-22
14959,Vihaan Menon,Male,48,South,Telangana,Hyderabad,2024-12-22
14960,Vihaan Nair,Male,48,North,Punjab,Ludhiana,2024-04-20
14961,Vikram Reddy,Female,44,West,Maharashtra,Pune,2024-08-06
14962,Aarav Nair,Female,42,South,Andhra Pradesh,Vijayawada,2023-04-27
14963,Vikram Reddy,Female,53,South,Andhra Pradesh,Vijayawada,2023-09-21
14964,Karthik Verma,Male,48,North,Punjab,Ludhiana,2023-01-21
14965,Arjun Menon,Female,60,West,Maharashtra,Pune,2024-04-21
14966,Ishita Pillai,Male,54,South,Tamil Nadu,Madurai,2024-07-02
14967,Diya Reddy,Male,40,East,Assam,Guwahati,2025-08-05
14968,Diya Menon,Female,52,North,Uttar Pradesh,Lucknow,2025-10-17
14969,Rahul Patel,Female,21,East,West Bengal,Kolkata,2025-12-21
14970,Diya Kumar,Female,45,West,Rajasthan,Udaipur,2023-07-25
14971,Ishita Verma,Male,59,West,Maharashtra,Nagpur,2024-09-22
14972,Priya Sharma,Female,58,East,Assam,Guwahati,2023-06-28
14973,Rahul Iyer,Female,59,West,Gujarat,Surat,2025-06-06
14974,Rohan Nair,Male,30,North,Uttar Pradesh,Kanpur,2023-12-08
14975,Karthik Nair,Male,18,South,Karnataka,Mysuru,2024-03-15
14976,Arjun Sharma,Male,29,West,Gujarat,Vadodara,2023-10-17
14977,Aditya Joshi,Male,60,South,Karnataka,Bengaluru,2024-07-10
14978,Priya Das,Female,57,South,Tamil Nadu,Coimbatore,2024-10-10
14979,Meera Rao,Male,43,South,Andhra Pradesh,Vijayawada,2023-07-27
14980,Karthik Iyer,Female,40,South,Andhra Pradesh,Visakhapatnam,2023-09-29
14981,Diya Sharma,Female,39,East,Assam,Guwahati,2024-02-19
14982,Rahul Kumar,Male,45,South,Kerala,Kochi,2024-01-19
14983,Aarav Reddy,Male,34,North,Delhi,New Delhi,2025-06-09
14984,Karthik Singh,Other,23,North,Uttar Pradesh,Kanpur,2025-11-07
14985,Aisha Iyer,Male,31,West,Goa,Panaji,2024-10-21
14986,Rohan Gupta,Female,34,South,Karnataka,Bengaluru,2023-09-04
14987,Ananya Verma,Female,55,North,Uttar Pradesh,Noida,2024-02-18
14988,Aditya Patel,Male,22,North,Delhi,New Delhi,2024-12-15
14989,Aisha Singh,Female,30,North,Haryana,Faridabad,2023-06-30
14990,Ishita Reddy,Male,26,North,Delhi,New Delhi,2025-08-01
14991,Ishita Sharma,Female,59,East,Odisha,Bhubaneswar,2025-06-11
14992,Nisha Singh,Female,43,West,Gujarat,Ahmedabad,2023-03-02
14993,Diya Nair,Male,30,South,Karnataka,Mysuru,2023-06-15
14994,Aditya Pillai,Male,36,North,Haryana,Faridabad,2025-10-05
14995,Nisha Iyer,Female,34,South,Tamil Nadu,Madurai,2024-10-16
14996,Aditya Gupta,Female,33,East,Jharkhand,Ranchi,2023-12-17
14997,Rahul Das,Male,47,South,Karnataka,Mysuru,2025-12-20
14998,Diya Nair,Female,49,South,Andhra Pradesh,Vijayawada,2023-09-20
14999,Vihaan Gupta,Female,31,North,Punjab,Ludhiana,2023-05-04
15000,Nisha Verma,Female,32,West,Maharashtra,Nagpur,2025-07-20
