order_id,delivery_date,delivery_days,delivery_status,return_status,return_reason,refund_amount
500001,2025-10-17,5,On Time,No Return,Unknown,0.0
500002,2025-06-13,4,Late,No Return,Unknown,0.0
500003,2024-01-18,5,On Time,No Return,Unknown,0.0
500004,2024-06-24,4,Late,No Return,Unknown,0.0
500005,2025-05-08,5,On Time,No Return,Unknown,0.0
500006,2024-12-31,7,Late,No Return,Unknown,0.0
500007,2024-04-18,3,On Time,No Return,Unknown,0.0
500008,2024-07-14,7,Late,No Return,Unknown,0.0
500009,2025-06-13,1,On Time,Returned,Late Delivery,360.96
500010,2024-02-23,4,Late,No Return,Unknown,0.0
500011,2024-09-10,5,On Time,Returned,Changed Mind,128.97
500012,2025-02-18,5,On Time,No Return,Unknown,0.0
500013,2025-01-30,5,On Time,No Return,Unknown,0.0
500014,2025-01-19,6,On Time,No Return,Unknown,0.0
500015,2024-08-16,2,On Time,No Return,Unknown,0.0
500016,2025-08-16,3,On Time,No Return,Unknown,0.0
500017,2024-08-03,3,On Time,No Return,Unknown,0.0
500018,2025-06-16,4,On Time,No Return,Unknown,0.0
500019,2024-12-16,5,On Time,No Return,Unknown,0.0
500020,2025-03-03,9,Late,No Return,Unknown,0.0
500021,2024-04-01,8,Late,No Return,Unknown,0.0
500022,2024-07-18,3,Late,No Return,Unknown,0.0
500023,2025-06-18,5,On Time,No Return,Unknown,0.0
500024,2024-08-11,3,On Time,No Return,Unknown,0.0
500025,2024-06-30,6,On Time,No Return,Unknown,0.0
500026,2025-08-11,5,On Time,No Return,Unknown,0.0
500027,2025-08-28,3,On Time,No Return,Unknown,0.0
500028,2024-11-23,6,On Time,No Return,Unknown,0.0
500029,2025-06-22,4,On Time,No Return,Unknown,0.0
500030,2025-12-30,5,On Time,No Return,Unknown,0.0
500031,2025-01-29,1,On Time,No Return,Unknown,0.0
500032,2025-10-04,3,Late,No Return,Unknown,0.0
500033,2025-07-28,4,On Time,No Return,Unknown,0.0
500034,2024-11-21,2,On Time,No Return,Unknown,0.0
500035,2024-03-29,4,Late,No Return,Unknown,0.0
500036,2025-03-09,7,Late,No Return,Unknown,0.0
500037,2024-10-01,7,Late,No Return,Unknown,0.0
500038,2024-04-24,3,On Time,No Return,Unknown,0.0
500039,2025-09-23,4,Not Delivered,No Return,Unknown,0.0
500040,2025-02-07,6,Not Delivered,No Return,Unknown,0.0
500041,2024-02-24,3,On Time,No Return,Unknown,0.0
500042,2024-03-30,6,On Time,No Return,Unknown,0.0
500043,2025-09-19,5,On Time,No Return,Unknown,0.0
500044,2025-12-17,5,On Time,No Return,Unknown,0.0
500045,2026-01-07,7,Late,No Return,Unknown,0.0
500046,2025-03-05,5,On Time,No Return,Unknown,0.0
500047,2024-01-23,2,Late,No Return,Unknown,0.0
500048,2025-11-27,9,Late,No Return,Unknown,0.0
500049,2024-02-28,3,Late,No Return,Unknown,0.0
500050,2024-10-25,8,Late,No Return,Unknown,0.0
500051,2025-10-20,4,Late,No Return,Unknown,0.0
500052,2025-01-11,4,Late,No Return,Unknown,0.0
500053,2024-01-15,7,Late,Returned,Late Delivery,363.57
500054,2024-05-09,6,On Time,No Return,Unknown,0.0
500055,2024-04-17,7,Late,No Return,Unknown,0.0
500056,2024-04-06,4,On Time,No Return,Unknown,0.0
500057,2025-01-23,4,On Time,No Return,Unknown,0.0
500058,2024-03-27,7,Late,No Return,Unknown,0.0
500059,2024-10-28,4,On Time,No Return,Unknown,0.0
500060,2024-02-04,4,On Time,No Return,Unknown,0.0
500061,2025-01-17,5,On Time,No Return,Unknown,0.0
500062,2024-11-28,3,On Time,No Return,Unknown,0.0
500063,2024-11-01,7,Late,No Return,Unknown,0.0
500064,2024-10-09,1,Not Delivered,No Return,Unknown,0.0
500065,2024-01-17,5,On Time,No Return,Unknown,0.0
500066,2025-10-01,1,On Time,No Return,Unknown,0.0
500067,2025-12-04,5,On Time,No Return,Unknown,0.0
500068,2024-03-13,4,Late,No Return,Unknown,0.0
500069,2025-06-13,7,Late,Returned,Quality Issue,5874.68
500070,2024-01-25,2,Late,No Return,Unknown,0.0
500071,2024-12-06,4,Late,No Return,Unknown,0.0
500072,2025-03-07,5,On Time,No Return,Unknown,0.0
500073,2024-08-01,5,On Time,Returned,Changed Mind,1443.8
500074,2024-08-08,6,On Time,No Return,Unknown,0.0
500075,2025-10-03,7,Late,No Return,Unknown,0.0
500076,2025-03-02,4,On Time,No Return,Unknown,0.0
500077,2024-03-21,8,Late,No Return,Unknown,0.0
500078,2025-12-26,4,Late,No Return,Unknown,0.0
500079,2025-09-01,4,Late,No Return,Unknown,0.0
500080,2025-10-31,4,Late,No Return,Unknown,0.0
500081,2024-10-08,8,Late,No Return,Unknown,0.0
500082,2025-12-29,4,Late,No Return,Unknown,0.0
500083,2025-10-07,6,Late,Returned,Late Delivery,1915.94
500084,2024-08-21,1,On Time,No Return,Unknown,0.0
500085,2024-02-15,5,Late,No Return,Unknown,0.0
500086,2024-10-18,3,On Time,No Return,Unknown,0.0
500087,2025-07-14,6,On Time,No Return,Unknown,0.0
500088,2024-09-30,4,On Time,No Return,Unknown,0.0
500089,2025-03-22,8,Late,Returned,Late Delivery,225.68
500090,2024-11-17,8,Late,No Return,Unknown,0.0
500091,2025-05-25,1,Not Delivered,No Return,Unknown,0.0
500092,2025-02-05,8,Late,No Return,Unknown,0.0
500093,2024-01-31,3,On Time,No Return,Unknown,0.0
500094,2024-10-01,5,On Time,No Return,Unknown,0.0
500095,2025-04-16,5,On Time,Returned,Changed Mind,3934.59
500096,2024-03-19,5,On Time,No Return,Unknown,0.0
500097,2025-10-25,7,Late,No Return,Unknown,0.0
500098,2025-11-08,4,On Time,No Return,Unknown,0.0
500099,2024-09-08,6,On Time,No Return,Unknown,0.0
500100,2025-02-18,5,Late,No Return,Unknown,0.0
500101,2025-05-17,5,On Time,No Return,Unknown,0.0
500102,2025-03-01,8,Late,No Return,Unknown,0.0
500103,2024-08-03,5,On Time,No Return,Unknown,0.0
500104,2024-08-17,7,Late,Returned,Wrong Item,166.92
500105,2024-12-30,5,Late,Returned,Late Delivery,1290.08
500106,2025-08-13,9,Late,Returned,Wrong Item,3978.62
500107,2024-01-28,8,Late,Returned,Damaged,2220.95
500108,2025-03-04,6,On Time,No Return,Unknown,0.0
500109,2024-05-06,6,On Time,No Return,Unknown,0.0
500110,2024-06-24,3,On Time,Returned,Damaged,2459.09
500111,2024-02-08,5,On Time,No Return,Unknown,0.0
500112,2024-03-16,5,On Time,Returned,Quality Issue,1106.9
500113,2025-07-03,5,Late,No Return,Unknown,0.0
500114,2025-09-15,3,Late,No Return,Unknown,0.0
500115,2025-06-24,6,On Time,No Return,Unknown,0.0
500116,2025-10-24,5,On Time,No Return,Unknown,0.0
500117,2024-01-19,5,On Time,No Return,Unknown,0.0
500118,2024-11-07,6,On Time,No Return,Unknown,0.0
500119,2025-07-06,5,On Time,No Return,Unknown,0.0
500120,2024-10-03,6,On Time,No Return,Unknown,0.0
500121,2024-02-27,5,On Time,No Return,Unknown,0.0
500122,2025-05-11,3,On Time,No Return,Unknown,0.0
500123,2025-07-19,6,On Time,No Return,Unknown,0.0
500124,2025-04-10,3,On Time,No Return,Unknown,0.0
500125,2025-06-12,6,On Time,No Return,Unknown,0.0
500126,2025-12-29,7,Late,No Return,Unknown,0.0
500127,2024-11-23,4,On Time,No Return,Unknown,0.0
500128,2025-06-12,5,On Time,No Return,Unknown,0.0
500129,2025-03-24,6,On Time,No Return,Unknown,0.0
500130,2024-09-12,5,On Time,No Return,Unknown,0.0
500131,2024-06-15,7,Late,No Return,Unknown,0.0
500132,2024-02-12,7,Late,No Return,Unknown,0.0
500133,2025-10-29,7,Late,No Return,Unknown,0.0
500134,2024-07-21,5,Late,No Return,Unknown,0.0
500135,2025-04-01,7,Late,No Return,Unknown,0.0
500136,2025-01-16,4,Late,No Return,Unknown,0.0
500137,2024-09-08,6,On Time,No Return,Unknown,0.0
500138,2025-01-30,3,Late,No Return,Unknown,0.0
500139,2024-07-23,1,On Time,No Return,Unknown,0.0
500140,2024-02-17,4,On Time,No Return,Unknown,0.0
500141,2024-11-15,5,On Time,No Return,Unknown,0.0
500142,2025-02-15,4,Late,No Return,Unknown,0.0
500143,2024-07-28,4,On Time,Returned,Damaged,1459.42
500144,2024-09-03,6,On Time,No Return,Unknown,0.0
500145,2024-02-15,5,On Time,Returned,Changed Mind,3807.06
500146,2025-08-17,7,Late,No Return,Unknown,0.0
500147,2025-12-20,6,On Time,No Return,Unknown,0.0
500148,2025-01-05,8,Late,No Return,Unknown,0.0
500149,2024-04-08,4,On Time,No Return,Unknown,0.0
500150,2025-06-30,7,Late,No Return,Unknown,0.0
500151,2024-05-28,5,Late,No Return,Unknown,0.0
500152,2024-03-05,6,On Time,No Return,Unknown,0.0
500153,2025-10-05,3,On Time,No Return,Unknown,0.0
500154,2025-05-26,3,Not Delivered,No Return,Unknown,0.0
500155,2025-06-02,6,On Time,No Return,Unknown,0.0
500156,2024-01-24,2,On Time,No Return,Unknown,0.0
500157,2024-07-23,1,On Time,No Return,Unknown,0.0
500158,2025-12-03,4,On Time,No Return,Unknown,0.0
500159,2025-04-18,3,On Time,No Return,Unknown,0.0
500160,2024-10-17,7,Late,No Return,Unknown,0.0
500161,2025-01-11,5,Late,No Return,Unknown,0.0
500162,2025-05-17,5,Late,No Return,Unknown,0.0
500163,2024-11-28,1,On Time,No Return,Unknown,0.0
500164,2024-02-01,5,On Time,No Return,Unknown,0.0
500165,2024-05-14,6,On Time,Returned,Changed Mind,1331.73
500166,2025-01-20,6,On Time,No Return,Unknown,0.0
500167,2025-05-26,5,On Time,No Return,Unknown,0.0
500168,2024-04-07,3,On Time,No Return,Unknown,0.0
500169,2025-08-05,5,On Time,No Return,Unknown,0.0
500170,2024-06-30,5,Late,No Return,Unknown,0.0
500171,2025-04-23,6,On Time,No Return,Unknown,0.0
500172,2025-05-05,5,On Time,No Return,Unknown,0.0
500173,2024-10-05,4,Late,No Return,Unknown,0.0
500174,2025-10-31,2,On Time,No Return,Unknown,0.0
500175,2025-03-01,3,On Time,No Return,Unknown,0.0
500176,2025-06-21,7,Late,No Return,Unknown,0.0
500177,2024-11-20,5,Late,No Return,Unknown,0.0
500178,2024-02-29,2,Late,No Return,Unknown,0.0
500179,2024-10-05,6,On Time,No Return,Unknown,0.0
500180,2024-07-21,5,Late,Returned,Late Delivery,850.28
500181,2024-03-25,6,On Time,No Return,Unknown,0.0
500182,2024-02-18,8,Late,No Return,Unknown,0.0
500183,2024-09-07,6,On Time,No Return,Unknown,0.0
500184,2024-01-27,4,On Time,No Return,Unknown,0.0
500185,2025-12-14,5,On Time,No Return,Unknown,0.0
500186,2024-08-27,4,On Time,Returned,Changed Mind,1524.72
500187,2024-05-13,8,Not Delivered,No Return,Unknown,0.0
500188,2024-05-22,3,On Time,No Return,Unknown,0.0
500189,2025-02-05,8,Late,No Return,Unknown,0.0
500190,2024-05-11,5,On Time,No Return,Unknown,0.0
500191,2024-04-26,3,On Time,No Return,Unknown,0.0
500192,2025-06-16,8,Late,No Return,Unknown,0.0
500193,2024-08-20,5,On Time,No Return,Unknown,0.0
500194,2025-06-08,4,On Time,No Return,Unknown,0.0
500195,2024-05-29,4,Late,No Return,Unknown,0.0
500196,2024-06-15,4,On Time,No Return,Unknown,0.0
500197,2026-01-02,5,Late,No Return,Unknown,0.0
500198,2024-06-22,5,On Time,Returned,Late Delivery,5778.24
500199,2025-06-27,6,On Time,No Return,Unknown,0.0
500200,2024-05-09,5,On Time,No Return,Unknown,0.0
500201,2024-11-03,8,Not Delivered,No Return,Unknown,0.0
500202,2024-09-12,6,On Time,No Return,Unknown,0.0
500203,2025-06-12,7,Late,No Return,Unknown,0.0
500204,2024-04-21,7,Late,Returned,Quality Issue,1122.97
500205,2025-09-13,4,Late,No Return,Unknown,0.0
500206,2025-05-31,4,Late,No Return,Unknown,0.0
500207,2025-12-01,7,Late,Returned,Late Delivery,6720.97
500208,2025-05-26,6,On Time,No Return,Unknown,0.0
500209,2024-11-06,9,Late,No Return,Unknown,0.0
500210,2025-10-20,6,On Time,No Return,Unknown,0.0
500211,2024-08-20,3,On Time,No Return,Unknown,0.0
500212,2024-03-09,5,On Time,No Return,Unknown,0.0
500213,2025-08-17,5,Late,No Return,Unknown,0.0
500214,2024-08-24,5,On Time,No Return,Unknown,0.0
500215,2025-08-28,7,Late,No Return,Unknown,0.0
500216,2024-07-10,9,Late,No Return,Unknown,0.0
500217,2024-11-16,2,Not Delivered,No Return,Unknown,0.0
500218,2025-10-22,3,On Time,No Return,Unknown,0.0
500219,2024-04-05,4,Late,No Return,Unknown,0.0
500220,2025-10-02,6,Not Delivered,No Return,Unknown,0.0
500221,2024-03-09,5,Late,No Return,Unknown,0.0
500222,2024-08-10,4,Late,No Return,Unknown,0.0
500223,2025-12-09,5,Late,No Return,Unknown,0.0
500224,2025-09-18,8,Late,No Return,Unknown,0.0
500225,2024-09-09,6,On Time,No Return,Unknown,0.0
500226,2025-04-23,6,Not Delivered,No Return,Unknown,0.0
500227,2024-03-01,4,Late,No Return,Unknown,0.0
500228,2024-02-21,7,Late,No Return,Unknown,0.0
500229,2024-03-30,4,Late,No Return,Unknown,0.0
500230,2024-02-12,5,On Time,No Return,Unknown,0.0
500231,2024-07-04,4,Late,No Return,Unknown,0.0
500232,2024-06-18,6,Not Delivered,No Return,Unknown,0.0
500233,2024-05-08,3,On Time,No Return,Unknown,0.0
500234,2024-07-29,4,Late,No Return,Unknown,0.0
500235,2024-10-02,9,Late,No Return,Unknown,0.0
500236,2024-12-24,5,On Time,No Return,Unknown,0.0
500237,2025-02-18,4,Late,No Return,Unknown,0.0
500238,2025-08-29,8,Late,No Return,Unknown,0.0
500239,2025-10-22,4,Late,No Return,Unknown,0.0
500240,2024-05-05,4,On Time,No Return,Unknown,0.0
500241,2025-05-24,2,Late,No Return,Unknown,0.0
500242,2025-09-04,3,On Time,No Return,Unknown,0.0
500243,2025-04-16,3,Late,No Return,Unknown,0.0
500244,2024-05-16,4,On Time,No Return,Unknown,0.0
500245,2025-01-17,4,Late,No Return,Unknown,0.0
500246,2024-11-17,4,Late,No Return,Unknown,0.0
500247,2025-08-03,4,On Time,No Return,Unknown,0.0
500248,2025-12-17,6,Late,No Return,Unknown,0.0
500249,2024-05-07,3,On Time,No Return,Unknown,0.0
500250,2025-03-30,4,On Time,No Return,Unknown,0.0
500251,2025-12-23,3,On Time,No Return,Unknown,0.0
500252,2024-07-28,2,On Time,No Return,Unknown,0.0
500253,2024-11-01,6,On Time,No Return,Unknown,0.0
500254,2025-05-09,6,On Time,No Return,Unknown,0.0
500255,2025-09-28,4,On Time,No Return,Unknown,0.0
500256,2024-05-24,3,On Time,No Return,Unknown,0.0
500257,2025-04-22,4,Late,No Return,Unknown,0.0
500258,2025-07-27,5,On Time,No Return,Unknown,0.0
500259,2024-11-02,3,On Time,No Return,Unknown,0.0
500260,2025-10-24,6,On Time,No Return,Unknown,0.0
500261,2025-07-15,6,On Time,No Return,Unknown,0.0
500262,2025-10-11,6,On Time,No Return,Unknown,0.0
500263,2025-08-22,7,Late,No Return,Unknown,0.0
500264,2024-02-07,8,Late,No Return,Unknown,0.0
500265,2025-01-17,6,On Time,No Return,Unknown,0.0
500266,2024-12-10,4,Late,No Return,Unknown,0.0
500267,2024-07-30,3,Late,No Return,Unknown,0.0
500268,2024-09-04,5,On Time,No Return,Unknown,0.0
500269,2025-11-30,5,On Time,Returned,Changed Mind,1833.64
500270,2024-06-11,5,On Time,No Return,Unknown,0.0
500271,2024-05-27,2,Late,No Return,Unknown,0.0
500272,2024-12-09,4,On Time,No Return,Unknown,0.0
500273,2024-04-03,2,On Time,No Return,Unknown,0.0
500274,2024-11-29,5,On Time,No Return,Unknown,0.0
500275,2024-06-21,1,On Time,No Return,Unknown,0.0
500276,2025-12-07,5,On Time,No Return,Unknown,0.0
500277,2024-02-06,6,On Time,No Return,Unknown,0.0
500278,2025-09-18,6,On Time,No Return,Unknown,0.0
500279,2024-10-01,3,On Time,No Return,Unknown,0.0
500280,2024-04-08,4,On Time,No Return,Unknown,0.0
500281,2024-03-22,5,On Time,No Return,Unknown,0.0
500282,2024-06-05,6,On Time,No Return,Unknown,0.0
500283,2024-05-27,6,Late,No Return,Unknown,0.0
500284,2024-08-21,3,On Time,No Return,Unknown,0.0
500285,2024-05-13,6,Late,No Return,Unknown,0.0
500286,2025-11-30,4,On Time,No Return,Unknown,0.0
500287,2025-05-15,4,On Time,No Return,Unknown,0.0
500288,2024-10-09,3,On Time,No Return,Unknown,0.0
500289,2025-07-01,7,Late,No Return,Unknown,0.0
500290,2025-06-19,6,On Time,No Return,Unknown,0.0
500291,2024-05-14,4,On Time,No Return,Unknown,0.0
500292,2025-04-10,5,On Time,No Return,Unknown,0.0
500293,2024-09-29,4,Late,No Return,Unknown,0.0
500294,2025-09-11,2,On Time,No Return,Unknown,0.0
500295,2025-11-04,5,Not Delivered,No Return,Unknown,0.0
500296,2025-07-28,4,On Time,No Return,Unknown,0.0
500297,2025-08-30,4,Late,No Return,Unknown,0.0
500298,2024-09-21,5,On Time,Returned,Changed Mind,3081.89
500299,2024-02-24,4,Late,No Return,Unknown,0.0
500300,2024-05-19,7,Late,No Return,Unknown,0.0
500301,2025-11-13,4,Late,No Return,Unknown,0.0
500302,2024-01-11,6,On Time,No Return,Unknown,0.0
500303,2025-10-15,6,On Time,Returned,Quality Issue,1127.05
500304,2025-05-23,7,Late,No Return,Unknown,0.0
500305,2024-07-10,8,Late,No Return,Unknown,0.0
500306,2025-02-16,4,Late,No Return,Unknown,0.0
500307,2024-04-06,6,On Time,No Return,Unknown,0.0
500308,2025-03-16,5,On Time,No Return,Unknown,0.0
500309,2024-07-10,3,On Time,No Return,Unknown,0.0
500310,2025-05-02,8,Late,Returned,Damaged,6590.14
500311,2025-01-23,6,On Time,No Return,Unknown,0.0
500312,2024-11-23,6,On Time,No Return,Unknown,0.0
500313,2025-03-22,4,On Time,Returned,Changed Mind,2757.9
500314,2025-05-09,5,On Time,No Return,Unknown,0.0
500315,2024-05-16,4,Late,No Return,Unknown,0.0
500316,2025-11-20,6,On Time,No Return,Unknown,0.0
500317,2025-03-07,6,Late,No Return,Unknown,0.0
500318,2024-09-11,5,Late,No Return,Unknown,0.0
500319,2024-03-04,3,On Time,No Return,Unknown,0.0
500320,2025-07-19,4,Late,No Return,Unknown,0.0
500321,2025-03-03,6,On Time,No Return,Unknown,0.0
500322,2025-04-22,2,Late,No Return,Unknown,0.0
500323,2024-08-16,6,On Time,No Return,Unknown,0.0
500324,2025-03-16,3,On Time,No Return,Unknown,0.0
500325,2025-11-20,6,On Time,No Return,Unknown,0.0
500326,2025-01-24,6,On Time,No Return,Unknown,0.0
500327,2024-11-17,3,On Time,No Return,Unknown,0.0
500328,2024-08-16,4,On Time,No Return,Unknown,0.0
500329,2025-03-01,3,Not Delivered,No Return,Unknown,0.0
500330,2024-07-15,6,Late,No Return,Unknown,0.0
500331,2024-03-23,4,Late,No Return,Unknown,0.0
500332,2025-01-01,2,On Time,No Return,Unknown,0.0
500333,2024-01-27,5,On Time,No Return,Unknown,0.0
500334,2025-07-04,3,On Time,No Return,Unknown,0.0
500335,2024-11-30,5,On Time,No Return,Unknown,0.0
500336,2024-06-06,2,Late,No Return,Unknown,0.0
500337,2024-03-04,8,Late,No Return,Unknown,0.0
500338,2024-09-11,7,Late,Returned,Quality Issue,267.18
500339,2024-09-20,3,On Time,No Return,Unknown,0.0
500340,2025-03-18,8,Late,No Return,Unknown,0.0
500341,2025-06-16,6,On Time,No Return,Unknown,0.0
500342,2025-04-27,5,On Time,No Return,Unknown,0.0
500343,2025-12-03,3,On Time,No Return,Unknown,0.0
500344,2025-06-27,6,On Time,No Return,Unknown,0.0
500345,2025-06-20,2,Late,No Return,Unknown,0.0
500346,2025-01-21,6,On Time,No Return,Unknown,0.0
500347,2024-04-19,7,Late,No Return,Unknown,0.0
500348,2024-02-06,8,Late,No Return,Unknown,0.0
500349,2025-05-01,4,Late,No Return,Unknown,0.0
500350,2024-02-28,2,On Time,No Return,Unknown,0.0
500351,2024-03-11,9,Late,No Return,Unknown,0.0
500352,2024-02-23,6,On Time,No Return,Unknown,0.0
500353,2025-01-08,7,Late,No Return,Unknown,0.0
500354,2025-07-06,6,Late,No Return,Unknown,0.0
500355,2025-07-19,8,Late,No Return,Unknown,0.0
500356,2025-07-02,4,Late,No Return,Unknown,0.0
500357,2024-11-27,5,On Time,No Return,Unknown,0.0
500358,2024-09-25,3,Late,No Return,Unknown,0.0
500359,2025-12-31,3,Late,No Return,Unknown,0.0
500360,2026-01-04,6,On Time,No Return,Unknown,0.0
500361,2024-06-27,3,On Time,No Return,Unknown,0.0
500362,2024-02-16,3,On Time,No Return,Unknown,0.0
500363,2024-08-10,4,Late,No Return,Unknown,0.0
500364,2024-05-10,5,On Time,No Return,Unknown,0.0
500365,2025-01-21,8,Late,No Return,Unknown,0.0
500366,2024-11-21,7,Late,No Return,Unknown,0.0
500367,2024-11-08,8,Late,No Return,Unknown,0.0
500368,2024-07-21,3,On Time,No Return,Unknown,0.0
500369,2024-03-29,4,On Time,No Return,Unknown,0.0
500370,2024-02-15,5,On Time,No Return,Unknown,0.0
500371,2025-12-28,5,Late,No Return,Unknown,0.0
500372,2025-07-06,2,On Time,No Return,Unknown,0.0
500373,2025-01-03,6,On Time,No Return,Unknown,0.0
500374,2024-10-01,6,On Time,No Return,Unknown,0.0
500375,2025-01-01,5,On Time,No Return,Unknown,0.0
500376,2025-01-06,5,Late,No Return,Unknown,0.0
500377,2024-07-06,7,Late,Returned,Quality Issue,1409.67
500378,2024-08-24,6,On Time,Returned,Quality Issue,517.32
500379,2024-03-16,6,On Time,No Return,Unknown,0.0
500380,2025-08-14,4,Late,No Return,Unknown,0.0
500381,2025-05-08,5,Late,No Return,Unknown,0.0
500382,2024-08-25,4,On Time,No Return,Unknown,0.0
500383,2025-03-11,7,Late,No Return,Unknown,0.0
500384,2025-10-15,6,On Time,No Return,Unknown,0.0
500385,2025-11-01,5,On Time,No Return,Unknown,0.0
500386,2024-10-23,3,On Time,No Return,Unknown,0.0
500387,2024-12-18,5,On Time,No Return,Unknown,0.0
500388,2024-04-14,6,On Time,No Return,Unknown,0.0
500389,2024-12-29,3,On Time,No Return,Unknown,0.0
500390,2024-12-29,6,On Time,No Return,Unknown,0.0
500391,2024-05-15,6,On Time,No Return,Unknown,0.0
500392,2025-06-06,4,Late,No Return,Unknown,0.0
500393,2025-01-23,6,On Time,No Return,Unknown,0.0
500394,2025-09-14,6,On Time,No Return,Unknown,0.0
500395,2025-07-21,6,On Time,No Return,Unknown,0.0
500396,2024-03-08,4,Late,No Return,Unknown,0.0
500397,2025-02-05,6,On Time,No Return,Unknown,0.0
500398,2024-07-06,7,Late,No Return,Unknown,0.0
500399,2025-08-13,4,Late,No Return,Unknown,0.0
500400,2024-07-15,8,Late,No Return,Unknown,0.0
500401,2024-07-09,8,Late,No Return,Unknown,0.0
500402,2025-05-12,6,Not Delivered,No Return,Unknown,0.0
500403,2025-08-07,5,On Time,No Return,Unknown,0.0
500404,2024-06-23,5,Late,No Return,Unknown,0.0
500405,2024-11-20,3,On Time,No Return,Unknown,0.0
500406,2024-06-25,5,On Time,No Return,Unknown,0.0
500407,2024-10-16,6,Not Delivered,No Return,Unknown,0.0
500408,2025-09-15,5,Late,No Return,Unknown,0.0
500409,2025-01-03,3,On Time,No Return,Unknown,0.0
500410,2024-04-25,5,Late,No Return,Unknown,0.0
500411,2024-03-23,5,On Time,No Return,Unknown,0.0
500412,2025-12-03,5,On Time,No Return,Unknown,0.0
500413,2024-09-14,5,On Time,Returned,Quality Issue,1814.04
500414,2024-08-25,2,On Time,Returned,Late Delivery,7254.28
500415,2024-04-07,5,Late,No Return,Unknown,0.0
500416,2025-10-06,3,On Time,Returned,Quality Issue,827.77
500417,2025-12-02,7,Late,No Return,Unknown,0.0
500418,2024-02-10,7,Late,No Return,Unknown,0.0
500419,2025-04-30,5,Not Delivered,No Return,Unknown,0.0
500420,2025-02-11,4,On Time,No Return,Unknown,0.0
500421,2024-08-14,5,On Time,No Return,Unknown,0.0
500422,2025-05-09,5,On Time,No Return,Unknown,0.0
500423,2024-12-09,4,Not Delivered,No Return,Unknown,0.0
500424,2025-05-28,1,On Time,No Return,Unknown,0.0
500425,2025-09-03,3,On Time,No Return,Unknown,0.0
500426,2025-08-23,2,On Time,No Return,Unknown,0.0
500427,2024-09-13,5,On Time,No Return,Unknown,0.0
500428,2025-01-03,5,On Time,No Return,Unknown,0.0
500429,2025-06-16,6,On Time,No Return,Unknown,0.0
500430,2024-05-28,7,Late,Returned,Wrong Item,1265.57
500431,2024-11-11,5,On Time,No Return,Unknown,0.0
500432,2025-01-25,6,On Time,No Return,Unknown,0.0
500433,2025-08-08,4,Late,No Return,Unknown,0.0
500434,2024-11-13,6,On Time,No Return,Unknown,0.0
500435,2024-10-07,2,On Time,No Return,Unknown,0.0
500436,2025-07-24,5,On Time,No Return,Unknown,0.0
500437,2024-12-16,5,Not Delivered,No Return,Unknown,0.0
500438,2025-01-29,8,Late,No Return,Unknown,0.0
500439,2024-11-04,7,Late,No Return,Unknown,0.0
500440,2025-05-27,6,On Time,Returned,Changed Mind,1653.94
500441,2024-09-09,6,On Time,No Return,Unknown,0.0
500442,2025-10-14,7,Late,No Return,Unknown,0.0
500443,2025-05-05,3,On Time,No Return,Unknown,0.0
500444,2024-08-30,4,Late,Returned,Quality Issue,212.85
500445,2025-06-14,2,On Time,No Return,Unknown,0.0
500446,2024-12-20,6,On Time,No Return,Unknown,0.0
500447,2024-12-21,4,Late,No Return,Unknown,0.0
500448,2024-06-08,6,On Time,No Return,Unknown,0.0
500449,2025-06-01,8,Late,No Return,Unknown,0.0
500450,2024-07-10,6,On Time,No Return,Unknown,0.0
500451,2025-08-18,1,On Time,No Return,Unknown,0.0
500452,2025-07-26,6,On Time,No Return,Unknown,0.0
500453,2025-03-04,4,Late,No Return,Unknown,0.0
500454,2024-03-07,5,On Time,No Return,Unknown,0.0
500455,2025-02-09,5,On Time,No Return,Unknown,0.0
500456,2024-03-04,5,Late,No Return,Unknown,0.0
500457,2024-05-26,5,On Time,Returned,Quality Issue,693.01
500458,2025-04-15,5,Late,Returned,Damaged,15410.5
500459,2024-06-04,7,Late,No Return,Unknown,0.0
500460,2025-03-27,5,On Time,No Return,Unknown,0.0
500461,2024-06-26,4,Late,No Return,Unknown,0.0
500462,2024-11-11,5,On Time,No Return,Unknown,0.0
500463,2024-03-06,4,Late,No Return,Unknown,0.0
500464,2024-06-18,3,On Time,No Return,Unknown,0.0
500465,2025-11-13,1,On Time,No Return,Unknown,0.0
500466,2024-04-17,5,On Time,No Return,Unknown,0.0
500467,2024-02-03,6,On Time,No Return,Unknown,0.0
500468,2025-08-22,4,Late,No Return,Unknown,0.0
500469,2025-05-28,6,On Time,No Return,Unknown,0.0
500470,2024-05-20,7,Late,No Return,Unknown,0.0
500471,2024-03-03,4,On Time,No Return,Unknown,0.0
500472,2024-04-03,4,Late,Returned,Wrong Item,608.65
500473,2024-03-16,6,On Time,No Return,Unknown,0.0
500474,2024-07-08,5,On Time,No Return,Unknown,0.0
500475,2025-03-19,6,On Time,No Return,Unknown,0.0
500476,2025-07-28,3,On Time,No Return,Unknown,0.0
500477,2025-04-21,3,On Time,No Return,Unknown,0.0
500478,2025-10-23,5,Not Delivered,No Return,Unknown,0.0
500479,2024-06-21,5,On Time,No Return,Unknown,0.0
500480,2025-08-06,6,On Time,No Return,Unknown,0.0
500481,2024-05-09,6,On Time,No Return,Unknown,0.0
500482,2024-08-08,8,Late,No Return,Unknown,0.0
500483,2024-07-04,4,Late,No Return,Unknown,0.0
500484,2024-03-18,7,Not Delivered,No Return,Unknown,0.0
500485,2025-07-14,5,Late,No Return,Unknown,0.0
500486,2024-07-20,7,Late,No Return,Unknown,0.0
500487,2025-07-25,3,On Time,No Return,Unknown,0.0
500488,2024-10-25,7,Late,No Return,Unknown,0.0
500489,2024-02-28,2,On Time,No Return,Unknown,0.0
500490,2025-11-20,7,Late,No Return,Unknown,0.0
500491,2024-10-30,4,Late,No Return,Unknown,0.0
500492,2024-11-17,4,Late,No Return,Unknown,0.0
500493,2025-01-11,6,On Time,No Return,Unknown,0.0
500494,2024-03-31,8,Late,No Return,Unknown,0.0
500495,2024-04-07,4,On Time,Returned,Wrong Item,2699.11
500496,2024-09-27,4,Late,No Return,Unknown,0.0
500497,2025-01-15,5,On Time,No Return,Unknown,0.0
500498,2024-06-16,7,Late,No Return,Unknown,0.0
500499,2025-09-08,3,On Time,No Return,Unknown,0.0
500500,2025-05-23,7,Late,No Return,Unknown,0.0
500501,2025-01-18,7,Late,No Return,Unknown,0.0
500502,2024-04-28,7,Late,No Return,Unknown,0.0
500503,2025-08-04,4,Not Delivered,No Return,Unknown,0.0
500504,2025-09-19,6,On Time,No Return,Unknown,0.0
500505,2025-09-26,3,Not Delivered,No Return,Unknown,0.0
500506,2024-10-08,3,On Time,No Return,Unknown,0.0
500507,2025-03-16,8,Late,No Return,Unknown,0.0
500508,2025-10-22,1,On Time,No Return,Unknown,0.0
500509,2024-09-03,5,On Time,No Return,Unknown,0.0
500510,2024-08-14,5,Not Delivered,No Return,Unknown,0.0
500511,2024-10-19,7,Late,No Return,Unknown,0.0
500512,2024-01-10,6,On Time,No Return,Unknown,0.0
500513,2024-11-23,8,Late,No Return,Unknown,0.0
500514,2024-11-22,6,On Time,No Return,Unknown,0.0
500515,2024-01-12,4,On Time,Returned,Quality Issue,2353.59
500516,2024-02-25,4,Late,No Return,Unknown,0.0
500517,2024-05-23,2,Late,No Return,Unknown,0.0
500518,2024-10-10,4,On Time,No Return,Unknown,0.0
500519,2024-04-03,6,On Time,No Return,Unknown,0.0
500520,2024-06-12,4,Late,No Return,Unknown,0.0
500521,2024-01-31,3,On Time,No Return,Unknown,0.0
500522,2025-06-14,3,On Time,No Return,Unknown,0.0
500523,2024-10-03,5,On Time,Returned,Quality Issue,1674.68
500524,2024-04-11,2,On Time,No Return,Unknown,0.0
500525,2024-07-26,4,On Time,No Return,Unknown,0.0
500526,2024-07-13,5,On Time,No Return,Unknown,0.0
500527,2025-07-04,5,On Time,No Return,Unknown,0.0
500528,2024-10-22,2,On Time,No Return,Unknown,0.0
500529,2024-12-12,3,On Time,No Return,Unknown,0.0
500530,2024-02-29,7,Late,No Return,Unknown,0.0
500531,2025-12-08,4,Late,No Return,Unknown,0.0
500532,2025-11-18,4,Late,No Return,Unknown,0.0
500533,2024-02-22,6,On Time,Returned,Changed Mind,1629.31
500534,2025-03-04,7,Late,No Return,Unknown,0.0
500535,2025-12-10,7,Late,No Return,Unknown,0.0
500536,2025-04-14,5,On Time,No Return,Unknown,0.0
500537,2025-07-11,5,On Time,No Return,Unknown,0.0
500538,2025-03-11,7,Late,No Return,Unknown,0.0
500539,2025-02-04,4,Late,No Return,Unknown,0.0
500540,2024-07-19,7,Late,No Return,Unknown,0.0
500541,2024-03-13,7,Late,No Return,Unknown,0.0
500542,2025-07-14,6,On Time,No Return,Unknown,0.0
500543,2025-12-06,4,On Time,No Return,Unknown,0.0
500544,2025-08-29,6,On Time,No Return,Unknown,0.0
500545,2025-04-23,3,Late,No Return,Unknown,0.0
500546,2025-11-22,4,On Time,No Return,Unknown,0.0
500547,2024-02-01,6,On Time,No Return,Unknown,0.0
500548,2024-04-13,5,On Time,No Return,Unknown,0.0
500549,2025-04-25,5,On Time,No Return,Unknown,0.0
500550,2025-07-30,4,Late,Returned,Quality Issue,3773.67
500551,2024-03-25,3,On Time,No Return,Unknown,0.0
500552,2025-02-09,8,Late,No Return,Unknown,0.0
500553,2025-11-27,3,Late,No Return,Unknown,0.0
500554,2025-12-06,6,On Time,No Return,Unknown,0.0
500555,2025-01-31,4,Late,No Return,Unknown,0.0
500556,2024-02-19,6,On Time,Returned,Late Delivery,933.1
500557,2025-04-28,6,Late,No Return,Unknown,0.0
500558,2025-09-05,4,Late,No Return,Unknown,0.0
500559,2024-04-07,7,Late,No Return,Unknown,0.0
500560,2024-12-02,8,Late,No Return,Unknown,0.0
500561,2025-10-19,5,On Time,No Return,Unknown,0.0
500562,2025-02-21,4,Not Delivered,No Return,Unknown,0.0
500563,2025-12-25,5,On Time,No Return,Unknown,0.0
500564,2025-11-27,6,On Time,No Return,Unknown,0.0
500565,2025-12-06,7,Late,No Return,Unknown,0.0
500566,2024-04-24,5,Not Delivered,No Return,Unknown,0.0
500567,2024-08-15,9,Late,No Return,Unknown,0.0
500568,2025-04-13,6,On Time,No Return,Unknown,0.0
500569,2025-06-04,6,On Time,No Return,Unknown,0.0
500570,2025-07-11,5,Late,No Return,Unknown,0.0
500571,2025-10-03,5,Late,No Return,Unknown,0.0
500572,2024-09-17,4,Late,No Return,Unknown,0.0
500573,2024-07-16,5,On Time,No Return,Unknown,0.0
500574,2025-09-22,4,Late,No Return,Unknown,0.0
500575,2024-03-17,7,Late,No Return,Unknown,0.0
500576,2025-04-07,4,Late,No Return,Unknown,0.0
500577,2025-01-19,3,On Time,No Return,Unknown,0.0
500578,2025-05-14,6,Not Delivered,No Return,Unknown,0.0
500579,2024-04-09,3,On Time,No Return,Unknown,0.0
500580,2025-12-31,3,On Time,Returned,Late Delivery,3563.98
500581,2024-08-17,6,On Time,No Return,Unknown,0.0
500582,2024-10-13,6,On Time,No Return,Unknown,0.0
500583,2024-12-01,3,On Time,No Return,Unknown,0.0
500584,2025-10-05,3,Late,No Return,Unknown,0.0
500585,2025-09-06,4,Late,No Return,Unknown,0.0
500586,2025-02-15,7,Late,No Return,Unknown,0.0
500587,2025-05-16,6,On Time,No Return,Unknown,0.0
500588,2024-07-07,3,Late,No Return,Unknown,0.0
500589,2024-02-12,5,On Time,No Return,Unknown,0.0
500590,2025-10-12,6,On Time,No Return,Unknown,0.0
500591,2025-05-08,6,On Time,No Return,Unknown,0.0
500592,2025-07-13,4,Late,No Return,Unknown,0.0
500593,2025-12-11,6,On Time,Returned,Quality Issue,189.31
500594,2025-05-24,4,On Time,No Return,Unknown,0.0
500595,2025-05-12,9,Late,No Return,Unknown,0.0
500596,2024-02-28,2,Late,No Return,Unknown,0.0
500597,2025-06-02,7,Not Delivered,No Return,Unknown,0.0
500598,2024-09-10,6,On Time,Returned,Damaged,5424.34
500599,2024-04-19,6,On Time,No Return,Unknown,0.0
500600,2025-07-15,5,On Time,No Return,Unknown,0.0
500601,2024-03-04,4,Late,No Return,Unknown,0.0
500602,2025-08-06,6,On Time,No Return,Unknown,0.0
500603,2025-07-19,7,Late,No Return,Unknown,0.0
500604,2024-08-29,4,On Time,No Return,Unknown,0.0
500605,2025-01-12,7,Late,No Return,Unknown,0.0
500606,2024-01-31,5,Late,No Return,Unknown,0.0
500607,2025-02-03,7,Late,No Return,Unknown,0.0
500608,2025-09-02,5,On Time,No Return,Unknown,0.0
500609,2024-04-23,4,Late,Returned,Quality Issue,2865.99
500610,2025-01-29,3,On Time,No Return,Unknown,0.0
500611,2024-09-15,5,On Time,No Return,Unknown,0.0
500612,2025-07-11,6,On Time,No Return,Unknown,0.0
500613,2024-04-10,4,On Time,No Return,Unknown,0.0
500614,2025-06-27,6,On Time,No Return,Unknown,0.0
500615,2024-04-18,5,On Time,No Return,Unknown,0.0
500616,2025-09-12,6,Late,No Return,Unknown,0.0
500617,2025-08-12,3,On Time,No Return,Unknown,0.0
500618,2025-08-23,4,On Time,No Return,Unknown,0.0
500619,2025-05-17,7,Late,Returned,Changed Mind,2013.84
500620,2024-08-07,6,On Time,No Return,Unknown,0.0
500621,2024-04-25,3,Late,Returned,Quality Issue,4871.1
500622,2024-11-11,4,Late,No Return,Unknown,0.0
500623,2025-07-28,6,On Time,No Return,Unknown,0.0
500624,2024-04-14,4,On Time,No Return,Unknown,0.0
500625,2025-10-12,4,Late,No Return,Unknown,0.0
500626,2025-10-19,5,Late,No Return,Unknown,0.0
500627,2024-03-28,4,On Time,No Return,Unknown,0.0
500628,2025-12-23,4,Late,No Return,Unknown,0.0
500629,2024-11-01,4,On Time,No Return,Unknown,0.0
500630,2025-07-31,5,On Time,No Return,Unknown,0.0
500631,2024-08-10,6,Late,No Return,Unknown,0.0
500632,2025-07-26,5,Late,No Return,Unknown,0.0
500633,2025-06-28,4,Not Delivered,No Return,Unknown,0.0
500634,2025-09-20,6,On Time,No Return,Unknown,0.0
500635,2024-04-06,5,Not Delivered,No Return,Unknown,0.0
500636,2025-10-24,9,Late,No Return,Unknown,0.0
500637,2025-03-30,3,On Time,No Return,Unknown,0.0
500638,2025-09-12,7,Late,No Return,Unknown,0.0
500639,2024-03-14,3,On Time,No Return,Unknown,0.0
500640,2025-06-12,4,Not Delivered,No Return,Unknown,0.0
500641,2025-02-08,4,Late,No Return,Unknown,0.0
500642,2025-11-02,3,On Time,No Return,Unknown,0.0
500643,2024-03-27,6,On Time,No Return,Unknown,0.0
500644,2024-04-15,6,On Time,No Return,Unknown,0.0
500645,2025-08-25,8,Late,No Return,Unknown,0.0
500646,2024-08-12,7,Late,No Return,Unknown,0.0
500647,2024-05-09,5,Not Delivered,No Return,Unknown,0.0
500648,2024-07-26,7,Late,No Return,Unknown,0.0
500649,2024-01-07,5,On Time,No Return,Unknown,0.0
500650,2025-07-30,3,Late,No Return,Unknown,0.0
500651,2024-01-27,7,Late,No Return,Unknown,0.0
500652,2025-12-25,3,On Time,No Return,Unknown,0.0
500653,2024-07-04,6,On Time,No Return,Unknown,0.0
500654,2025-02-16,4,On Time,No Return,Unknown,0.0
500655,2024-03-06,4,On Time,No Return,Unknown,0.0
500656,2024-10-01,2,Late,No Return,Unknown,0.0
500657,2024-01-15,5,Late,No Return,Unknown,0.0
500658,2025-12-05,6,On Time,No Return,Unknown,0.0
500659,2025-09-17,4,Late,No Return,Unknown,0.0
500660,2025-06-28,5,On Time,No Return,Unknown,0.0
500661,2025-04-10,6,Late,No Return,Unknown,0.0
500662,2024-03-07,6,On Time,No Return,Unknown,0.0
500663,2024-03-05,7,Late,Returned,Damaged,1020.94
500664,2024-11-01,6,On Time,No Return,Unknown,0.0
500665,2025-05-16,5,On Time,No Return,Unknown,0.0
500666,2024-12-09,5,On Time,No Return,Unknown,0.0
500667,2024-09-11,3,On Time,Returned,Quality Issue,911.25
500668,2025-02-15,5,On Time,No Return,Unknown,0.0
500669,2024-09-16,4,Late,No Return,Unknown,0.0
500670,2025-01-19,4,On Time,No Return,Unknown,0.0
500671,2024-05-28,4,Late,No Return,Unknown,0.0
500672,2025-08-16,3,On Time,Returned,Quality Issue,1066.21
500673,2024-12-12,6,On Time,No Return,Unknown,0.0
500674,2025-02-13,7,Late,No Return,Unknown,0.0
500675,2024-10-19,5,On Time,No Return,Unknown,0.0
500676,2024-08-05,4,Not Delivered,No Return,Unknown,0.0
500677,2025-06-20,5,On Time,No Return,Unknown,0.0
500678,2025-08-03,5,On Time,No Return,Unknown,0.0
500679,2025-07-06,5,On Time,No Return,Unknown,0.0
500680,2024-08-06,8,Late,No Return,Unknown,0.0
500681,2024-06-23,4,Late,No Return,Unknown,0.0
500682,2025-06-29,8,Late,No Return,Unknown,0.0
500683,2024-09-24,5,On Time,No Return,Unknown,0.0
500684,2025-11-09,3,Late,No Return,Unknown,0.0
500685,2025-01-27,3,On Time,No Return,Unknown,0.0
500686,2025-02-28,4,Late,No Return,Unknown,0.0
500687,2024-03-08,6,On Time,No Return,Unknown,0.0
500688,2024-03-30,4,Late,No Return,Unknown,0.0
500689,2025-08-13,6,On Time,No Return,Unknown,0.0
500690,2025-05-10,5,On Time,No Return,Unknown,0.0
500691,2024-03-06,6,On Time,No Return,Unknown,0.0
500692,2025-04-28,7,Late,No Return,Unknown,0.0
500693,2024-11-21,6,Not Delivered,No Return,Unknown,0.0
500694,2025-11-25,5,Late,No Return,Unknown,0.0
500695,2024-02-27,6,On Time,No Return,Unknown,0.0
500696,2025-10-21,3,On Time,No Return,Unknown,0.0
500697,2024-03-22,5,On Time,No Return,Unknown,0.0
500698,2024-05-03,5,Late,No Return,Unknown,0.0
500699,2025-12-25,4,Late,No Return,Unknown,0.0
500700,2024-07-05,5,On Time,No Return,Unknown,0.0
500701,2025-05-28,8,Late,No Return,Unknown,0.0
500702,2025-10-16,5,Late,No Return,Unknown,0.0
500703,2025-10-03,5,Late,No Return,Unknown,0.0
500704,2024-06-04,3,On Time,No Return,Unknown,0.0
500705,2024-01-25,7,Late,No Return,Unknown,0.0
500706,2024-03-10,6,On Time,No Return,Unknown,0.0
500707,2025-05-17,6,On Time,No Return,Unknown,0.0
500708,2024-03-22,3,On Time,No Return,Unknown,0.0
500709,2024-03-06,7,Late,No Return,Unknown,0.0
500710,2025-02-22,8,Late,No Return,Unknown,0.0
500711,2024-03-02,1,On Time,No Return,Unknown,0.0
500712,2025-04-19,8,Late,No Return,Unknown,0.0
500713,2025-09-28,7,Late,No Return,Unknown,0.0
500714,2024-03-26,7,Late,No Return,Unknown,0.0
500715,2025-11-18,5,On Time,No Return,Unknown,0.0
500716,2025-05-06,4,Late,No Return,Unknown,0.0
500717,2024-09-06,6,On Time,No Return,Unknown,0.0
500718,2024-07-31,5,On Time,No Return,Unknown,0.0
500719,2024-04-02,6,On Time,No Return,Unknown,0.0
500720,2025-10-18,6,On Time,No Return,Unknown,0.0
500721,2025-08-30,8,Late,Returned,Wrong Item,1198.14
500722,2025-10-11,5,On Time,No Return,Unknown,0.0
500723,2024-02-14,6,On Time,No Return,Unknown,0.0
500724,2024-07-01,7,Late,No Return,Unknown,0.0
500725,2025-04-27,5,On Time,No Return,Unknown,0.0
500726,2025-08-21,7,Late,No Return,Unknown,0.0
500727,2024-01-25,5,Late,Returned,Quality Issue,1995.92
500728,2024-08-13,5,On Time,No Return,Unknown,0.0
500729,2024-10-06,5,Late,Returned,Changed Mind,4735.73
500730,2025-12-07,7,Late,No Return,Unknown,0.0
500731,2024-06-05,3,On Time,No Return,Unknown,0.0
500732,2025-04-11,4,On Time,No Return,Unknown,0.0
500733,2025-02-18,6,On Time,No Return,Unknown,0.0
500734,2025-10-20,4,On Time,No Return,Unknown,0.0
500735,2024-09-10,3,On Time,No Return,Unknown,0.0
500736,2024-08-03,4,On Time,No Return,Unknown,0.0
500737,2025-04-27,5,On Time,No Return,Unknown,0.0
500738,2025-10-25,3,Late,No Return,Unknown,0.0
500739,2025-11-21,4,Late,Returned,Wrong Item,411.56
500740,2025-03-02,8,Not Delivered,No Return,Unknown,0.0
500741,2024-06-24,4,Late,No Return,Unknown,0.0
500742,2025-05-26,5,On Time,No Return,Unknown,0.0
500743,2025-10-11,4,Late,No Return,Unknown,0.0
500744,2025-09-25,6,On Time,No Return,Unknown,0.0
500745,2024-07-25,4,Late,No Return,Unknown,0.0
500746,2025-05-09,3,Late,No Return,Unknown,0.0
500747,2024-10-27,6,On Time,No Return,Unknown,0.0
500748,2025-04-05,4,On Time,No Return,Unknown,0.0
500749,2024-06-01,7,Late,No Return,Unknown,0.0
500750,2024-08-28,3,On Time,No Return,Unknown,0.0
500751,2025-03-07,8,Late,No Return,Unknown,0.0
500752,2024-10-26,8,Late,No Return,Unknown,0.0
500753,2024-06-09,5,On Time,No Return,Unknown,0.0
500754,2024-12-21,6,On Time,No Return,Unknown,0.0
500755,2025-03-20,3,On Time,No Return,Unknown,0.0
500756,2024-09-03,4,Late,No Return,Unknown,0.0
500757,2024-07-28,3,On Time,No Return,Unknown,0.0
500758,2025-03-10,7,Late,No Return,Unknown,0.0
500759,2024-09-20,6,On Time,No Return,Unknown,0.0
500760,2025-08-13,6,On Time,No Return,Unknown,0.0
500761,2024-02-09,5,On Time,No Return,Unknown,0.0
500762,2024-05-14,6,On Time,No Return,Unknown,0.0
500763,2025-03-13,8,Late,No Return,Unknown,0.0
500764,2025-12-02,2,On Time,No Return,Unknown,0.0
500765,2024-11-18,4,On Time,No Return,Unknown,0.0
500766,2024-04-10,6,Late,Returned,Damaged,2902.36
500767,2024-08-11,4,Late,No Return,Unknown,0.0
500768,2024-11-01,5,On Time,No Return,Unknown,0.0
500769,2025-10-04,6,On Time,No Return,Unknown,0.0
500770,2024-07-08,5,Not Delivered,No Return,Unknown,0.0
500771,2024-02-13,7,Late,No Return,Unknown,0.0
500772,2025-09-17,4,On Time,Returned,Damaged,7338.94
500773,2025-02-09,6,On Time,Returned,Late Delivery,1814.86
500774,2025-11-25,5,Late,No Return,Unknown,0.0
500775,2024-05-24,3,On Time,No Return,Unknown,0.0
500776,2024-05-21,8,Late,No Return,Unknown,0.0
500777,2025-03-24,4,Late,No Return,Unknown,0.0
500778,2025-10-28,6,On Time,No Return,Unknown,0.0
500779,2024-10-21,7,Late,No Return,Unknown,0.0
500780,2024-09-20,6,On Time,No Return,Unknown,0.0
500781,2024-02-11,3,On Time,No Return,Unknown,0.0
500782,2024-11-04,4,On Time,No Return,Unknown,0.0
500783,2024-10-15,6,On Time,No Return,Unknown,0.0
500784,2025-06-11,2,Late,No Return,Unknown,0.0
500785,2025-02-16,6,On Time,No Return,Unknown,0.0
500786,2024-12-30,6,On Time,No Return,Unknown,0.0
500787,2025-01-18,6,Late,No Return,Unknown,0.0
500788,2025-04-15,2,Late,No Return,Unknown,0.0
500789,2024-10-10,3,Late,Returned,Quality Issue,3168.34
500790,2025-07-23,5,Late,No Return,Unknown,0.0
500791,2024-01-15,4,Late,No Return,Unknown,0.0
500792,2025-11-08,3,On Time,No Return,Unknown,0.0
500793,2025-11-29,4,Late,Returned,Changed Mind,1745.03
500794,2024-07-08,4,On Time,No Return,Unknown,0.0
500795,2025-07-08,6,On Time,No Return,Unknown,0.0
500796,2024-01-14,5,Late,No Return,Unknown,0.0
500797,2024-02-03,6,On Time,No Return,Unknown,0.0
500798,2025-11-19,3,On Time,No Return,Unknown,0.0
500799,2025-04-15,7,Late,No Return,Unknown,0.0
500800,2025-10-03,3,On Time,No Return,Unknown,0.0
500801,2025-05-27,2,Late,No Return,Unknown,0.0
500802,2025-05-20,4,On Time,No Return,Unknown,0.0
500803,2025-08-08,4,Late,No Return,Unknown,0.0
500804,2025-11-01,8,Not Delivered,No Return,Unknown,0.0
500805,2025-10-29,7,Late,No Return,Unknown,0.0
500806,2024-08-08,3,On Time,No Return,Unknown,0.0
500807,2025-03-09,5,Late,No Return,Unknown,0.0
500808,2025-10-03,4,On Time,No Return,Unknown,0.0
500809,2024-01-07,4,On Time,No Return,Unknown,0.0
500810,2024-07-08,3,On Time,No Return,Unknown,0.0
500811,2024-02-18,6,On Time,No Return,Unknown,0.0
500812,2025-09-05,3,On Time,No Return,Unknown,0.0
500813,2025-02-19,5,On Time,No Return,Unknown,0.0
500814,2024-07-15,7,Late,No Return,Unknown,0.0
500815,2024-02-18,7,Late,Returned,Wrong Item,1716.25
500816,2024-04-10,4,Late,No Return,Unknown,0.0
500817,2026-01-03,4,Late,No Return,Unknown,0.0
500818,2025-10-12,3,On Time,No Return,Unknown,0.0
500819,2025-10-23,5,Late,No Return,Unknown,0.0
500820,2025-06-06,6,On Time,No Return,Unknown,0.0
500821,2024-05-18,3,On Time,No Return,Unknown,0.0
500822,2025-05-30,6,On Time,No Return,Unknown,0.0
500823,2025-06-09,7,Late,No Return,Unknown,0.0
500824,2024-02-10,4,On Time,No Return,Unknown,0.0
500825,2025-08-06,5,On Time,No Return,Unknown,0.0
500826,2025-06-08,8,Late,No Return,Unknown,0.0
500827,2024-03-02,4,On Time,No Return,Unknown,0.0
500828,2024-06-07,4,Late,No Return,Unknown,0.0
500829,2024-04-28,6,On Time,No Return,Unknown,0.0
500830,2025-04-10,6,On Time,No Return,Unknown,0.0
500831,2025-08-30,4,Late,No Return,Unknown,0.0
500832,2025-08-28,5,On Time,No Return,Unknown,0.0
500833,2025-03-24,7,Late,No Return,Unknown,0.0
500834,2025-11-29,9,Late,No Return,Unknown,0.0
500835,2024-08-22,7,Late,No Return,Unknown,0.0
500836,2025-08-07,6,On Time,No Return,Unknown,0.0
500837,2024-05-06,5,On Time,No Return,Unknown,0.0
500838,2025-11-06,5,On Time,No Return,Unknown,0.0
500839,2024-12-26,4,Late,No Return,Unknown,0.0
500840,2024-10-01,7,Late,No Return,Unknown,0.0
500841,2025-12-02,7,Late,No Return,Unknown,0.0
500842,2025-05-03,4,Late,No Return,Unknown,0.0
500843,2024-01-09,5,On Time,No Return,Unknown,0.0
500844,2025-04-27,5,On Time,No Return,Unknown,0.0
500845,2024-05-05,5,On Time,No Return,Unknown,0.0
500846,2025-05-03,3,On Time,No Return,Unknown,0.0
500847,2024-08-09,3,On Time,No Return,Unknown,0.0
500848,2025-11-30,6,On Time,No Return,Unknown,0.0
500849,2024-10-11,7,Late,Returned,Quality Issue,6360.54
500850,2024-09-19,6,On Time,No Return,Unknown,0.0
500851,2024-11-03,4,Late,No Return,Unknown,0.0
500852,2024-02-18,6,On Time,No Return,Unknown,0.0
500853,2025-06-19,6,On Time,No Return,Unknown,0.0
500854,2025-12-13,3,On Time,No Return,Unknown,0.0
500855,2025-11-26,7,Late,No Return,Unknown,0.0
500856,2025-08-15,5,On Time,Returned,Quality Issue,9210.74
500857,2025-11-27,4,On Time,No Return,Unknown,0.0
500858,2024-06-03,5,On Time,No Return,Unknown,0.0
500859,2025-08-24,8,Late,No Return,Unknown,0.0
500860,2024-01-17,7,Late,No Return,Unknown,0.0
500861,2024-08-06,7,Late,No Return,Unknown,0.0
500862,2025-10-16,3,Late,No Return,Unknown,0.0
500863,2024-09-19,3,On Time,No Return,Unknown,0.0
500864,2025-01-19,3,On Time,No Return,Unknown,0.0
500865,2025-01-26,3,On Time,No Return,Unknown,0.0
500866,2024-12-06,5,On Time,Returned,Damaged,2016.15
500867,2024-01-10,5,Late,No Return,Unknown,0.0
500868,2024-03-29,6,On Time,No Return,Unknown,0.0
500869,2024-01-10,4,On Time,No Return,Unknown,0.0
500870,2024-06-05,5,On Time,No Return,Unknown,0.0
500871,2024-07-04,5,On Time,No Return,Unknown,0.0
500872,2024-06-18,3,On Time,No Return,Unknown,0.0
500873,2025-04-20,6,On Time,No Return,Unknown,0.0
500874,2024-03-24,6,On Time,No Return,Unknown,0.0
500875,2025-02-20,5,On Time,No Return,Unknown,0.0
500876,2025-07-11,4,Late,No Return,Unknown,0.0
500877,2025-08-01,5,On Time,No Return,Unknown,0.0
500878,2025-01-18,3,On Time,No Return,Unknown,0.0
500879,2024-11-13,5,On Time,No Return,Unknown,0.0
500880,2025-02-03,5,Late,No Return,Unknown,0.0
500881,2025-07-02,6,On Time,No Return,Unknown,0.0
500882,2024-01-09,5,On Time,No Return,Unknown,0.0
500883,2024-04-23,5,On Time,No Return,Unknown,0.0
500884,2024-04-06,4,On Time,Returned,Quality Issue,286.01
500885,2024-04-12,4,On Time,No Return,Unknown,0.0
500886,2024-07-12,2,Late,No Return,Unknown,0.0
500887,2024-12-03,5,On Time,No Return,Unknown,0.0
500888,2024-08-03,4,Late,No Return,Unknown,0.0
500889,2025-08-22,5,On Time,No Return,Unknown,0.0
500890,2024-07-26,1,On Time,No Return,Unknown,0.0
500891,2025-09-22,4,On Time,No Return,Unknown,0.0
500892,2025-07-31,5,On Time,No Return,Unknown,0.0
500893,2024-12-26,5,Late,No Return,Unknown,0.0
500894,2024-09-12,3,On Time,No Return,Unknown,0.0
500895,2025-08-20,7,Late,No Return,Unknown,0.0
500896,2024-07-21,7,Late,No Return,Unknown,0.0
500897,2024-09-24,6,On Time,No Return,Unknown,0.0
500898,2024-11-22,5,On Time,Returned,Quality Issue,558.43
500899,2025-03-03,8,Late,No Return,Unknown,0.0
500900,2025-05-17,5,On Time,No Return,Unknown,0.0
500901,2024-12-05,8,Late,No Return,Unknown,0.0
500902,2024-10-27,5,On Time,No Return,Unknown,0.0
500903,2024-08-27,4,Late,Returned,Quality Issue,2419.99
500904,2025-11-16,5,On Time,No Return,Unknown,0.0
500905,2024-01-15,8,Late,No Return,Unknown,0.0
500906,2025-06-24,7,Not Delivered,No Return,Unknown,0.0
500907,2024-03-15,3,On Time,No Return,Unknown,0.0
500908,2025-05-22,8,Late,No Return,Unknown,0.0
500909,2025-09-13,4,On Time,No Return,Unknown,0.0
500910,2024-05-22,4,On Time,No Return,Unknown,0.0
500911,2025-01-23,3,On Time,No Return,Unknown,0.0
500912,2025-06-30,5,On Time,No Return,Unknown,0.0
500913,2024-11-25,6,On Time,No Return,Unknown,0.0
500914,2025-08-28,5,On Time,No Return,Unknown,0.0
500915,2025-11-02,7,Late,No Return,Unknown,0.0
500916,2024-03-17,4,Late,No Return,Unknown,0.0
500917,2025-01-26,3,Not Delivered,No Return,Unknown,0.0
500918,2024-08-31,6,On Time,No Return,Unknown,0.0
500919,2024-11-24,7,Late,No Return,Unknown,0.0
500920,2024-12-12,6,On Time,No Return,Unknown,0.0
500921,2024-11-07,7,Late,No Return,Unknown,0.0
500922,2024-01-11,3,On Time,No Return,Unknown,0.0
500923,2024-07-29,4,Late,No Return,Unknown,0.0
500924,2025-02-17,3,Late,No Return,Unknown,0.0
500925,2024-09-18,4,On Time,No Return,Unknown,0.0
500926,2025-10-18,6,Not Delivered,No Return,Unknown,0.0
500927,2024-02-22,7,Late,No Return,Unknown,0.0
500928,2024-05-10,5,On Time,No Return,Unknown,0.0
500929,2024-01-25,4,Late,No Return,Unknown,0.0
500930,2024-06-24,6,On Time,No Return,Unknown,0.0
500931,2025-07-04,7,Late,Returned,Changed Mind,6582.06
500932,2025-02-23,4,On Time,No Return,Unknown,0.0
500933,2025-04-06,7,Late,No Return,Unknown,0.0
500934,2025-10-25,2,On Time,No Return,Unknown,0.0
500935,2024-07-30,6,On Time,No Return,Unknown,0.0
500936,2024-12-03,5,On Time,No Return,Unknown,0.0
500937,2024-01-25,4,Late,Returned,Late Delivery,2828.35
500938,2025-10-14,3,On Time,No Return,Unknown,0.0
500939,2024-03-07,2,Late,No Return,Unknown,0.0
500940,2025-08-02,3,On Time,No Return,Unknown,0.0
500941,2024-03-31,3,On Time,No Return,Unknown,0.0
500942,2025-04-28,5,Late,No Return,Unknown,0.0
500943,2024-02-17,5,Late,No Return,Unknown,0.0
500944,2024-05-26,6,On Time,No Return,Unknown,0.0
500945,2025-01-14,6,On Time,No Return,Unknown,0.0
500946,2025-06-06,7,Late,No Return,Unknown,0.0
500947,2025-05-20,6,On Time,No Return,Unknown,0.0
500948,2024-10-11,6,On Time,No Return,Unknown,0.0
500949,2024-11-26,5,On Time,No Return,Unknown,0.0
500950,2025-02-25,4,Not Delivered,No Return,Unknown,0.0
500951,2025-07-11,5,On Time,No Return,Unknown,0.0
500952,2025-08-26,2,Late,No Return,Unknown,0.0
500953,2024-11-05,2,Late,No Return,Unknown,0.0
500954,2025-10-25,7,Late,No Return,Unknown,0.0
500955,2024-11-06,4,Late,No Return,Unknown,0.0
500956,2025-04-21,7,Late,Returned,Changed Mind,2632.21
500957,2024-07-09,7,Late,No Return,Unknown,0.0
500958,2025-09-25,3,On Time,No Return,Unknown,0.0
500959,2025-09-24,8,Late,No Return,Unknown,0.0
500960,2024-10-22,5,Late,No Return,Unknown,0.0
500961,2024-09-10,5,Not Delivered,No Return,Unknown,0.0
500962,2024-11-20,1,On Time,No Return,Unknown,0.0
500963,2025-03-22,4,Late,No Return,Unknown,0.0
500964,2025-09-01,6,On Time,No Return,Unknown,0.0
500965,2024-03-05,6,On Time,Returned,Changed Mind,8650.53
500966,2024-10-03,8,Late,No Return,Unknown,0.0
500967,2024-11-18,5,On Time,No Return,Unknown,0.0
500968,2024-04-09,6,On Time,No Return,Unknown,0.0
500969,2024-09-13,3,Late,Returned,Late Delivery,889.99
500970,2025-11-22,5,On Time,No Return,Unknown,0.0
500971,2025-04-08,4,On Time,No Return,Unknown,0.0
500972,2025-06-02,4,On Time,No Return,Unknown,0.0
500973,2025-06-19,3,On Time,No Return,Unknown,0.0
500974,2024-04-20,7,Late,No Return,Unknown,0.0
500975,2025-02-10,5,On Time,No Return,Unknown,0.0
500976,2024-12-01,3,On Time,No Return,Unknown,0.0
500977,2025-12-25,4,On Time,No Return,Unknown,0.0
500978,2025-09-04,5,On Time,No Return,Unknown,0.0
500979,2024-04-07,5,On Time,No Return,Unknown,0.0
500980,2025-07-19,9,Late,No Return,Unknown,0.0
500981,2025-08-04,8,Late,Returned,Changed Mind,527.25
500982,2025-07-02,7,Late,Returned,Quality Issue,5090.69
500983,2025-03-17,5,On Time,No Return,Unknown,0.0
500984,2024-01-15,5,Not Delivered,No Return,Unknown,0.0
500985,2025-04-08,8,Late,No Return,Unknown,0.0
500986,2025-02-24,6,On Time,No Return,Unknown,0.0
500987,2025-06-06,5,Late,No Return,Unknown,0.0
500988,2025-01-17,8,Late,No Return,Unknown,0.0
500989,2025-06-20,6,On Time,No Return,Unknown,0.0
500990,2025-06-15,8,Not Delivered,No Return,Unknown,0.0
500991,2025-01-14,7,Late,Returned,Changed Mind,385.24
500992,2025-12-07,3,On Time,No Return,Unknown,0.0
500993,2025-09-12,6,On Time,No Return,Unknown,0.0
500994,2025-03-19,5,Late,No Return,Unknown,0.0
500995,2024-07-15,2,Late,No Return,Unknown,0.0
500996,2024-09-27,6,On Time,No Return,Unknown,0.0
500997,2025-05-25,4,On Time,No Return,Unknown,0.0
500998,2025-10-13,6,On Time,No Return,Unknown,0.0
500999,2025-03-05,4,On Time,No Return,Unknown,0.0
501000,2025-11-21,2,On Time,No Return,Unknown,0.0
501001,2024-04-13,5,On Time,No Return,Unknown,0.0
501002,2024-02-03,4,On Time,No Return,Unknown,0.0
501003,2024-10-20,3,On Time,No Return,Unknown,0.0
501004,2025-08-04,7,Late,No Return,Unknown,0.0
501005,2025-05-06,5,On Time,No Return,Unknown,0.0
501006,2025-02-13,4,On Time,No Return,Unknown,0.0
501007,2024-02-01,4,On Time,No Return,Unknown,0.0
501008,2024-05-31,6,On Time,Returned,Damaged,448.16
501009,2024-10-17,3,Not Delivered,No Return,Unknown,0.0
501010,2025-08-08,5,On Time,No Return,Unknown,0.0
501011,2024-09-16,8,Late,No Return,Unknown,0.0
501012,2024-06-15,5,Not Delivered,No Return,Unknown,0.0
501013,2024-04-22,3,On Time,No Return,Unknown,0.0
501014,2025-10-10,5,On Time,No Return,Unknown,0.0
501015,2025-02-08,7,Late,No Return,Unknown,0.0
501016,2024-10-05,8,Late,No Return,Unknown,0.0
501017,2024-07-12,6,On Time,No Return,Unknown,0.0
501018,2025-06-17,2,On Time,No Return,Unknown,0.0
501019,2024-10-06,4,Late,No Return,Unknown,0.0
501020,2025-11-26,7,Late,No Return,Unknown,0.0
501021,2025-09-07,5,On Time,No Return,Unknown,0.0
501022,2024-09-12,9,Late,No Return,Unknown,0.0
501023,2024-11-21,2,Late,Returned,Late Delivery,1335.8
501024,2024-01-26,8,Late,No Return,Unknown,0.0
501025,2025-02-16,5,Late,No Return,Unknown,0.0
501026,2025-02-21,7,Late,No Return,Unknown,0.0
501027,2024-05-10,6,On Time,No Return,Unknown,0.0
501028,2024-11-18,3,On Time,No Return,Unknown,0.0
501029,2024-06-06,5,On Time,No Return,Unknown,0.0
501030,2025-08-07,4,On Time,No Return,Unknown,0.0
501031,2025-10-26,7,Late,No Return,Unknown,0.0
501032,2025-07-17,7,Late,No Return,Unknown,0.0
501033,2024-01-26,6,On Time,Returned,Quality Issue,7390.64
501034,2024-09-07,4,Late,No Return,Unknown,0.0
501035,2025-01-31,7,Late,No Return,Unknown,0.0
501036,2024-12-17,5,Late,No Return,Unknown,0.0
501037,2025-04-25,5,On Time,No Return,Unknown,0.0
501038,2024-07-29,8,Late,No Return,Unknown,0.0
501039,2024-01-17,8,Not Delivered,No Return,Unknown,0.0
501040,2025-11-28,6,On Time,No Return,Unknown,0.0
501041,2025-11-03,5,Late,No Return,Unknown,0.0
501042,2025-06-16,2,On Time,No Return,Unknown,0.0
501043,2024-04-16,4,Late,No Return,Unknown,0.0
501044,2024-09-06,4,Late,No Return,Unknown,0.0
501045,2025-08-24,5,On Time,No Return,Unknown,0.0
501046,2024-11-20,6,On Time,No Return,Unknown,0.0
501047,2024-12-21,5,Late,No Return,Unknown,0.0
501048,2024-08-24,3,Late,No Return,Unknown,0.0
501049,2025-10-12,4,Late,No Return,Unknown,0.0
501050,2024-02-08,2,On Time,No Return,Unknown,0.0
501051,2024-12-14,4,On Time,No Return,Unknown,0.0
501052,2025-08-29,3,On Time,No Return,Unknown,0.0
501053,2024-10-23,5,On Time,No Return,Unknown,0.0
501054,2024-01-22,5,On Time,No Return,Unknown,0.0
501055,2024-04-04,5,On Time,No Return,Unknown,0.0
501056,2024-12-17,4,Late,No Return,Unknown,0.0
501057,2025-11-14,7,Late,No Return,Unknown,0.0
501058,2025-03-22,3,Late,No Return,Unknown,0.0
501059,2024-09-15,6,On Time,No Return,Unknown,0.0
501060,2025-08-20,5,On Time,No Return,Unknown,0.0
501061,2024-07-08,6,On Time,No Return,Unknown,0.0
501062,2024-10-21,5,On Time,No Return,Unknown,0.0
501063,2024-08-06,4,Late,Returned,Wrong Item,1012.03
501064,2024-06-11,5,On Time,No Return,Unknown,0.0
501065,2025-11-26,5,On Time,No Return,Unknown,0.0
501066,2025-02-02,6,On Time,No Return,Unknown,0.0
501067,2024-01-25,5,On Time,No Return,Unknown,0.0
501068,2025-04-20,5,Late,No Return,Unknown,0.0
501069,2025-03-13,7,Late,No Return,Unknown,0.0
501070,2025-10-25,5,On Time,No Return,Unknown,0.0
501071,2024-03-13,5,Late,No Return,Unknown,0.0
501072,2024-03-24,7,Late,No Return,Unknown,0.0
501073,2024-04-18,7,Late,No Return,Unknown,0.0
501074,2025-10-19,6,On Time,No Return,Unknown,0.0
501075,2025-08-13,6,On Time,No Return,Unknown,0.0
501076,2024-08-01,7,Late,No Return,Unknown,0.0
501077,2024-08-06,6,On Time,No Return,Unknown,0.0
501078,2024-03-26,7,Late,No Return,Unknown,0.0
501079,2024-04-27,5,On Time,No Return,Unknown,0.0
501080,2024-05-18,6,On Time,No Return,Unknown,0.0
501081,2024-07-21,6,On Time,No Return,Unknown,0.0
501082,2024-01-30,5,On Time,No Return,Unknown,0.0
501083,2025-04-20,4,Late,No Return,Unknown,0.0
501084,2025-09-09,5,On Time,No Return,Unknown,0.0
501085,2025-07-01,5,On Time,No Return,Unknown,0.0
501086,2024-10-21,5,On Time,No Return,Unknown,0.0
501087,2024-09-19,7,Late,No Return,Unknown,0.0
501088,2024-07-29,5,On Time,No Return,Unknown,0.0
501089,2025-04-25,6,On Time,No Return,Unknown,0.0
501090,2024-03-13,5,On Time,No Return,Unknown,0.0
501091,2024-08-06,4,On Time,No Return,Unknown,0.0
501092,2025-10-02,7,Not Delivered,No Return,Unknown,0.0
501093,2025-03-01,4,Late,No Return,Unknown,0.0
501094,2025-07-12,1,On Time,No Return,Unknown,0.0
501095,2025-08-07,4,Late,No Return,Unknown,0.0
501096,2025-06-26,4,Late,No Return,Unknown,0.0
501097,2025-11-20,7,Late,No Return,Unknown,0.0
501098,2025-04-08,2,On Time,No Return,Unknown,0.0
501099,2025-04-06,7,Late,No Return,Unknown,0.0
501100,2024-11-03,7,Late,No Return,Unknown,0.0
501101,2024-10-19,5,On Time,No Return,Unknown,0.0
501102,2024-01-08,6,On Time,No Return,Unknown,0.0
501103,2024-01-28,8,Late,No Return,Unknown,0.0
501104,2025-04-28,7,Late,No Return,Unknown,0.0
501105,2025-05-10,5,On Time,No Return,Unknown,0.0
501106,2024-09-19,6,On Time,No Return,Unknown,0.0
501107,2025-04-02,5,On Time,No Return,Unknown,0.0
501108,2025-03-19,6,On Time,No Return,Unknown,0.0
501109,2025-02-04,3,On Time,No Return,Unknown,0.0
501110,2024-06-08,7,Late,No Return,Unknown,0.0
501111,2025-10-13,3,On Time,No Return,Unknown,0.0
501112,2024-08-17,8,Late,No Return,Unknown,0.0
501113,2025-12-26,3,Not Delivered,No Return,Unknown,0.0
501114,2025-12-04,3,Late,No Return,Unknown,0.0
501115,2025-03-17,6,On Time,No Return,Unknown,0.0
501116,2024-05-17,2,Late,No Return,Unknown,0.0
501117,2025-06-12,1,On Time,No Return,Unknown,0.0
501118,2025-09-26,9,Late,No Return,Unknown,0.0
501119,2024-10-11,6,On Time,No Return,Unknown,0.0
501120,2025-08-13,6,On Time,No Return,Unknown,0.0
501121,2025-05-04,5,On Time,No Return,Unknown,0.0
501122,2025-07-03,4,Not Delivered,No Return,Unknown,0.0
501123,2024-09-05,4,On Time,No Return,Unknown,0.0
501124,2024-01-24,6,On Time,No Return,Unknown,0.0
501125,2025-07-14,5,On Time,No Return,Unknown,0.0
501126,2024-05-25,3,On Time,No Return,Unknown,0.0
501127,2025-05-20,5,On Time,No Return,Unknown,0.0
501128,2025-06-14,4,On Time,No Return,Unknown,0.0
501129,2024-04-08,6,On Time,No Return,Unknown,0.0
501130,2025-01-23,6,On Time,No Return,Unknown,0.0
501131,2024-10-13,8,Late,No Return,Unknown,0.0
501132,2026-01-01,5,Late,No Return,Unknown,0.0
501133,2025-04-01,8,Late,No Return,Unknown,0.0
501134,2025-08-11,6,On Time,Returned,Quality Issue,1636.97
501135,2025-09-18,6,On Time,No Return,Unknown,0.0
501136,2024-10-17,3,On Time,No Return,Unknown,0.0
501137,2025-04-25,5,On Time,No Return,Unknown,0.0
501138,2025-11-09,7,Late,No Return,Unknown,0.0
501139,2024-06-26,7,Late,No Return,Unknown,0.0
501140,2025-06-16,8,Late,No Return,Unknown,0.0
501141,2025-01-12,6,On Time,No Return,Unknown,0.0
501142,2025-02-02,6,On Time,No Return,Unknown,0.0
501143,2024-07-07,4,On Time,No Return,Unknown,0.0
501144,2025-05-30,6,On Time,Returned,Damaged,2368.98
501145,2025-03-12,5,On Time,Returned,Late Delivery,1519.65
501146,2024-07-30,3,Late,No Return,Unknown,0.0
501147,2024-11-29,5,On Time,Returned,Changed Mind,1019.63
501148,2025-01-02,7,Late,No Return,Unknown,0.0
501149,2025-03-25,6,On Time,No Return,Unknown,0.0
501150,2025-03-20,4,On Time,No Return,Unknown,0.0
501151,2025-01-09,6,On Time,No Return,Unknown,0.0
501152,2024-04-20,5,On Time,No Return,Unknown,0.0
501153,2025-12-30,6,On Time,No Return,Unknown,0.0
501154,2024-11-26,6,On Time,No Return,Unknown,0.0
501155,2024-08-25,6,On Time,Returned,Quality Issue,1340.24
501156,2025-12-28,3,On Time,No Return,Unknown,0.0
501157,2025-12-11,3,On Time,No Return,Unknown,0.0
501158,2024-09-10,5,On Time,No Return,Unknown,0.0
501159,2024-11-18,6,On Time,No Return,Unknown,0.0
501160,2024-09-26,6,On Time,No Return,Unknown,0.0
501161,2026-01-03,5,On Time,No Return,Unknown,0.0
501162,2025-05-23,6,On Time,No Return,Unknown,0.0
501163,2024-09-24,5,On Time,Returned,Quality Issue,1349.72
501164,2025-11-16,4,Late,No Return,Unknown,0.0
501165,2025-02-26,7,Late,No Return,Unknown,0.0
501166,2025-11-04,6,Late,Returned,Damaged,218.92
501167,2024-03-12,2,Late,Returned,Quality Issue,2463.08
501168,2024-08-26,5,On Time,No Return,Unknown,0.0
501169,2025-03-11,4,On Time,Returned,Quality Issue,467.14
501170,2024-03-02,8,Late,No Return,Unknown,0.0
501171,2024-06-23,5,Late,No Return,Unknown,0.0
501172,2024-02-07,2,Late,No Return,Unknown,0.0
501173,2024-09-23,8,Late,No Return,Unknown,0.0
501174,2024-09-09,2,Late,No Return,Unknown,0.0
501175,2024-01-19,6,On Time,No Return,Unknown,0.0
501176,2025-11-08,7,Late,No Return,Unknown,0.0
501177,2025-06-30,6,On Time,No Return,Unknown,0.0
501178,2024-03-03,6,On Time,No Return,Unknown,0.0
501179,2024-06-16,7,Late,No Return,Unknown,0.0
501180,2025-03-15,3,On Time,No Return,Unknown,0.0
501181,2024-08-20,3,On Time,No Return,Unknown,0.0
501182,2024-07-17,6,On Time,No Return,Unknown,0.0
501183,2025-09-17,6,On Time,No Return,Unknown,0.0
501184,2024-12-27,5,Late,No Return,Unknown,0.0
501185,2024-12-24,7,Late,No Return,Unknown,0.0
501186,2024-09-18,4,Not Delivered,No Return,Unknown,0.0
501187,2025-09-17,4,On Time,No Return,Unknown,0.0
501188,2025-10-07,4,On Time,No Return,Unknown,0.0
501189,2025-09-29,3,Late,No Return,Unknown,0.0
501190,2025-09-27,8,Not Delivered,No Return,Unknown,0.0
501191,2024-10-25,6,On Time,No Return,Unknown,0.0
501192,2025-01-25,5,On Time,No Return,Unknown,0.0
501193,2024-08-24,3,On Time,No Return,Unknown,0.0
501194,2024-10-27,5,On Time,No Return,Unknown,0.0
501195,2025-12-07,4,Late,No Return,Unknown,0.0
501196,2025-06-24,4,On Time,No Return,Unknown,0.0
501197,2025-01-18,5,On Time,No Return,Unknown,0.0
501198,2025-11-12,4,Late,No Return,Unknown,0.0
501199,2024-07-30,2,Late,No Return,Unknown,0.0
501200,2025-06-26,4,On Time,Returned,Damaged,8992.3
501201,2024-07-01,5,On Time,No Return,Unknown,0.0
501202,2025-07-12,3,Late,No Return,Unknown,0.0
501203,2024-03-16,4,On Time,No Return,Unknown,0.0
501204,2025-05-25,3,On Time,Returned,Quality Issue,752.08
501205,2024-08-14,5,On Time,No Return,Unknown,0.0
501206,2024-08-21,6,On Time,No Return,Unknown,0.0
501207,2024-08-23,3,On Time,No Return,Unknown,0.0
501208,2024-09-30,6,On Time,No Return,Unknown,0.0
501209,2024-09-14,4,On Time,No Return,Unknown,0.0
501210,2025-11-08,3,On Time,No Return,Unknown,0.0
501211,2024-01-10,4,On Time,No Return,Unknown,0.0
501212,2024-02-24,8,Late,No Return,Unknown,0.0
501213,2025-02-13,3,On Time,No Return,Unknown,0.0
501214,2025-08-07,5,On Time,No Return,Unknown,0.0
501215,2024-09-16,6,On Time,No Return,Unknown,0.0
501216,2025-03-27,3,On Time,No Return,Unknown,0.0
501217,2024-03-03,4,On Time,No Return,Unknown,0.0
501218,2025-01-31,4,Late,No Return,Unknown,0.0
501219,2025-09-28,6,On Time,No Return,Unknown,0.0
501220,2025-12-07,9,Late,No Return,Unknown,0.0
501221,2025-07-19,6,On Time,No Return,Unknown,0.0
501222,2024-07-14,5,On Time,No Return,Unknown,0.0
501223,2024-09-29,8,Late,No Return,Unknown,0.0
501224,2025-11-16,2,Late,No Return,Unknown,0.0
501225,2025-07-14,3,On Time,No Return,Unknown,0.0
501226,2024-05-25,3,On Time,No Return,Unknown,0.0
501227,2024-09-03,1,On Time,No Return,Unknown,0.0
501228,2024-08-06,3,On Time,No Return,Unknown,0.0
501229,2025-03-18,6,On Time,Returned,Quality Issue,7291.57
501230,2025-11-22,4,On Time,No Return,Unknown,0.0
501231,2025-04-24,4,Late,No Return,Unknown,0.0
501232,2025-01-23,5,On Time,No Return,Unknown,0.0
501233,2025-10-23,5,On Time,No Return,Unknown,0.0
501234,2025-07-04,4,Late,No Return,Unknown,0.0
501235,2025-02-23,5,Late,No Return,Unknown,0.0
501236,2024-05-19,8,Late,No Return,Unknown,0.0
501237,2025-02-06,5,Late,No Return,Unknown,0.0
501238,2025-05-27,6,On Time,No Return,Unknown,0.0
501239,2024-06-08,7,Late,No Return,Unknown,0.0
501240,2025-07-18,5,On Time,No Return,Unknown,0.0
501241,2024-06-22,6,On Time,No Return,Unknown,0.0
501242,2025-11-28,8,Late,No Return,Unknown,0.0
501243,2025-09-02,4,Not Delivered,No Return,Unknown,0.0
501244,2024-08-22,5,On Time,No Return,Unknown,0.0
501245,2025-12-06,3,On Time,No Return,Unknown,0.0
501246,2025-02-15,8,Late,No Return,Unknown,0.0
501247,2024-05-28,5,On Time,No Return,Unknown,0.0
501248,2025-11-11,5,Late,No Return,Unknown,0.0
501249,2025-06-19,5,On Time,No Return,Unknown,0.0
501250,2024-03-16,8,Late,No Return,Unknown,0.0
501251,2024-04-14,7,Late,No Return,Unknown,0.0
501252,2024-01-10,3,On Time,No Return,Unknown,0.0
501253,2024-06-30,5,Late,No Return,Unknown,0.0
501254,2024-07-28,4,On Time,Returned,Late Delivery,1236.55
501255,2024-10-29,4,On Time,No Return,Unknown,0.0
501256,2024-08-22,6,On Time,No Return,Unknown,0.0
501257,2025-09-27,5,On Time,No Return,Unknown,0.0
501258,2024-10-02,6,On Time,No Return,Unknown,0.0
501259,2024-03-27,6,On Time,No Return,Unknown,0.0
501260,2025-11-07,5,On Time,No Return,Unknown,0.0
501261,2024-07-13,7,Late,No Return,Unknown,0.0
501262,2025-12-04,4,Late,No Return,Unknown,0.0
501263,2025-05-21,6,On Time,Returned,Quality Issue,218.85
501264,2025-12-13,7,Late,No Return,Unknown,0.0
501265,2025-05-05,4,Late,No Return,Unknown,0.0
501266,2025-05-09,7,Not Delivered,No Return,Unknown,0.0
501267,2025-04-24,2,On Time,No Return,Unknown,0.0
501268,2025-12-06,3,On Time,No Return,Unknown,0.0
501269,2024-10-20,5,On Time,Returned,Late Delivery,2224.53
501270,2024-04-19,4,Late,No Return,Unknown,0.0
501271,2025-10-05,3,On Time,No Return,Unknown,0.0
501272,2025-09-06,6,Late,No Return,Unknown,0.0
501273,2025-08-02,4,Late,No Return,Unknown,0.0
501274,2025-10-06,5,On Time,No Return,Unknown,0.0
501275,2024-08-18,8,Late,No Return,Unknown,0.0
501276,2025-01-17,1,On Time,No Return,Unknown,0.0
501277,2024-04-21,8,Late,Returned,Changed Mind,2669.0
501278,2025-11-01,7,Late,No Return,Unknown,0.0
501279,2024-04-25,2,Late,No Return,Unknown,0.0
501280,2025-05-28,6,On Time,No Return,Unknown,0.0
501281,2024-03-01,6,On Time,No Return,Unknown,0.0
501282,2024-05-05,5,Late,No Return,Unknown,0.0
501283,2024-08-10,6,On Time,No Return,Unknown,0.0
501284,2025-10-02,6,On Time,Returned,Changed Mind,4033.83
501285,2024-01-07,4,Late,No Return,Unknown,0.0
501286,2024-04-05,4,Late,No Return,Unknown,0.0
501287,2025-02-15,5,On Time,No Return,Unknown,0.0
501288,2025-11-10,4,On Time,No Return,Unknown,0.0
501289,2025-03-18,2,On Time,No Return,Unknown,0.0
501290,2025-09-29,7,Late,No Return,Unknown,0.0
501291,2025-03-11,4,On Time,No Return,Unknown,0.0
501292,2024-03-06,5,Late,No Return,Unknown,0.0
501293,2026-01-02,7,Late,No Return,Unknown,0.0
501294,2025-04-21,4,Late,No Return,Unknown,0.0
501295,2024-09-07,4,On Time,No Return,Unknown,0.0
501296,2025-01-10,4,On Time,No Return,Unknown,0.0
501297,2024-10-20,5,On Time,No Return,Unknown,0.0
501298,2025-08-16,4,Late,No Return,Unknown,0.0
501299,2024-01-29,5,Late,No Return,Unknown,0.0
501300,2025-02-12,3,On Time,No Return,Unknown,0.0
501301,2024-11-10,7,Late,No Return,Unknown,0.0
501302,2025-09-09,5,On Time,No Return,Unknown,0.0
501303,2025-01-14,8,Late,No Return,Unknown,0.0
501304,2025-10-02,6,On Time,No Return,Unknown,0.0
501305,2024-08-05,3,On Time,No Return,Unknown,0.0
501306,2024-09-22,4,Late,No Return,Unknown,0.0
501307,2024-12-16,5,On Time,No Return,Unknown,0.0
501308,2025-02-21,5,On Time,No Return,Unknown,0.0
501309,2024-05-03,1,Not Delivered,No Return,Unknown,0.0
501310,2024-11-18,3,On Time,No Return,Unknown,0.0
501311,2024-12-07,5,On Time,Returned,Changed Mind,3190.51
501312,2024-06-12,6,On Time,Returned,Changed Mind,415.98
501313,2024-11-28,6,On Time,No Return,Unknown,0.0
501314,2025-10-26,4,Late,No Return,Unknown,0.0
501315,2024-03-09,4,On Time,No Return,Unknown,0.0
501316,2025-01-05,2,On Time,No Return,Unknown,0.0
501317,2024-01-07,3,On Time,No Return,Unknown,0.0
501318,2025-11-19,3,On Time,No Return,Unknown,0.0
501319,2025-10-16,7,Late,Returned,Changed Mind,441.69
501320,2024-03-03,3,Late,No Return,Unknown,0.0
501321,2024-02-18,4,Late,No Return,Unknown,0.0
501322,2025-08-12,6,On Time,No Return,Unknown,0.0
501323,2025-09-02,4,Late,No Return,Unknown,0.0
501324,2025-07-03,7,Late,Returned,Quality Issue,765.16
501325,2024-06-06,2,On Time,No Return,Unknown,0.0
501326,2024-03-12,8,Late,No Return,Unknown,0.0
501327,2025-03-04,8,Late,No Return,Unknown,0.0
501328,2024-11-25,7,Late,No Return,Unknown,0.0
501329,2024-04-23,5,On Time,No Return,Unknown,0.0
501330,2025-04-11,4,On Time,No Return,Unknown,0.0
501331,2025-08-05,3,On Time,No Return,Unknown,0.0
501332,2025-07-05,5,On Time,No Return,Unknown,0.0
501333,2024-09-11,4,Late,No Return,Unknown,0.0
501334,2025-05-28,4,Late,Returned,Quality Issue,323.11
501335,2025-07-04,3,On Time,No Return,Unknown,0.0
501336,2025-03-19,3,On Time,No Return,Unknown,0.0
501337,2025-04-02,4,On Time,No Return,Unknown,0.0
501338,2025-10-08,3,Late,No Return,Unknown,0.0
501339,2025-11-16,7,Late,No Return,Unknown,0.0
501340,2024-10-06,6,On Time,No Return,Unknown,0.0
501341,2024-03-05,5,On Time,No Return,Unknown,0.0
501342,2024-12-12,5,Late,No Return,Unknown,0.0
501343,2025-02-02,5,On Time,No Return,Unknown,0.0
501344,2024-04-27,5,Late,No Return,Unknown,0.0
501345,2024-08-16,8,Not Delivered,No Return,Unknown,0.0
501346,2024-03-15,7,Late,No Return,Unknown,0.0
501347,2024-11-16,6,On Time,Returned,Quality Issue,1508.73
501348,2025-04-12,1,On Time,No Return,Unknown,0.0
501349,2024-09-25,6,On Time,No Return,Unknown,0.0
501350,2024-05-15,5,Late,No Return,Unknown,0.0
501351,2025-03-02,3,On Time,No Return,Unknown,0.0
501352,2024-09-25,2,Late,No Return,Unknown,0.0
501353,2025-12-25,5,Late,No Return,Unknown,0.0
501354,2024-08-03,4,Late,No Return,Unknown,0.0
501355,2025-07-22,6,On Time,No Return,Unknown,0.0
501356,2024-10-21,7,Late,No Return,Unknown,0.0
501357,2025-03-08,8,Late,No Return,Unknown,0.0
501358,2025-07-13,6,On Time,No Return,Unknown,0.0
501359,2025-12-11,4,Late,No Return,Unknown,0.0
501360,2024-09-02,2,Late,No Return,Unknown,0.0
501361,2025-12-17,5,On Time,No Return,Unknown,0.0
501362,2025-09-30,6,On Time,No Return,Unknown,0.0
501363,2024-12-03,4,On Time,No Return,Unknown,0.0
501364,2024-11-28,5,Late,No Return,Unknown,0.0
501365,2025-12-19,4,Late,No Return,Unknown,0.0
501366,2024-04-21,6,On Time,No Return,Unknown,0.0
501367,2024-03-26,7,Late,No Return,Unknown,0.0
501368,2024-06-19,6,On Time,No Return,Unknown,0.0
501369,2025-09-27,5,On Time,No Return,Unknown,0.0
501370,2024-03-01,4,Late,No Return,Unknown,0.0
501371,2024-07-09,3,On Time,No Return,Unknown,0.0
501372,2024-02-25,4,On Time,No Return,Unknown,0.0
501373,2024-03-16,4,On Time,No Return,Unknown,0.0
501374,2024-11-27,8,Late,Returned,Quality Issue,5639.54
501375,2025-09-06,3,On Time,No Return,Unknown,0.0
501376,2024-12-08,5,On Time,No Return,Unknown,0.0
501377,2024-06-10,7,Late,No Return,Unknown,0.0
501378,2024-03-06,7,Late,No Return,Unknown,0.0
501379,2024-10-07,6,On Time,No Return,Unknown,0.0
501380,2024-07-23,4,Late,No Return,Unknown,0.0
501381,2024-10-27,6,On Time,No Return,Unknown,0.0
501382,2024-11-21,4,Late,Returned,Late Delivery,1023.2
501383,2024-11-29,5,On Time,No Return,Unknown,0.0
501384,2025-01-28,4,Late,No Return,Unknown,0.0
501385,2024-10-16,6,On Time,No Return,Unknown,0.0
501386,2024-06-30,6,On Time,No Return,Unknown,0.0
501387,2025-09-05,4,Late,No Return,Unknown,0.0
501388,2024-12-18,4,Not Delivered,No Return,Unknown,0.0
501389,2025-03-15,8,Late,No Return,Unknown,0.0
501390,2025-11-30,6,On Time,No Return,Unknown,0.0
501391,2025-01-20,4,On Time,No Return,Unknown,0.0
501392,2024-10-03,5,On Time,No Return,Unknown,0.0
501393,2025-05-12,6,Not Delivered,No Return,Unknown,0.0
501394,2025-07-06,6,On Time,No Return,Unknown,0.0
501395,2024-12-02,6,On Time,No Return,Unknown,0.0
501396,2025-08-27,6,On Time,No Return,Unknown,0.0
501397,2024-06-10,4,Not Delivered,No Return,Unknown,0.0
501398,2025-03-14,7,Late,No Return,Unknown,0.0
501399,2024-11-25,5,Late,No Return,Unknown,0.0
501400,2024-05-03,8,Late,No Return,Unknown,0.0
501401,2025-06-06,3,On Time,No Return,Unknown,0.0
501402,2025-09-13,3,On Time,No Return,Unknown,0.0
501403,2025-09-17,7,Late,No Return,Unknown,0.0
501404,2025-09-23,6,On Time,No Return,Unknown,0.0
501405,2025-03-12,2,On Time,No Return,Unknown,0.0
501406,2025-06-09,4,Late,No Return,Unknown,0.0
501407,2025-07-29,4,On Time,No Return,Unknown,0.0
501408,2024-09-30,8,Late,No Return,Unknown,0.0
501409,2025-02-10,9,Late,No Return,Unknown,0.0
501410,2024-04-16,5,Late,No Return,Unknown,0.0
501411,2024-03-08,5,Late,No Return,Unknown,0.0
501412,2025-11-23,6,On Time,No Return,Unknown,0.0
501413,2025-12-12,3,On Time,No Return,Unknown,0.0
501414,2025-06-01,7,Late,No Return,Unknown,0.0
501415,2024-08-12,3,Late,No Return,Unknown,0.0
501416,2025-03-14,3,On Time,No Return,Unknown,0.0
501417,2024-07-11,3,On Time,No Return,Unknown,0.0
501418,2025-10-06,5,On Time,No Return,Unknown,0.0
501419,2024-12-03,4,Late,No Return,Unknown,0.0
501420,2025-07-15,4,Late,No Return,Unknown,0.0
501421,2025-08-08,5,On Time,No Return,Unknown,0.0
501422,2024-10-31,4,Late,No Return,Unknown,0.0
501423,2024-12-21,5,On Time,No Return,Unknown,0.0
501424,2025-07-29,6,On Time,No Return,Unknown,0.0
501425,2026-01-02,5,Late,No Return,Unknown,0.0
501426,2024-05-01,7,Late,No Return,Unknown,0.0
501427,2025-06-10,5,On Time,No Return,Unknown,0.0
501428,2025-01-08,7,Late,No Return,Unknown,0.0
501429,2024-09-30,5,On Time,No Return,Unknown,0.0
501430,2024-03-29,3,On Time,No Return,Unknown,0.0
501431,2025-01-18,6,On Time,No Return,Unknown,0.0
501432,2024-05-29,3,On Time,No Return,Unknown,0.0
501433,2024-04-30,3,On Time,No Return,Unknown,0.0
501434,2024-05-18,4,On Time,No Return,Unknown,0.0
501435,2025-06-16,6,On Time,No Return,Unknown,0.0
501436,2024-07-31,7,Late,No Return,Unknown,0.0
501437,2024-08-27,7,Late,No Return,Unknown,0.0
501438,2024-03-10,4,Late,Returned,Wrong Item,772.3
501439,2024-01-11,7,Not Delivered,No Return,Unknown,0.0
501440,2024-01-09,6,Late,Returned,Quality Issue,1252.16
501441,2024-09-21,6,On Time,No Return,Unknown,0.0
501442,2025-12-18,3,On Time,No Return,Unknown,0.0
501443,2024-11-25,5,On Time,No Return,Unknown,0.0
501444,2024-09-02,6,On Time,No Return,Unknown,0.0
501445,2025-09-03,7,Late,No Return,Unknown,0.0
501446,2025-06-26,8,Late,No Return,Unknown,0.0
501447,2024-11-17,4,Late,No Return,Unknown,0.0
501448,2025-08-24,3,On Time,No Return,Unknown,0.0
501449,2024-02-27,7,Late,No Return,Unknown,0.0
501450,2025-04-15,1,On Time,No Return,Unknown,0.0
501451,2024-02-16,4,Late,No Return,Unknown,0.0
501452,2024-07-26,4,Late,No Return,Unknown,0.0
501453,2024-12-18,6,On Time,No Return,Unknown,0.0
501454,2024-03-05,7,Late,No Return,Unknown,0.0
501455,2024-03-03,4,Late,No Return,Unknown,0.0
501456,2025-11-17,7,Late,No Return,Unknown,0.0
501457,2025-11-22,6,On Time,No Return,Unknown,0.0
501458,2025-05-31,6,On Time,No Return,Unknown,0.0
501459,2024-11-19,6,On Time,No Return,Unknown,0.0
501460,2025-03-11,3,On Time,No Return,Unknown,0.0
501461,2025-01-12,6,On Time,No Return,Unknown,0.0
501462,2024-08-01,7,Late,Returned,Damaged,2238.59
501463,2024-04-26,6,On Time,No Return,Unknown,0.0
501464,2024-01-30,7,Late,No Return,Unknown,0.0
501465,2025-03-06,3,Late,No Return,Unknown,0.0
501466,2025-11-18,4,Late,No Return,Unknown,0.0
501467,2024-01-18,7,Late,No Return,Unknown,0.0
501468,2025-07-30,5,Not Delivered,No Return,Unknown,0.0
501469,2025-06-05,7,Late,No Return,Unknown,0.0
501470,2024-05-30,7,Late,No Return,Unknown,0.0
501471,2025-06-07,3,On Time,No Return,Unknown,0.0
501472,2024-10-22,2,Not Delivered,No Return,Unknown,0.0
501473,2024-11-23,3,On Time,No Return,Unknown,0.0
501474,2024-07-18,7,Late,No Return,Unknown,0.0
501475,2024-10-20,3,On Time,No Return,Unknown,0.0
501476,2025-10-08,8,Not Delivered,No Return,Unknown,0.0
501477,2025-02-28,6,On Time,Returned,Changed Mind,395.61
501478,2025-04-07,3,On Time,No Return,Unknown,0.0
501479,2024-02-19,2,On Time,No Return,Unknown,0.0
501480,2024-04-20,4,On Time,Returned,Wrong Item,3028.26
501481,2024-09-27,7,Late,No Return,Unknown,0.0
501482,2024-09-14,5,On Time,No Return,Unknown,0.0
501483,2025-06-27,5,On Time,No Return,Unknown,0.0
501484,2025-06-09,5,On Time,No Return,Unknown,0.0
501485,2024-06-11,5,On Time,No Return,Unknown,0.0
501486,2025-06-14,5,On Time,Returned,Damaged,1044.35
501487,2024-02-02,4,Late,No Return,Unknown,0.0
501488,2025-06-26,5,On Time,No Return,Unknown,0.0
501489,2025-12-29,3,On Time,No Return,Unknown,0.0
501490,2024-05-29,7,Late,No Return,Unknown,0.0
501491,2025-09-23,5,On Time,Returned,Damaged,5698.72
501492,2024-08-10,5,Not Delivered,No Return,Unknown,0.0
501493,2025-08-17,2,Late,No Return,Unknown,0.0
501494,2025-12-20,7,Late,No Return,Unknown,0.0
501495,2024-03-11,4,Late,No Return,Unknown,0.0
501496,2024-05-27,4,Late,No Return,Unknown,0.0
501497,2024-05-23,3,On Time,No Return,Unknown,0.0
501498,2024-12-16,5,On Time,No Return,Unknown,0.0
501499,2025-04-15,6,On Time,No Return,Unknown,0.0
501500,2024-04-07,2,On Time,No Return,Unknown,0.0
501501,2025-02-17,6,On Time,No Return,Unknown,0.0
501502,2024-05-03,6,On Time,No Return,Unknown,0.0
501503,2025-12-02,5,Late,No Return,Unknown,0.0
501504,2025-03-22,3,On Time,No Return,Unknown,0.0
501505,2025-01-18,4,Late,Returned,Changed Mind,280.62
501506,2025-12-19,6,On Time,No Return,Unknown,0.0
501507,2024-10-09,5,Not Delivered,No Return,Unknown,0.0
501508,2025-01-02,7,Late,No Return,Unknown,0.0
501509,2025-01-12,8,Late,No Return,Unknown,0.0
501510,2025-09-18,5,On Time,No Return,Unknown,0.0
501511,2024-08-04,5,On Time,No Return,Unknown,0.0
501512,2024-09-20,5,On Time,No Return,Unknown,0.0
501513,2025-11-10,4,On Time,No Return,Unknown,0.0
501514,2024-04-14,8,Late,No Return,Unknown,0.0
501515,2024-08-04,7,Late,No Return,Unknown,0.0
501516,2025-07-06,5,On Time,No Return,Unknown,0.0
501517,2025-09-07,4,Late,No Return,Unknown,0.0
501518,2024-01-28,7,Late,No Return,Unknown,0.0
501519,2026-01-04,6,On Time,Returned,Wrong Item,10958.06
501520,2025-03-15,7,Late,No Return,Unknown,0.0
501521,2025-09-12,5,On Time,No Return,Unknown,0.0
501522,2025-01-11,6,On Time,No Return,Unknown,0.0
501523,2025-01-29,2,Late,No Return,Unknown,0.0
501524,2025-09-20,5,On Time,No Return,Unknown,0.0
501525,2024-08-11,5,On Time,No Return,Unknown,0.0
501526,2025-05-26,8,Late,No Return,Unknown,0.0
501527,2025-10-01,8,Late,No Return,Unknown,0.0
501528,2024-04-09,4,On Time,No Return,Unknown,0.0
501529,2025-03-14,7,Late,No Return,Unknown,0.0
501530,2024-07-10,4,Late,No Return,Unknown,0.0
501531,2025-05-22,7,Late,No Return,Unknown,0.0
501532,2025-01-14,5,On Time,No Return,Unknown,0.0
501533,2025-03-17,8,Late,Returned,Wrong Item,643.66
501534,2025-03-01,3,On Time,No Return,Unknown,0.0
501535,2024-06-01,9,Late,Returned,Damaged,1689.15
501536,2025-06-29,6,On Time,No Return,Unknown,0.0
501537,2025-05-18,5,On Time,No Return,Unknown,0.0
501538,2024-01-12,6,Late,No Return,Unknown,0.0
501539,2024-11-17,5,On Time,No Return,Unknown,0.0
501540,2024-08-22,5,Not Delivered,No Return,Unknown,0.0
501541,2024-05-06,5,On Time,No Return,Unknown,0.0
501542,2025-05-16,7,Late,No Return,Unknown,0.0
501543,2025-12-11,5,On Time,Returned,Quality Issue,18902.34
501544,2025-09-13,5,On Time,No Return,Unknown,0.0
501545,2025-12-18,7,Late,No Return,Unknown,0.0
501546,2025-04-28,9,Late,No Return,Unknown,0.0
501547,2025-08-04,8,Late,No Return,Unknown,0.0
501548,2025-05-28,6,On Time,Returned,Wrong Item,888.03
501549,2025-08-17,3,On Time,No Return,Unknown,0.0
501550,2024-06-25,2,Late,No Return,Unknown,0.0
501551,2025-06-08,4,Late,No Return,Unknown,0.0
501552,2025-11-26,4,Late,No Return,Unknown,0.0
501553,2024-10-02,5,Late,No Return,Unknown,0.0
501554,2025-11-07,3,On Time,No Return,Unknown,0.0
501555,2025-12-23,5,On Time,No Return,Unknown,0.0
501556,2025-07-30,5,On Time,No Return,Unknown,0.0
501557,2024-07-11,7,Late,No Return,Unknown,0.0
501558,2025-08-13,4,Late,Returned,Damaged,486.28
501559,2024-04-10,7,Late,No Return,Unknown,0.0
501560,2025-08-05,4,On Time,No Return,Unknown,0.0
501561,2025-06-04,7,Late,No Return,Unknown,0.0
501562,2024-07-01,5,On Time,No Return,Unknown,0.0
501563,2025-10-19,4,On Time,No Return,Unknown,0.0
501564,2025-07-14,5,On Time,No Return,Unknown,0.0
501565,2025-11-23,7,Late,No Return,Unknown,0.0
501566,2024-10-28,7,Late,No Return,Unknown,0.0
501567,2024-08-23,5,On Time,No Return,Unknown,0.0
501568,2024-08-28,5,On Time,No Return,Unknown,0.0
501569,2024-04-05,3,On Time,No Return,Unknown,0.0
501570,2025-05-09,8,Late,No Return,Unknown,0.0
501571,2024-02-19,6,On Time,No Return,Unknown,0.0
501572,2025-06-28,6,On Time,No Return,Unknown,0.0
501573,2025-04-24,5,On Time,No Return,Unknown,0.0
501574,2024-02-12,4,On Time,Returned,Quality Issue,6425.84
501575,2025-01-25,6,On Time,No Return,Unknown,0.0
501576,2025-03-16,6,On Time,No Return,Unknown,0.0
501577,2024-10-18,3,On Time,No Return,Unknown,0.0
501578,2024-09-08,4,On Time,No Return,Unknown,0.0
501579,2025-07-19,4,Late,No Return,Unknown,0.0
501580,2024-12-27,3,On Time,No Return,Unknown,0.0
501581,2025-03-19,6,On Time,No Return,Unknown,0.0
501582,2024-08-03,7,Late,No Return,Unknown,0.0
501583,2024-05-09,6,On Time,No Return,Unknown,0.0
501584,2025-02-09,3,On Time,No Return,Unknown,0.0
501585,2024-10-14,4,On Time,No Return,Unknown,0.0
501586,2025-10-26,2,Late,No Return,Unknown,0.0
501587,2025-08-02,4,Late,No Return,Unknown,0.0
501588,2024-09-03,6,On Time,Returned,Damaged,1298.36
501589,2024-06-22,7,Late,No Return,Unknown,0.0
501590,2025-07-19,5,On Time,No Return,Unknown,0.0
501591,2025-12-05,6,On Time,No Return,Unknown,0.0
501592,2024-05-31,4,Late,Returned,Changed Mind,615.05
501593,2025-12-04,3,On Time,No Return,Unknown,0.0
501594,2025-09-18,4,On Time,No Return,Unknown,0.0
501595,2024-09-25,4,Not Delivered,No Return,Unknown,0.0
501596,2025-05-18,3,On Time,No Return,Unknown,0.0
501597,2024-10-12,7,Late,No Return,Unknown,0.0
501598,2024-06-14,7,Not Delivered,No Return,Unknown,0.0
501599,2024-03-04,4,Late,No Return,Unknown,0.0
501600,2025-05-16,3,On Time,No Return,Unknown,0.0
501601,2024-11-16,4,On Time,No Return,Unknown,0.0
501602,2025-08-14,5,Late,No Return,Unknown,0.0
501603,2025-05-06,4,Late,No Return,Unknown,0.0
501604,2025-04-15,6,On Time,No Return,Unknown,0.0
501605,2024-08-20,5,On Time,No Return,Unknown,0.0
501606,2025-11-02,6,On Time,No Return,Unknown,0.0
501607,2024-12-26,5,On Time,No Return,Unknown,0.0
501608,2025-04-13,3,On Time,No Return,Unknown,0.0
501609,2024-08-21,7,Late,No Return,Unknown,0.0
501610,2024-06-21,4,On Time,No Return,Unknown,0.0
501611,2024-10-14,4,On Time,No Return,Unknown,0.0
501612,2024-09-23,5,On Time,No Return,Unknown,0.0
501613,2025-01-06,8,Late,No Return,Unknown,0.0
501614,2025-06-08,4,Late,No Return,Unknown,0.0
501615,2024-04-12,5,On Time,No Return,Unknown,0.0
501616,2024-01-18,6,On Time,No Return,Unknown,0.0
501617,2025-08-08,3,On Time,No Return,Unknown,0.0
501618,2025-02-24,4,Late,No Return,Unknown,0.0
501619,2025-05-22,7,Late,No Return,Unknown,0.0
501620,2024-05-19,5,On Time,No Return,Unknown,0.0
501621,2024-09-22,7,Late,No Return,Unknown,0.0
501622,2025-06-03,3,On Time,No Return,Unknown,0.0
501623,2024-10-24,4,On Time,No Return,Unknown,0.0
501624,2025-09-08,6,On Time,No Return,Unknown,0.0
501625,2025-03-20,5,On Time,No Return,Unknown,0.0
501626,2024-06-03,4,Late,No Return,Unknown,0.0
501627,2025-04-29,4,On Time,No Return,Unknown,0.0
501628,2024-09-20,6,On Time,No Return,Unknown,0.0
501629,2024-06-05,8,Late,No Return,Unknown,0.0
501630,2024-05-26,5,Late,No Return,Unknown,0.0
501631,2024-09-12,5,On Time,No Return,Unknown,0.0
501632,2025-10-08,3,On Time,No Return,Unknown,0.0
501633,2024-02-23,7,Not Delivered,No Return,Unknown,0.0
501634,2025-01-11,5,On Time,No Return,Unknown,0.0
501635,2024-04-07,4,Late,No Return,Unknown,0.0
501636,2024-12-26,5,On Time,No Return,Unknown,0.0
501637,2025-06-20,5,On Time,No Return,Unknown,0.0
501638,2025-11-26,4,Late,No Return,Unknown,0.0
501639,2024-10-04,6,On Time,No Return,Unknown,0.0
501640,2025-03-10,6,On Time,No Return,Unknown,0.0
501641,2025-10-17,8,Late,No Return,Unknown,0.0
501642,2025-12-09,7,Late,No Return,Unknown,0.0
501643,2025-12-28,4,Late,No Return,Unknown,0.0
501644,2024-03-05,1,On Time,No Return,Unknown,0.0
501645,2024-06-18,6,On Time,No Return,Unknown,0.0
501646,2025-01-30,7,Late,No Return,Unknown,0.0
501647,2025-04-21,8,Late,No Return,Unknown,0.0
501648,2025-07-10,7,Late,No Return,Unknown,0.0
501649,2026-01-02,6,On Time,No Return,Unknown,0.0
501650,2025-06-18,4,Not Delivered,No Return,Unknown,0.0
501651,2025-08-15,7,Late,No Return,Unknown,0.0
501652,2025-10-16,2,Late,No Return,Unknown,0.0
501653,2024-01-23,6,On Time,No Return,Unknown,0.0
501654,2025-09-06,8,Late,No Return,Unknown,0.0
501655,2024-10-30,3,Late,No Return,Unknown,0.0
501656,2024-04-02,5,On Time,No Return,Unknown,0.0
501657,2025-07-25,9,Late,No Return,Unknown,0.0
501658,2024-09-08,7,Late,No Return,Unknown,0.0
501659,2025-04-18,7,Late,No Return,Unknown,0.0
501660,2025-03-21,4,On Time,No Return,Unknown,0.0
501661,2024-04-25,3,On Time,No Return,Unknown,0.0
501662,2025-03-24,7,Late,No Return,Unknown,0.0
501663,2024-01-15,7,Late,No Return,Unknown,0.0
501664,2025-07-08,6,On Time,No Return,Unknown,0.0
501665,2025-07-16,4,Late,No Return,Unknown,0.0
501666,2024-04-14,5,On Time,No Return,Unknown,0.0
501667,2024-12-18,8,Late,No Return,Unknown,0.0
501668,2025-11-18,3,On Time,No Return,Unknown,0.0
501669,2025-04-29,4,Late,No Return,Unknown,0.0
501670,2025-12-07,4,On Time,No Return,Unknown,0.0
501671,2024-12-12,5,Late,No Return,Unknown,0.0
501672,2024-08-28,7,Late,No Return,Unknown,0.0
501673,2024-08-24,2,On Time,No Return,Unknown,0.0
501674,2024-05-10,5,On Time,No Return,Unknown,0.0
501675,2025-11-22,2,Late,No Return,Unknown,0.0
501676,2025-04-25,4,Late,No Return,Unknown,0.0
501677,2025-11-18,3,On Time,No Return,Unknown,0.0
501678,2025-01-11,5,Late,No Return,Unknown,0.0
501679,2024-05-04,5,Late,No Return,Unknown,0.0
501680,2025-06-28,3,On Time,No Return,Unknown,0.0
501681,2025-07-18,5,On Time,No Return,Unknown,0.0
501682,2024-07-03,6,On Time,No Return,Unknown,0.0
501683,2024-04-08,5,On Time,Returned,Late Delivery,3588.02
501684,2025-07-26,6,On Time,No Return,Unknown,0.0
501685,2024-11-01,4,On Time,No Return,Unknown,0.0
501686,2025-02-24,3,On Time,No Return,Unknown,0.0
501687,2025-08-15,7,Late,No Return,Unknown,0.0
501688,2025-03-31,4,Late,No Return,Unknown,0.0
501689,2025-02-26,6,On Time,No Return,Unknown,0.0
501690,2024-05-07,6,On Time,No Return,Unknown,0.0
501691,2024-03-03,6,On Time,No Return,Unknown,0.0
501692,2024-05-23,5,On Time,No Return,Unknown,0.0
501693,2024-07-22,5,On Time,Returned,Quality Issue,1537.37
501694,2025-12-28,7,Late,No Return,Unknown,0.0
501695,2024-12-31,5,On Time,No Return,Unknown,0.0
501696,2025-10-15,4,Late,No Return,Unknown,0.0
501697,2025-02-18,5,On Time,No Return,Unknown,0.0
501698,2025-10-12,5,On Time,No Return,Unknown,0.0
501699,2025-06-17,6,Late,No Return,Unknown,0.0
501700,2025-09-13,7,Late,No Return,Unknown,0.0
501701,2024-09-06,7,Not Delivered,No Return,Unknown,0.0
501702,2024-04-03,4,Late,No Return,Unknown,0.0
501703,2025-06-03,4,On Time,No Return,Unknown,0.0
501704,2024-03-06,4,Late,No Return,Unknown,0.0
501705,2024-08-06,7,Late,No Return,Unknown,0.0
501706,2024-09-11,7,Late,No Return,Unknown,0.0
501707,2025-12-06,2,On Time,No Return,Unknown,0.0
501708,2025-05-18,7,Late,No Return,Unknown,0.0
501709,2024-03-03,7,Late,No Return,Unknown,0.0
501710,2025-04-08,5,On Time,Returned,Quality Issue,2254.24
501711,2024-10-21,6,On Time,No Return,Unknown,0.0
501712,2025-07-01,5,Late,No Return,Unknown,0.0
501713,2025-04-21,7,Late,Returned,Wrong Item,3242.91
501714,2025-01-30,7,Late,Returned,Damaged,530.34
501715,2025-03-01,5,Late,No Return,Unknown,0.0
501716,2025-05-31,4,On Time,No Return,Unknown,0.0
501717,2025-12-14,4,On Time,Returned,Wrong Item,1354.68
501718,2025-07-15,5,Late,No Return,Unknown,0.0
501719,2025-07-16,4,Late,No Return,Unknown,0.0
501720,2024-03-24,3,On Time,No Return,Unknown,0.0
501721,2025-03-22,3,On Time,No Return,Unknown,0.0
501722,2024-10-21,8,Late,No Return,Unknown,0.0
501723,2024-10-15,5,Not Delivered,No Return,Unknown,0.0
501724,2025-05-11,6,On Time,Returned,Damaged,569.67
501725,2025-01-26,4,On Time,Returned,Wrong Item,1907.27
501726,2025-12-07,6,On Time,No Return,Unknown,0.0
501727,2025-07-10,6,On Time,No Return,Unknown,0.0
501728,2025-08-23,6,On Time,No Return,Unknown,0.0
501729,2025-02-17,6,On Time,No Return,Unknown,0.0
501730,2024-11-26,4,Late,No Return,Unknown,0.0
501731,2024-06-29,5,On Time,No Return,Unknown,0.0
501732,2025-06-07,3,On Time,No Return,Unknown,0.0
501733,2025-01-22,5,Late,No Return,Unknown,0.0
501734,2024-09-20,6,On Time,No Return,Unknown,0.0
501735,2024-12-18,6,On Time,No Return,Unknown,0.0
501736,2024-10-01,3,On Time,No Return,Unknown,0.0
501737,2024-09-22,5,On Time,No Return,Unknown,0.0
501738,2025-02-06,7,Late,No Return,Unknown,0.0
501739,2025-11-28,6,On Time,No Return,Unknown,0.0
501740,2024-06-09,7,Late,No Return,Unknown,0.0
501741,2025-06-14,4,On Time,No Return,Unknown,0.0
501742,2024-03-13,6,On Time,No Return,Unknown,0.0
501743,2025-11-30,1,On Time,No Return,Unknown,0.0
501744,2024-12-18,5,On Time,No Return,Unknown,0.0
501745,2024-03-05,2,On Time,No Return,Unknown,0.0
501746,2024-12-25,4,On Time,No Return,Unknown,0.0
501747,2024-10-15,8,Late,No Return,Unknown,0.0
501748,2024-02-16,6,On Time,No Return,Unknown,0.0
501749,2025-06-27,4,On Time,No Return,Unknown,0.0
501750,2025-01-07,6,On Time,No Return,Unknown,0.0
501751,2024-10-09,6,On Time,No Return,Unknown,0.0
501752,2024-08-13,5,On Time,No Return,Unknown,0.0
501753,2026-01-02,4,On Time,No Return,Unknown,0.0
501754,2024-03-07,6,On Time,No Return,Unknown,0.0
501755,2024-04-16,4,Late,No Return,Unknown,0.0
501756,2024-07-08,5,On Time,Returned,Wrong Item,341.88
501757,2024-05-31,5,On Time,No Return,Unknown,0.0
501758,2024-03-19,4,On Time,No Return,Unknown,0.0
501759,2025-04-24,7,Late,No Return,Unknown,0.0
501760,2024-01-07,6,On Time,No Return,Unknown,0.0
501761,2025-02-22,3,Late,No Return,Unknown,0.0
501762,2025-04-19,6,On Time,No Return,Unknown,0.0
501763,2025-01-06,7,Late,No Return,Unknown,0.0
501764,2025-11-10,6,On Time,No Return,Unknown,0.0
501765,2024-01-24,7,Late,No Return,Unknown,0.0
501766,2025-05-29,5,On Time,No Return,Unknown,0.0
501767,2025-03-18,4,Late,No Return,Unknown,0.0
501768,2025-06-18,4,Late,No Return,Unknown,0.0
501769,2024-03-02,3,On Time,No Return,Unknown,0.0
501770,2025-12-19,6,On Time,Returned,Changed Mind,1018.64
501771,2024-05-01,7,Late,No Return,Unknown,0.0
501772,2024-07-25,4,On Time,No Return,Unknown,0.0
501773,2025-06-30,4,Late,No Return,Unknown,0.0
501774,2024-07-17,5,On Time,No Return,Unknown,0.0
501775,2025-04-24,8,Late,No Return,Unknown,0.0
501776,2024-04-21,6,On Time,No Return,Unknown,0.0
501777,2024-05-13,8,Late,No Return,Unknown,0.0
501778,2025-02-23,6,On Time,No Return,Unknown,0.0
501779,2025-09-13,7,Late,No Return,Unknown,0.0
501780,2025-11-12,7,Late,No Return,Unknown,0.0
501781,2025-05-31,7,Late,Returned,Quality Issue,5291.66
501782,2025-05-22,7,Late,No Return,Unknown,0.0
501783,2024-05-05,5,On Time,No Return,Unknown,0.0
501784,2025-09-05,7,Late,No Return,Unknown,0.0
501785,2024-08-02,7,Late,No Return,Unknown,0.0
501786,2025-10-25,3,On Time,No Return,Unknown,0.0
501787,2024-12-19,4,On Time,No Return,Unknown,0.0
501788,2024-07-16,5,On Time,No Return,Unknown,0.0
501789,2025-10-21,6,On Time,No Return,Unknown,0.0
501790,2025-01-31,4,On Time,Returned,Changed Mind,627.48
501791,2025-05-14,3,Late,No Return,Unknown,0.0
501792,2025-02-03,8,Late,No Return,Unknown,0.0
501793,2025-12-20,7,Late,No Return,Unknown,0.0
501794,2025-11-07,3,On Time,No Return,Unknown,0.0
501795,2024-04-24,6,On Time,No Return,Unknown,0.0
501796,2025-04-20,6,On Time,Returned,Damaged,543.49
501797,2024-12-22,7,Late,No Return,Unknown,0.0
501798,2025-12-27,5,On Time,No Return,Unknown,0.0
501799,2024-06-05,8,Late,No Return,Unknown,0.0
501800,2024-09-16,4,On Time,No Return,Unknown,0.0
501801,2025-01-29,6,On Time,Returned,Damaged,1445.11
501802,2024-07-18,1,On Time,No Return,Unknown,0.0
501803,2025-03-25,7,Late,No Return,Unknown,0.0
501804,2024-07-07,3,Not Delivered,No Return,Unknown,0.0
501805,2024-12-14,5,On Time,No Return,Unknown,0.0
501806,2025-11-10,3,On Time,No Return,Unknown,0.0
501807,2024-04-20,3,Late,No Return,Unknown,0.0
501808,2025-08-23,6,On Time,No Return,Unknown,0.0
501809,2024-03-23,3,Late,No Return,Unknown,0.0
501810,2024-09-10,1,On Time,No Return,Unknown,0.0
501811,2024-01-29,4,Late,No Return,Unknown,0.0
501812,2024-10-13,4,Late,No Return,Unknown,0.0
501813,2025-07-20,4,Late,Returned,Changed Mind,562.53
501814,2025-09-17,6,On Time,No Return,Unknown,0.0
501815,2024-08-29,4,Late,No Return,Unknown,0.0
501816,2024-11-18,7,Late,No Return,Unknown,0.0
501817,2025-04-11,4,On Time,No Return,Unknown,0.0
501818,2025-12-03,5,On Time,Returned,Quality Issue,296.43
501819,2025-08-20,6,Not Delivered,No Return,Unknown,0.0
501820,2025-09-03,4,On Time,Returned,Quality Issue,20618.14
501821,2025-01-24,8,Late,No Return,Unknown,0.0
501822,2025-04-17,8,Late,No Return,Unknown,0.0
501823,2024-06-03,5,Late,No Return,Unknown,0.0
501824,2024-12-23,6,On Time,No Return,Unknown,0.0
501825,2025-03-22,5,On Time,No Return,Unknown,0.0
501826,2025-02-04,6,On Time,No Return,Unknown,0.0
501827,2025-01-03,4,Late,No Return,Unknown,0.0
501828,2024-01-10,4,Late,No Return,Unknown,0.0
501829,2025-06-24,7,Late,No Return,Unknown,0.0
501830,2024-08-11,4,Late,No Return,Unknown,0.0
501831,2024-01-18,6,On Time,No Return,Unknown,0.0
501832,2025-01-26,7,Late,No Return,Unknown,0.0
501833,2025-12-12,8,Late,No Return,Unknown,0.0
501834,2025-04-07,5,On Time,No Return,Unknown,0.0
501835,2024-08-17,5,On Time,No Return,Unknown,0.0
501836,2024-12-04,3,On Time,No Return,Unknown,0.0
501837,2024-06-20,5,On Time,Returned,Wrong Item,1963.91
501838,2024-11-17,6,On Time,No Return,Unknown,0.0
501839,2024-05-04,9,Late,No Return,Unknown,0.0
501840,2025-05-14,2,On Time,No Return,Unknown,0.0
501841,2024-06-02,6,On Time,No Return,Unknown,0.0
501842,2024-02-12,7,Late,No Return,Unknown,0.0
501843,2025-02-17,7,Late,No Return,Unknown,0.0
501844,2025-01-25,6,On Time,No Return,Unknown,0.0
501845,2025-02-18,4,On Time,No Return,Unknown,0.0
501846,2024-11-08,5,Late,No Return,Unknown,0.0
501847,2025-10-08,5,On Time,No Return,Unknown,0.0
501848,2024-09-01,5,Late,No Return,Unknown,0.0
501849,2025-01-09,8,Late,No Return,Unknown,0.0
501850,2024-11-06,7,Late,No Return,Unknown,0.0
501851,2025-09-12,4,On Time,No Return,Unknown,0.0
501852,2024-06-23,8,Late,No Return,Unknown,0.0
501853,2025-07-11,4,Not Delivered,No Return,Unknown,0.0
501854,2024-11-01,5,On Time,Returned,Changed Mind,6405.42
501855,2024-07-29,6,On Time,No Return,Unknown,0.0
501856,2024-07-17,4,On Time,No Return,Unknown,0.0
501857,2024-06-25,6,On Time,Returned,Late Delivery,610.44
501858,2025-09-13,6,On Time,No Return,Unknown,0.0
501859,2025-02-09,4,Late,No Return,Unknown,0.0
501860,2024-02-13,5,On Time,No Return,Unknown,0.0
501861,2025-10-12,5,On Time,No Return,Unknown,0.0
501862,2024-09-14,6,On Time,No Return,Unknown,0.0
501863,2025-11-15,3,On Time,No Return,Unknown,0.0
501864,2024-10-13,4,Late,No Return,Unknown,0.0
501865,2024-07-27,2,On Time,No Return,Unknown,0.0
501866,2025-05-19,5,On Time,No Return,Unknown,0.0
501867,2024-05-27,5,Late,No Return,Unknown,0.0
501868,2024-01-23,4,On Time,Returned,Quality Issue,5768.4
501869,2025-12-08,6,On Time,No Return,Unknown,0.0
501870,2025-08-01,3,On Time,No Return,Unknown,0.0
501871,2025-11-19,2,On Time,No Return,Unknown,0.0
501872,2024-01-22,2,Late,No Return,Unknown,0.0
501873,2025-03-28,5,On Time,Returned,Wrong Item,873.08
501874,2024-08-14,1,On Time,No Return,Unknown,0.0
501875,2024-04-15,5,On Time,No Return,Unknown,0.0
501876,2024-10-24,4,Late,No Return,Unknown,0.0
501877,2025-07-07,4,On Time,No Return,Unknown,0.0
501878,2024-03-11,6,On Time,No Return,Unknown,0.0
501879,2025-05-19,6,On Time,No Return,Unknown,0.0
501880,2024-03-23,7,Late,No Return,Unknown,0.0
501881,2025-12-10,6,On Time,No Return,Unknown,0.0
501882,2025-10-01,5,On Time,No Return,Unknown,0.0
501883,2024-05-09,5,On Time,No Return,Unknown,0.0
501884,2024-02-01,5,On Time,No Return,Unknown,0.0
501885,2025-09-13,7,Late,No Return,Unknown,0.0
501886,2024-10-06,4,On Time,No Return,Unknown,0.0
501887,2025-07-31,6,On Time,No Return,Unknown,0.0
501888,2025-11-18,8,Late,Returned,Damaged,2066.55
501889,2024-03-27,4,Late,No Return,Unknown,0.0
501890,2025-05-07,7,Late,No Return,Unknown,0.0
501891,2025-04-12,5,Late,No Return,Unknown,0.0
501892,2024-01-14,8,Late,No Return,Unknown,0.0
501893,2025-11-09,3,On Time,No Return,Unknown,0.0
501894,2025-01-05,3,On Time,Returned,Wrong Item,1782.03
501895,2025-04-20,5,Late,No Return,Unknown,0.0
501896,2025-12-19,5,On Time,No Return,Unknown,0.0
501897,2025-03-29,5,On Time,No Return,Unknown,0.0
501898,2025-11-24,5,Late,No Return,Unknown,0.0
501899,2025-01-11,7,Late,No Return,Unknown,0.0
501900,2024-12-11,6,On Time,No Return,Unknown,0.0
501901,2025-11-02,4,On Time,No Return,Unknown,0.0
501902,2024-10-08,4,Late,No Return,Unknown,0.0
501903,2024-12-10,5,Not Delivered,No Return,Unknown,0.0
501904,2025-09-08,3,On Time,No Return,Unknown,0.0
501905,2024-03-27,7,Late,No Return,Unknown,0.0
501906,2025-12-15,9,Late,No Return,Unknown,0.0
501907,2025-08-29,4,On Time,No Return,Unknown,0.0
501908,2024-03-12,5,On Time,No Return,Unknown,0.0
501909,2024-08-06,4,On Time,Returned,Quality Issue,691.79
501910,2025-02-26,7,Late,No Return,Unknown,0.0
501911,2024-05-29,5,Late,No Return,Unknown,0.0
501912,2025-07-10,5,Late,Returned,Damaged,856.41
501913,2025-12-30,6,On Time,No Return,Unknown,0.0
501914,2024-10-16,4,Not Delivered,No Return,Unknown,0.0
501915,2025-08-01,8,Late,No Return,Unknown,0.0
501916,2025-06-28,5,On Time,No Return,Unknown,0.0
501917,2024-02-22,6,On Time,No Return,Unknown,0.0
501918,2024-08-30,6,On Time,No Return,Unknown,0.0
501919,2024-04-30,4,On Time,Returned,Wrong Item,10035.67
501920,2024-06-02,3,On Time,No Return,Unknown,0.0
501921,2024-03-28,5,On Time,No Return,Unknown,0.0
501922,2024-03-02,5,On Time,No Return,Unknown,0.0
501923,2026-01-04,6,On Time,No Return,Unknown,0.0
501924,2025-01-25,6,On Time,No Return,Unknown,0.0
501925,2024-08-10,3,On Time,No Return,Unknown,0.0
501926,2024-10-19,8,Late,Returned,Changed Mind,2519.43
501927,2025-03-16,7,Late,No Return,Unknown,0.0
501928,2024-11-20,5,On Time,No Return,Unknown,0.0
501929,2025-09-05,3,On Time,Returned,Changed Mind,972.27
501930,2024-09-03,5,Late,No Return,Unknown,0.0
501931,2025-04-12,3,On Time,No Return,Unknown,0.0
501932,2024-07-25,4,On Time,No Return,Unknown,0.0
501933,2025-07-06,4,Late,No Return,Unknown,0.0
501934,2025-03-24,4,On Time,No Return,Unknown,0.0
501935,2025-10-07,6,On Time,No Return,Unknown,0.0
501936,2024-05-18,4,Late,No Return,Unknown,0.0
501937,2025-08-01,3,On Time,No Return,Unknown,0.0
501938,2025-07-01,7,Late,No Return,Unknown,0.0
501939,2025-05-06,5,Late,No Return,Unknown,0.0
501940,2025-07-29,4,On Time,No Return,Unknown,0.0
501941,2025-05-04,4,On Time,No Return,Unknown,0.0
501942,2025-07-24,5,On Time,No Return,Unknown,0.0
501943,2025-10-26,4,On Time,No Return,Unknown,0.0
501944,2025-02-12,4,On Time,No Return,Unknown,0.0
501945,2025-07-28,5,On Time,No Return,Unknown,0.0
501946,2025-03-09,1,On Time,No Return,Unknown,0.0
501947,2025-07-06,5,On Time,No Return,Unknown,0.0
501948,2025-10-22,4,Late,No Return,Unknown,0.0
501949,2024-09-11,5,On Time,No Return,Unknown,0.0
501950,2024-03-27,7,Late,No Return,Unknown,0.0
501951,2024-01-19,4,On Time,No Return,Unknown,0.0
501952,2024-02-15,6,On Time,No Return,Unknown,0.0
501953,2024-03-26,5,Late,No Return,Unknown,0.0
501954,2025-05-30,6,On Time,No Return,Unknown,0.0
501955,2024-11-06,4,Late,No Return,Unknown,0.0
501956,2025-12-14,9,Late,No Return,Unknown,0.0
501957,2025-02-05,5,Late,No Return,Unknown,0.0
501958,2025-11-13,5,On Time,No Return,Unknown,0.0
501959,2024-07-29,7,Late,No Return,Unknown,0.0
501960,2024-08-04,6,On Time,No Return,Unknown,0.0
501961,2025-02-09,7,Late,No Return,Unknown,0.0
501962,2025-01-15,8,Late,No Return,Unknown,0.0
501963,2025-01-29,6,On Time,No Return,Unknown,0.0
501964,2024-09-20,6,On Time,No Return,Unknown,0.0
501965,2024-04-28,4,On Time,No Return,Unknown,0.0
501966,2024-12-05,6,On Time,No Return,Unknown,0.0
501967,2024-12-20,6,On Time,No Return,Unknown,0.0
501968,2024-08-23,3,On Time,No Return,Unknown,0.0
501969,2025-05-27,4,On Time,Returned,Late Delivery,1699.83
501970,2025-03-29,5,On Time,No Return,Unknown,0.0
501971,2024-03-24,7,Late,No Return,Unknown,0.0
501972,2025-09-03,4,Late,No Return,Unknown,0.0
501973,2024-04-13,6,On Time,No Return,Unknown,0.0
501974,2025-07-23,2,Late,Returned,Changed Mind,1178.88
501975,2025-09-25,4,Late,No Return,Unknown,0.0
501976,2025-04-09,3,On Time,No Return,Unknown,0.0
501977,2025-05-18,4,Late,No Return,Unknown,0.0
501978,2025-09-26,4,On Time,No Return,Unknown,0.0
501979,2024-02-11,4,Late,No Return,Unknown,0.0
501980,2025-12-01,4,On Time,No Return,Unknown,0.0
501981,2024-12-30,7,Late,No Return,Unknown,0.0
501982,2024-09-04,6,On Time,No Return,Unknown,0.0
501983,2024-02-25,5,On Time,No Return,Unknown,0.0
501984,2025-03-04,4,Late,No Return,Unknown,0.0
501985,2024-05-10,4,Late,No Return,Unknown,0.0
501986,2024-04-16,4,On Time,No Return,Unknown,0.0
501987,2025-04-25,4,Not Delivered,No Return,Unknown,0.0
501988,2024-08-23,7,Late,No Return,Unknown,0.0
501989,2025-12-29,6,On Time,No Return,Unknown,0.0
501990,2025-03-16,5,On Time,No Return,Unknown,0.0
501991,2025-01-24,5,On Time,No Return,Unknown,0.0
501992,2024-04-01,7,Late,No Return,Unknown,0.0
501993,2024-12-31,7,Late,No Return,Unknown,0.0
501994,2024-01-31,4,Late,No Return,Unknown,0.0
501995,2024-03-16,4,On Time,No Return,Unknown,0.0
501996,2024-04-08,4,Not Delivered,No Return,Unknown,0.0
501997,2025-08-17,7,Late,No Return,Unknown,0.0
501998,2025-03-04,3,On Time,No Return,Unknown,0.0
501999,2024-01-14,8,Late,No Return,Unknown,0.0
502000,2024-04-04,5,Not Delivered,No Return,Unknown,0.0
502001,2025-08-22,8,Late,No Return,Unknown,0.0
502002,2024-08-14,5,On Time,No Return,Unknown,0.0
502003,2025-08-24,7,Late,No Return,Unknown,0.0
502004,2025-08-20,4,On Time,No Return,Unknown,0.0
502005,2024-06-03,3,On Time,No Return,Unknown,0.0
502006,2025-07-17,7,Late,No Return,Unknown,0.0
502007,2024-08-06,7,Late,No Return,Unknown,0.0
502008,2025-08-09,4,Not Delivered,No Return,Unknown,0.0
502009,2024-09-24,5,On Time,No Return,Unknown,0.0
502010,2025-01-19,3,On Time,No Return,Unknown,0.0
502011,2025-07-26,3,On Time,No Return,Unknown,0.0
502012,2024-03-02,5,On Time,No Return,Unknown,0.0
502013,2025-03-05,4,On Time,No Return,Unknown,0.0
502014,2025-09-22,8,Late,No Return,Unknown,0.0
502015,2024-05-26,5,Late,No Return,Unknown,0.0
502016,2025-07-27,6,On Time,No Return,Unknown,0.0
502017,2025-06-12,5,Late,No Return,Unknown,0.0
502018,2024-01-22,7,Not Delivered,No Return,Unknown,0.0
502019,2024-01-12,4,Late,No Return,Unknown,0.0
502020,2024-08-21,3,On Time,No Return,Unknown,0.0
502021,2024-07-10,6,On Time,No Return,Unknown,0.0
502022,2024-02-25,3,On Time,No Return,Unknown,0.0
502023,2024-05-22,6,On Time,No Return,Unknown,0.0
502024,2024-06-28,6,On Time,No Return,Unknown,0.0
502025,2024-08-11,5,Late,No Return,Unknown,0.0
502026,2024-09-23,4,Late,No Return,Unknown,0.0
502027,2024-09-16,5,On Time,No Return,Unknown,0.0
502028,2024-10-05,9,Late,No Return,Unknown,0.0
502029,2025-08-13,4,Late,No Return,Unknown,0.0
502030,2024-08-13,2,Late,No Return,Unknown,0.0
502031,2025-08-31,5,Late,No Return,Unknown,0.0
502032,2024-05-20,7,Late,No Return,Unknown,0.0
502033,2024-06-17,6,On Time,No Return,Unknown,0.0
502034,2025-12-17,7,Late,No Return,Unknown,0.0
502035,2025-12-03,2,Not Delivered,No Return,Unknown,0.0
502036,2024-03-16,3,On Time,No Return,Unknown,0.0
502037,2025-12-19,1,On Time,No Return,Unknown,0.0
502038,2025-06-30,4,Late,No Return,Unknown,0.0
502039,2025-09-27,5,Late,No Return,Unknown,0.0
502040,2025-05-04,6,On Time,No Return,Unknown,0.0
502041,2025-11-10,9,Late,No Return,Unknown,0.0
502042,2024-09-14,3,On Time,No Return,Unknown,0.0
502043,2025-09-15,6,On Time,No Return,Unknown,0.0
502044,2024-07-24,8,Late,No Return,Unknown,0.0
502045,2025-03-10,8,Late,No Return,Unknown,0.0
502046,2025-05-11,4,On Time,No Return,Unknown,0.0
502047,2025-09-30,7,Late,No Return,Unknown,0.0
502048,2024-03-24,2,Late,No Return,Unknown,0.0
502049,2024-11-11,8,Late,No Return,Unknown,0.0
502050,2025-12-07,8,Late,No Return,Unknown,0.0
502051,2025-01-12,4,Late,No Return,Unknown,0.0
502052,2025-07-23,6,On Time,No Return,Unknown,0.0
502053,2025-04-07,4,Late,No Return,Unknown,0.0
502054,2025-05-19,4,Not Delivered,No Return,Unknown,0.0
502055,2024-12-28,6,On Time,No Return,Unknown,0.0
502056,2024-10-29,7,Late,No Return,Unknown,0.0
502057,2025-08-07,5,On Time,No Return,Unknown,0.0
502058,2024-10-31,5,On Time,No Return,Unknown,0.0
502059,2025-10-13,6,On Time,No Return,Unknown,0.0
502060,2024-12-12,4,Late,No Return,Unknown,0.0
502061,2024-05-03,4,Late,No Return,Unknown,0.0
502062,2025-07-26,4,Late,No Return,Unknown,0.0
502063,2024-07-06,2,Late,No Return,Unknown,0.0
502064,2025-08-11,5,On Time,No Return,Unknown,0.0
502065,2024-06-13,7,Late,No Return,Unknown,0.0
502066,2024-08-21,6,On Time,Returned,Changed Mind,4725.2
502067,2024-11-07,4,Late,No Return,Unknown,0.0
502068,2024-08-27,6,On Time,No Return,Unknown,0.0
502069,2024-01-17,6,Not Delivered,No Return,Unknown,0.0
502070,2024-06-27,4,Late,No Return,Unknown,0.0
502071,2025-10-11,7,Late,No Return,Unknown,0.0
502072,2024-01-04,2,On Time,No Return,Unknown,0.0
502073,2025-12-17,5,On Time,No Return,Unknown,0.0
502074,2024-07-03,3,On Time,No Return,Unknown,0.0
502075,2024-12-21,6,On Time,No Return,Unknown,0.0
502076,2025-10-08,8,Late,No Return,Unknown,0.0
502077,2025-01-19,3,Not Delivered,No Return,Unknown,0.0
502078,2024-10-28,5,On Time,No Return,Unknown,0.0
502079,2024-07-18,3,Late,No Return,Unknown,0.0
502080,2024-10-18,6,On Time,No Return,Unknown,0.0
502081,2025-07-15,6,On Time,No Return,Unknown,0.0
502082,2025-06-12,7,Late,No Return,Unknown,0.0
502083,2024-08-17,5,On Time,No Return,Unknown,0.0
502084,2025-12-31,3,On Time,No Return,Unknown,0.0
502085,2025-12-27,4,Late,No Return,Unknown,0.0
502086,2024-10-16,4,Late,No Return,Unknown,0.0
502087,2026-01-04,6,On Time,No Return,Unknown,0.0
502088,2024-12-03,7,Late,No Return,Unknown,0.0
502089,2025-07-20,6,On Time,Returned,Damaged,723.27
502090,2024-06-17,6,On Time,No Return,Unknown,0.0
502091,2024-07-15,4,On Time,No Return,Unknown,0.0
502092,2024-05-29,5,Late,No Return,Unknown,0.0
502093,2025-11-08,7,Late,No Return,Unknown,0.0
502094,2025-11-26,4,Late,No Return,Unknown,0.0
502095,2025-06-29,8,Late,No Return,Unknown,0.0
502096,2025-09-08,5,On Time,No Return,Unknown,0.0
502097,2025-09-22,8,Late,No Return,Unknown,0.0
502098,2024-09-28,2,Late,No Return,Unknown,0.0
502099,2024-02-26,6,On Time,No Return,Unknown,0.0
502100,2025-06-17,7,Late,No Return,Unknown,0.0
502101,2024-05-08,1,On Time,No Return,Unknown,0.0
502102,2025-10-21,8,Late,No Return,Unknown,0.0
502103,2024-02-22,7,Late,No Return,Unknown,0.0
502104,2024-08-25,4,Late,Returned,Wrong Item,2336.35
502105,2025-03-24,1,On Time,No Return,Unknown,0.0
502106,2025-08-08,2,On Time,Returned,Wrong Item,765.97
502107,2025-03-23,5,On Time,No Return,Unknown,0.0
502108,2025-05-21,4,On Time,No Return,Unknown,0.0
502109,2025-09-03,5,On Time,No Return,Unknown,0.0
502110,2024-10-16,5,On Time,No Return,Unknown,0.0
502111,2024-05-16,5,Late,No Return,Unknown,0.0
502112,2025-04-25,5,On Time,No Return,Unknown,0.0
502113,2025-07-02,5,Late,No Return,Unknown,0.0
502114,2024-12-27,6,On Time,Returned,Changed Mind,6610.56
502115,2024-02-12,6,On Time,Returned,Changed Mind,1489.49
502116,2025-10-02,3,On Time,No Return,Unknown,0.0
502117,2024-05-20,3,On Time,No Return,Unknown,0.0
502118,2025-03-03,6,On Time,No Return,Unknown,0.0
502119,2025-03-25,5,Late,No Return,Unknown,0.0
502120,2025-09-07,4,Late,No Return,Unknown,0.0
502121,2024-09-02,4,Late,No Return,Unknown,0.0
502122,2024-09-04,3,On Time,No Return,Unknown,0.0
502123,2025-06-29,7,Late,No Return,Unknown,0.0
502124,2024-08-03,7,Late,No Return,Unknown,0.0
502125,2025-04-06,5,Late,Returned,Late Delivery,3626.1
502126,2024-04-14,6,On Time,No Return,Unknown,0.0
502127,2025-05-23,7,Not Delivered,No Return,Unknown,0.0
502128,2024-05-22,6,On Time,No Return,Unknown,0.0
502129,2024-07-08,3,On Time,No Return,Unknown,0.0
502130,2024-02-08,3,Late,No Return,Unknown,0.0
502131,2025-09-28,7,Late,No Return,Unknown,0.0
502132,2025-11-06,6,On Time,No Return,Unknown,0.0
502133,2025-04-27,4,Late,No Return,Unknown,0.0
502134,2025-11-15,4,Late,No Return,Unknown,0.0
502135,2024-03-01,6,On Time,No Return,Unknown,0.0
502136,2025-04-19,4,Late,No Return,Unknown,0.0
502137,2024-03-28,4,On Time,No Return,Unknown,0.0
502138,2024-01-13,7,Late,No Return,Unknown,0.0
502139,2024-12-31,3,On Time,No Return,Unknown,0.0
502140,2025-12-17,7,Late,No Return,Unknown,0.0
502141,2025-10-29,4,On Time,No Return,Unknown,0.0
502142,2024-06-23,5,On Time,No Return,Unknown,0.0
502143,2024-09-08,3,On Time,No Return,Unknown,0.0
502144,2025-10-28,5,Not Delivered,No Return,Unknown,0.0
502145,2024-07-31,3,On Time,No Return,Unknown,0.0
502146,2024-09-06,6,On Time,No Return,Unknown,0.0
502147,2024-05-21,1,On Time,No Return,Unknown,0.0
502148,2025-09-30,7,Late,No Return,Unknown,0.0
502149,2024-07-05,7,Late,No Return,Unknown,0.0
502150,2025-10-05,7,Late,Returned,Changed Mind,320.28
502151,2025-12-31,7,Late,No Return,Unknown,0.0
502152,2024-01-23,6,On Time,No Return,Unknown,0.0
502153,2024-01-21,5,On Time,Returned,Damaged,1141.15
502154,2025-01-21,2,On Time,No Return,Unknown,0.0
502155,2024-12-12,6,On Time,No Return,Unknown,0.0
502156,2024-02-20,5,On Time,No Return,Unknown,0.0
502157,2025-05-24,6,On Time,No Return,Unknown,0.0
502158,2024-05-26,4,On Time,No Return,Unknown,0.0
502159,2024-10-13,2,On Time,No Return,Unknown,0.0
502160,2024-12-26,6,On Time,No Return,Unknown,0.0
502161,2025-06-10,2,On Time,No Return,Unknown,0.0
502162,2025-07-15,5,On Time,No Return,Unknown,0.0
502163,2024-02-19,3,On Time,No Return,Unknown,0.0
502164,2025-06-17,6,On Time,No Return,Unknown,0.0
502165,2024-04-22,6,On Time,No Return,Unknown,0.0
502166,2024-01-10,7,Late,No Return,Unknown,0.0
502167,2025-09-12,5,On Time,No Return,Unknown,0.0
502168,2024-04-10,6,On Time,No Return,Unknown,0.0
502169,2024-05-14,2,Late,No Return,Unknown,0.0
502170,2024-07-25,6,On Time,No Return,Unknown,0.0
502171,2024-09-13,3,On Time,No Return,Unknown,0.0
502172,2024-07-06,5,On Time,No Return,Unknown,0.0
502173,2024-06-02,4,On Time,No Return,Unknown,0.0
502174,2025-07-06,4,On Time,Returned,Changed Mind,2668.83
502175,2025-05-10,6,On Time,No Return,Unknown,0.0
502176,2025-05-25,6,On Time,No Return,Unknown,0.0
502177,2025-02-20,4,Not Delivered,No Return,Unknown,0.0
502178,2025-05-28,6,On Time,No Return,Unknown,0.0
502179,2025-10-17,5,On Time,No Return,Unknown,0.0
502180,2025-09-10,7,Late,No Return,Unknown,0.0
502181,2025-02-09,2,On Time,No Return,Unknown,0.0
502182,2024-08-31,8,Late,No Return,Unknown,0.0
502183,2025-08-20,2,On Time,No Return,Unknown,0.0
502184,2025-07-03,5,Late,No Return,Unknown,0.0
502185,2025-09-29,5,Late,No Return,Unknown,0.0
502186,2025-06-30,5,On Time,No Return,Unknown,0.0
502187,2025-03-12,3,On Time,No Return,Unknown,0.0
502188,2025-07-04,5,On Time,No Return,Unknown,0.0
502189,2025-10-09,3,On Time,No Return,Unknown,0.0
502190,2024-07-29,3,On Time,No Return,Unknown,0.0
502191,2024-05-25,6,On Time,No Return,Unknown,0.0
502192,2025-08-16,6,On Time,No Return,Unknown,0.0
502193,2025-08-15,6,On Time,No Return,Unknown,0.0
502194,2024-11-07,5,On Time,No Return,Unknown,0.0
502195,2025-07-27,4,Late,No Return,Unknown,0.0
502196,2024-04-10,3,On Time,No Return,Unknown,0.0
502197,2024-05-08,4,Late,No Return,Unknown,0.0
502198,2024-12-21,7,Late,No Return,Unknown,0.0
502199,2024-05-21,8,Late,No Return,Unknown,0.0
502200,2024-08-16,3,On Time,No Return,Unknown,0.0
502201,2025-12-17,5,Late,Returned,Late Delivery,2278.47
502202,2025-07-07,5,On Time,No Return,Unknown,0.0
502203,2025-10-19,8,Late,No Return,Unknown,0.0
502204,2025-12-28,8,Late,No Return,Unknown,0.0
502205,2025-12-09,3,On Time,No Return,Unknown,0.0
502206,2025-07-29,8,Late,No Return,Unknown,0.0
502207,2024-12-11,7,Late,No Return,Unknown,0.0
502208,2024-11-22,5,On Time,No Return,Unknown,0.0
502209,2024-04-02,6,On Time,No Return,Unknown,0.0
502210,2024-04-12,8,Late,No Return,Unknown,0.0
502211,2024-07-21,7,Late,No Return,Unknown,0.0
502212,2024-07-16,6,On Time,No Return,Unknown,0.0
502213,2025-10-24,7,Late,No Return,Unknown,0.0
502214,2025-06-10,5,Late,No Return,Unknown,0.0
502215,2025-10-27,5,On Time,No Return,Unknown,0.0
502216,2025-10-17,4,Late,No Return,Unknown,0.0
502217,2024-01-16,3,On Time,Returned,Changed Mind,2561.97
502218,2024-09-15,5,On Time,No Return,Unknown,0.0
502219,2024-03-25,4,Late,No Return,Unknown,0.0
502220,2025-12-26,4,Late,No Return,Unknown,0.0
502221,2025-01-14,7,Late,No Return,Unknown,0.0
502222,2025-01-30,2,On Time,No Return,Unknown,0.0
502223,2025-02-26,5,Late,No Return,Unknown,0.0
502224,2024-03-01,2,On Time,No Return,Unknown,0.0
502225,2024-05-13,6,On Time,No Return,Unknown,0.0
502226,2025-06-26,2,On Time,No Return,Unknown,0.0
502227,2024-12-04,6,On Time,No Return,Unknown,0.0
502228,2024-10-11,3,On Time,No Return,Unknown,0.0
502229,2025-08-09,7,Late,No Return,Unknown,0.0
502230,2024-08-02,8,Late,No Return,Unknown,0.0
502231,2024-10-03,5,On Time,No Return,Unknown,0.0
502232,2024-11-12,8,Late,No Return,Unknown,0.0
502233,2025-02-11,5,On Time,Returned,Quality Issue,3156.67
502234,2024-06-28,5,On Time,No Return,Unknown,0.0
502235,2024-08-13,8,Late,No Return,Unknown,0.0
502236,2025-11-07,5,Late,No Return,Unknown,0.0
502237,2024-11-24,3,On Time,No Return,Unknown,0.0
502238,2024-09-15,6,On Time,No Return,Unknown,0.0
502239,2025-04-04,6,On Time,No Return,Unknown,0.0
502240,2024-07-13,6,On Time,No Return,Unknown,0.0
502241,2025-03-23,5,On Time,No Return,Unknown,0.0
502242,2024-05-13,4,Late,No Return,Unknown,0.0
502243,2025-05-04,5,On Time,No Return,Unknown,0.0
502244,2024-01-06,3,On Time,No Return,Unknown,0.0
502245,2024-12-21,5,On Time,No Return,Unknown,0.0
502246,2025-07-14,6,On Time,No Return,Unknown,0.0
502247,2024-05-17,5,On Time,No Return,Unknown,0.0
502248,2025-11-24,4,On Time,No Return,Unknown,0.0
502249,2025-05-13,5,On Time,No Return,Unknown,0.0
502250,2024-09-25,3,On Time,No Return,Unknown,0.0
502251,2024-01-30,6,On Time,No Return,Unknown,0.0
502252,2025-06-20,3,On Time,No Return,Unknown,0.0
502253,2024-01-07,4,On Time,No Return,Unknown,0.0
502254,2025-11-05,5,On Time,Returned,Late Delivery,4531.56
502255,2025-03-07,5,On Time,No Return,Unknown,0.0
502256,2024-01-09,5,On Time,No Return,Unknown,0.0
502257,2025-09-13,3,On Time,No Return,Unknown,0.0
502258,2025-05-22,5,Late,No Return,Unknown,0.0
502259,2024-08-23,4,Late,No Return,Unknown,0.0
502260,2024-03-18,6,On Time,No Return,Unknown,0.0
502261,2024-04-01,4,On Time,No Return,Unknown,0.0
502262,2025-06-14,3,On Time,No Return,Unknown,0.0
502263,2025-08-30,5,On Time,No Return,Unknown,0.0
502264,2025-03-29,4,On Time,No Return,Unknown,0.0
502265,2025-03-17,3,On Time,No Return,Unknown,0.0
502266,2025-06-23,8,Late,No Return,Unknown,0.0
502267,2025-03-17,7,Late,No Return,Unknown,0.0
502268,2025-12-31,7,Late,No Return,Unknown,0.0
502269,2024-03-26,2,On Time,No Return,Unknown,0.0
502270,2024-12-06,2,Late,No Return,Unknown,0.0
502271,2024-05-10,5,On Time,No Return,Unknown,0.0
502272,2025-07-24,8,Late,No Return,Unknown,0.0
502273,2024-01-23,5,On Time,Returned,Damaged,3407.22
502274,2025-09-28,8,Late,No Return,Unknown,0.0
502275,2025-10-01,4,On Time,No Return,Unknown,0.0
502276,2025-06-27,4,On Time,No Return,Unknown,0.0
502277,2024-12-16,6,On Time,No Return,Unknown,0.0
502278,2025-04-18,6,On Time,No Return,Unknown,0.0
502279,2024-05-27,7,Late,No Return,Unknown,0.0
502280,2024-01-14,8,Late,Returned,Wrong Item,2158.03
502281,2025-11-05,6,On Time,No Return,Unknown,0.0
502282,2025-09-15,6,On Time,Returned,Damaged,169.17
502283,2025-09-28,6,On Time,No Return,Unknown,0.0
502284,2025-10-11,1,On Time,No Return,Unknown,0.0
502285,2025-06-28,4,On Time,No Return,Unknown,0.0
502286,2025-11-13,5,Late,No Return,Unknown,0.0
502287,2024-03-10,5,On Time,Returned,Damaged,4702.19
502288,2024-03-02,6,On Time,No Return,Unknown,0.0
502289,2024-04-06,1,On Time,No Return,Unknown,0.0
502290,2024-08-07,5,On Time,No Return,Unknown,0.0
502291,2024-03-01,3,On Time,No Return,Unknown,0.0
502292,2025-05-09,3,On Time,No Return,Unknown,0.0
502293,2025-02-10,2,Late,No Return,Unknown,0.0
502294,2024-07-07,5,On Time,Returned,Damaged,4029.05
502295,2024-10-15,7,Late,No Return,Unknown,0.0
502296,2025-12-28,7,Late,No Return,Unknown,0.0
502297,2024-06-14,3,On Time,No Return,Unknown,0.0
502298,2024-04-02,4,On Time,No Return,Unknown,0.0
502299,2024-04-10,4,Not Delivered,No Return,Unknown,0.0
502300,2025-08-12,3,On Time,No Return,Unknown,0.0
502301,2024-03-30,2,Late,No Return,Unknown,0.0
502302,2025-06-06,5,On Time,No Return,Unknown,0.0
502303,2025-11-05,7,Late,No Return,Unknown,0.0
502304,2024-03-10,7,Late,No Return,Unknown,0.0
502305,2025-06-30,6,On Time,No Return,Unknown,0.0
502306,2024-07-10,1,On Time,No Return,Unknown,0.0
502307,2025-12-22,6,On Time,No Return,Unknown,0.0
502308,2024-10-08,4,On Time,No Return,Unknown,0.0
502309,2025-06-29,7,Late,No Return,Unknown,0.0
502310,2024-04-01,7,Late,No Return,Unknown,0.0
502311,2024-12-05,5,On Time,No Return,Unknown,0.0
502312,2025-03-22,6,On Time,No Return,Unknown,0.0
502313,2025-12-30,8,Late,No Return,Unknown,0.0
502314,2025-10-16,5,On Time,No Return,Unknown,0.0
502315,2024-06-25,5,On Time,Returned,Wrong Item,1003.39
502316,2024-12-11,7,Late,Returned,Changed Mind,1867.03
502317,2025-11-04,6,On Time,No Return,Unknown,0.0
502318,2024-08-20,4,Late,Returned,Quality Issue,1615.48
502319,2024-07-02,5,On Time,No Return,Unknown,0.0
502320,2024-09-10,7,Late,No Return,Unknown,0.0
502321,2025-11-09,5,On Time,No Return,Unknown,0.0
502322,2025-11-08,3,Late,No Return,Unknown,0.0
502323,2026-01-05,6,On Time,No Return,Unknown,0.0
502324,2024-11-18,6,On Time,Returned,Damaged,108.33
502325,2024-10-17,5,On Time,No Return,Unknown,0.0
502326,2024-03-21,5,On Time,No Return,Unknown,0.0
502327,2025-03-31,4,On Time,No Return,Unknown,0.0
502328,2024-07-29,7,Late,No Return,Unknown,0.0
502329,2026-01-03,6,On Time,No Return,Unknown,0.0
502330,2025-03-04,5,Late,No Return,Unknown,0.0
502331,2024-07-14,3,On Time,No Return,Unknown,0.0
502332,2024-10-23,4,Late,No Return,Unknown,0.0
502333,2025-12-12,8,Late,No Return,Unknown,0.0
502334,2025-02-22,6,On Time,No Return,Unknown,0.0
502335,2025-03-18,4,On Time,Returned,Damaged,1798.2
502336,2024-11-03,7,Late,Returned,Late Delivery,1128.93
502337,2024-09-22,6,On Time,No Return,Unknown,0.0
502338,2024-07-15,5,On Time,Returned,Changed Mind,1830.17
502339,2024-10-01,4,Late,No Return,Unknown,0.0
502340,2025-09-11,4,Late,No Return,Unknown,0.0
502341,2025-03-13,6,On Time,No Return,Unknown,0.0
502342,2025-12-20,4,On Time,No Return,Unknown,0.0
502343,2025-11-30,4,Late,No Return,Unknown,0.0
502344,2024-08-08,4,On Time,No Return,Unknown,0.0
502345,2024-04-06,6,Not Delivered,No Return,Unknown,0.0
502346,2024-07-20,4,Late,No Return,Unknown,0.0
502347,2025-02-05,3,On Time,Returned,Quality Issue,13261.22
502348,2024-02-10,2,Late,No Return,Unknown,0.0
502349,2025-12-12,3,On Time,No Return,Unknown,0.0
502350,2025-04-22,7,Late,No Return,Unknown,0.0
502351,2024-03-24,5,On Time,Returned,Changed Mind,1961.89
502352,2026-01-04,6,On Time,No Return,Unknown,0.0
502353,2024-04-07,4,Late,No Return,Unknown,0.0
502354,2025-11-18,4,On Time,No Return,Unknown,0.0
502355,2024-02-18,6,On Time,No Return,Unknown,0.0
502356,2024-05-16,5,On Time,Returned,Changed Mind,1177.99
502357,2024-03-21,4,On Time,No Return,Unknown,0.0
502358,2024-08-27,8,Late,No Return,Unknown,0.0
502359,2024-02-14,6,On Time,Returned,Quality Issue,10594.46
502360,2025-07-22,3,On Time,No Return,Unknown,0.0
502361,2024-06-05,6,On Time,Returned,Quality Issue,8122.95
502362,2025-12-06,6,On Time,No Return,Unknown,0.0
502363,2025-02-28,6,On Time,No Return,Unknown,0.0
502364,2024-07-09,5,On Time,No Return,Unknown,0.0
502365,2024-11-16,3,On Time,No Return,Unknown,0.0
502366,2025-04-15,7,Late,No Return,Unknown,0.0
502367,2025-03-11,4,On Time,No Return,Unknown,0.0
502368,2024-05-17,3,On Time,No Return,Unknown,0.0
502369,2025-05-24,7,Late,No Return,Unknown,0.0
502370,2025-11-24,9,Not Delivered,No Return,Unknown,0.0
502371,2024-10-01,6,On Time,No Return,Unknown,0.0
502372,2025-03-17,5,On Time,No Return,Unknown,0.0
502373,2025-09-26,8,Late,No Return,Unknown,0.0
502374,2025-05-16,4,Late,No Return,Unknown,0.0
502375,2025-07-12,8,Late,No Return,Unknown,0.0
502376,2024-12-12,7,Late,No Return,Unknown,0.0
502377,2024-09-04,6,On Time,No Return,Unknown,0.0
502378,2024-08-14,6,On Time,No Return,Unknown,0.0
502379,2025-10-22,3,On Time,No Return,Unknown,0.0
502380,2025-11-12,6,Not Delivered,No Return,Unknown,0.0
502381,2024-12-31,5,Not Delivered,No Return,Unknown,0.0
502382,2024-07-14,6,On Time,No Return,Unknown,0.0
502383,2025-02-21,5,Late,No Return,Unknown,0.0
502384,2024-12-01,7,Late,No Return,Unknown,0.0
502385,2024-08-14,5,Late,No Return,Unknown,0.0
502386,2025-11-21,5,On Time,No Return,Unknown,0.0
502387,2024-04-06,5,On Time,No Return,Unknown,0.0
502388,2025-03-21,6,On Time,No Return,Unknown,0.0
502389,2024-04-20,5,Late,No Return,Unknown,0.0
502390,2024-09-05,4,Late,No Return,Unknown,0.0
502391,2024-11-03,3,On Time,No Return,Unknown,0.0
502392,2025-07-10,2,Late,Returned,Wrong Item,7966.83
502393,2025-08-24,4,On Time,No Return,Unknown,0.0
502394,2024-04-11,5,On Time,No Return,Unknown,0.0
502395,2025-04-24,3,On Time,No Return,Unknown,0.0
502396,2024-09-28,6,On Time,No Return,Unknown,0.0
502397,2025-07-29,1,On Time,No Return,Unknown,0.0
502398,2024-04-14,2,On Time,No Return,Unknown,0.0
502399,2024-09-17,7,Late,No Return,Unknown,0.0
502400,2025-04-02,3,On Time,No Return,Unknown,0.0
502401,2025-06-02,6,Late,No Return,Unknown,0.0
502402,2025-10-31,4,Not Delivered,No Return,Unknown,0.0
502403,2025-05-11,4,On Time,No Return,Unknown,0.0
502404,2024-09-21,4,Not Delivered,No Return,Unknown,0.0
502405,2024-02-08,4,On Time,No Return,Unknown,0.0
502406,2025-01-22,7,Late,No Return,Unknown,0.0
502407,2025-02-03,3,On Time,No Return,Unknown,0.0
502408,2024-02-04,8,Late,No Return,Unknown,0.0
502409,2024-11-05,4,On Time,No Return,Unknown,0.0
502410,2025-12-08,9,Late,No Return,Unknown,0.0
502411,2025-11-04,3,On Time,No Return,Unknown,0.0
502412,2025-08-08,5,On Time,No Return,Unknown,0.0
502413,2024-06-15,2,On Time,No Return,Unknown,0.0
502414,2024-09-18,4,Late,No Return,Unknown,0.0
502415,2024-04-18,7,Late,No Return,Unknown,0.0
502416,2025-04-06,7,Late,No Return,Unknown,0.0
502417,2024-07-16,5,Late,No Return,Unknown,0.0
502418,2024-10-28,3,Not Delivered,No Return,Unknown,0.0
502419,2024-01-24,3,On Time,No Return,Unknown,0.0
502420,2024-02-19,5,Not Delivered,No Return,Unknown,0.0
502421,2025-04-29,5,On Time,No Return,Unknown,0.0
502422,2025-05-15,5,On Time,Returned,Late Delivery,1095.35
502423,2025-11-16,3,On Time,No Return,Unknown,0.0
502424,2025-11-25,5,On Time,No Return,Unknown,0.0
502425,2024-08-13,3,On Time,No Return,Unknown,0.0
502426,2024-10-30,5,On Time,No Return,Unknown,0.0
502427,2025-04-29,4,Late,No Return,Unknown,0.0
502428,2024-01-31,7,Late,No Return,Unknown,0.0
502429,2024-12-09,6,Late,No Return,Unknown,0.0
502430,2024-04-02,9,Late,Returned,Damaged,107.66
502431,2024-03-04,4,On Time,No Return,Unknown,0.0
502432,2024-10-19,5,On Time,No Return,Unknown,0.0
502433,2025-09-27,2,On Time,No Return,Unknown,0.0
502434,2025-06-08,8,Late,No Return,Unknown,0.0
502435,2024-06-08,6,On Time,No Return,Unknown,0.0
502436,2024-10-13,6,On Time,No Return,Unknown,0.0
502437,2025-03-15,6,On Time,No Return,Unknown,0.0
502438,2024-12-11,4,Late,No Return,Unknown,0.0
502439,2024-03-30,4,Late,No Return,Unknown,0.0
502440,2025-08-13,4,Late,Returned,Damaged,402.19
502441,2024-07-14,5,On Time,No Return,Unknown,0.0
502442,2024-09-13,5,Not Delivered,No Return,Unknown,0.0
502443,2024-03-14,6,On Time,No Return,Unknown,0.0
502444,2024-06-03,9,Not Delivered,No Return,Unknown,0.0
502445,2025-09-30,5,Late,No Return,Unknown,0.0
502446,2025-07-14,7,Late,Returned,Quality Issue,1492.79
502447,2025-10-25,2,On Time,Returned,Damaged,1062.41
502448,2025-07-31,4,On Time,No Return,Unknown,0.0
502449,2024-09-16,5,On Time,No Return,Unknown,0.0
502450,2024-05-16,6,On Time,Returned,Damaged,2166.51
502451,2025-01-16,5,Not Delivered,No Return,Unknown,0.0
502452,2025-06-19,4,Late,No Return,Unknown,0.0
502453,2024-07-21,4,Late,No Return,Unknown,0.0
502454,2024-08-13,5,On Time,No Return,Unknown,0.0
502455,2025-02-17,4,On Time,No Return,Unknown,0.0
502456,2025-10-09,5,On Time,No Return,Unknown,0.0
502457,2024-06-21,2,On Time,No Return,Unknown,0.0
502458,2024-05-27,3,On Time,No Return,Unknown,0.0
502459,2025-05-05,3,On Time,No Return,Unknown,0.0
502460,2024-12-25,6,On Time,No Return,Unknown,0.0
502461,2024-07-05,6,On Time,No Return,Unknown,0.0
502462,2024-06-13,4,On Time,No Return,Unknown,0.0
502463,2025-04-11,3,On Time,Returned,Quality Issue,1394.36
502464,2024-03-04,4,Late,No Return,Unknown,0.0
502465,2024-08-06,4,Late,No Return,Unknown,0.0
502466,2025-08-09,7,Late,No Return,Unknown,0.0
502467,2024-07-11,1,On Time,No Return,Unknown,0.0
502468,2025-05-07,5,Late,No Return,Unknown,0.0
502469,2024-08-15,3,On Time,No Return,Unknown,0.0
502470,2025-02-02,7,Late,No Return,Unknown,0.0
502471,2025-12-10,1,On Time,No Return,Unknown,0.0
502472,2024-06-17,8,Late,No Return,Unknown,0.0
502473,2025-04-04,5,On Time,No Return,Unknown,0.0
502474,2024-04-24,4,On Time,No Return,Unknown,0.0
502475,2024-03-05,6,On Time,No Return,Unknown,0.0
502476,2025-07-02,4,On Time,No Return,Unknown,0.0
502477,2025-07-11,5,On Time,No Return,Unknown,0.0
502478,2025-11-07,4,Late,No Return,Unknown,0.0
502479,2024-02-04,6,On Time,Returned,Changed Mind,259.37
502480,2024-07-09,6,On Time,No Return,Unknown,0.0
502481,2024-08-14,3,On Time,No Return,Unknown,0.0
502482,2024-12-29,7,Late,No Return,Unknown,0.0
502483,2025-05-12,6,On Time,No Return,Unknown,0.0
502484,2025-08-22,2,Late,No Return,Unknown,0.0
502485,2025-08-04,4,Late,No Return,Unknown,0.0
502486,2024-04-27,4,On Time,No Return,Unknown,0.0
502487,2025-01-18,6,On Time,No Return,Unknown,0.0
502488,2024-10-15,4,On Time,No Return,Unknown,0.0
502489,2024-04-11,5,On Time,No Return,Unknown,0.0
502490,2024-05-11,8,Late,No Return,Unknown,0.0
502491,2024-06-06,2,On Time,No Return,Unknown,0.0
502492,2024-04-25,6,On Time,No Return,Unknown,0.0
502493,2024-02-27,5,On Time,No Return,Unknown,0.0
502494,2024-06-27,5,Late,No Return,Unknown,0.0
502495,2025-11-17,8,Late,No Return,Unknown,0.0
502496,2025-08-17,7,Late,No Return,Unknown,0.0
502497,2024-11-13,4,On Time,No Return,Unknown,0.0
502498,2025-12-30,4,Late,No Return,Unknown,0.0
502499,2025-12-02,8,Late,No Return,Unknown,0.0
502500,2025-01-27,3,On Time,No Return,Unknown,0.0
502501,2024-02-20,6,On Time,No Return,Unknown,0.0
502502,2025-10-30,6,On Time,No Return,Unknown,0.0
502503,2024-05-01,5,On Time,No Return,Unknown,0.0
502504,2024-05-08,7,Late,No Return,Unknown,0.0
502505,2025-04-30,4,On Time,No Return,Unknown,0.0
502506,2024-06-22,4,Not Delivered,No Return,Unknown,0.0
502507,2025-11-13,5,Late,No Return,Unknown,0.0
502508,2025-02-07,4,Late,Returned,Damaged,1960.35
502509,2025-10-28,6,On Time,No Return,Unknown,0.0
502510,2025-05-19,5,Late,No Return,Unknown,0.0
502511,2024-03-19,5,On Time,No Return,Unknown,0.0
502512,2024-05-31,3,On Time,No Return,Unknown,0.0
502513,2025-06-24,4,Late,Returned,Late Delivery,4741.51
502514,2024-03-08,7,Late,Returned,Damaged,587.39
502515,2024-02-29,6,On Time,No Return,Unknown,0.0
502516,2024-08-14,4,On Time,Returned,Damaged,1131.72
502517,2026-01-05,5,On Time,No Return,Unknown,0.0
502518,2025-04-18,1,On Time,No Return,Unknown,0.0
502519,2024-11-14,3,On Time,No Return,Unknown,0.0
502520,2024-06-22,4,On Time,No Return,Unknown,0.0
502521,2025-12-05,4,On Time,No Return,Unknown,0.0
502522,2024-02-05,4,On Time,No Return,Unknown,0.0
502523,2024-02-23,1,On Time,No Return,Unknown,0.0
502524,2024-05-24,6,On Time,No Return,Unknown,0.0
502525,2025-01-14,6,On Time,No Return,Unknown,0.0
502526,2024-02-22,6,On Time,No Return,Unknown,0.0
502527,2024-04-04,5,On Time,No Return,Unknown,0.0
502528,2024-02-11,6,Late,No Return,Unknown,0.0
502529,2024-08-16,4,Late,No Return,Unknown,0.0
502530,2025-07-11,4,Late,No Return,Unknown,0.0
502531,2024-10-01,6,On Time,No Return,Unknown,0.0
502532,2024-07-08,4,On Time,Returned,Damaged,6100.27
502533,2025-01-11,6,On Time,No Return,Unknown,0.0
502534,2024-08-27,5,On Time,No Return,Unknown,0.0
502535,2024-05-06,5,On Time,No Return,Unknown,0.0
502536,2025-03-01,2,On Time,No Return,Unknown,0.0
502537,2025-01-25,2,On Time,No Return,Unknown,0.0
502538,2024-05-02,6,On Time,Returned,Damaged,4304.73
502539,2025-04-16,6,On Time,No Return,Unknown,0.0
502540,2025-03-10,6,On Time,No Return,Unknown,0.0
502541,2025-03-20,3,On Time,No Return,Unknown,0.0
502542,2024-02-14,6,On Time,No Return,Unknown,0.0
502543,2024-06-14,4,On Time,Returned,Changed Mind,8764.49
502544,2025-09-15,3,On Time,No Return,Unknown,0.0
502545,2025-06-15,6,On Time,No Return,Unknown,0.0
502546,2024-06-18,4,Late,No Return,Unknown,0.0
502547,2025-03-24,4,Late,Returned,Quality Issue,1339.15
502548,2025-03-22,4,Late,No Return,Unknown,0.0
502549,2024-11-30,4,On Time,No Return,Unknown,0.0
502550,2024-12-05,5,On Time,No Return,Unknown,0.0
502551,2024-04-29,8,Late,No Return,Unknown,0.0
502552,2025-12-17,3,On Time,No Return,Unknown,0.0
502553,2024-05-22,4,On Time,No Return,Unknown,0.0
502554,2024-06-19,5,On Time,No Return,Unknown,0.0
502555,2025-02-22,5,On Time,No Return,Unknown,0.0
502556,2024-06-20,3,On Time,No Return,Unknown,0.0
502557,2024-05-06,3,On Time,No Return,Unknown,0.0
502558,2025-07-07,4,Late,No Return,Unknown,0.0
502559,2024-04-11,4,On Time,No Return,Unknown,0.0
502560,2024-03-07,7,Late,No Return,Unknown,0.0
502561,2024-01-23,4,On Time,No Return,Unknown,0.0
502562,2024-05-10,7,Late,No Return,Unknown,0.0
502563,2024-08-21,8,Late,No Return,Unknown,0.0
502564,2025-09-07,4,On Time,No Return,Unknown,0.0
502565,2024-11-24,5,On Time,Returned,Damaged,227.0
502566,2024-01-23,6,On Time,No Return,Unknown,0.0
502567,2024-03-25,5,On Time,No Return,Unknown,0.0
502568,2025-08-23,4,Late,No Return,Unknown,0.0
502569,2025-04-07,7,Late,No Return,Unknown,0.0
502570,2025-06-29,5,On Time,No Return,Unknown,0.0
502571,2025-10-11,4,On Time,Returned,Damaged,2955.96
502572,2025-12-11,5,Not Delivered,No Return,Unknown,0.0
502573,2025-09-27,5,On Time,No Return,Unknown,0.0
502574,2025-01-18,6,On Time,No Return,Unknown,0.0
502575,2024-07-10,1,On Time,Returned,Quality Issue,385.6
502576,2025-10-31,5,Late,No Return,Unknown,0.0
502577,2025-05-11,6,Not Delivered,No Return,Unknown,0.0
502578,2025-02-13,5,On Time,No Return,Unknown,0.0
502579,2024-10-05,7,Late,No Return,Unknown,0.0
502580,2025-10-12,7,Late,No Return,Unknown,0.0
502581,2025-03-08,3,On Time,No Return,Unknown,0.0
502582,2025-06-05,2,Late,No Return,Unknown,0.0
502583,2025-10-11,4,Late,No Return,Unknown,0.0
502584,2025-01-22,4,On Time,No Return,Unknown,0.0
502585,2024-07-12,2,On Time,No Return,Unknown,0.0
502586,2025-08-26,1,On Time,No Return,Unknown,0.0
502587,2025-03-18,8,Late,No Return,Unknown,0.0
502588,2024-03-09,6,On Time,No Return,Unknown,0.0
502589,2024-08-08,5,On Time,No Return,Unknown,0.0
502590,2024-05-18,5,On Time,No Return,Unknown,0.0
502591,2025-09-15,5,On Time,No Return,Unknown,0.0
502592,2024-06-14,5,Late,No Return,Unknown,0.0
502593,2024-09-16,2,On Time,No Return,Unknown,0.0
502594,2025-03-07,7,Late,No Return,Unknown,0.0
502595,2025-06-17,6,On Time,No Return,Unknown,0.0
502596,2024-12-26,3,On Time,No Return,Unknown,0.0
502597,2025-01-15,6,On Time,No Return,Unknown,0.0
502598,2025-07-30,6,On Time,Returned,Quality Issue,9271.92
502599,2024-01-15,6,On Time,No Return,Unknown,0.0
502600,2024-07-20,5,On Time,No Return,Unknown,0.0
502601,2024-05-03,7,Late,Returned,Quality Issue,1183.38
502602,2024-01-16,6,On Time,No Return,Unknown,0.0
502603,2025-06-10,8,Late,No Return,Unknown,0.0
502604,2024-12-18,4,Late,No Return,Unknown,0.0
502605,2025-12-08,2,Late,No Return,Unknown,0.0
502606,2025-02-11,4,Late,No Return,Unknown,0.0
502607,2025-10-01,5,On Time,No Return,Unknown,0.0
502608,2025-07-31,3,On Time,No Return,Unknown,0.0
502609,2024-01-11,7,Late,No Return,Unknown,0.0
502610,2024-11-27,4,Late,Returned,Wrong Item,10778.44
502611,2025-05-31,5,On Time,No Return,Unknown,0.0
502612,2024-05-14,5,Not Delivered,No Return,Unknown,0.0
502613,2025-08-12,3,On Time,Returned,Quality Issue,1501.66
502614,2025-05-04,6,On Time,No Return,Unknown,0.0
502615,2024-12-26,3,On Time,No Return,Unknown,0.0
502616,2025-01-26,7,Late,No Return,Unknown,0.0
502617,2024-09-13,3,On Time,No Return,Unknown,0.0
502618,2024-06-19,4,On Time,No Return,Unknown,0.0
502619,2025-12-19,6,On Time,Returned,Late Delivery,3019.77
502620,2025-11-17,7,Late,No Return,Unknown,0.0
502621,2025-04-20,7,Late,No Return,Unknown,0.0
502622,2025-05-13,6,On Time,No Return,Unknown,0.0
502623,2024-12-10,7,Late,No Return,Unknown,0.0
502624,2024-02-26,6,On Time,Returned,Wrong Item,1029.58
502625,2024-03-03,7,Late,No Return,Unknown,0.0
502626,2024-03-16,3,On Time,No Return,Unknown,0.0
502627,2025-08-26,4,Late,No Return,Unknown,0.0
502628,2024-02-24,3,On Time,No Return,Unknown,0.0
502629,2024-05-09,5,On Time,No Return,Unknown,0.0
502630,2024-09-23,5,Not Delivered,No Return,Unknown,0.0
502631,2025-08-04,7,Late,Returned,Wrong Item,266.07
502632,2025-07-09,8,Late,No Return,Unknown,0.0
502633,2025-06-08,4,Late,No Return,Unknown,0.0
502634,2024-12-01,6,On Time,No Return,Unknown,0.0
502635,2024-11-21,3,On Time,Returned,Wrong Item,492.49
502636,2024-09-02,5,Late,No Return,Unknown,0.0
502637,2024-10-16,5,On Time,Returned,Quality Issue,1253.96
502638,2025-08-27,3,Late,Returned,Damaged,1282.82
502639,2024-09-25,5,On Time,No Return,Unknown,0.0
502640,2024-10-31,6,On Time,No Return,Unknown,0.0
502641,2024-07-30,7,Late,Returned,Changed Mind,3982.62
502642,2024-10-19,2,Late,No Return,Unknown,0.0
502643,2024-08-06,8,Late,No Return,Unknown,0.0
502644,2025-01-06,6,On Time,No Return,Unknown,0.0
502645,2025-04-14,6,On Time,No Return,Unknown,0.0
502646,2025-12-25,6,On Time,No Return,Unknown,0.0
502647,2024-11-19,2,Late,No Return,Unknown,0.0
502648,2024-12-29,6,On Time,No Return,Unknown,0.0
502649,2024-04-08,5,On Time,No Return,Unknown,0.0
502650,2025-12-20,9,Late,No Return,Unknown,0.0
502651,2024-06-23,6,On Time,No Return,Unknown,0.0
502652,2024-10-29,6,On Time,No Return,Unknown,0.0
502653,2025-06-06,7,Late,No Return,Unknown,0.0
502654,2024-04-13,6,On Time,No Return,Unknown,0.0
502655,2025-12-11,6,On Time,No Return,Unknown,0.0
502656,2024-12-21,6,On Time,Returned,Wrong Item,6088.75
502657,2025-08-03,2,Late,No Return,Unknown,0.0
502658,2025-10-15,4,Late,No Return,Unknown,0.0
502659,2025-02-09,5,On Time,Returned,Wrong Item,912.94
502660,2025-03-28,2,Late,No Return,Unknown,0.0
502661,2025-04-22,3,On Time,No Return,Unknown,0.0
502662,2025-02-27,5,On Time,No Return,Unknown,0.0
502663,2024-01-09,5,Late,No Return,Unknown,0.0
502664,2024-11-23,4,On Time,No Return,Unknown,0.0
502665,2025-01-08,5,Not Delivered,No Return,Unknown,0.0
502666,2025-09-09,4,On Time,No Return,Unknown,0.0
502667,2025-02-02,4,Late,Returned,Damaged,4859.84
502668,2025-07-11,2,Late,No Return,Unknown,0.0
502669,2024-05-04,6,On Time,No Return,Unknown,0.0
502670,2025-12-04,4,On Time,No Return,Unknown,0.0
502671,2024-07-13,5,Late,No Return,Unknown,0.0
502672,2025-09-21,8,Late,No Return,Unknown,0.0
502673,2025-02-27,8,Late,Returned,Wrong Item,387.47
502674,2024-04-23,8,Late,No Return,Unknown,0.0
502675,2024-06-20,7,Late,No Return,Unknown,0.0
502676,2025-10-01,2,Late,No Return,Unknown,0.0
502677,2024-12-16,5,On Time,No Return,Unknown,0.0
502678,2024-04-12,5,Late,No Return,Unknown,0.0
502679,2025-05-04,4,On Time,No Return,Unknown,0.0
502680,2024-12-01,5,On Time,No Return,Unknown,0.0
502681,2025-01-09,5,Late,No Return,Unknown,0.0
502682,2025-03-23,6,On Time,No Return,Unknown,0.0
502683,2024-05-02,3,Late,No Return,Unknown,0.0
502684,2024-10-29,4,Late,No Return,Unknown,0.0
502685,2024-05-29,7,Late,No Return,Unknown,0.0
502686,2025-12-13,6,On Time,No Return,Unknown,0.0
502687,2025-10-11,8,Late,No Return,Unknown,0.0
502688,2025-09-10,3,On Time,No Return,Unknown,0.0
502689,2024-04-10,8,Late,No Return,Unknown,0.0
502690,2024-10-30,7,Late,No Return,Unknown,0.0
502691,2025-03-26,4,Late,No Return,Unknown,0.0
502692,2025-04-26,2,Late,No Return,Unknown,0.0
502693,2025-12-17,5,On Time,No Return,Unknown,0.0
502694,2024-09-17,3,On Time,Returned,Quality Issue,9257.21
502695,2025-06-08,3,On Time,No Return,Unknown,0.0
502696,2025-11-16,3,On Time,No Return,Unknown,0.0
502697,2025-01-12,3,On Time,No Return,Unknown,0.0
502698,2025-03-04,2,Late,No Return,Unknown,0.0
502699,2024-04-15,5,On Time,Returned,Quality Issue,1183.96
502700,2025-09-18,5,On Time,No Return,Unknown,0.0
502701,2024-09-04,4,Late,No Return,Unknown,0.0
502702,2024-01-27,4,On Time,Returned,Quality Issue,2509.73
502703,2024-12-24,5,Not Delivered,No Return,Unknown,0.0
502704,2025-04-16,6,On Time,No Return,Unknown,0.0
502705,2024-08-18,6,On Time,No Return,Unknown,0.0
502706,2025-03-22,3,On Time,No Return,Unknown,0.0
502707,2024-09-30,5,On Time,No Return,Unknown,0.0
502708,2025-06-24,8,Late,No Return,Unknown,0.0
502709,2024-11-12,3,On Time,No Return,Unknown,0.0
502710,2024-05-03,4,On Time,No Return,Unknown,0.0
502711,2025-04-29,4,Late,Returned,Quality Issue,3576.31
502712,2024-05-06,7,Late,No Return,Unknown,0.0
502713,2025-12-16,6,On Time,No Return,Unknown,0.0
502714,2024-05-21,6,On Time,No Return,Unknown,0.0
502715,2024-03-24,7,Late,No Return,Unknown,0.0
502716,2024-12-25,6,On Time,No Return,Unknown,0.0
502717,2024-03-04,6,On Time,No Return,Unknown,0.0
502718,2024-04-02,7,Late,No Return,Unknown,0.0
502719,2024-01-04,3,On Time,No Return,Unknown,0.0
502720,2024-03-23,6,On Time,No Return,Unknown,0.0
502721,2025-06-11,6,On Time,No Return,Unknown,0.0
502722,2025-03-21,2,On Time,No Return,Unknown,0.0
502723,2025-08-07,4,Late,No Return,Unknown,0.0
502724,2024-05-30,3,On Time,No Return,Unknown,0.0
502725,2025-07-31,4,On Time,No Return,Unknown,0.0
502726,2025-06-14,6,Late,No Return,Unknown,0.0
502727,2024-07-11,7,Late,No Return,Unknown,0.0
502728,2025-11-12,5,On Time,No Return,Unknown,0.0
502729,2025-06-11,6,Not Delivered,No Return,Unknown,0.0
502730,2024-06-15,5,On Time,No Return,Unknown,0.0
502731,2024-10-21,5,On Time,No Return,Unknown,0.0
502732,2025-02-28,4,Late,No Return,Unknown,0.0
502733,2024-07-20,6,On Time,No Return,Unknown,0.0
502734,2024-02-09,6,On Time,No Return,Unknown,0.0
502735,2025-11-05,3,On Time,No Return,Unknown,0.0
502736,2025-08-26,7,Late,No Return,Unknown,0.0
502737,2025-07-27,4,Late,No Return,Unknown,0.0
502738,2025-02-18,7,Late,No Return,Unknown,0.0
502739,2024-10-27,4,On Time,Returned,Late Delivery,2870.18
502740,2025-06-25,5,On Time,No Return,Unknown,0.0
502741,2024-02-06,1,On Time,No Return,Unknown,0.0
502742,2024-09-27,7,Late,No Return,Unknown,0.0
502743,2025-01-23,7,Late,No Return,Unknown,0.0
502744,2024-05-01,8,Late,No Return,Unknown,0.0
502745,2025-09-12,4,On Time,Returned,Changed Mind,524.16
502746,2025-09-01,5,On Time,No Return,Unknown,0.0
502747,2025-08-28,5,Not Delivered,No Return,Unknown,0.0
502748,2025-03-26,8,Late,No Return,Unknown,0.0
502749,2024-06-15,4,On Time,No Return,Unknown,0.0
502750,2024-02-14,7,Late,No Return,Unknown,0.0
502751,2024-04-09,8,Late,No Return,Unknown,0.0
502752,2025-09-26,4,Late,No Return,Unknown,0.0
502753,2025-12-30,7,Late,No Return,Unknown,0.0
502754,2025-11-09,7,Late,No Return,Unknown,0.0
502755,2024-04-14,4,On Time,No Return,Unknown,0.0
502756,2025-05-26,5,On Time,No Return,Unknown,0.0
502757,2024-07-01,4,Late,Returned,Late Delivery,385.99
502758,2024-10-16,6,On Time,No Return,Unknown,0.0
502759,2024-12-27,7,Late,No Return,Unknown,0.0
502760,2024-10-27,4,On Time,No Return,Unknown,0.0
502761,2025-06-22,4,On Time,No Return,Unknown,0.0
502762,2025-05-04,2,Late,No Return,Unknown,0.0
502763,2024-10-12,7,Late,No Return,Unknown,0.0
502764,2025-07-02,5,On Time,No Return,Unknown,0.0
502765,2025-10-18,7,Late,No Return,Unknown,0.0
502766,2025-08-21,6,On Time,No Return,Unknown,0.0
502767,2024-12-21,1,On Time,No Return,Unknown,0.0
502768,2024-11-17,3,On Time,No Return,Unknown,0.0
502769,2024-07-18,5,On Time,No Return,Unknown,0.0
502770,2024-04-06,4,On Time,No Return,Unknown,0.0
502771,2025-03-11,3,Late,No Return,Unknown,0.0
502772,2025-07-14,3,On Time,Returned,Late Delivery,550.48
502773,2024-01-29,2,Late,No Return,Unknown,0.0
502774,2025-02-21,3,On Time,No Return,Unknown,0.0
502775,2024-06-14,4,Late,No Return,Unknown,0.0
502776,2024-04-14,4,Late,No Return,Unknown,0.0
502777,2025-12-06,7,Late,No Return,Unknown,0.0
502778,2025-04-22,5,On Time,No Return,Unknown,0.0
502779,2025-12-09,3,Late,No Return,Unknown,0.0
502780,2024-06-11,5,Not Delivered,No Return,Unknown,0.0
502781,2025-05-13,7,Late,No Return,Unknown,0.0
502782,2024-01-12,3,On Time,No Return,Unknown,0.0
502783,2024-08-05,6,On Time,No Return,Unknown,0.0
502784,2025-03-19,5,On Time,No Return,Unknown,0.0
502785,2025-11-12,3,On Time,No Return,Unknown,0.0
502786,2024-04-26,6,On Time,No Return,Unknown,0.0
502787,2024-07-24,3,On Time,No Return,Unknown,0.0
502788,2024-03-10,5,On Time,No Return,Unknown,0.0
502789,2025-12-19,4,Late,No Return,Unknown,0.0
502790,2024-06-16,7,Late,No Return,Unknown,0.0
502791,2025-02-21,4,Late,No Return,Unknown,0.0
502792,2025-10-14,8,Late,No Return,Unknown,0.0
502793,2025-11-21,1,On Time,No Return,Unknown,0.0
502794,2025-12-11,6,On Time,No Return,Unknown,0.0
502795,2024-09-24,2,Late,No Return,Unknown,0.0
502796,2025-07-29,4,Late,No Return,Unknown,0.0
502797,2024-07-29,6,On Time,No Return,Unknown,0.0
502798,2025-11-01,4,On Time,No Return,Unknown,0.0
502799,2025-08-13,7,Late,No Return,Unknown,0.0
502800,2024-06-10,6,On Time,No Return,Unknown,0.0
502801,2024-06-28,7,Late,No Return,Unknown,0.0
502802,2024-11-08,5,Late,No Return,Unknown,0.0
502803,2025-03-31,6,On Time,No Return,Unknown,0.0
502804,2024-03-07,5,Late,No Return,Unknown,0.0
502805,2025-01-13,6,On Time,No Return,Unknown,0.0
502806,2025-04-06,2,Late,No Return,Unknown,0.0
502807,2025-04-23,4,On Time,No Return,Unknown,0.0
502808,2025-01-21,6,On Time,Returned,Changed Mind,2098.42
502809,2025-12-23,6,On Time,Returned,Wrong Item,644.74
502810,2025-07-28,3,On Time,Returned,Changed Mind,2115.79
502811,2024-04-02,7,Late,Returned,Late Delivery,2582.79
502812,2024-05-27,5,On Time,No Return,Unknown,0.0
502813,2024-01-14,7,Late,No Return,Unknown,0.0
502814,2024-10-25,4,On Time,No Return,Unknown,0.0
502815,2025-11-25,4,Late,No Return,Unknown,0.0
502816,2025-06-05,3,On Time,No Return,Unknown,0.0
502817,2025-10-19,6,On Time,No Return,Unknown,0.0
502818,2025-06-12,3,On Time,No Return,Unknown,0.0
502819,2024-02-05,2,Late,No Return,Unknown,0.0
502820,2024-11-27,3,On Time,No Return,Unknown,0.0
502821,2025-09-05,5,Late,No Return,Unknown,0.0
502822,2025-10-03,4,Late,No Return,Unknown,0.0
502823,2024-02-05,2,On Time,No Return,Unknown,0.0
502824,2025-02-14,5,On Time,No Return,Unknown,0.0
502825,2024-01-23,5,On Time,No Return,Unknown,0.0
502826,2025-03-11,6,On Time,No Return,Unknown,0.0
502827,2025-03-05,2,On Time,No Return,Unknown,0.0
502828,2024-10-25,6,On Time,No Return,Unknown,0.0
502829,2025-08-09,7,Late,No Return,Unknown,0.0
502830,2024-03-23,3,On Time,No Return,Unknown,0.0
502831,2024-03-29,3,On Time,No Return,Unknown,0.0
502832,2025-08-02,8,Late,No Return,Unknown,0.0
502833,2024-02-25,8,Late,No Return,Unknown,0.0
502834,2025-11-27,6,Not Delivered,No Return,Unknown,0.0
502835,2024-03-29,5,On Time,No Return,Unknown,0.0
502836,2025-09-04,6,On Time,No Return,Unknown,0.0
502837,2024-11-09,6,On Time,No Return,Unknown,0.0
502838,2024-09-12,4,Late,No Return,Unknown,0.0
502839,2025-04-30,5,On Time,No Return,Unknown,0.0
502840,2024-07-04,6,Not Delivered,No Return,Unknown,0.0
502841,2025-08-24,6,On Time,No Return,Unknown,0.0
502842,2024-11-12,7,Late,No Return,Unknown,0.0
502843,2025-03-09,8,Late,No Return,Unknown,0.0
502844,2025-05-08,8,Late,No Return,Unknown,0.0
502845,2025-10-27,4,Late,No Return,Unknown,0.0
502846,2024-02-14,6,On Time,No Return,Unknown,0.0
502847,2024-10-10,5,On Time,No Return,Unknown,0.0
502848,2025-09-19,3,On Time,No Return,Unknown,0.0
502849,2025-01-12,2,On Time,No Return,Unknown,0.0
502850,2025-10-06,6,On Time,No Return,Unknown,0.0
502851,2024-02-17,7,Late,No Return,Unknown,0.0
502852,2025-11-03,3,On Time,No Return,Unknown,0.0
502853,2025-12-23,5,On Time,No Return,Unknown,0.0
502854,2024-02-21,5,On Time,No Return,Unknown,0.0
502855,2025-05-03,5,On Time,No Return,Unknown,0.0
502856,2024-07-08,5,On Time,No Return,Unknown,0.0
502857,2024-03-17,5,On Time,No Return,Unknown,0.0
502858,2025-07-25,3,Not Delivered,No Return,Unknown,0.0
502859,2025-07-31,4,Late,No Return,Unknown,0.0
502860,2024-12-10,3,On Time,No Return,Unknown,0.0
502861,2025-07-24,2,Late,Returned,Changed Mind,391.66
502862,2024-09-04,5,On Time,No Return,Unknown,0.0
502863,2024-11-29,6,On Time,No Return,Unknown,0.0
502864,2025-10-01,4,Late,No Return,Unknown,0.0
502865,2024-06-06,5,On Time,No Return,Unknown,0.0
502866,2024-09-17,6,On Time,No Return,Unknown,0.0
502867,2026-01-03,5,On Time,No Return,Unknown,0.0
502868,2025-03-04,5,On Time,No Return,Unknown,0.0
502869,2024-08-25,6,On Time,No Return,Unknown,0.0
502870,2025-06-17,5,On Time,No Return,Unknown,0.0
502871,2025-08-16,2,On Time,No Return,Unknown,0.0
502872,2025-05-14,4,Late,No Return,Unknown,0.0
502873,2024-07-01,7,Late,No Return,Unknown,0.0
502874,2025-07-08,4,On Time,No Return,Unknown,0.0
502875,2024-05-27,5,On Time,No Return,Unknown,0.0
502876,2024-01-24,7,Late,No Return,Unknown,0.0
502877,2024-09-12,7,Late,No Return,Unknown,0.0
502878,2024-02-09,5,On Time,No Return,Unknown,0.0
502879,2024-05-31,6,On Time,No Return,Unknown,0.0
502880,2025-12-30,3,On Time,No Return,Unknown,0.0
502881,2024-06-20,7,Late,No Return,Unknown,0.0
502882,2024-04-24,4,Late,No Return,Unknown,0.0
502883,2025-10-13,5,On Time,No Return,Unknown,0.0
502884,2024-03-18,4,Late,No Return,Unknown,0.0
502885,2025-11-06,8,Late,No Return,Unknown,0.0
502886,2026-01-01,5,On Time,No Return,Unknown,0.0
502887,2024-12-24,5,On Time,No Return,Unknown,0.0
502888,2024-10-05,5,On Time,No Return,Unknown,0.0
502889,2024-10-11,6,On Time,No Return,Unknown,0.0
502890,2025-10-23,2,Late,No Return,Unknown,0.0
502891,2024-02-05,5,On Time,No Return,Unknown,0.0
502892,2025-06-17,8,Late,No Return,Unknown,0.0
502893,2025-06-20,2,Late,No Return,Unknown,0.0
502894,2025-05-30,6,On Time,No Return,Unknown,0.0
502895,2025-06-03,6,On Time,No Return,Unknown,0.0
502896,2024-06-30,4,On Time,Returned,Changed Mind,5372.93
502897,2024-11-28,4,Late,No Return,Unknown,0.0
502898,2025-07-30,6,On Time,No Return,Unknown,0.0
502899,2025-11-22,4,On Time,No Return,Unknown,0.0
502900,2024-06-25,5,On Time,No Return,Unknown,0.0
502901,2025-02-02,3,On Time,No Return,Unknown,0.0
502902,2025-08-22,5,Late,No Return,Unknown,0.0
502903,2024-02-07,3,On Time,Returned,Changed Mind,482.77
502904,2024-10-30,7,Late,No Return,Unknown,0.0
502905,2025-04-19,6,On Time,No Return,Unknown,0.0
502906,2025-05-13,4,Late,No Return,Unknown,0.0
502907,2025-09-17,4,Late,No Return,Unknown,0.0
502908,2024-08-28,6,On Time,No Return,Unknown,0.0
502909,2024-02-15,7,Late,Returned,Damaged,471.09
502910,2024-08-13,7,Late,Returned,Quality Issue,1204.77
502911,2024-08-12,8,Late,No Return,Unknown,0.0
502912,2025-12-12,6,On Time,No Return,Unknown,0.0
502913,2025-11-11,6,On Time,No Return,Unknown,0.0
502914,2025-09-24,5,On Time,No Return,Unknown,0.0
502915,2025-11-08,5,Late,No Return,Unknown,0.0
502916,2025-08-26,3,On Time,No Return,Unknown,0.0
502917,2025-03-01,6,On Time,No Return,Unknown,0.0
502918,2025-10-15,1,On Time,No Return,Unknown,0.0
502919,2024-06-25,3,Not Delivered,No Return,Unknown,0.0
502920,2025-12-19,6,On Time,No Return,Unknown,0.0
502921,2024-04-29,7,Late,No Return,Unknown,0.0
502922,2024-06-29,7,Late,No Return,Unknown,0.0
502923,2024-03-16,2,Late,No Return,Unknown,0.0
502924,2025-10-03,5,On Time,No Return,Unknown,0.0
502925,2025-06-24,5,On Time,No Return,Unknown,0.0
502926,2024-02-07,6,On Time,No Return,Unknown,0.0
502927,2024-09-12,2,Late,No Return,Unknown,0.0
502928,2025-05-17,6,On Time,No Return,Unknown,0.0
502929,2024-04-27,5,On Time,No Return,Unknown,0.0
502930,2024-07-15,2,Late,No Return,Unknown,0.0
502931,2025-06-14,3,On Time,No Return,Unknown,0.0
502932,2025-03-23,7,Late,Returned,Quality Issue,654.78
502933,2025-05-06,3,On Time,No Return,Unknown,0.0
502934,2025-05-18,7,Late,No Return,Unknown,0.0
502935,2025-12-27,3,On Time,No Return,Unknown,0.0
502936,2025-09-14,3,On Time,No Return,Unknown,0.0
502937,2024-02-02,9,Late,No Return,Unknown,0.0
502938,2024-10-21,5,Late,No Return,Unknown,0.0
502939,2024-11-06,3,On Time,No Return,Unknown,0.0
502940,2024-11-03,4,Late,No Return,Unknown,0.0
502941,2025-09-29,7,Late,No Return,Unknown,0.0
502942,2025-11-29,6,On Time,No Return,Unknown,0.0
502943,2024-02-13,6,On Time,No Return,Unknown,0.0
502944,2025-01-25,5,On Time,No Return,Unknown,0.0
502945,2025-08-07,4,On Time,No Return,Unknown,0.0
502946,2024-03-28,6,On Time,No Return,Unknown,0.0
502947,2024-05-04,7,Late,No Return,Unknown,0.0
502948,2024-02-23,4,On Time,Returned,Changed Mind,1690.3
502949,2025-11-05,6,On Time,No Return,Unknown,0.0
502950,2024-03-20,6,On Time,No Return,Unknown,0.0
502951,2025-12-03,8,Late,No Return,Unknown,0.0
502952,2024-04-20,5,On Time,No Return,Unknown,0.0
502953,2025-12-06,5,Late,No Return,Unknown,0.0
502954,2025-08-25,4,Late,No Return,Unknown,0.0
502955,2024-11-27,6,On Time,No Return,Unknown,0.0
502956,2025-11-20,6,On Time,No Return,Unknown,0.0
502957,2024-12-27,6,On Time,No Return,Unknown,0.0
502958,2025-04-18,6,On Time,No Return,Unknown,0.0
502959,2025-10-18,1,On Time,No Return,Unknown,0.0
502960,2024-10-17,7,Late,No Return,Unknown,0.0
502961,2024-07-10,7,Late,No Return,Unknown,0.0
502962,2024-06-06,4,Late,No Return,Unknown,0.0
502963,2024-05-03,6,On Time,No Return,Unknown,0.0
502964,2024-09-27,4,Late,No Return,Unknown,0.0
502965,2025-01-23,4,On Time,No Return,Unknown,0.0
502966,2024-09-15,4,Late,No Return,Unknown,0.0
502967,2024-09-01,4,Late,No Return,Unknown,0.0
502968,2024-06-21,2,Late,No Return,Unknown,0.0
502969,2025-09-14,6,On Time,No Return,Unknown,0.0
502970,2025-07-06,5,On Time,No Return,Unknown,0.0
502971,2025-08-06,6,On Time,Returned,Late Delivery,1044.01
502972,2024-07-08,5,On Time,No Return,Unknown,0.0
502973,2025-12-06,4,Late,No Return,Unknown,0.0
502974,2025-11-01,4,Late,No Return,Unknown,0.0
502975,2025-02-18,5,On Time,No Return,Unknown,0.0
502976,2025-10-20,6,On Time,No Return,Unknown,0.0
502977,2025-08-16,6,On Time,No Return,Unknown,0.0
502978,2024-06-01,7,Late,No Return,Unknown,0.0
502979,2024-02-12,5,On Time,No Return,Unknown,0.0
502980,2025-05-06,2,On Time,No Return,Unknown,0.0
502981,2024-09-22,4,On Time,No Return,Unknown,0.0
502982,2024-05-13,8,Late,No Return,Unknown,0.0
502983,2025-08-30,4,On Time,Returned,Late Delivery,2465.29
502984,2024-12-16,6,On Time,No Return,Unknown,0.0
502985,2024-09-20,3,On Time,No Return,Unknown,0.0
502986,2025-03-25,7,Late,No Return,Unknown,0.0
502987,2024-04-20,3,On Time,No Return,Unknown,0.0
502988,2025-07-18,8,Late,No Return,Unknown,0.0
502989,2025-03-18,6,On Time,No Return,Unknown,0.0
502990,2025-06-01,4,On Time,No Return,Unknown,0.0
502991,2025-12-15,2,Late,No Return,Unknown,0.0
502992,2024-04-03,4,On Time,No Return,Unknown,0.0
502993,2024-08-05,3,On Time,No Return,Unknown,0.0
502994,2025-09-24,6,On Time,No Return,Unknown,0.0
502995,2024-11-16,2,On Time,No Return,Unknown,0.0
502996,2025-08-30,4,Late,No Return,Unknown,0.0
502997,2025-12-05,7,Late,No Return,Unknown,0.0
502998,2025-11-06,6,On Time,Returned,Changed Mind,637.11
502999,2024-03-04,7,Late,No Return,Unknown,0.0
503000,2025-07-17,5,On Time,No Return,Unknown,0.0
503001,2025-02-13,8,Late,No Return,Unknown,0.0
503002,2024-08-12,3,On Time,Returned,Wrong Item,460.76
503003,2025-04-25,6,On Time,No Return,Unknown,0.0
503004,2024-04-25,8,Late,No Return,Unknown,0.0
503005,2024-07-03,5,On Time,No Return,Unknown,0.0
503006,2024-06-29,4,Late,No Return,Unknown,0.0
503007,2025-05-07,6,On Time,No Return,Unknown,0.0
503008,2025-02-23,6,On Time,No Return,Unknown,0.0
503009,2025-11-27,5,On Time,No Return,Unknown,0.0
503010,2024-02-11,5,On Time,No Return,Unknown,0.0
503011,2025-08-04,7,Not Delivered,No Return,Unknown,0.0
503012,2024-09-30,6,On Time,No Return,Unknown,0.0
503013,2025-01-27,5,On Time,No Return,Unknown,0.0
503014,2024-12-24,5,On Time,No Return,Unknown,0.0
503015,2024-10-03,7,Late,No Return,Unknown,0.0
503016,2024-10-01,6,Not Delivered,No Return,Unknown,0.0
503017,2025-03-23,6,On Time,Returned,Damaged,4270.85
503018,2024-11-05,5,On Time,No Return,Unknown,0.0
503019,2024-09-07,5,On Time,No Return,Unknown,0.0
503020,2024-07-01,5,On Time,No Return,Unknown,0.0
503021,2024-03-10,3,Late,No Return,Unknown,0.0
503022,2024-10-06,3,Late,No Return,Unknown,0.0
503023,2024-08-02,7,Late,No Return,Unknown,0.0
503024,2024-11-07,5,On Time,No Return,Unknown,0.0
503025,2025-07-10,7,Late,No Return,Unknown,0.0
503026,2025-09-28,6,On Time,No Return,Unknown,0.0
503027,2025-06-25,4,On Time,No Return,Unknown,0.0
503028,2025-06-07,6,Late,No Return,Unknown,0.0
503029,2024-10-03,3,On Time,No Return,Unknown,0.0
503030,2024-08-25,5,On Time,No Return,Unknown,0.0
503031,2024-04-27,4,On Time,Returned,Quality Issue,1966.15
503032,2024-05-17,4,Late,No Return,Unknown,0.0
503033,2025-03-04,4,Late,No Return,Unknown,0.0
503034,2025-11-21,1,On Time,No Return,Unknown,0.0
503035,2024-02-01,7,Late,Returned,Quality Issue,1438.81
503036,2025-07-20,7,Late,No Return,Unknown,0.0
503037,2024-10-13,7,Late,No Return,Unknown,0.0
503038,2024-12-17,9,Late,No Return,Unknown,0.0
503039,2024-03-17,5,Late,No Return,Unknown,0.0
503040,2024-07-24,5,On Time,No Return,Unknown,0.0
503041,2024-11-27,6,On Time,No Return,Unknown,0.0
503042,2024-02-03,1,On Time,No Return,Unknown,0.0
503043,2024-04-13,7,Late,No Return,Unknown,0.0
503044,2025-07-17,7,Late,No Return,Unknown,0.0
503045,2024-09-23,4,On Time,No Return,Unknown,0.0
503046,2024-03-15,5,Late,No Return,Unknown,0.0
503047,2024-10-22,3,On Time,No Return,Unknown,0.0
503048,2026-01-06,7,Late,No Return,Unknown,0.0
503049,2024-08-01,7,Late,No Return,Unknown,0.0
503050,2024-06-24,4,Late,No Return,Unknown,0.0
503051,2025-02-05,7,Late,No Return,Unknown,0.0
503052,2024-09-16,4,Late,No Return,Unknown,0.0
503053,2024-09-24,4,Late,No Return,Unknown,0.0
503054,2024-09-23,3,On Time,No Return,Unknown,0.0
503055,2025-06-09,9,Late,No Return,Unknown,0.0
503056,2024-01-17,7,Late,No Return,Unknown,0.0
503057,2024-09-28,1,On Time,No Return,Unknown,0.0
503058,2024-11-09,2,Late,No Return,Unknown,0.0
503059,2025-01-09,5,On Time,No Return,Unknown,0.0
503060,2025-07-24,4,On Time,No Return,Unknown,0.0
503061,2025-07-14,8,Late,No Return,Unknown,0.0
503062,2025-10-13,2,Late,No Return,Unknown,0.0
503063,2025-01-30,5,On Time,No Return,Unknown,0.0
503064,2024-04-30,6,On Time,No Return,Unknown,0.0
503065,2025-08-02,5,Late,No Return,Unknown,0.0
503066,2024-12-15,6,On Time,No Return,Unknown,0.0
503067,2025-02-20,7,Late,No Return,Unknown,0.0
503068,2025-07-05,6,On Time,No Return,Unknown,0.0
503069,2025-01-20,8,Late,No Return,Unknown,0.0
503070,2025-04-06,6,On Time,No Return,Unknown,0.0
503071,2025-03-01,3,On Time,No Return,Unknown,0.0
503072,2025-03-24,5,On Time,No Return,Unknown,0.0
503073,2024-07-20,5,On Time,No Return,Unknown,0.0
503074,2024-12-30,2,On Time,Returned,Changed Mind,760.3
503075,2025-02-19,6,Not Delivered,No Return,Unknown,0.0
503076,2025-07-31,4,Late,No Return,Unknown,0.0
503077,2025-02-03,6,On Time,Returned,Changed Mind,2061.62
503078,2025-05-29,6,Late,No Return,Unknown,0.0
503079,2025-07-23,4,Late,No Return,Unknown,0.0
503080,2025-11-05,4,On Time,No Return,Unknown,0.0
503081,2024-10-23,3,On Time,No Return,Unknown,0.0
503082,2024-01-30,5,Late,No Return,Unknown,0.0
503083,2024-08-26,2,Late,No Return,Unknown,0.0
503084,2025-04-09,4,On Time,No Return,Unknown,0.0
503085,2024-11-20,4,Late,No Return,Unknown,0.0
503086,2024-04-16,7,Late,No Return,Unknown,0.0
503087,2025-11-25,5,Not Delivered,No Return,Unknown,0.0
503088,2025-02-19,8,Late,No Return,Unknown,0.0
503089,2024-06-06,3,On Time,No Return,Unknown,0.0
503090,2025-03-16,7,Late,No Return,Unknown,0.0
503091,2025-03-12,3,On Time,No Return,Unknown,0.0
503092,2024-05-27,5,On Time,No Return,Unknown,0.0
503093,2025-06-14,2,Late,No Return,Unknown,0.0
503094,2024-10-16,5,On Time,No Return,Unknown,0.0
503095,2024-01-10,5,On Time,No Return,Unknown,0.0
503096,2025-06-12,6,On Time,No Return,Unknown,0.0
503097,2025-12-27,7,Late,No Return,Unknown,0.0
503098,2025-03-15,4,On Time,No Return,Unknown,0.0
503099,2025-02-27,6,On Time,No Return,Unknown,0.0
503100,2024-03-29,8,Late,No Return,Unknown,0.0
503101,2025-07-04,6,On Time,No Return,Unknown,0.0
503102,2025-01-16,5,On Time,No Return,Unknown,0.0
503103,2024-06-11,4,Late,No Return,Unknown,0.0
503104,2025-09-20,2,Late,No Return,Unknown,0.0
503105,2024-08-08,4,On Time,No Return,Unknown,0.0
503106,2025-11-08,8,Not Delivered,No Return,Unknown,0.0
503107,2024-02-19,5,On Time,No Return,Unknown,0.0
503108,2025-09-27,4,Late,No Return,Unknown,0.0
503109,2024-08-08,6,On Time,No Return,Unknown,0.0
503110,2025-06-02,8,Late,No Return,Unknown,0.0
503111,2024-05-11,4,Late,No Return,Unknown,0.0
503112,2024-09-16,6,On Time,No Return,Unknown,0.0
503113,2025-07-05,2,Late,Returned,Changed Mind,1093.52
503114,2025-12-25,3,On Time,No Return,Unknown,0.0
503115,2024-12-19,2,Late,No Return,Unknown,0.0
503116,2025-09-02,5,On Time,No Return,Unknown,0.0
503117,2025-06-28,4,On Time,No Return,Unknown,0.0
503118,2024-06-18,6,Late,No Return,Unknown,0.0
503119,2025-10-16,6,On Time,No Return,Unknown,0.0
503120,2025-06-19,1,On Time,No Return,Unknown,0.0
503121,2024-05-12,2,Not Delivered,No Return,Unknown,0.0
503122,2025-08-23,3,On Time,No Return,Unknown,0.0
503123,2025-12-04,8,Late,No Return,Unknown,0.0
503124,2025-05-25,7,Late,No Return,Unknown,0.0
503125,2025-03-08,9,Late,No Return,Unknown,0.0
503126,2024-07-07,5,On Time,No Return,Unknown,0.0
503127,2025-11-07,6,On Time,No Return,Unknown,0.0
503128,2025-06-11,5,Not Delivered,No Return,Unknown,0.0
503129,2025-07-12,5,On Time,No Return,Unknown,0.0
503130,2024-08-27,5,On Time,No Return,Unknown,0.0
503131,2024-05-17,7,Late,Returned,Damaged,8320.93
503132,2025-12-01,4,On Time,No Return,Unknown,0.0
503133,2024-01-20,6,On Time,Returned,Wrong Item,7724.03
503134,2025-10-23,3,On Time,No Return,Unknown,0.0
503135,2025-01-20,6,On Time,Returned,Quality Issue,15380.91
503136,2024-03-07,7,Late,No Return,Unknown,0.0
503137,2024-10-25,7,Late,No Return,Unknown,0.0
503138,2024-06-12,4,Late,No Return,Unknown,0.0
503139,2025-03-29,7,Late,Returned,Changed Mind,781.1
503140,2025-06-26,5,On Time,No Return,Unknown,0.0
503141,2025-08-08,9,Late,No Return,Unknown,0.0
503142,2025-01-22,2,Late,Returned,Changed Mind,1374.03
503143,2024-03-19,9,Late,No Return,Unknown,0.0
503144,2025-01-20,4,On Time,No Return,Unknown,0.0
503145,2025-11-18,3,On Time,Returned,Late Delivery,354.4
503146,2024-08-17,5,On Time,No Return,Unknown,0.0
503147,2025-05-26,4,On Time,No Return,Unknown,0.0
503148,2025-10-28,2,Not Delivered,No Return,Unknown,0.0
503149,2024-02-15,6,On Time,No Return,Unknown,0.0
503150,2024-05-30,5,On Time,No Return,Unknown,0.0
503151,2025-01-05,5,On Time,Returned,Damaged,1917.52
503152,2025-09-07,6,On Time,No Return,Unknown,0.0
503153,2024-09-11,7,Late,No Return,Unknown,0.0
503154,2024-01-17,5,On Time,No Return,Unknown,0.0
503155,2025-06-23,4,Late,No Return,Unknown,0.0
503156,2025-05-31,7,Late,Returned,Damaged,3044.01
503157,2024-09-07,6,On Time,No Return,Unknown,0.0
503158,2024-06-26,7,Late,No Return,Unknown,0.0
503159,2024-02-07,6,Not Delivered,No Return,Unknown,0.0
503160,2025-09-22,5,Late,No Return,Unknown,0.0
503161,2025-12-24,3,On Time,No Return,Unknown,0.0
503162,2025-03-12,8,Late,No Return,Unknown,0.0
503163,2024-02-05,1,On Time,No Return,Unknown,0.0
503164,2024-07-30,7,Late,No Return,Unknown,0.0
503165,2025-01-23,5,On Time,No Return,Unknown,0.0
503166,2024-09-23,1,On Time,Returned,Quality Issue,1668.05
503167,2025-08-05,6,On Time,No Return,Unknown,0.0
503168,2025-03-21,3,On Time,No Return,Unknown,0.0
503169,2025-09-05,4,Late,No Return,Unknown,0.0
503170,2025-11-30,3,Late,No Return,Unknown,0.0
503171,2025-05-02,3,On Time,No Return,Unknown,0.0
503172,2025-04-16,2,On Time,No Return,Unknown,0.0
503173,2024-09-24,2,Late,No Return,Unknown,0.0
503174,2024-04-25,7,Late,No Return,Unknown,0.0
503175,2025-05-07,4,Late,Returned,Wrong Item,448.11
503176,2024-07-02,6,On Time,No Return,Unknown,0.0
503177,2024-09-13,8,Late,No Return,Unknown,0.0
503178,2024-01-13,8,Late,Returned,Changed Mind,768.11
503179,2024-06-13,8,Late,No Return,Unknown,0.0
503180,2024-08-23,6,On Time,No Return,Unknown,0.0
503181,2025-09-26,7,Late,No Return,Unknown,0.0
503182,2024-09-24,7,Late,No Return,Unknown,0.0
503183,2024-11-19,3,On Time,No Return,Unknown,0.0
503184,2024-05-09,3,On Time,Returned,Changed Mind,8026.77
503185,2024-02-03,6,On Time,No Return,Unknown,0.0
503186,2025-05-27,3,On Time,Returned,Damaged,3102.17
503187,2024-08-22,7,Late,No Return,Unknown,0.0
503188,2025-10-03,1,On Time,No Return,Unknown,0.0
503189,2025-06-27,3,Not Delivered,No Return,Unknown,0.0
503190,2024-07-04,7,Late,No Return,Unknown,0.0
503191,2025-11-10,4,On Time,No Return,Unknown,0.0
503192,2025-11-06,4,On Time,No Return,Unknown,0.0
503193,2024-10-17,3,Not Delivered,No Return,Unknown,0.0
503194,2025-05-15,7,Late,No Return,Unknown,0.0
503195,2024-09-28,7,Late,No Return,Unknown,0.0
503196,2025-04-16,5,On Time,No Return,Unknown,0.0
503197,2025-02-03,5,On Time,No Return,Unknown,0.0
503198,2025-03-13,6,On Time,No Return,Unknown,0.0
503199,2025-03-15,5,On Time,No Return,Unknown,0.0
503200,2025-01-26,4,Late,No Return,Unknown,0.0
503201,2025-06-27,7,Late,No Return,Unknown,0.0
503202,2024-05-27,3,On Time,No Return,Unknown,0.0
503203,2024-07-01,8,Late,No Return,Unknown,0.0
503204,2025-06-06,3,On Time,Returned,Quality Issue,1675.85
503205,2024-11-14,5,On Time,No Return,Unknown,0.0
503206,2025-09-18,6,On Time,No Return,Unknown,0.0
503207,2024-05-14,6,On Time,Returned,Wrong Item,3356.5
503208,2025-05-31,3,On Time,No Return,Unknown,0.0
503209,2024-01-18,8,Late,Returned,Quality Issue,11183.32
503210,2024-12-18,6,On Time,No Return,Unknown,0.0
503211,2024-05-01,5,On Time,No Return,Unknown,0.0
503212,2025-02-18,4,Late,No Return,Unknown,0.0
503213,2025-02-05,5,On Time,No Return,Unknown,0.0
503214,2024-01-17,6,On Time,No Return,Unknown,0.0
503215,2025-02-09,8,Late,No Return,Unknown,0.0
503216,2025-09-04,5,Not Delivered,No Return,Unknown,0.0
503217,2024-04-07,5,On Time,No Return,Unknown,0.0
503218,2024-04-15,4,Late,Returned,Wrong Item,345.6
503219,2024-04-11,4,On Time,No Return,Unknown,0.0
503220,2024-10-16,8,Late,No Return,Unknown,0.0
503221,2025-11-02,4,On Time,No Return,Unknown,0.0
503222,2025-10-23,5,On Time,No Return,Unknown,0.0
503223,2025-03-02,6,On Time,No Return,Unknown,0.0
503224,2025-01-04,6,On Time,No Return,Unknown,0.0
503225,2024-08-03,5,On Time,Returned,Changed Mind,402.33
503226,2025-11-01,4,On Time,No Return,Unknown,0.0
503227,2025-05-29,7,Late,No Return,Unknown,0.0
503228,2024-03-21,5,On Time,No Return,Unknown,0.0
503229,2024-11-25,7,Late,No Return,Unknown,0.0
503230,2025-03-31,4,Late,No Return,Unknown,0.0
503231,2025-11-22,5,On Time,No Return,Unknown,0.0
503232,2025-09-16,2,Late,No Return,Unknown,0.0
503233,2024-01-24,6,On Time,No Return,Unknown,0.0
503234,2024-10-20,3,On Time,No Return,Unknown,0.0
503235,2024-07-18,2,Late,No Return,Unknown,0.0
503236,2024-06-18,8,Late,No Return,Unknown,0.0
503237,2025-02-27,7,Late,No Return,Unknown,0.0
503238,2025-01-23,5,On Time,No Return,Unknown,0.0
503239,2024-07-23,5,On Time,No Return,Unknown,0.0
503240,2025-05-16,4,Late,No Return,Unknown,0.0
503241,2024-02-15,3,On Time,No Return,Unknown,0.0
503242,2024-03-29,7,Late,No Return,Unknown,0.0
503243,2025-06-26,4,Late,Returned,Wrong Item,587.23
503244,2024-11-04,5,On Time,No Return,Unknown,0.0
503245,2025-08-08,5,On Time,No Return,Unknown,0.0
503246,2024-07-20,3,On Time,No Return,Unknown,0.0
503247,2025-02-12,3,On Time,Returned,Quality Issue,4377.64
503248,2025-03-09,7,Late,No Return,Unknown,0.0
503249,2025-04-10,5,On Time,No Return,Unknown,0.0
503250,2025-04-29,5,On Time,Returned,Damaged,654.15
503251,2026-01-01,4,On Time,No Return,Unknown,0.0
503252,2024-05-09,6,On Time,Returned,Quality Issue,565.58
503253,2025-06-13,2,On Time,No Return,Unknown,0.0
503254,2025-10-02,3,Late,No Return,Unknown,0.0
503255,2025-06-11,2,Late,No Return,Unknown,0.0
503256,2024-02-13,5,Late,No Return,Unknown,0.0
503257,2024-07-20,3,On Time,No Return,Unknown,0.0
503258,2024-04-19,2,On Time,No Return,Unknown,0.0
503259,2024-09-30,6,On Time,No Return,Unknown,0.0
503260,2024-12-26,8,Late,No Return,Unknown,0.0
503261,2024-11-12,6,On Time,No Return,Unknown,0.0
503262,2025-01-31,7,Late,No Return,Unknown,0.0
503263,2024-02-16,7,Late,No Return,Unknown,0.0
503264,2025-08-06,3,On Time,No Return,Unknown,0.0
503265,2024-06-01,1,On Time,No Return,Unknown,0.0
503266,2024-07-10,5,On Time,No Return,Unknown,0.0
503267,2025-03-10,5,On Time,No Return,Unknown,0.0
503268,2025-04-05,4,On Time,No Return,Unknown,0.0
503269,2024-08-17,3,On Time,No Return,Unknown,0.0
503270,2025-03-09,6,On Time,No Return,Unknown,0.0
503271,2024-07-28,6,On Time,No Return,Unknown,0.0
503272,2024-05-02,5,On Time,No Return,Unknown,0.0
503273,2025-02-04,7,Late,No Return,Unknown,0.0
503274,2024-08-15,6,On Time,No Return,Unknown,0.0
503275,2024-03-07,4,On Time,No Return,Unknown,0.0
503276,2025-02-05,6,On Time,No Return,Unknown,0.0
503277,2024-01-11,6,On Time,No Return,Unknown,0.0
503278,2024-12-03,4,On Time,No Return,Unknown,0.0
503279,2024-10-23,5,On Time,No Return,Unknown,0.0
503280,2025-05-29,7,Late,No Return,Unknown,0.0
503281,2024-05-31,7,Late,No Return,Unknown,0.0
503282,2025-10-29,6,On Time,No Return,Unknown,0.0
503283,2024-06-14,7,Late,Returned,Changed Mind,4100.56
503284,2024-01-16,5,On Time,No Return,Unknown,0.0
503285,2024-03-17,8,Late,No Return,Unknown,0.0
503286,2025-12-10,6,On Time,No Return,Unknown,0.0
503287,2025-09-09,4,On Time,No Return,Unknown,0.0
503288,2025-07-04,7,Late,No Return,Unknown,0.0
503289,2024-07-22,2,Late,No Return,Unknown,0.0
503290,2024-09-25,3,On Time,No Return,Unknown,0.0
503291,2024-04-22,5,Late,No Return,Unknown,0.0
503292,2024-03-01,7,Late,No Return,Unknown,0.0
503293,2024-12-10,7,Late,No Return,Unknown,0.0
503294,2024-07-15,7,Late,No Return,Unknown,0.0
503295,2024-09-01,6,On Time,No Return,Unknown,0.0
503296,2024-12-10,2,On Time,No Return,Unknown,0.0
503297,2024-10-21,4,On Time,No Return,Unknown,0.0
503298,2024-11-23,5,On Time,No Return,Unknown,0.0
503299,2024-11-22,6,On Time,No Return,Unknown,0.0
503300,2024-02-19,8,Late,No Return,Unknown,0.0
503301,2024-07-19,3,On Time,No Return,Unknown,0.0
503302,2025-09-30,6,On Time,No Return,Unknown,0.0
503303,2024-10-12,2,Late,No Return,Unknown,0.0
503304,2024-07-03,3,Late,No Return,Unknown,0.0
503305,2025-09-07,4,On Time,No Return,Unknown,0.0
503306,2024-01-17,6,On Time,No Return,Unknown,0.0
503307,2025-03-20,3,On Time,Returned,Changed Mind,1725.49
503308,2025-09-26,6,On Time,No Return,Unknown,0.0
503309,2025-03-01,2,On Time,Returned,Late Delivery,1571.11
503310,2025-05-21,7,Late,No Return,Unknown,0.0
503311,2025-01-26,4,Late,No Return,Unknown,0.0
503312,2025-08-04,6,On Time,No Return,Unknown,0.0
503313,2025-11-27,9,Late,No Return,Unknown,0.0
503314,2025-04-02,4,On Time,No Return,Unknown,0.0
503315,2025-08-21,4,Not Delivered,No Return,Unknown,0.0
503316,2024-01-06,4,Late,No Return,Unknown,0.0
503317,2026-01-01,3,On Time,No Return,Unknown,0.0
503318,2024-08-31,2,Late,No Return,Unknown,0.0
503319,2024-03-01,1,On Time,No Return,Unknown,0.0
503320,2025-01-08,6,On Time,No Return,Unknown,0.0
503321,2025-12-20,5,On Time,No Return,Unknown,0.0
503322,2024-02-13,4,Late,No Return,Unknown,0.0
503323,2024-11-16,6,On Time,Returned,Late Delivery,2652.89
503324,2025-07-16,6,On Time,No Return,Unknown,0.0
503325,2024-10-30,6,On Time,No Return,Unknown,0.0
503326,2025-09-27,5,On Time,No Return,Unknown,0.0
503327,2025-10-08,4,Late,No Return,Unknown,0.0
503328,2025-03-28,3,On Time,Returned,Quality Issue,2631.4
503329,2025-02-04,6,On Time,No Return,Unknown,0.0
503330,2025-07-21,6,On Time,No Return,Unknown,0.0
503331,2024-04-02,5,On Time,No Return,Unknown,0.0
503332,2025-06-20,4,Late,No Return,Unknown,0.0
503333,2025-01-27,5,On Time,No Return,Unknown,0.0
503334,2025-01-20,5,On Time,No Return,Unknown,0.0
503335,2025-07-14,6,On Time,No Return,Unknown,0.0
503336,2025-03-12,6,On Time,No Return,Unknown,0.0
503337,2025-06-24,6,On Time,No Return,Unknown,0.0
503338,2024-08-07,4,Late,No Return,Unknown,0.0
503339,2024-10-07,4,On Time,No Return,Unknown,0.0
503340,2024-07-15,3,On Time,No Return,Unknown,0.0
503341,2026-01-04,8,Late,No Return,Unknown,0.0
503342,2024-06-30,3,Not Delivered,No Return,Unknown,0.0
503343,2024-05-29,7,Late,No Return,Unknown,0.0
503344,2025-06-25,4,Late,No Return,Unknown,0.0
503345,2024-08-11,6,On Time,Returned,Wrong Item,20120.03
503346,2025-05-27,2,On Time,No Return,Unknown,0.0
503347,2024-03-05,6,On Time,No Return,Unknown,0.0
503348,2024-12-17,6,On Time,No Return,Unknown,0.0
503349,2025-07-14,4,Late,No Return,Unknown,0.0
503350,2025-02-24,2,Late,No Return,Unknown,0.0
503351,2024-08-14,3,On Time,No Return,Unknown,0.0
503352,2024-12-22,7,Late,No Return,Unknown,0.0
503353,2025-09-16,3,On Time,No Return,Unknown,0.0
503354,2024-03-23,6,On Time,No Return,Unknown,0.0
503355,2025-08-25,4,Late,No Return,Unknown,0.0
503356,2024-08-01,6,On Time,No Return,Unknown,0.0
503357,2024-06-13,6,On Time,No Return,Unknown,0.0
503358,2025-06-14,7,Late,No Return,Unknown,0.0
503359,2024-08-17,5,On Time,No Return,Unknown,0.0
503360,2024-12-29,6,On Time,No Return,Unknown,0.0
503361,2025-01-25,7,Late,No Return,Unknown,0.0
503362,2025-07-03,6,On Time,No Return,Unknown,0.0
503363,2025-07-23,4,On Time,No Return,Unknown,0.0
503364,2025-05-24,6,On Time,No Return,Unknown,0.0
503365,2025-03-30,5,On Time,No Return,Unknown,0.0
503366,2024-09-04,6,On Time,No Return,Unknown,0.0
503367,2025-01-08,5,Late,No Return,Unknown,0.0
503368,2025-09-23,5,Late,No Return,Unknown,0.0
503369,2025-04-18,3,On Time,No Return,Unknown,0.0
503370,2024-10-21,7,Late,No Return,Unknown,0.0
503371,2025-02-05,3,On Time,No Return,Unknown,0.0
503372,2024-04-22,9,Late,No Return,Unknown,0.0
503373,2024-11-12,6,On Time,No Return,Unknown,0.0
503374,2024-05-09,3,On Time,No Return,Unknown,0.0
503375,2024-02-12,3,On Time,No Return,Unknown,0.0
503376,2024-03-20,8,Late,No Return,Unknown,0.0
503377,2024-09-11,8,Late,No Return,Unknown,0.0
503378,2024-09-04,1,On Time,No Return,Unknown,0.0
503379,2024-11-15,8,Late,No Return,Unknown,0.0
503380,2024-02-09,6,On Time,No Return,Unknown,0.0
503381,2024-05-12,4,Late,No Return,Unknown,0.0
503382,2024-01-13,3,On Time,No Return,Unknown,0.0
503383,2024-06-24,8,Late,No Return,Unknown,0.0
503384,2024-08-07,4,Late,No Return,Unknown,0.0
503385,2025-02-15,4,Late,No Return,Unknown,0.0
503386,2025-06-10,1,Not Delivered,No Return,Unknown,0.0
503387,2025-08-28,4,Late,No Return,Unknown,0.0
503388,2024-01-23,5,Late,No Return,Unknown,0.0
503389,2024-12-10,5,Late,Returned,Changed Mind,1915.36
503390,2025-11-17,6,Late,No Return,Unknown,0.0
503391,2025-07-26,5,Not Delivered,No Return,Unknown,0.0
503392,2025-11-11,5,On Time,No Return,Unknown,0.0
503393,2025-11-03,9,Late,Returned,Wrong Item,860.49
503394,2024-04-04,5,On Time,No Return,Unknown,0.0
503395,2024-10-17,6,On Time,No Return,Unknown,0.0
503396,2025-06-25,8,Late,No Return,Unknown,0.0
503397,2024-09-29,6,On Time,No Return,Unknown,0.0
503398,2025-03-11,3,On Time,Returned,Late Delivery,5234.74
503399,2025-10-16,4,On Time,No Return,Unknown,0.0
503400,2024-02-24,3,On Time,No Return,Unknown,0.0
503401,2024-03-09,2,On Time,No Return,Unknown,0.0
503402,2025-08-27,8,Late,Returned,Damaged,4930.66
503403,2024-09-09,3,On Time,No Return,Unknown,0.0
503404,2024-11-28,2,Late,No Return,Unknown,0.0
503405,2025-02-25,7,Late,No Return,Unknown,0.0
503406,2024-05-08,6,On Time,No Return,Unknown,0.0
503407,2024-07-23,3,On Time,No Return,Unknown,0.0
503408,2024-01-12,6,On Time,No Return,Unknown,0.0
503409,2025-05-08,8,Late,Returned,Wrong Item,395.73
503410,2024-07-21,4,On Time,No Return,Unknown,0.0
503411,2024-01-18,5,On Time,No Return,Unknown,0.0
503412,2024-01-13,7,Late,No Return,Unknown,0.0
503413,2025-02-20,6,On Time,No Return,Unknown,0.0
503414,2024-05-02,2,Late,No Return,Unknown,0.0
503415,2025-07-14,4,On Time,No Return,Unknown,0.0
503416,2025-01-01,5,On Time,No Return,Unknown,0.0
503417,2025-06-27,6,On Time,No Return,Unknown,0.0
503418,2024-01-08,4,Late,No Return,Unknown,0.0
503419,2024-10-15,5,On Time,No Return,Unknown,0.0
503420,2025-12-28,6,On Time,No Return,Unknown,0.0
503421,2024-12-30,6,On Time,No Return,Unknown,0.0
503422,2025-12-01,8,Late,No Return,Unknown,0.0
503423,2024-10-10,2,Late,No Return,Unknown,0.0
503424,2025-10-25,7,Late,No Return,Unknown,0.0
503425,2025-09-25,6,On Time,Returned,Quality Issue,1341.13
503426,2024-12-20,6,On Time,No Return,Unknown,0.0
503427,2024-02-06,7,Late,No Return,Unknown,0.0
503428,2025-06-05,5,On Time,No Return,Unknown,0.0
503429,2025-01-14,6,On Time,No Return,Unknown,0.0
503430,2025-09-16,7,Late,No Return,Unknown,0.0
503431,2024-05-09,6,On Time,No Return,Unknown,0.0
503432,2025-03-26,5,On Time,No Return,Unknown,0.0
503433,2025-02-02,5,On Time,No Return,Unknown,0.0
503434,2025-10-16,5,Not Delivered,No Return,Unknown,0.0
503435,2025-09-13,4,Late,No Return,Unknown,0.0
503436,2025-12-27,2,On Time,No Return,Unknown,0.0
503437,2024-02-28,3,On Time,No Return,Unknown,0.0
503438,2024-05-14,3,On Time,No Return,Unknown,0.0
503439,2024-05-02,1,On Time,No Return,Unknown,0.0
503440,2024-07-24,4,Late,No Return,Unknown,0.0
503441,2025-12-25,5,On Time,No Return,Unknown,0.0
503442,2025-08-30,6,On Time,No Return,Unknown,0.0
503443,2025-12-07,5,On Time,No Return,Unknown,0.0
503444,2024-09-27,6,On Time,No Return,Unknown,0.0
503445,2025-07-15,4,On Time,No Return,Unknown,0.0
503446,2024-02-15,6,On Time,No Return,Unknown,0.0
503447,2025-08-07,6,On Time,No Return,Unknown,0.0
503448,2024-04-27,5,On Time,No Return,Unknown,0.0
503449,2024-12-09,5,Late,No Return,Unknown,0.0
503450,2024-03-07,5,Not Delivered,No Return,Unknown,0.0
503451,2024-08-20,6,On Time,No Return,Unknown,0.0
503452,2024-06-27,5,Not Delivered,No Return,Unknown,0.0
503453,2024-05-15,2,Late,No Return,Unknown,0.0
503454,2024-10-14,3,Late,No Return,Unknown,0.0
503455,2025-09-23,6,On Time,No Return,Unknown,0.0
503456,2024-04-21,4,Late,No Return,Unknown,0.0
503457,2024-05-25,3,On Time,No Return,Unknown,0.0
503458,2025-07-28,6,On Time,Returned,Late Delivery,465.52
503459,2024-10-23,3,On Time,No Return,Unknown,0.0
503460,2024-10-06,3,On Time,No Return,Unknown,0.0
503461,2025-05-10,4,Late,No Return,Unknown,0.0
503462,2025-07-22,6,Not Delivered,No Return,Unknown,0.0
503463,2025-04-22,7,Late,No Return,Unknown,0.0
503464,2024-10-09,7,Late,No Return,Unknown,0.0
503465,2024-08-27,6,Late,Returned,Late Delivery,3395.39
503466,2024-09-03,5,On Time,No Return,Unknown,0.0
503467,2024-09-16,2,Late,No Return,Unknown,0.0
503468,2024-02-07,6,On Time,No Return,Unknown,0.0
503469,2025-01-03,2,On Time,No Return,Unknown,0.0
503470,2024-12-20,7,Late,No Return,Unknown,0.0
503471,2024-05-14,3,On Time,No Return,Unknown,0.0
503472,2025-01-10,8,Late,No Return,Unknown,0.0
503473,2024-09-26,5,Late,No Return,Unknown,0.0
503474,2024-08-10,8,Late,No Return,Unknown,0.0
503475,2024-08-07,5,Late,No Return,Unknown,0.0
503476,2024-10-14,6,On Time,No Return,Unknown,0.0
503477,2025-06-17,4,Late,Returned,Wrong Item,4025.99
503478,2024-01-07,5,On Time,No Return,Unknown,0.0
503479,2025-05-31,4,Late,No Return,Unknown,0.0
503480,2025-04-14,6,On Time,No Return,Unknown,0.0
503481,2025-03-30,8,Late,No Return,Unknown,0.0
503482,2025-01-04,7,Late,No Return,Unknown,0.0
503483,2024-08-07,4,Late,No Return,Unknown,0.0
503484,2024-06-20,8,Late,No Return,Unknown,0.0
503485,2025-12-09,6,On Time,No Return,Unknown,0.0
503486,2025-08-10,1,On Time,No Return,Unknown,0.0
503487,2025-06-27,6,On Time,No Return,Unknown,0.0
503488,2025-05-27,2,On Time,No Return,Unknown,0.0
503489,2024-08-15,7,Late,No Return,Unknown,0.0
503490,2025-07-12,4,On Time,No Return,Unknown,0.0
503491,2025-10-03,8,Late,No Return,Unknown,0.0
503492,2025-10-09,7,Late,No Return,Unknown,0.0
503493,2024-10-16,7,Late,No Return,Unknown,0.0
503494,2024-03-19,8,Late,No Return,Unknown,0.0
503495,2025-01-13,5,On Time,No Return,Unknown,0.0
503496,2024-09-21,6,On Time,No Return,Unknown,0.0
503497,2025-03-26,6,On Time,No Return,Unknown,0.0
503498,2024-07-24,5,On Time,No Return,Unknown,0.0
503499,2025-10-06,3,On Time,No Return,Unknown,0.0
503500,2025-01-17,3,Not Delivered,No Return,Unknown,0.0
503501,2025-08-23,8,Late,No Return,Unknown,0.0
503502,2025-02-21,3,On Time,No Return,Unknown,0.0
503503,2024-03-10,5,On Time,No Return,Unknown,0.0
503504,2025-01-14,2,Late,No Return,Unknown,0.0
503505,2025-10-24,5,Not Delivered,No Return,Unknown,0.0
503506,2025-10-13,6,On Time,No Return,Unknown,0.0
503507,2024-04-18,7,Late,No Return,Unknown,0.0
503508,2024-02-14,3,On Time,No Return,Unknown,0.0
503509,2024-07-19,5,On Time,No Return,Unknown,0.0
503510,2024-12-27,2,On Time,No Return,Unknown,0.0
503511,2024-04-15,7,Late,No Return,Unknown,0.0
503512,2025-01-26,4,Late,No Return,Unknown,0.0
503513,2024-03-11,6,On Time,No Return,Unknown,0.0
503514,2024-10-29,6,Not Delivered,No Return,Unknown,0.0
503515,2025-03-05,3,On Time,No Return,Unknown,0.0
503516,2024-08-16,6,On Time,No Return,Unknown,0.0
503517,2025-11-28,3,On Time,No Return,Unknown,0.0
503518,2024-05-31,3,Late,No Return,Unknown,0.0
503519,2025-05-26,3,On Time,No Return,Unknown,0.0
503520,2025-03-19,2,On Time,No Return,Unknown,0.0
503521,2025-02-21,4,Late,No Return,Unknown,0.0
503522,2024-05-01,6,On Time,Returned,Damaged,2789.05
503523,2025-03-31,3,On Time,No Return,Unknown,0.0
503524,2024-11-18,3,On Time,Returned,Late Delivery,1769.1
503525,2025-04-02,7,Late,No Return,Unknown,0.0
503526,2024-03-22,3,On Time,No Return,Unknown,0.0
503527,2024-12-28,6,On Time,No Return,Unknown,0.0
503528,2024-05-05,7,Late,No Return,Unknown,0.0
503529,2025-08-15,7,Late,No Return,Unknown,0.0
503530,2025-06-10,6,Not Delivered,No Return,Unknown,0.0
503531,2024-10-11,6,On Time,No Return,Unknown,0.0
503532,2025-07-26,7,Late,No Return,Unknown,0.0
503533,2024-02-21,7,Late,No Return,Unknown,0.0
503534,2024-08-16,4,Late,No Return,Unknown,0.0
503535,2025-06-14,3,On Time,No Return,Unknown,0.0
503536,2025-12-31,7,Late,No Return,Unknown,0.0
503537,2025-12-14,2,Late,No Return,Unknown,0.0
503538,2024-09-01,4,Late,No Return,Unknown,0.0
503539,2025-09-12,7,Late,No Return,Unknown,0.0
503540,2025-05-01,5,On Time,No Return,Unknown,0.0
503541,2024-04-10,6,On Time,No Return,Unknown,0.0
503542,2025-01-04,5,On Time,Returned,Late Delivery,658.88
503543,2024-07-07,4,Late,No Return,Unknown,0.0
503544,2024-05-21,6,Late,No Return,Unknown,0.0
503545,2024-01-26,1,On Time,No Return,Unknown,0.0
503546,2024-11-17,4,Late,No Return,Unknown,0.0
503547,2024-12-03,5,Late,No Return,Unknown,0.0
503548,2025-07-20,5,On Time,No Return,Unknown,0.0
503549,2025-11-14,3,Late,No Return,Unknown,0.0
503550,2024-04-16,7,Late,No Return,Unknown,0.0
503551,2025-01-11,7,Late,No Return,Unknown,0.0
503552,2025-08-21,6,On Time,No Return,Unknown,0.0
503553,2024-01-16,4,On Time,No Return,Unknown,0.0
503554,2025-12-24,4,Late,No Return,Unknown,0.0
503555,2024-03-21,4,Late,No Return,Unknown,0.0
503556,2025-08-17,8,Late,No Return,Unknown,0.0
503557,2025-11-15,3,On Time,No Return,Unknown,0.0
503558,2024-12-17,4,On Time,No Return,Unknown,0.0
503559,2025-03-23,5,On Time,No Return,Unknown,0.0
503560,2025-11-24,3,On Time,No Return,Unknown,0.0
503561,2024-04-04,7,Late,No Return,Unknown,0.0
503562,2025-04-16,7,Late,No Return,Unknown,0.0
503563,2025-05-12,4,On Time,No Return,Unknown,0.0
503564,2024-08-13,4,Late,No Return,Unknown,0.0
503565,2025-06-05,7,Late,No Return,Unknown,0.0
503566,2024-05-03,6,On Time,No Return,Unknown,0.0
503567,2024-05-17,2,Late,No Return,Unknown,0.0
503568,2024-07-09,4,Late,No Return,Unknown,0.0
503569,2025-07-02,7,Late,No Return,Unknown,0.0
503570,2025-08-05,4,On Time,No Return,Unknown,0.0
503571,2024-11-12,6,On Time,No Return,Unknown,0.0
503572,2025-01-16,3,On Time,No Return,Unknown,0.0
503573,2025-02-20,5,On Time,No Return,Unknown,0.0
503574,2025-03-02,6,On Time,No Return,Unknown,0.0
503575,2024-08-11,7,Not Delivered,No Return,Unknown,0.0
503576,2025-11-06,6,On Time,No Return,Unknown,0.0
503577,2024-03-15,4,On Time,No Return,Unknown,0.0
503578,2024-04-23,4,On Time,No Return,Unknown,0.0
503579,2024-10-13,2,Late,No Return,Unknown,0.0
503580,2025-08-31,7,Late,No Return,Unknown,0.0
503581,2025-07-28,6,On Time,No Return,Unknown,0.0
503582,2024-10-28,4,On Time,Returned,Quality Issue,598.15
503583,2025-05-18,5,Late,No Return,Unknown,0.0
503584,2025-07-20,6,On Time,No Return,Unknown,0.0
503585,2025-12-02,5,Late,No Return,Unknown,0.0
503586,2025-12-15,4,Late,No Return,Unknown,0.0
503587,2025-06-16,3,On Time,No Return,Unknown,0.0
503588,2024-07-20,4,On Time,No Return,Unknown,0.0
503589,2025-05-24,3,On Time,No Return,Unknown,0.0
503590,2025-05-06,3,On Time,No Return,Unknown,0.0
503591,2024-02-02,6,Not Delivered,No Return,Unknown,0.0
503592,2024-05-02,5,On Time,No Return,Unknown,0.0
503593,2024-03-01,7,Late,Returned,Damaged,3317.54
503594,2025-05-27,9,Late,No Return,Unknown,0.0
503595,2024-06-04,4,Late,No Return,Unknown,0.0
503596,2025-04-29,6,On Time,No Return,Unknown,0.0
503597,2024-06-16,6,On Time,No Return,Unknown,0.0
503598,2025-10-26,3,On Time,No Return,Unknown,0.0
503599,2024-08-07,4,Late,No Return,Unknown,0.0
503600,2025-02-27,4,Late,No Return,Unknown,0.0
503601,2024-12-16,3,On Time,No Return,Unknown,0.0
503602,2024-12-10,5,On Time,No Return,Unknown,0.0
503603,2025-07-13,6,On Time,No Return,Unknown,0.0
503604,2024-12-23,6,On Time,No Return,Unknown,0.0
503605,2025-11-09,6,On Time,No Return,Unknown,0.0
503606,2025-08-13,5,On Time,No Return,Unknown,0.0
503607,2025-01-12,3,On Time,No Return,Unknown,0.0
503608,2025-06-24,4,Late,No Return,Unknown,0.0
503609,2024-11-04,6,On Time,No Return,Unknown,0.0
503610,2024-09-04,6,On Time,No Return,Unknown,0.0
503611,2025-01-17,5,On Time,No Return,Unknown,0.0
503612,2025-11-18,3,On Time,No Return,Unknown,0.0
503613,2025-01-26,3,On Time,No Return,Unknown,0.0
503614,2024-10-19,6,On Time,Returned,Damaged,1590.22
503615,2024-06-13,6,On Time,No Return,Unknown,0.0
503616,2024-12-23,4,Late,No Return,Unknown,0.0
503617,2026-01-04,5,Not Delivered,No Return,Unknown,0.0
503618,2025-04-05,6,On Time,No Return,Unknown,0.0
503619,2025-09-20,2,On Time,No Return,Unknown,0.0
503620,2024-09-02,5,On Time,No Return,Unknown,0.0
503621,2024-08-06,7,Late,Returned,Quality Issue,4417.19
503622,2025-01-02,5,On Time,No Return,Unknown,0.0
503623,2025-08-23,3,On Time,No Return,Unknown,0.0
503624,2024-05-16,4,On Time,No Return,Unknown,0.0
503625,2025-05-30,7,Late,No Return,Unknown,0.0
503626,2024-10-09,6,On Time,Returned,Damaged,1444.08
503627,2024-09-24,3,Late,No Return,Unknown,0.0
503628,2025-08-30,3,Late,No Return,Unknown,0.0
503629,2025-08-28,3,On Time,No Return,Unknown,0.0
503630,2025-10-22,4,Late,No Return,Unknown,0.0
503631,2024-12-28,3,On Time,No Return,Unknown,0.0
503632,2025-10-28,3,On Time,No Return,Unknown,0.0
503633,2025-11-01,4,Late,No Return,Unknown,0.0
503634,2024-05-19,4,Late,No Return,Unknown,0.0
503635,2025-03-10,7,Late,No Return,Unknown,0.0
503636,2024-02-02,4,Late,No Return,Unknown,0.0
503637,2025-08-20,3,Not Delivered,No Return,Unknown,0.0
503638,2024-11-27,2,Late,No Return,Unknown,0.0
503639,2024-02-07,4,Late,No Return,Unknown,0.0
503640,2025-05-20,2,Late,No Return,Unknown,0.0
503641,2024-04-20,7,Late,No Return,Unknown,0.0
503642,2025-05-11,3,On Time,No Return,Unknown,0.0
503643,2025-01-06,1,On Time,No Return,Unknown,0.0
503644,2025-01-27,5,On Time,No Return,Unknown,0.0
503645,2024-08-28,4,Late,No Return,Unknown,0.0
503646,2024-04-06,7,Late,No Return,Unknown,0.0
503647,2024-12-05,7,Late,No Return,Unknown,0.0
503648,2025-01-14,3,On Time,Returned,Late Delivery,732.84
503649,2024-09-02,6,On Time,No Return,Unknown,0.0
503650,2026-01-06,7,Late,No Return,Unknown,0.0
503651,2024-07-06,6,On Time,No Return,Unknown,0.0
503652,2024-09-21,8,Late,Returned,Quality Issue,3743.7
503653,2024-07-11,4,Late,No Return,Unknown,0.0
503654,2025-02-22,4,Late,No Return,Unknown,0.0
503655,2024-09-15,4,Late,No Return,Unknown,0.0
503656,2024-02-18,4,Late,No Return,Unknown,0.0
503657,2025-08-26,6,On Time,No Return,Unknown,0.0
503658,2024-07-22,3,On Time,No Return,Unknown,0.0
503659,2024-12-30,6,Not Delivered,No Return,Unknown,0.0
503660,2024-12-15,7,Late,Returned,Late Delivery,210.7
503661,2024-08-02,3,Late,No Return,Unknown,0.0
503662,2025-09-27,5,Late,No Return,Unknown,0.0
503663,2024-10-31,7,Not Delivered,No Return,Unknown,0.0
503664,2024-06-06,3,On Time,No Return,Unknown,0.0
503665,2025-12-05,7,Late,Returned,Changed Mind,16775.77
503666,2024-07-21,6,On Time,No Return,Unknown,0.0
503667,2025-05-01,5,On Time,Returned,Quality Issue,116.47
503668,2025-12-19,6,On Time,No Return,Unknown,0.0
503669,2025-01-19,6,On Time,No Return,Unknown,0.0
503670,2025-12-14,8,Late,No Return,Unknown,0.0
503671,2025-01-05,4,Late,No Return,Unknown,0.0
503672,2025-06-24,4,Late,No Return,Unknown,0.0
503673,2024-03-17,6,On Time,No Return,Unknown,0.0
503674,2024-02-03,6,On Time,No Return,Unknown,0.0
503675,2025-01-31,4,Late,No Return,Unknown,0.0
503676,2025-06-11,5,On Time,Returned,Quality Issue,9274.31
503677,2024-12-20,6,On Time,No Return,Unknown,0.0
503678,2024-05-04,7,Late,No Return,Unknown,0.0
503679,2025-01-21,7,Late,Returned,Late Delivery,3250.91
503680,2024-08-02,7,Not Delivered,No Return,Unknown,0.0
503681,2025-03-05,7,Late,No Return,Unknown,0.0
503682,2024-04-07,5,On Time,No Return,Unknown,0.0
503683,2024-05-25,5,On Time,Returned,Damaged,868.2
503684,2024-12-25,5,On Time,No Return,Unknown,0.0
503685,2025-06-10,4,Late,No Return,Unknown,0.0
503686,2024-03-16,7,Late,No Return,Unknown,0.0
503687,2025-08-06,2,Late,No Return,Unknown,0.0
503688,2025-12-02,5,On Time,No Return,Unknown,0.0
503689,2024-05-08,5,On Time,No Return,Unknown,0.0
503690,2025-02-25,3,On Time,No Return,Unknown,0.0
503691,2025-06-12,6,On Time,No Return,Unknown,0.0
503692,2025-11-13,5,On Time,No Return,Unknown,0.0
503693,2025-08-30,5,On Time,No Return,Unknown,0.0
503694,2024-12-10,4,Late,No Return,Unknown,0.0
503695,2024-11-05,5,On Time,No Return,Unknown,0.0
503696,2024-06-11,6,On Time,No Return,Unknown,0.0
503697,2024-03-31,3,On Time,No Return,Unknown,0.0
503698,2024-08-16,1,On Time,Returned,Wrong Item,5210.7
503699,2025-01-01,2,On Time,No Return,Unknown,0.0
503700,2025-10-12,5,On Time,No Return,Unknown,0.0
503701,2024-09-25,3,On Time,No Return,Unknown,0.0
503702,2024-03-31,7,Late,No Return,Unknown,0.0
503703,2024-08-06,7,Late,No Return,Unknown,0.0
503704,2024-08-11,6,On Time,No Return,Unknown,0.0
503705,2024-06-05,6,On Time,No Return,Unknown,0.0
503706,2025-11-23,7,Late,No Return,Unknown,0.0
503707,2024-05-22,3,On Time,No Return,Unknown,0.0
503708,2024-03-02,7,Late,No Return,Unknown,0.0
503709,2024-05-23,3,On Time,No Return,Unknown,0.0
503710,2024-03-19,5,On Time,No Return,Unknown,0.0
503711,2024-05-18,4,On Time,No Return,Unknown,0.0
503712,2025-10-09,6,On Time,No Return,Unknown,0.0
503713,2024-02-02,7,Late,No Return,Unknown,0.0
503714,2025-05-09,7,Late,No Return,Unknown,0.0
503715,2025-03-16,6,On Time,No Return,Unknown,0.0
503716,2025-08-10,7,Late,No Return,Unknown,0.0
503717,2024-03-04,2,Late,No Return,Unknown,0.0
503718,2024-07-22,4,Late,No Return,Unknown,0.0
503719,2025-05-09,5,Late,No Return,Unknown,0.0
503720,2025-05-09,2,Late,No Return,Unknown,0.0
503721,2025-11-17,8,Late,No Return,Unknown,0.0
503722,2025-04-18,6,On Time,No Return,Unknown,0.0
503723,2024-05-02,7,Late,No Return,Unknown,0.0
503724,2025-01-10,5,On Time,No Return,Unknown,0.0
503725,2025-10-17,5,On Time,No Return,Unknown,0.0
503726,2024-08-25,6,On Time,No Return,Unknown,0.0
503727,2025-03-25,2,Late,No Return,Unknown,0.0
503728,2024-08-06,5,On Time,No Return,Unknown,0.0
503729,2024-07-31,5,On Time,No Return,Unknown,0.0
503730,2024-04-14,3,On Time,No Return,Unknown,0.0
503731,2024-01-14,4,On Time,No Return,Unknown,0.0
503732,2025-04-20,3,On Time,No Return,Unknown,0.0
503733,2024-05-08,6,On Time,No Return,Unknown,0.0
503734,2024-01-06,2,On Time,No Return,Unknown,0.0
503735,2025-04-14,3,On Time,No Return,Unknown,0.0
503736,2024-09-22,7,Late,No Return,Unknown,0.0
503737,2025-12-28,7,Late,No Return,Unknown,0.0
503738,2024-10-17,4,Late,No Return,Unknown,0.0
503739,2024-02-05,5,On Time,No Return,Unknown,0.0
503740,2025-11-23,5,On Time,No Return,Unknown,0.0
503741,2025-06-09,5,Not Delivered,No Return,Unknown,0.0
503742,2025-12-23,7,Late,No Return,Unknown,0.0
503743,2025-09-17,6,On Time,No Return,Unknown,0.0
503744,2024-05-09,6,On Time,No Return,Unknown,0.0
503745,2024-05-14,5,On Time,No Return,Unknown,0.0
503746,2025-06-03,4,Late,No Return,Unknown,0.0
503747,2025-04-27,3,On Time,No Return,Unknown,0.0
503748,2025-07-01,6,On Time,No Return,Unknown,0.0
503749,2024-03-25,8,Late,No Return,Unknown,0.0
503750,2024-07-04,3,On Time,No Return,Unknown,0.0
503751,2025-01-03,3,On Time,Returned,Damaged,485.44
503752,2024-10-23,5,On Time,No Return,Unknown,0.0
503753,2025-12-18,4,On Time,No Return,Unknown,0.0
503754,2025-01-25,2,Late,No Return,Unknown,0.0
503755,2024-06-07,2,Late,No Return,Unknown,0.0
503756,2024-04-13,4,Late,No Return,Unknown,0.0
503757,2025-10-02,7,Late,No Return,Unknown,0.0
503758,2024-04-25,6,On Time,No Return,Unknown,0.0
503759,2025-11-14,5,On Time,No Return,Unknown,0.0
503760,2025-10-08,5,On Time,No Return,Unknown,0.0
503761,2024-10-03,7,Late,No Return,Unknown,0.0
503762,2024-05-21,4,Late,No Return,Unknown,0.0
503763,2025-11-23,5,On Time,No Return,Unknown,0.0
503764,2024-03-08,4,Late,No Return,Unknown,0.0
503765,2025-10-09,5,On Time,No Return,Unknown,0.0
503766,2025-05-24,3,Late,No Return,Unknown,0.0
503767,2025-12-05,5,On Time,No Return,Unknown,0.0
503768,2024-12-18,3,On Time,No Return,Unknown,0.0
503769,2024-06-01,6,On Time,No Return,Unknown,0.0
503770,2024-12-05,5,On Time,No Return,Unknown,0.0
503771,2025-06-18,3,On Time,No Return,Unknown,0.0
503772,2025-07-11,4,Late,Returned,Changed Mind,252.88
503773,2025-02-15,5,On Time,No Return,Unknown,0.0
503774,2024-12-15,6,On Time,No Return,Unknown,0.0
503775,2025-10-17,4,On Time,No Return,Unknown,0.0
503776,2025-06-09,5,On Time,No Return,Unknown,0.0
503777,2025-08-18,5,On Time,No Return,Unknown,0.0
503778,2025-10-26,5,Late,Returned,Quality Issue,487.21
503779,2025-12-11,6,On Time,No Return,Unknown,0.0
503780,2024-05-17,2,Late,No Return,Unknown,0.0
503781,2024-02-15,7,Late,No Return,Unknown,0.0
503782,2024-11-18,3,On Time,No Return,Unknown,0.0
503783,2024-10-14,1,On Time,No Return,Unknown,0.0
503784,2025-04-11,4,On Time,No Return,Unknown,0.0
503785,2025-10-29,6,Not Delivered,No Return,Unknown,0.0
503786,2024-12-21,4,On Time,No Return,Unknown,0.0
503787,2024-01-08,3,On Time,No Return,Unknown,0.0
503788,2024-08-31,8,Late,No Return,Unknown,0.0
503789,2024-08-25,2,Late,No Return,Unknown,0.0
503790,2025-05-16,1,On Time,Returned,Changed Mind,244.18
503791,2024-04-16,2,Late,Returned,Wrong Item,1116.18
503792,2024-08-02,8,Late,No Return,Unknown,0.0
503793,2024-08-31,5,On Time,No Return,Unknown,0.0
503794,2024-02-27,6,On Time,No Return,Unknown,0.0
503795,2024-04-21,4,Late,No Return,Unknown,0.0
503796,2024-12-28,6,On Time,No Return,Unknown,0.0
503797,2024-02-04,2,Late,No Return,Unknown,0.0
503798,2024-01-25,3,On Time,No Return,Unknown,0.0
503799,2024-11-07,5,On Time,No Return,Unknown,0.0
503800,2024-01-17,6,On Time,No Return,Unknown,0.0
503801,2025-10-04,4,Late,No Return,Unknown,0.0
503802,2025-03-23,6,On Time,No Return,Unknown,0.0
503803,2025-07-20,5,On Time,No Return,Unknown,0.0
503804,2024-07-21,5,On Time,No Return,Unknown,0.0
503805,2025-06-18,6,On Time,No Return,Unknown,0.0
503806,2024-02-17,4,On Time,No Return,Unknown,0.0
503807,2024-07-10,7,Late,Returned,Wrong Item,375.71
503808,2025-01-31,8,Late,Returned,Late Delivery,314.39
503809,2025-07-10,6,On Time,No Return,Unknown,0.0
503810,2025-05-25,4,On Time,No Return,Unknown,0.0
503811,2025-03-22,5,On Time,No Return,Unknown,0.0
503812,2025-05-15,5,Late,No Return,Unknown,0.0
503813,2025-05-23,4,On Time,Returned,Quality Issue,2348.74
503814,2024-05-20,4,On Time,No Return,Unknown,0.0
503815,2024-10-12,7,Late,No Return,Unknown,0.0
503816,2024-06-18,6,On Time,No Return,Unknown,0.0
503817,2025-07-03,7,Late,No Return,Unknown,0.0
503818,2024-01-28,5,On Time,No Return,Unknown,0.0
503819,2025-12-17,6,On Time,No Return,Unknown,0.0
503820,2025-05-25,4,Late,No Return,Unknown,0.0
503821,2025-11-23,7,Late,No Return,Unknown,0.0
503822,2025-05-26,2,On Time,No Return,Unknown,0.0
503823,2025-07-28,5,On Time,No Return,Unknown,0.0
503824,2025-12-12,4,Late,No Return,Unknown,0.0
503825,2025-08-24,2,On Time,No Return,Unknown,0.0
503826,2025-03-21,2,Not Delivered,No Return,Unknown,0.0
503827,2024-05-27,6,On Time,No Return,Unknown,0.0
503828,2024-10-15,8,Late,No Return,Unknown,0.0
503829,2024-07-30,5,Late,No Return,Unknown,0.0
503830,2025-11-21,7,Late,No Return,Unknown,0.0
503831,2024-11-03,6,On Time,No Return,Unknown,0.0
503832,2025-02-04,4,On Time,No Return,Unknown,0.0
503833,2024-11-19,6,On Time,No Return,Unknown,0.0
503834,2024-02-23,6,On Time,No Return,Unknown,0.0
503835,2025-11-08,5,On Time,No Return,Unknown,0.0
503836,2025-11-12,5,On Time,No Return,Unknown,0.0
503837,2025-01-26,2,On Time,No Return,Unknown,0.0
503838,2025-01-16,3,On Time,No Return,Unknown,0.0
503839,2024-08-09,5,On Time,Returned,Changed Mind,25240.61
503840,2025-09-24,4,On Time,No Return,Unknown,0.0
503841,2024-09-12,5,Late,No Return,Unknown,0.0
503842,2025-03-15,6,On Time,No Return,Unknown,0.0
503843,2025-08-14,7,Late,No Return,Unknown,0.0
503844,2024-10-16,6,On Time,No Return,Unknown,0.0
503845,2025-04-29,2,Late,Returned,Changed Mind,24021.88
503846,2025-12-11,4,On Time,No Return,Unknown,0.0
503847,2024-09-27,4,Late,No Return,Unknown,0.0
503848,2025-08-26,5,On Time,No Return,Unknown,0.0
503849,2024-09-06,4,Late,No Return,Unknown,0.0
503850,2024-06-14,8,Late,No Return,Unknown,0.0
503851,2024-12-25,3,On Time,No Return,Unknown,0.0
503852,2025-07-06,5,Late,No Return,Unknown,0.0
503853,2024-08-29,6,On Time,No Return,Unknown,0.0
503854,2025-04-07,3,On Time,No Return,Unknown,0.0
503855,2024-04-16,7,Late,No Return,Unknown,0.0
503856,2024-05-05,7,Late,Returned,Quality Issue,1965.21
503857,2024-12-26,7,Late,No Return,Unknown,0.0
503858,2025-12-12,4,On Time,No Return,Unknown,0.0
503859,2024-04-02,5,On Time,No Return,Unknown,0.0
503860,2024-02-13,8,Late,No Return,Unknown,0.0
503861,2024-11-13,4,Late,No Return,Unknown,0.0
503862,2025-06-29,6,On Time,No Return,Unknown,0.0
503863,2025-07-10,6,On Time,No Return,Unknown,0.0
503864,2024-11-23,6,On Time,No Return,Unknown,0.0
503865,2025-03-08,6,On Time,No Return,Unknown,0.0
503866,2025-06-03,3,On Time,No Return,Unknown,0.0
503867,2025-10-17,3,On Time,No Return,Unknown,0.0
503868,2024-01-12,3,On Time,No Return,Unknown,0.0
503869,2025-01-01,8,Late,No Return,Unknown,0.0
503870,2025-04-27,5,On Time,No Return,Unknown,0.0
503871,2024-03-02,5,On Time,No Return,Unknown,0.0
503872,2024-10-11,2,Not Delivered,No Return,Unknown,0.0
503873,2025-03-28,8,Late,No Return,Unknown,0.0
503874,2025-04-12,7,Late,No Return,Unknown,0.0
503875,2025-05-09,5,On Time,No Return,Unknown,0.0
503876,2025-01-01,8,Late,No Return,Unknown,0.0
503877,2025-11-24,4,Late,No Return,Unknown,0.0
503878,2025-08-21,5,On Time,No Return,Unknown,0.0
503879,2025-08-22,3,On Time,No Return,Unknown,0.0
503880,2024-03-09,4,Late,No Return,Unknown,0.0
503881,2025-03-09,5,On Time,Returned,Late Delivery,1116.24
503882,2025-04-07,6,On Time,No Return,Unknown,0.0
503883,2024-05-20,5,On Time,No Return,Unknown,0.0
503884,2025-08-30,2,Late,No Return,Unknown,0.0
503885,2024-02-25,8,Late,No Return,Unknown,0.0
503886,2025-09-10,7,Late,No Return,Unknown,0.0
503887,2024-07-16,4,Late,No Return,Unknown,0.0
503888,2024-04-28,2,Late,No Return,Unknown,0.0
503889,2024-06-18,6,On Time,Returned,Damaged,5831.15
503890,2025-05-01,8,Late,No Return,Unknown,0.0
503891,2024-10-20,7,Late,No Return,Unknown,0.0
503892,2025-06-24,5,Late,No Return,Unknown,0.0
503893,2025-05-14,6,On Time,No Return,Unknown,0.0
503894,2025-02-11,3,On Time,No Return,Unknown,0.0
503895,2024-04-10,5,On Time,No Return,Unknown,0.0
503896,2025-05-15,4,On Time,No Return,Unknown,0.0
503897,2024-09-15,5,On Time,No Return,Unknown,0.0
503898,2025-02-21,4,Late,No Return,Unknown,0.0
503899,2025-09-30,6,On Time,No Return,Unknown,0.0
503900,2025-08-12,6,On Time,No Return,Unknown,0.0
503901,2025-01-08,3,On Time,No Return,Unknown,0.0
503902,2025-08-02,4,Late,No Return,Unknown,0.0
503903,2024-09-02,3,On Time,No Return,Unknown,0.0
503904,2025-10-07,7,Late,No Return,Unknown,0.0
503905,2025-01-08,1,On Time,No Return,Unknown,0.0
503906,2024-02-13,5,On Time,Returned,Changed Mind,2757.76
503907,2024-12-25,7,Late,No Return,Unknown,0.0
503908,2025-03-07,6,On Time,No Return,Unknown,0.0
503909,2024-03-21,4,Late,Returned,Damaged,1204.28
503910,2025-05-26,2,Late,No Return,Unknown,0.0
503911,2025-06-03,3,On Time,No Return,Unknown,0.0
503912,2024-05-26,7,Late,No Return,Unknown,0.0
503913,2024-09-12,4,On Time,No Return,Unknown,0.0
503914,2025-11-03,4,On Time,No Return,Unknown,0.0
503915,2024-11-21,9,Not Delivered,No Return,Unknown,0.0
503916,2025-02-26,3,On Time,No Return,Unknown,0.0
503917,2024-03-21,6,On Time,No Return,Unknown,0.0
503918,2024-02-03,5,Late,No Return,Unknown,0.0
503919,2024-02-14,4,On Time,No Return,Unknown,0.0
503920,2025-06-28,4,On Time,Returned,Damaged,854.39
503921,2025-05-11,5,On Time,No Return,Unknown,0.0
503922,2024-04-18,9,Late,No Return,Unknown,0.0
503923,2024-11-20,5,Not Delivered,No Return,Unknown,0.0
503924,2025-07-28,5,Late,No Return,Unknown,0.0
503925,2025-12-29,6,On Time,No Return,Unknown,0.0
503926,2025-10-15,4,Late,No Return,Unknown,0.0
503927,2025-06-12,6,On Time,No Return,Unknown,0.0
503928,2024-07-11,4,On Time,No Return,Unknown,0.0
503929,2025-03-29,4,Late,No Return,Unknown,0.0
503930,2024-04-08,5,On Time,No Return,Unknown,0.0
503931,2024-07-05,6,On Time,No Return,Unknown,0.0
503932,2024-11-20,4,Late,No Return,Unknown,0.0
503933,2024-10-15,6,On Time,No Return,Unknown,0.0
503934,2025-02-01,7,Late,No Return,Unknown,0.0
503935,2024-11-20,4,Late,No Return,Unknown,0.0
503936,2025-07-29,6,On Time,No Return,Unknown,0.0
503937,2024-01-27,2,Late,No Return,Unknown,0.0
503938,2024-09-21,5,On Time,No Return,Unknown,0.0
503939,2025-05-18,7,Late,No Return,Unknown,0.0
503940,2024-08-05,5,On Time,No Return,Unknown,0.0
503941,2024-05-01,7,Late,No Return,Unknown,0.0
503942,2025-03-30,3,Late,No Return,Unknown,0.0
503943,2025-12-02,2,On Time,No Return,Unknown,0.0
503944,2025-10-13,4,Not Delivered,No Return,Unknown,0.0
503945,2025-05-10,6,Late,No Return,Unknown,0.0
503946,2025-08-31,7,Late,No Return,Unknown,0.0
503947,2025-06-14,3,On Time,No Return,Unknown,0.0
503948,2025-10-28,8,Late,No Return,Unknown,0.0
503949,2025-01-23,4,Late,No Return,Unknown,0.0
503950,2025-09-07,3,On Time,No Return,Unknown,0.0
503951,2025-02-26,5,Late,Returned,Quality Issue,1517.9
503952,2024-08-12,6,On Time,Returned,Quality Issue,357.82
503953,2025-07-16,6,On Time,No Return,Unknown,0.0
503954,2024-03-08,5,On Time,Returned,Wrong Item,395.33
503955,2024-12-20,5,Late,No Return,Unknown,0.0
503956,2025-01-29,5,On Time,No Return,Unknown,0.0
503957,2025-01-18,7,Not Delivered,No Return,Unknown,0.0
503958,2024-03-13,7,Late,No Return,Unknown,0.0
503959,2024-04-29,1,On Time,No Return,Unknown,0.0
503960,2024-01-15,7,Late,No Return,Unknown,0.0
503961,2025-12-12,5,Late,No Return,Unknown,0.0
503962,2024-02-02,6,Not Delivered,No Return,Unknown,0.0
503963,2024-10-20,4,Late,No Return,Unknown,0.0
503964,2024-02-03,6,On Time,No Return,Unknown,0.0
503965,2024-06-15,8,Late,No Return,Unknown,0.0
503966,2024-05-27,3,On Time,No Return,Unknown,0.0
503967,2025-04-16,5,On Time,No Return,Unknown,0.0
503968,2024-04-23,6,Late,No Return,Unknown,0.0
503969,2025-03-18,4,On Time,Returned,Late Delivery,1764.87
503970,2024-07-24,3,On Time,No Return,Unknown,0.0
503971,2024-10-31,4,On Time,No Return,Unknown,0.0
503972,2025-03-18,5,On Time,No Return,Unknown,0.0
503973,2024-01-16,5,On Time,No Return,Unknown,0.0
503974,2025-09-01,3,On Time,No Return,Unknown,0.0
503975,2025-10-07,4,Late,Returned,Damaged,33887.83
503976,2024-04-14,2,On Time,No Return,Unknown,0.0
503977,2025-05-04,4,On Time,No Return,Unknown,0.0
503978,2024-04-24,5,On Time,No Return,Unknown,0.0
503979,2025-10-11,7,Late,No Return,Unknown,0.0
503980,2025-12-08,5,On Time,No Return,Unknown,0.0
503981,2024-04-04,2,Late,No Return,Unknown,0.0
503982,2025-12-22,4,On Time,No Return,Unknown,0.0
503983,2025-07-01,7,Late,No Return,Unknown,0.0
503984,2025-12-05,6,On Time,No Return,Unknown,0.0
503985,2025-05-25,4,Late,No Return,Unknown,0.0
503986,2024-06-29,4,Late,No Return,Unknown,0.0
503987,2025-03-21,7,Late,No Return,Unknown,0.0
503988,2025-11-02,4,On Time,No Return,Unknown,0.0
503989,2025-12-14,3,Not Delivered,No Return,Unknown,0.0
503990,2025-05-29,4,On Time,No Return,Unknown,0.0
503991,2024-04-25,7,Late,No Return,Unknown,0.0
503992,2024-03-17,5,Late,No Return,Unknown,0.0
503993,2025-05-11,8,Late,No Return,Unknown,0.0
503994,2024-10-10,3,On Time,No Return,Unknown,0.0
503995,2024-08-04,3,On Time,Returned,Quality Issue,1694.29
503996,2025-04-05,4,On Time,No Return,Unknown,0.0
503997,2025-08-13,4,On Time,No Return,Unknown,0.0
503998,2025-02-25,4,Late,Returned,Quality Issue,1713.75
503999,2025-05-29,5,On Time,No Return,Unknown,0.0
504000,2025-10-28,5,On Time,No Return,Unknown,0.0
504001,2024-11-25,7,Late,No Return,Unknown,0.0
504002,2024-07-02,6,On Time,No Return,Unknown,0.0
504003,2025-11-23,5,Not Delivered,No Return,Unknown,0.0
504004,2024-04-17,4,On Time,No Return,Unknown,0.0
504005,2024-05-03,5,On Time,No Return,Unknown,0.0
504006,2025-12-15,3,On Time,No Return,Unknown,0.0
504007,2025-08-11,7,Late,No Return,Unknown,0.0
504008,2024-03-05,8,Late,No Return,Unknown,0.0
504009,2025-02-18,6,On Time,No Return,Unknown,0.0
504010,2025-08-04,4,Late,No Return,Unknown,0.0
504011,2024-03-04,6,On Time,No Return,Unknown,0.0
504012,2024-04-29,3,On Time,No Return,Unknown,0.0
504013,2025-03-05,5,On Time,No Return,Unknown,0.0
504014,2024-01-23,2,Late,No Return,Unknown,0.0
504015,2024-03-25,6,On Time,No Return,Unknown,0.0
504016,2025-07-17,5,Late,No Return,Unknown,0.0
504017,2025-11-16,3,On Time,No Return,Unknown,0.0
504018,2025-08-23,5,Late,No Return,Unknown,0.0
504019,2024-04-24,7,Late,No Return,Unknown,0.0
504020,2024-10-02,5,Late,No Return,Unknown,0.0
504021,2025-11-20,2,On Time,No Return,Unknown,0.0
504022,2025-04-22,2,On Time,No Return,Unknown,0.0
504023,2024-03-16,6,On Time,No Return,Unknown,0.0
504024,2025-01-24,3,Late,No Return,Unknown,0.0
504025,2024-06-18,4,On Time,No Return,Unknown,0.0
504026,2024-03-02,4,Late,No Return,Unknown,0.0
504027,2025-04-01,6,On Time,No Return,Unknown,0.0
504028,2024-09-07,6,On Time,No Return,Unknown,0.0
504029,2024-02-19,5,On Time,No Return,Unknown,0.0
504030,2025-11-21,7,Late,No Return,Unknown,0.0
504031,2025-01-23,6,On Time,No Return,Unknown,0.0
504032,2025-08-06,6,On Time,Returned,Wrong Item,8051.0
504033,2025-12-08,7,Late,No Return,Unknown,0.0
504034,2024-03-18,7,Late,No Return,Unknown,0.0
504035,2025-07-05,4,Late,No Return,Unknown,0.0
504036,2024-08-30,4,Late,No Return,Unknown,0.0
504037,2025-08-08,6,On Time,No Return,Unknown,0.0
504038,2024-04-23,6,On Time,No Return,Unknown,0.0
504039,2024-07-30,4,Late,No Return,Unknown,0.0
504040,2025-12-28,6,On Time,No Return,Unknown,0.0
504041,2024-11-02,5,On Time,No Return,Unknown,0.0
504042,2025-03-11,6,On Time,No Return,Unknown,0.0
504043,2024-12-19,6,On Time,No Return,Unknown,0.0
504044,2024-04-23,7,Late,No Return,Unknown,0.0
504045,2025-06-16,5,Late,No Return,Unknown,0.0
504046,2025-02-14,5,On Time,No Return,Unknown,0.0
504047,2024-09-17,5,On Time,No Return,Unknown,0.0
504048,2024-11-03,7,Late,No Return,Unknown,0.0
504049,2024-05-27,3,On Time,No Return,Unknown,0.0
504050,2025-11-13,7,Late,Returned,Damaged,4705.63
504051,2025-06-13,6,On Time,No Return,Unknown,0.0
504052,2025-07-23,8,Late,No Return,Unknown,0.0
504053,2025-01-01,7,Late,No Return,Unknown,0.0
504054,2025-06-12,5,Not Delivered,No Return,Unknown,0.0
504055,2025-05-03,5,On Time,No Return,Unknown,0.0
504056,2024-07-11,3,On Time,No Return,Unknown,0.0
504057,2024-10-29,7,Late,No Return,Unknown,0.0
504058,2024-04-07,5,On Time,No Return,Unknown,0.0
504059,2024-05-14,5,On Time,No Return,Unknown,0.0
504060,2025-05-04,6,On Time,No Return,Unknown,0.0
504061,2025-02-16,4,Not Delivered,No Return,Unknown,0.0
504062,2024-12-09,3,On Time,Returned,Changed Mind,1566.68
504063,2024-08-05,4,On Time,No Return,Unknown,0.0
504064,2024-12-03,8,Late,No Return,Unknown,0.0
504065,2024-06-28,5,On Time,No Return,Unknown,0.0
504066,2025-03-24,5,On Time,No Return,Unknown,0.0
504067,2024-07-24,5,Not Delivered,No Return,Unknown,0.0
504068,2025-09-15,7,Not Delivered,No Return,Unknown,0.0
504069,2024-04-11,4,On Time,No Return,Unknown,0.0
504070,2024-04-16,4,Late,No Return,Unknown,0.0
504071,2025-07-11,5,Late,No Return,Unknown,0.0
504072,2024-06-03,4,On Time,No Return,Unknown,0.0
504073,2024-09-25,1,On Time,No Return,Unknown,0.0
504074,2024-12-23,6,On Time,No Return,Unknown,0.0
504075,2025-04-14,3,On Time,No Return,Unknown,0.0
504076,2024-10-09,5,Late,No Return,Unknown,0.0
504077,2025-07-27,6,On Time,Returned,Quality Issue,608.55
504078,2024-01-19,3,On Time,No Return,Unknown,0.0
504079,2025-04-06,6,On Time,No Return,Unknown,0.0
504080,2024-07-03,6,On Time,No Return,Unknown,0.0
504081,2024-05-17,4,Late,No Return,Unknown,0.0
504082,2024-09-19,5,On Time,No Return,Unknown,0.0
504083,2024-03-07,5,On Time,No Return,Unknown,0.0
504084,2025-05-04,8,Late,No Return,Unknown,0.0
504085,2025-04-26,5,Late,No Return,Unknown,0.0
504086,2025-10-01,5,On Time,No Return,Unknown,0.0
504087,2024-02-17,6,Not Delivered,No Return,Unknown,0.0
504088,2025-01-15,8,Late,No Return,Unknown,0.0
504089,2025-01-10,3,On Time,No Return,Unknown,0.0
504090,2024-10-31,6,On Time,No Return,Unknown,0.0
504091,2024-02-26,5,On Time,No Return,Unknown,0.0
504092,2025-01-16,3,Late,No Return,Unknown,0.0
504093,2024-11-12,5,On Time,No Return,Unknown,0.0
504094,2025-08-08,7,Late,No Return,Unknown,0.0
504095,2024-03-04,5,On Time,No Return,Unknown,0.0
504096,2024-11-05,6,On Time,No Return,Unknown,0.0
504097,2024-02-11,7,Late,No Return,Unknown,0.0
504098,2025-10-13,4,Late,No Return,Unknown,0.0
504099,2025-08-17,7,Late,No Return,Unknown,0.0
504100,2025-05-10,3,On Time,No Return,Unknown,0.0
504101,2025-05-11,6,On Time,No Return,Unknown,0.0
504102,2024-08-12,4,On Time,No Return,Unknown,0.0
504103,2025-08-26,7,Late,No Return,Unknown,0.0
504104,2024-05-05,3,On Time,No Return,Unknown,0.0
504105,2025-12-12,5,On Time,No Return,Unknown,0.0
504106,2024-04-17,6,Not Delivered,No Return,Unknown,0.0
504107,2025-06-03,5,On Time,No Return,Unknown,0.0
504108,2024-11-16,8,Late,Returned,Damaged,1089.61
504109,2025-05-23,3,On Time,No Return,Unknown,0.0
504110,2025-05-14,6,On Time,Returned,Wrong Item,277.14
504111,2025-10-25,4,On Time,No Return,Unknown,0.0
504112,2024-07-23,6,On Time,No Return,Unknown,0.0
504113,2025-09-28,4,Late,No Return,Unknown,0.0
504114,2025-11-16,5,Late,No Return,Unknown,0.0
504115,2025-05-31,4,Late,No Return,Unknown,0.0
504116,2024-11-26,1,On Time,No Return,Unknown,0.0
504117,2025-09-17,5,On Time,No Return,Unknown,0.0
504118,2024-11-26,4,Late,No Return,Unknown,0.0
504119,2024-01-16,6,On Time,No Return,Unknown,0.0
504120,2024-05-12,6,On Time,No Return,Unknown,0.0
504121,2025-11-07,8,Late,Returned,Damaged,1433.48
504122,2024-08-23,5,On Time,No Return,Unknown,0.0
504123,2024-01-16,1,On Time,No Return,Unknown,0.0
504124,2025-05-06,5,On Time,No Return,Unknown,0.0
504125,2025-03-22,5,On Time,No Return,Unknown,0.0
504126,2025-07-15,4,Late,No Return,Unknown,0.0
504127,2024-10-07,7,Late,No Return,Unknown,0.0
504128,2025-09-15,6,On Time,No Return,Unknown,0.0
504129,2024-01-09,6,Late,No Return,Unknown,0.0
504130,2024-11-24,3,On Time,No Return,Unknown,0.0
504131,2024-09-11,2,On Time,No Return,Unknown,0.0
504132,2025-06-20,3,On Time,No Return,Unknown,0.0
504133,2024-03-02,7,Late,No Return,Unknown,0.0
504134,2025-03-28,5,On Time,No Return,Unknown,0.0
504135,2024-10-26,3,Not Delivered,No Return,Unknown,0.0
504136,2025-09-18,5,On Time,No Return,Unknown,0.0
504137,2025-01-09,2,Late,No Return,Unknown,0.0
504138,2025-04-16,3,On Time,No Return,Unknown,0.0
504139,2024-05-20,5,On Time,Returned,Late Delivery,1458.0
504140,2024-09-07,5,On Time,No Return,Unknown,0.0
504141,2024-03-16,6,On Time,No Return,Unknown,0.0
504142,2025-04-29,4,Not Delivered,No Return,Unknown,0.0
504143,2025-06-18,5,On Time,No Return,Unknown,0.0
504144,2025-05-11,7,Late,Returned,Changed Mind,1617.38
504145,2025-05-21,4,Late,No Return,Unknown,0.0
504146,2025-12-04,6,On Time,No Return,Unknown,0.0
504147,2024-05-02,6,On Time,No Return,Unknown,0.0
504148,2024-09-19,6,On Time,No Return,Unknown,0.0
504149,2025-08-31,2,On Time,No Return,Unknown,0.0
504150,2025-03-08,5,On Time,No Return,Unknown,0.0
504151,2024-04-30,6,On Time,No Return,Unknown,0.0
504152,2025-05-13,5,On Time,No Return,Unknown,0.0
504153,2024-03-05,3,On Time,No Return,Unknown,0.0
504154,2025-05-16,5,On Time,No Return,Unknown,0.0
504155,2025-09-29,2,On Time,No Return,Unknown,0.0
504156,2024-03-25,5,On Time,No Return,Unknown,0.0
504157,2025-10-22,2,Late,No Return,Unknown,0.0
504158,2025-05-05,6,On Time,No Return,Unknown,0.0
504159,2024-01-30,8,Late,No Return,Unknown,0.0
504160,2025-08-21,4,Late,No Return,Unknown,0.0
504161,2024-11-24,5,On Time,No Return,Unknown,0.0
504162,2025-06-05,5,On Time,No Return,Unknown,0.0
504163,2024-09-24,7,Late,No Return,Unknown,0.0
504164,2024-05-15,7,Late,No Return,Unknown,0.0
504165,2025-09-21,4,Late,No Return,Unknown,0.0
504166,2024-10-14,4,Late,No Return,Unknown,0.0
504167,2024-02-21,5,On Time,No Return,Unknown,0.0
504168,2024-07-11,5,Late,No Return,Unknown,0.0
504169,2024-01-23,4,Late,No Return,Unknown,0.0
504170,2025-08-27,6,On Time,No Return,Unknown,0.0
504171,2025-10-20,5,On Time,No Return,Unknown,0.0
504172,2024-01-15,7,Late,Returned,Wrong Item,2771.2
504173,2024-02-07,1,On Time,No Return,Unknown,0.0
504174,2025-08-26,6,On Time,No Return,Unknown,0.0
504175,2024-03-16,4,Late,No Return,Unknown,0.0
504176,2025-01-22,7,Late,No Return,Unknown,0.0
504177,2024-09-29,7,Late,No Return,Unknown,0.0
504178,2024-03-15,8,Late,No Return,Unknown,0.0
504179,2025-10-17,3,On Time,No Return,Unknown,0.0
504180,2024-03-10,6,On Time,Returned,Damaged,3800.97
504181,2024-02-03,4,On Time,No Return,Unknown,0.0
504182,2025-07-14,4,Not Delivered,No Return,Unknown,0.0
504183,2025-10-10,3,On Time,No Return,Unknown,0.0
504184,2024-01-21,5,On Time,Returned,Damaged,217.38
504185,2024-10-09,5,On Time,No Return,Unknown,0.0
504186,2026-01-02,2,Late,No Return,Unknown,0.0
504187,2024-10-09,6,On Time,No Return,Unknown,0.0
504188,2024-08-13,5,On Time,No Return,Unknown,0.0
504189,2024-07-16,5,On Time,No Return,Unknown,0.0
504190,2025-11-06,6,On Time,Returned,Wrong Item,2733.86
504191,2024-01-31,7,Late,No Return,Unknown,0.0
504192,2024-05-26,6,On Time,Returned,Quality Issue,4584.7
504193,2024-01-31,5,On Time,No Return,Unknown,0.0
504194,2024-04-10,3,On Time,No Return,Unknown,0.0
504195,2024-10-08,6,On Time,No Return,Unknown,0.0
504196,2025-08-02,7,Late,No Return,Unknown,0.0
504197,2024-09-05,6,On Time,No Return,Unknown,0.0
504198,2025-03-09,1,On Time,No Return,Unknown,0.0
504199,2024-01-12,3,On Time,No Return,Unknown,0.0
504200,2024-10-05,7,Late,No Return,Unknown,0.0
504201,2024-02-05,4,Late,No Return,Unknown,0.0
504202,2025-09-02,6,On Time,No Return,Unknown,0.0
504203,2025-04-27,4,Late,No Return,Unknown,0.0
504204,2024-05-12,5,Late,Returned,Wrong Item,1547.98
504205,2024-01-22,5,On Time,No Return,Unknown,0.0
504206,2025-07-11,5,Late,No Return,Unknown,0.0
504207,2025-04-23,6,On Time,No Return,Unknown,0.0
504208,2024-11-02,6,On Time,No Return,Unknown,0.0
504209,2024-02-15,4,Late,No Return,Unknown,0.0
504210,2024-02-26,5,On Time,No Return,Unknown,0.0
504211,2024-07-14,8,Late,No Return,Unknown,0.0
504212,2024-06-06,7,Late,Returned,Changed Mind,1368.95
504213,2024-09-05,5,On Time,Returned,Quality Issue,601.9
504214,2025-05-10,5,On Time,No Return,Unknown,0.0
504215,2024-05-10,4,On Time,No Return,Unknown,0.0
504216,2025-12-24,7,Late,No Return,Unknown,0.0
504217,2025-02-17,5,Late,No Return,Unknown,0.0
504218,2025-09-10,7,Late,No Return,Unknown,0.0
504219,2024-12-13,4,On Time,No Return,Unknown,0.0
504220,2025-08-18,5,On Time,No Return,Unknown,0.0
504221,2025-11-29,4,Not Delivered,No Return,Unknown,0.0
504222,2024-04-13,6,On Time,No Return,Unknown,0.0
504223,2024-03-12,4,On Time,No Return,Unknown,0.0
504224,2024-01-31,3,Not Delivered,No Return,Unknown,0.0
504225,2024-02-04,6,On Time,No Return,Unknown,0.0
504226,2025-09-29,4,Late,No Return,Unknown,0.0
504227,2024-08-06,7,Late,No Return,Unknown,0.0
504228,2025-11-22,4,Late,No Return,Unknown,0.0
504229,2025-09-14,6,On Time,No Return,Unknown,0.0
504230,2025-04-30,6,On Time,No Return,Unknown,0.0
504231,2024-03-18,6,On Time,No Return,Unknown,0.0
504232,2025-05-12,7,Late,No Return,Unknown,0.0
504233,2024-04-21,2,On Time,No Return,Unknown,0.0
504234,2024-04-26,4,Late,No Return,Unknown,0.0
504235,2025-02-06,6,On Time,No Return,Unknown,0.0
504236,2024-08-24,5,Late,No Return,Unknown,0.0
504237,2024-02-20,8,Late,No Return,Unknown,0.0
504238,2024-09-25,4,Not Delivered,No Return,Unknown,0.0
504239,2024-02-20,5,On Time,No Return,Unknown,0.0
504240,2025-07-31,8,Late,No Return,Unknown,0.0
504241,2024-08-13,1,On Time,No Return,Unknown,0.0
504242,2025-10-19,6,On Time,No Return,Unknown,0.0
504243,2024-04-14,4,On Time,No Return,Unknown,0.0
504244,2024-10-15,8,Late,No Return,Unknown,0.0
504245,2024-08-31,6,On Time,No Return,Unknown,0.0
504246,2025-08-29,6,On Time,No Return,Unknown,0.0
504247,2024-09-05,3,On Time,Returned,Quality Issue,816.56
504248,2025-11-26,5,Late,No Return,Unknown,0.0
504249,2024-04-14,6,On Time,Returned,Quality Issue,1978.79
504250,2026-01-01,5,On Time,No Return,Unknown,0.0
504251,2024-07-24,6,On Time,No Return,Unknown,0.0
504252,2024-09-15,3,On Time,No Return,Unknown,0.0
504253,2025-03-15,3,On Time,No Return,Unknown,0.0
504254,2025-05-15,7,Late,No Return,Unknown,0.0
504255,2025-03-15,4,Late,No Return,Unknown,0.0
504256,2025-12-10,3,On Time,No Return,Unknown,0.0
504257,2024-01-29,5,Late,No Return,Unknown,0.0
504258,2025-01-05,8,Late,Returned,Damaged,3560.06
504259,2024-10-05,9,Late,Returned,Wrong Item,464.39
504260,2024-08-19,4,On Time,No Return,Unknown,0.0
504261,2024-05-12,5,Late,No Return,Unknown,0.0
504262,2025-07-05,9,Late,No Return,Unknown,0.0
504263,2024-03-03,5,Late,No Return,Unknown,0.0
504264,2024-11-26,6,On Time,No Return,Unknown,0.0
504265,2025-10-24,4,On Time,No Return,Unknown,0.0
504266,2024-04-21,6,On Time,No Return,Unknown,0.0
504267,2025-03-20,8,Late,No Return,Unknown,0.0
504268,2024-03-27,2,Not Delivered,No Return,Unknown,0.0
504269,2024-01-08,6,Late,No Return,Unknown,0.0
504270,2025-03-18,6,On Time,No Return,Unknown,0.0
504271,2025-04-03,8,Late,No Return,Unknown,0.0
504272,2025-07-20,2,Late,No Return,Unknown,0.0
504273,2025-03-22,6,On Time,No Return,Unknown,0.0
504274,2024-08-14,5,On Time,No Return,Unknown,0.0
504275,2024-01-30,5,On Time,No Return,Unknown,0.0
504276,2024-02-08,4,Late,No Return,Unknown,0.0
504277,2025-11-04,5,Late,No Return,Unknown,0.0
504278,2024-12-15,7,Late,No Return,Unknown,0.0
504279,2025-01-04,4,On Time,No Return,Unknown,0.0
504280,2025-10-21,3,On Time,No Return,Unknown,0.0
504281,2024-12-03,2,On Time,No Return,Unknown,0.0
504282,2025-03-15,7,Late,No Return,Unknown,0.0
504283,2025-04-03,2,Late,Returned,Changed Mind,1530.69
504284,2025-04-27,4,Late,Returned,Changed Mind,1414.81
504285,2025-02-07,6,On Time,No Return,Unknown,0.0
504286,2024-12-13,5,Late,No Return,Unknown,0.0
504287,2025-11-28,7,Late,No Return,Unknown,0.0
504288,2024-10-09,3,On Time,No Return,Unknown,0.0
504289,2024-12-21,4,On Time,Returned,Damaged,781.42
504290,2024-07-20,5,On Time,No Return,Unknown,0.0
504291,2024-08-15,3,On Time,No Return,Unknown,0.0
504292,2024-02-22,6,On Time,No Return,Unknown,0.0
504293,2024-07-08,5,On Time,No Return,Unknown,0.0
504294,2024-06-13,3,On Time,No Return,Unknown,0.0
504295,2025-10-08,4,On Time,No Return,Unknown,0.0
504296,2024-10-25,4,Not Delivered,No Return,Unknown,0.0
504297,2024-04-05,4,Not Delivered,No Return,Unknown,0.0
504298,2025-08-13,4,Late,No Return,Unknown,0.0
504299,2025-10-14,3,On Time,No Return,Unknown,0.0
504300,2024-06-24,8,Late,No Return,Unknown,0.0
504301,2024-09-20,6,On Time,No Return,Unknown,0.0
504302,2025-07-14,4,Late,No Return,Unknown,0.0
504303,2024-11-08,4,Late,No Return,Unknown,0.0
504304,2025-10-16,6,On Time,No Return,Unknown,0.0
504305,2025-09-08,2,Late,No Return,Unknown,0.0
504306,2024-05-15,7,Late,Returned,Damaged,5138.14
504307,2025-11-10,7,Late,No Return,Unknown,0.0
504308,2025-07-09,6,On Time,No Return,Unknown,0.0
504309,2025-07-24,2,Not Delivered,No Return,Unknown,0.0
504310,2024-06-15,6,On Time,No Return,Unknown,0.0
504311,2024-06-28,4,Late,No Return,Unknown,0.0
504312,2024-10-19,5,On Time,No Return,Unknown,0.0
504313,2025-02-14,6,On Time,No Return,Unknown,0.0
504314,2025-10-24,6,On Time,No Return,Unknown,0.0
504315,2025-08-07,5,Late,No Return,Unknown,0.0
504316,2024-12-08,3,On Time,No Return,Unknown,0.0
504317,2024-09-28,4,On Time,Returned,Damaged,1901.79
504318,2024-08-10,5,On Time,No Return,Unknown,0.0
504319,2024-06-13,1,On Time,No Return,Unknown,0.0
504320,2025-11-25,4,On Time,No Return,Unknown,0.0
504321,2025-01-29,4,On Time,No Return,Unknown,0.0
504322,2025-02-23,3,On Time,No Return,Unknown,0.0
504323,2024-02-24,7,Late,No Return,Unknown,0.0
504324,2024-07-17,5,Late,No Return,Unknown,0.0
504325,2025-12-24,6,On Time,No Return,Unknown,0.0
504326,2024-03-29,5,Late,No Return,Unknown,0.0
504327,2025-09-10,6,On Time,No Return,Unknown,0.0
504328,2025-11-01,4,On Time,No Return,Unknown,0.0
504329,2024-02-21,5,On Time,No Return,Unknown,0.0
504330,2024-08-28,7,Late,No Return,Unknown,0.0
504331,2024-11-01,7,Late,No Return,Unknown,0.0
504332,2024-05-30,4,Late,No Return,Unknown,0.0
504333,2024-07-19,5,On Time,No Return,Unknown,0.0
504334,2024-01-28,6,On Time,No Return,Unknown,0.0
504335,2024-07-15,3,On Time,Returned,Quality Issue,3411.16
504336,2025-01-24,4,On Time,No Return,Unknown,0.0
504337,2025-01-02,4,Late,No Return,Unknown,0.0
504338,2024-10-06,6,On Time,No Return,Unknown,0.0
504339,2025-01-24,6,On Time,No Return,Unknown,0.0
504340,2024-08-02,7,Late,No Return,Unknown,0.0
504341,2024-10-04,3,Late,No Return,Unknown,0.0
504342,2026-01-05,7,Late,No Return,Unknown,0.0
504343,2025-05-12,2,Late,Returned,Changed Mind,259.67
504344,2025-06-27,5,On Time,No Return,Unknown,0.0
504345,2025-06-15,5,On Time,No Return,Unknown,0.0
504346,2024-06-10,3,On Time,No Return,Unknown,0.0
504347,2025-12-30,4,Late,Returned,Damaged,1352.51
504348,2025-04-09,5,On Time,No Return,Unknown,0.0
504349,2025-02-02,5,On Time,No Return,Unknown,0.0
504350,2025-03-22,8,Late,No Return,Unknown,0.0
504351,2025-01-16,3,On Time,No Return,Unknown,0.0
504352,2024-06-16,4,On Time,No Return,Unknown,0.0
504353,2025-10-08,8,Late,No Return,Unknown,0.0
504354,2024-12-02,7,Late,Returned,Quality Issue,6207.44
504355,2025-07-29,6,On Time,Returned,Wrong Item,816.93
504356,2024-05-31,5,On Time,No Return,Unknown,0.0
504357,2024-04-24,5,On Time,Returned,Quality Issue,1252.36
504358,2025-02-04,7,Late,No Return,Unknown,0.0
504359,2025-07-18,4,On Time,Returned,Damaged,1815.15
504360,2024-07-05,5,On Time,No Return,Unknown,0.0
504361,2025-08-01,6,Late,No Return,Unknown,0.0
504362,2025-03-23,5,On Time,Returned,Damaged,1236.33
504363,2024-05-16,7,Late,Returned,Wrong Item,1612.02
504364,2025-02-10,4,Late,No Return,Unknown,0.0
504365,2025-05-27,8,Late,No Return,Unknown,0.0
504366,2025-12-27,7,Late,No Return,Unknown,0.0
504367,2025-10-20,5,On Time,Returned,Wrong Item,3861.96
504368,2024-01-25,3,On Time,No Return,Unknown,0.0
504369,2024-01-24,7,Late,No Return,Unknown,0.0
504370,2025-09-28,3,On Time,No Return,Unknown,0.0
504371,2024-10-13,5,On Time,No Return,Unknown,0.0
504372,2024-08-19,5,On Time,No Return,Unknown,0.0
504373,2025-03-01,6,On Time,No Return,Unknown,0.0
504374,2025-01-11,4,Late,No Return,Unknown,0.0
504375,2024-11-04,8,Late,No Return,Unknown,0.0
504376,2024-10-17,5,On Time,No Return,Unknown,0.0
504377,2024-04-30,5,Late,No Return,Unknown,0.0
504378,2024-06-02,5,On Time,No Return,Unknown,0.0
504379,2025-02-13,6,On Time,No Return,Unknown,0.0
504380,2025-11-17,5,Late,No Return,Unknown,0.0
504381,2024-04-02,3,On Time,No Return,Unknown,0.0
504382,2024-04-30,2,Late,No Return,Unknown,0.0
504383,2025-12-02,6,Late,No Return,Unknown,0.0
504384,2024-04-08,6,Late,Returned,Quality Issue,2081.25
504385,2025-09-24,4,Late,No Return,Unknown,0.0
504386,2025-03-29,7,Late,No Return,Unknown,0.0
504387,2024-11-12,5,On Time,No Return,Unknown,0.0
504388,2024-11-17,4,Late,No Return,Unknown,0.0
504389,2024-05-03,3,On Time,No Return,Unknown,0.0
504390,2024-11-19,7,Late,No Return,Unknown,0.0
504391,2024-05-22,5,On Time,No Return,Unknown,0.0
504392,2025-10-24,3,On Time,Returned,Quality Issue,1673.63
504393,2024-10-18,8,Late,No Return,Unknown,0.0
504394,2025-10-20,5,On Time,No Return,Unknown,0.0
504395,2025-06-08,5,On Time,No Return,Unknown,0.0
504396,2025-05-20,1,On Time,No Return,Unknown,0.0
504397,2025-01-30,5,On Time,No Return,Unknown,0.0
504398,2024-01-10,5,Late,No Return,Unknown,0.0
504399,2025-01-07,6,On Time,No Return,Unknown,0.0
504400,2025-05-14,8,Late,No Return,Unknown,0.0
504401,2025-04-15,5,Late,Returned,Damaged,4665.95
504402,2024-08-25,3,On Time,No Return,Unknown,0.0
504403,2024-12-31,4,Late,No Return,Unknown,0.0
504404,2025-06-08,3,On Time,No Return,Unknown,0.0
504405,2024-09-02,4,Late,No Return,Unknown,0.0
504406,2025-03-23,6,On Time,No Return,Unknown,0.0
504407,2024-07-14,8,Late,No Return,Unknown,0.0
504408,2025-02-12,5,On Time,No Return,Unknown,0.0
504409,2025-03-06,4,Late,No Return,Unknown,0.0
504410,2025-02-19,3,On Time,No Return,Unknown,0.0
504411,2025-06-02,5,On Time,No Return,Unknown,0.0
504412,2024-06-07,5,On Time,Returned,Changed Mind,2742.29
504413,2024-07-25,4,Late,No Return,Unknown,0.0
504414,2024-08-11,7,Late,No Return,Unknown,0.0
504415,2025-05-01,5,On Time,Returned,Wrong Item,12570.76
504416,2024-11-15,5,On Time,No Return,Unknown,0.0
504417,2025-09-12,4,Late,No Return,Unknown,0.0
504418,2024-01-08,7,Late,No Return,Unknown,0.0
504419,2025-05-22,5,On Time,Returned,Changed Mind,840.41
504420,2024-10-11,7,Late,No Return,Unknown,0.0
504421,2024-07-16,4,Late,Returned,Changed Mind,1675.02
504422,2024-09-06,2,On Time,No Return,Unknown,0.0
504423,2024-04-03,6,On Time,No Return,Unknown,0.0
504424,2025-03-15,6,On Time,No Return,Unknown,0.0
504425,2025-03-02,7,Late,No Return,Unknown,0.0
504426,2024-09-13,4,Late,No Return,Unknown,0.0
504427,2025-03-09,5,Late,No Return,Unknown,0.0
504428,2024-06-17,5,On Time,No Return,Unknown,0.0
504429,2025-05-13,4,On Time,No Return,Unknown,0.0
504430,2024-06-12,2,On Time,No Return,Unknown,0.0
504431,2025-05-23,2,Late,No Return,Unknown,0.0
504432,2024-09-24,3,On Time,No Return,Unknown,0.0
504433,2024-04-25,6,On Time,No Return,Unknown,0.0
504434,2025-12-24,5,On Time,No Return,Unknown,0.0
504435,2024-11-17,3,On Time,No Return,Unknown,0.0
504436,2024-05-16,5,On Time,Returned,Changed Mind,287.36
504437,2024-05-15,3,On Time,No Return,Unknown,0.0
504438,2025-02-03,6,On Time,No Return,Unknown,0.0
504439,2025-09-15,4,Late,No Return,Unknown,0.0
504440,2025-11-19,5,On Time,No Return,Unknown,0.0
504441,2025-07-12,7,Late,No Return,Unknown,0.0
504442,2024-02-08,4,Late,No Return,Unknown,0.0
504443,2025-07-30,6,On Time,No Return,Unknown,0.0
504444,2025-12-12,7,Late,No Return,Unknown,0.0
504445,2025-12-28,6,On Time,Returned,Changed Mind,207.88
504446,2025-01-12,6,On Time,No Return,Unknown,0.0
504447,2024-02-04,4,On Time,No Return,Unknown,0.0
504448,2024-06-29,7,Late,No Return,Unknown,0.0
504449,2025-02-01,8,Late,No Return,Unknown,0.0
504450,2025-12-14,4,Late,No Return,Unknown,0.0
504451,2024-04-22,7,Late,No Return,Unknown,0.0
504452,2024-10-09,8,Late,No Return,Unknown,0.0
504453,2024-04-10,5,On Time,No Return,Unknown,0.0
504454,2025-11-17,5,On Time,No Return,Unknown,0.0
504455,2024-02-04,5,On Time,No Return,Unknown,0.0
504456,2024-06-11,2,On Time,No Return,Unknown,0.0
504457,2024-11-03,2,On Time,Returned,Quality Issue,3590.77
504458,2025-09-18,4,Not Delivered,No Return,Unknown,0.0
504459,2025-12-30,6,On Time,No Return,Unknown,0.0
504460,2024-07-19,5,On Time,No Return,Unknown,0.0
504461,2025-09-03,4,Late,No Return,Unknown,0.0
504462,2024-12-10,7,Late,No Return,Unknown,0.0
504463,2024-05-23,6,On Time,No Return,Unknown,0.0
504464,2025-03-26,4,On Time,No Return,Unknown,0.0
504465,2024-11-10,5,On Time,No Return,Unknown,0.0
504466,2024-07-04,7,Late,No Return,Unknown,0.0
504467,2024-12-07,5,On Time,No Return,Unknown,0.0
504468,2024-08-26,5,Late,No Return,Unknown,0.0
504469,2024-09-11,6,On Time,No Return,Unknown,0.0
504470,2024-05-18,7,Late,No Return,Unknown,0.0
504471,2024-09-07,2,On Time,No Return,Unknown,0.0
504472,2025-04-03,4,Late,No Return,Unknown,0.0
504473,2025-05-18,5,On Time,No Return,Unknown,0.0
504474,2024-03-09,6,On Time,No Return,Unknown,0.0
504475,2025-01-31,5,On Time,No Return,Unknown,0.0
504476,2024-09-18,5,On Time,No Return,Unknown,0.0
504477,2024-09-11,7,Late,Returned,Late Delivery,341.01
504478,2024-09-26,6,On Time,No Return,Unknown,0.0
504479,2025-04-18,7,Late,No Return,Unknown,0.0
504480,2025-01-03,8,Late,No Return,Unknown,0.0
504481,2025-01-31,4,Late,Returned,Late Delivery,714.58
504482,2024-07-02,5,On Time,No Return,Unknown,0.0
504483,2025-05-27,7,Late,No Return,Unknown,0.0
504484,2025-05-17,4,On Time,Returned,Damaged,15406.07
504485,2025-11-12,5,On Time,No Return,Unknown,0.0
504486,2025-08-31,6,On Time,Returned,Late Delivery,1669.14
504487,2025-12-09,5,On Time,No Return,Unknown,0.0
504488,2024-10-25,7,Late,No Return,Unknown,0.0
504489,2025-08-16,6,On Time,No Return,Unknown,0.0
504490,2024-04-14,6,On Time,No Return,Unknown,0.0
504491,2025-09-04,6,On Time,No Return,Unknown,0.0
504492,2024-07-06,7,Late,No Return,Unknown,0.0
504493,2025-02-14,8,Late,Returned,Damaged,1218.09
504494,2025-10-28,1,On Time,Returned,Quality Issue,2235.77
504495,2025-01-16,8,Late,No Return,Unknown,0.0
504496,2025-09-20,5,On Time,No Return,Unknown,0.0
504497,2025-11-20,7,Late,No Return,Unknown,0.0
504498,2024-09-16,7,Late,Returned,Late Delivery,2337.36
504499,2024-05-05,4,On Time,Returned,Damaged,12442.4
504500,2025-03-21,4,Late,No Return,Unknown,0.0
504501,2025-12-21,4,On Time,No Return,Unknown,0.0
504502,2024-09-04,3,On Time,No Return,Unknown,0.0
504503,2025-10-05,5,On Time,No Return,Unknown,0.0
504504,2025-05-06,1,On Time,No Return,Unknown,0.0
504505,2024-02-17,2,On Time,No Return,Unknown,0.0
504506,2025-04-03,7,Late,Returned,Quality Issue,12321.93
504507,2024-10-31,9,Late,No Return,Unknown,0.0
504508,2024-05-26,6,On Time,No Return,Unknown,0.0
504509,2025-10-01,7,Late,No Return,Unknown,0.0
504510,2025-06-08,4,On Time,No Return,Unknown,0.0
504511,2024-03-09,3,On Time,No Return,Unknown,0.0
504512,2025-05-01,4,On Time,No Return,Unknown,0.0
504513,2024-11-08,4,Late,No Return,Unknown,0.0
504514,2025-04-10,6,On Time,No Return,Unknown,0.0
504515,2025-08-20,5,On Time,No Return,Unknown,0.0
504516,2025-02-08,7,Late,No Return,Unknown,0.0
504517,2025-04-17,4,On Time,No Return,Unknown,0.0
504518,2025-09-13,5,On Time,No Return,Unknown,0.0
504519,2025-01-28,2,On Time,No Return,Unknown,0.0
504520,2024-04-10,4,On Time,No Return,Unknown,0.0
504521,2024-07-13,5,On Time,No Return,Unknown,0.0
504522,2024-07-17,4,Late,No Return,Unknown,0.0
504523,2024-12-05,6,On Time,Returned,Damaged,830.86
504524,2024-03-28,5,On Time,No Return,Unknown,0.0
504525,2024-09-12,5,On Time,No Return,Unknown,0.0
504526,2024-03-15,5,On Time,No Return,Unknown,0.0
504527,2024-10-23,5,Late,No Return,Unknown,0.0
504528,2024-12-12,7,Late,Returned,Late Delivery,1032.97
504529,2025-01-26,7,Late,No Return,Unknown,0.0
504530,2025-12-07,7,Late,No Return,Unknown,0.0
504531,2025-04-05,3,On Time,No Return,Unknown,0.0
504532,2024-05-27,7,Late,No Return,Unknown,0.0
504533,2024-05-24,5,On Time,No Return,Unknown,0.0
504534,2024-03-23,8,Late,No Return,Unknown,0.0
504535,2024-04-15,6,On Time,No Return,Unknown,0.0
504536,2025-10-25,7,Late,No Return,Unknown,0.0
504537,2024-07-01,8,Late,No Return,Unknown,0.0
504538,2024-11-22,4,Late,No Return,Unknown,0.0
504539,2025-04-27,6,On Time,No Return,Unknown,0.0
504540,2024-01-15,5,Not Delivered,No Return,Unknown,0.0
504541,2024-02-19,4,Late,No Return,Unknown,0.0
504542,2025-09-26,6,On Time,No Return,Unknown,0.0
504543,2025-06-06,7,Late,No Return,Unknown,0.0
504544,2024-11-13,5,Late,No Return,Unknown,0.0
504545,2024-08-31,6,On Time,Returned,Quality Issue,2430.17
504546,2024-02-06,6,On Time,No Return,Unknown,0.0
504547,2025-05-27,3,On Time,No Return,Unknown,0.0
504548,2024-05-14,5,On Time,No Return,Unknown,0.0
504549,2025-01-23,4,On Time,No Return,Unknown,0.0
504550,2025-08-22,7,Late,No Return,Unknown,0.0
504551,2024-01-29,4,Not Delivered,No Return,Unknown,0.0
504552,2024-09-23,6,On Time,No Return,Unknown,0.0
504553,2025-07-19,6,On Time,No Return,Unknown,0.0
504554,2025-02-05,4,Late,No Return,Unknown,0.0
504555,2025-07-18,1,Not Delivered,No Return,Unknown,0.0
504556,2024-12-01,6,On Time,No Return,Unknown,0.0
504557,2024-06-01,4,Late,Returned,Changed Mind,9580.07
504558,2025-02-18,6,On Time,No Return,Unknown,0.0
504559,2025-09-09,7,Late,No Return,Unknown,0.0
504560,2025-08-05,4,Late,No Return,Unknown,0.0
504561,2025-12-26,4,On Time,No Return,Unknown,0.0
504562,2024-05-02,4,On Time,No Return,Unknown,0.0
504563,2025-03-16,7,Late,No Return,Unknown,0.0
504564,2024-08-19,4,Late,No Return,Unknown,0.0
504565,2025-09-12,6,On Time,No Return,Unknown,0.0
504566,2024-09-01,5,On Time,No Return,Unknown,0.0
504567,2024-08-25,6,On Time,No Return,Unknown,0.0
504568,2024-10-18,2,On Time,No Return,Unknown,0.0
504569,2024-06-05,3,On Time,No Return,Unknown,0.0
504570,2025-11-17,5,On Time,No Return,Unknown,0.0
504571,2024-06-11,4,On Time,No Return,Unknown,0.0
504572,2025-09-21,5,On Time,No Return,Unknown,0.0
504573,2025-07-21,5,On Time,Returned,Quality Issue,1082.34
504574,2025-04-23,3,On Time,No Return,Unknown,0.0
504575,2025-07-04,3,Late,Returned,Damaged,2273.99
504576,2024-01-20,7,Not Delivered,No Return,Unknown,0.0
504577,2025-05-27,6,On Time,No Return,Unknown,0.0
504578,2024-08-11,6,On Time,No Return,Unknown,0.0
504579,2025-12-28,8,Late,No Return,Unknown,0.0
504580,2024-08-11,2,Late,No Return,Unknown,0.0
504581,2024-10-20,6,On Time,No Return,Unknown,0.0
504582,2025-06-13,6,On Time,Returned,Changed Mind,1313.48
504583,2025-05-08,7,Late,No Return,Unknown,0.0
504584,2025-12-05,6,On Time,No Return,Unknown,0.0
504585,2025-11-16,5,On Time,No Return,Unknown,0.0
504586,2024-11-23,4,On Time,No Return,Unknown,0.0
504587,2025-09-15,6,On Time,No Return,Unknown,0.0
504588,2024-06-30,6,On Time,No Return,Unknown,0.0
504589,2024-02-14,4,Late,No Return,Unknown,0.0
504590,2024-11-26,6,On Time,Returned,Quality Issue,1635.7
504591,2024-09-26,3,On Time,Returned,Changed Mind,842.36
504592,2025-02-01,5,On Time,No Return,Unknown,0.0
504593,2024-04-29,7,Late,No Return,Unknown,0.0
504594,2024-10-13,3,On Time,No Return,Unknown,0.0
504595,2024-07-25,4,Late,No Return,Unknown,0.0
504596,2024-05-25,2,On Time,No Return,Unknown,0.0
504597,2024-09-02,3,On Time,Returned,Damaged,2268.2
504598,2024-02-05,1,On Time,Returned,Changed Mind,2914.62
504599,2024-02-25,3,On Time,No Return,Unknown,0.0
504600,2025-05-24,7,Late,No Return,Unknown,0.0
504601,2024-12-24,3,On Time,No Return,Unknown,0.0
504602,2024-06-05,7,Late,No Return,Unknown,0.0
504603,2025-03-17,5,Late,No Return,Unknown,0.0
504604,2025-03-27,2,Late,Returned,Damaged,713.65
504605,2025-06-11,3,On Time,No Return,Unknown,0.0
504606,2024-10-01,8,Late,Returned,Damaged,2247.58
504607,2025-09-06,6,On Time,No Return,Unknown,0.0
504608,2024-03-31,5,On Time,Returned,Changed Mind,14036.5
504609,2024-11-11,7,Late,No Return,Unknown,0.0
504610,2024-09-27,6,On Time,No Return,Unknown,0.0
504611,2025-05-08,2,Late,No Return,Unknown,0.0
504612,2025-08-10,5,On Time,No Return,Unknown,0.0
504613,2024-01-23,6,On Time,No Return,Unknown,0.0
504614,2024-07-12,5,On Time,No Return,Unknown,0.0
504615,2025-06-11,6,On Time,No Return,Unknown,0.0
504616,2024-06-20,6,Not Delivered,No Return,Unknown,0.0
504617,2025-07-08,4,On Time,No Return,Unknown,0.0
504618,2024-12-14,4,Late,No Return,Unknown,0.0
504619,2024-08-13,7,Late,No Return,Unknown,0.0
504620,2024-04-08,5,On Time,No Return,Unknown,0.0
504621,2024-06-15,9,Late,No Return,Unknown,0.0
504622,2024-02-07,4,On Time,No Return,Unknown,0.0
504623,2025-02-20,1,On Time,Returned,Quality Issue,1620.58
504624,2025-05-24,4,Late,No Return,Unknown,0.0
504625,2025-05-07,3,On Time,No Return,Unknown,0.0
504626,2025-06-12,5,Late,No Return,Unknown,0.0
504627,2024-08-25,5,On Time,No Return,Unknown,0.0
504628,2025-08-27,6,On Time,No Return,Unknown,0.0
504629,2025-09-02,6,On Time,No Return,Unknown,0.0
504630,2024-04-22,6,On Time,No Return,Unknown,0.0
504631,2024-07-17,6,On Time,No Return,Unknown,0.0
504632,2025-04-17,5,On Time,No Return,Unknown,0.0
504633,2025-06-09,4,On Time,No Return,Unknown,0.0
504634,2025-10-03,5,Late,No Return,Unknown,0.0
504635,2024-10-10,5,On Time,No Return,Unknown,0.0
504636,2024-05-15,8,Late,No Return,Unknown,0.0
504637,2024-12-11,5,On Time,No Return,Unknown,0.0
504638,2025-12-03,6,On Time,No Return,Unknown,0.0
504639,2024-03-02,3,On Time,No Return,Unknown,0.0
504640,2024-07-02,2,On Time,No Return,Unknown,0.0
504641,2025-08-10,2,Not Delivered,No Return,Unknown,0.0
504642,2025-06-03,6,On Time,No Return,Unknown,0.0
504643,2024-09-04,5,On Time,Returned,Wrong Item,2330.58
504644,2024-08-21,6,On Time,No Return,Unknown,0.0
504645,2025-07-17,4,Late,Returned,Wrong Item,1416.37
504646,2025-06-07,6,On Time,No Return,Unknown,0.0
504647,2025-07-13,5,On Time,No Return,Unknown,0.0
504648,2024-05-26,2,Not Delivered,No Return,Unknown,0.0
504649,2024-05-11,5,On Time,No Return,Unknown,0.0
504650,2024-12-02,2,On Time,Returned,Wrong Item,568.03
504651,2025-02-15,4,On Time,No Return,Unknown,0.0
504652,2024-05-07,7,Late,No Return,Unknown,0.0
504653,2025-12-04,3,On Time,No Return,Unknown,0.0
504654,2024-10-14,3,On Time,No Return,Unknown,0.0
504655,2024-09-02,4,Late,No Return,Unknown,0.0
504656,2024-03-21,3,On Time,No Return,Unknown,0.0
504657,2025-07-27,4,Late,No Return,Unknown,0.0
504658,2025-03-31,6,On Time,No Return,Unknown,0.0
504659,2025-04-19,5,On Time,No Return,Unknown,0.0
504660,2024-07-07,8,Late,No Return,Unknown,0.0
504661,2025-08-12,8,Late,No Return,Unknown,0.0
504662,2024-09-26,5,On Time,No Return,Unknown,0.0
504663,2025-12-22,6,On Time,No Return,Unknown,0.0
504664,2025-11-16,4,On Time,No Return,Unknown,0.0
504665,2024-10-26,5,On Time,No Return,Unknown,0.0
504666,2024-09-11,8,Late,No Return,Unknown,0.0
504667,2025-03-02,3,On Time,No Return,Unknown,0.0
504668,2024-03-04,5,On Time,No Return,Unknown,0.0
504669,2025-04-07,5,Late,No Return,Unknown,0.0
504670,2024-01-19,8,Late,No Return,Unknown,0.0
504671,2024-12-19,7,Late,No Return,Unknown,0.0
504672,2024-01-09,4,On Time,Returned,Wrong Item,1515.74
504673,2025-12-20,3,On Time,No Return,Unknown,0.0
504674,2025-01-09,5,On Time,No Return,Unknown,0.0
504675,2025-04-08,6,On Time,No Return,Unknown,0.0
504676,2024-09-04,3,On Time,No Return,Unknown,0.0
504677,2024-09-12,7,Late,No Return,Unknown,0.0
504678,2025-03-14,4,On Time,No Return,Unknown,0.0
504679,2025-02-28,5,On Time,No Return,Unknown,0.0
504680,2024-04-19,5,On Time,No Return,Unknown,0.0
504681,2024-09-03,5,On Time,No Return,Unknown,0.0
504682,2024-10-03,5,On Time,No Return,Unknown,0.0
504683,2025-06-06,4,Late,No Return,Unknown,0.0
504684,2026-01-04,6,On Time,Returned,Changed Mind,2386.54
504685,2024-02-19,6,On Time,No Return,Unknown,0.0
504686,2024-02-01,6,On Time,No Return,Unknown,0.0
504687,2024-07-04,5,On Time,Returned,Changed Mind,1564.05
504688,2025-09-03,8,Late,No Return,Unknown,0.0
504689,2025-03-08,5,On Time,No Return,Unknown,0.0
504690,2024-09-29,5,On Time,No Return,Unknown,0.0
504691,2025-08-07,5,On Time,Returned,Late Delivery,551.82
504692,2024-06-04,5,On Time,No Return,Unknown,0.0
504693,2025-09-10,3,On Time,No Return,Unknown,0.0
504694,2025-08-27,5,On Time,No Return,Unknown,0.0
504695,2024-04-10,6,On Time,No Return,Unknown,0.0
504696,2025-01-23,7,Late,No Return,Unknown,0.0
504697,2025-06-03,5,On Time,No Return,Unknown,0.0
504698,2025-12-26,6,On Time,No Return,Unknown,0.0
504699,2025-09-11,6,Not Delivered,No Return,Unknown,0.0
504700,2025-11-26,7,Late,No Return,Unknown,0.0
504701,2025-03-08,5,On Time,No Return,Unknown,0.0
504702,2025-03-05,5,On Time,Returned,Damaged,9515.58
504703,2024-07-22,5,Late,No Return,Unknown,0.0
504704,2024-01-14,6,On Time,No Return,Unknown,0.0
504705,2024-11-30,8,Late,No Return,Unknown,0.0
504706,2025-11-22,2,Late,No Return,Unknown,0.0
504707,2025-08-21,5,On Time,No Return,Unknown,0.0
504708,2025-09-19,4,Late,No Return,Unknown,0.0
504709,2024-01-25,4,Late,No Return,Unknown,0.0
504710,2025-07-06,7,Late,No Return,Unknown,0.0
504711,2024-09-18,7,Late,No Return,Unknown,0.0
504712,2025-03-13,5,On Time,No Return,Unknown,0.0
504713,2025-05-26,7,Late,No Return,Unknown,0.0
504714,2024-02-02,6,On Time,No Return,Unknown,0.0
504715,2025-06-08,5,On Time,No Return,Unknown,0.0
504716,2025-06-22,9,Late,Returned,Quality Issue,1763.72
504717,2025-05-20,6,On Time,No Return,Unknown,0.0
504718,2024-08-23,3,On Time,No Return,Unknown,0.0
504719,2025-02-02,3,Late,Returned,Wrong Item,4917.98
504720,2024-11-07,5,On Time,No Return,Unknown,0.0
504721,2025-05-30,6,On Time,No Return,Unknown,0.0
504722,2025-12-09,6,On Time,No Return,Unknown,0.0
504723,2025-03-04,5,On Time,No Return,Unknown,0.0
504724,2024-05-31,2,Late,No Return,Unknown,0.0
504725,2025-01-28,2,On Time,No Return,Unknown,0.0
504726,2025-05-08,4,Late,No Return,Unknown,0.0
504727,2025-11-04,6,On Time,No Return,Unknown,0.0
504728,2024-02-19,3,On Time,No Return,Unknown,0.0
504729,2024-11-11,4,On Time,No Return,Unknown,0.0
504730,2024-05-22,4,Late,Returned,Quality Issue,2961.32
504731,2025-02-13,5,On Time,No Return,Unknown,0.0
504732,2025-10-23,8,Late,No Return,Unknown,0.0
504733,2024-01-23,9,Not Delivered,No Return,Unknown,0.0
504734,2025-06-05,3,On Time,No Return,Unknown,0.0
504735,2025-07-11,7,Late,Returned,Quality Issue,421.57
504736,2024-07-10,7,Late,No Return,Unknown,0.0
504737,2024-04-30,6,On Time,No Return,Unknown,0.0
504738,2024-04-23,4,On Time,No Return,Unknown,0.0
504739,2025-08-06,7,Late,No Return,Unknown,0.0
504740,2024-10-10,3,On Time,No Return,Unknown,0.0
504741,2025-06-28,2,Late,Returned,Quality Issue,1691.15
504742,2024-03-31,5,On Time,No Return,Unknown,0.0
504743,2024-05-23,6,On Time,Returned,Changed Mind,814.92
504744,2025-04-15,5,Not Delivered,No Return,Unknown,0.0
504745,2024-03-22,5,On Time,No Return,Unknown,0.0
504746,2024-05-21,5,Late,No Return,Unknown,0.0
504747,2025-09-28,3,Late,No Return,Unknown,0.0
504748,2024-04-10,4,On Time,No Return,Unknown,0.0
504749,2025-06-21,7,Late,No Return,Unknown,0.0
504750,2024-01-16,7,Not Delivered,No Return,Unknown,0.0
504751,2024-03-28,5,On Time,No Return,Unknown,0.0
504752,2024-02-23,7,Late,No Return,Unknown,0.0
504753,2025-05-31,5,Not Delivered,No Return,Unknown,0.0
504754,2025-03-13,8,Late,Returned,Late Delivery,4053.77
504755,2024-04-03,4,On Time,No Return,Unknown,0.0
504756,2025-05-29,2,Late,Returned,Late Delivery,1424.59
504757,2025-11-10,6,On Time,No Return,Unknown,0.0
504758,2025-10-29,3,On Time,Returned,Late Delivery,352.16
504759,2025-02-22,5,On Time,No Return,Unknown,0.0
504760,2025-06-04,8,Late,No Return,Unknown,0.0
504761,2025-10-25,6,On Time,No Return,Unknown,0.0
504762,2025-11-10,7,Not Delivered,No Return,Unknown,0.0
504763,2025-10-11,3,On Time,No Return,Unknown,0.0
504764,2024-03-19,2,On Time,No Return,Unknown,0.0
504765,2024-03-27,6,On Time,No Return,Unknown,0.0
504766,2025-07-12,5,On Time,Returned,Damaged,738.84
504767,2025-10-01,4,Late,No Return,Unknown,0.0
504768,2024-07-22,2,Late,No Return,Unknown,0.0
504769,2025-03-26,4,Not Delivered,No Return,Unknown,0.0
504770,2024-04-21,5,On Time,No Return,Unknown,0.0
504771,2024-10-24,6,Late,No Return,Unknown,0.0
504772,2025-11-24,8,Late,No Return,Unknown,0.0
504773,2024-11-09,2,On Time,No Return,Unknown,0.0
504774,2025-08-28,7,Late,No Return,Unknown,0.0
504775,2025-06-02,2,Late,No Return,Unknown,0.0
504776,2025-11-20,6,On Time,No Return,Unknown,0.0
504777,2025-09-29,5,Late,No Return,Unknown,0.0
504778,2025-11-03,5,Late,Returned,Wrong Item,1342.29
504779,2025-08-25,4,On Time,No Return,Unknown,0.0
504780,2025-03-08,7,Late,No Return,Unknown,0.0
504781,2025-09-07,6,On Time,No Return,Unknown,0.0
504782,2025-02-22,4,On Time,Returned,Wrong Item,6171.71
504783,2024-05-18,4,On Time,No Return,Unknown,0.0
504784,2025-06-08,6,On Time,No Return,Unknown,0.0
504785,2025-01-04,6,On Time,No Return,Unknown,0.0
504786,2025-01-26,8,Late,No Return,Unknown,0.0
504787,2024-02-04,3,On Time,No Return,Unknown,0.0
504788,2025-07-01,8,Late,No Return,Unknown,0.0
504789,2025-05-06,5,On Time,No Return,Unknown,0.0
504790,2025-01-07,8,Late,No Return,Unknown,0.0
504791,2024-09-24,4,On Time,No Return,Unknown,0.0
504792,2024-05-26,5,On Time,No Return,Unknown,0.0
504793,2024-02-02,3,On Time,Returned,Damaged,1036.79
504794,2024-05-15,6,On Time,No Return,Unknown,0.0
504795,2024-03-14,4,On Time,No Return,Unknown,0.0
504796,2024-05-04,6,On Time,Returned,Late Delivery,8301.75
504797,2024-11-27,5,Late,No Return,Unknown,0.0
504798,2024-03-12,2,On Time,No Return,Unknown,0.0
504799,2024-08-01,6,On Time,No Return,Unknown,0.0
504800,2024-04-07,7,Late,No Return,Unknown,0.0
504801,2024-05-04,5,On Time,No Return,Unknown,0.0
504802,2024-07-28,3,On Time,No Return,Unknown,0.0
504803,2025-02-12,3,On Time,No Return,Unknown,0.0
504804,2025-07-05,5,On Time,No Return,Unknown,0.0
504805,2024-05-07,4,Late,No Return,Unknown,0.0
504806,2024-04-25,4,Late,No Return,Unknown,0.0
504807,2024-08-01,7,Late,No Return,Unknown,0.0
504808,2025-09-13,8,Late,Returned,Quality Issue,7327.46
504809,2025-01-27,7,Late,No Return,Unknown,0.0
504810,2025-12-14,8,Late,No Return,Unknown,0.0
504811,2024-06-01,6,On Time,Returned,Changed Mind,5161.33
504812,2024-05-15,4,Late,No Return,Unknown,0.0
504813,2024-04-18,5,On Time,No Return,Unknown,0.0
504814,2025-07-09,3,On Time,No Return,Unknown,0.0
504815,2025-07-27,6,On Time,No Return,Unknown,0.0
504816,2024-09-06,8,Late,Returned,Quality Issue,278.7
504817,2025-10-07,7,Late,No Return,Unknown,0.0
504818,2025-10-30,7,Late,No Return,Unknown,0.0
504819,2024-11-30,4,Late,No Return,Unknown,0.0
504820,2024-06-03,6,On Time,No Return,Unknown,0.0
504821,2024-06-23,6,Not Delivered,No Return,Unknown,0.0
504822,2025-07-16,6,On Time,No Return,Unknown,0.0
504823,2024-03-29,5,On Time,No Return,Unknown,0.0
504824,2025-06-07,4,On Time,No Return,Unknown,0.0
504825,2024-04-22,6,On Time,Returned,Damaged,4145.55
504826,2024-09-24,3,On Time,No Return,Unknown,0.0
504827,2025-10-26,7,Late,No Return,Unknown,0.0
504828,2024-02-05,5,On Time,No Return,Unknown,0.0
504829,2025-07-01,1,On Time,No Return,Unknown,0.0
504830,2024-09-07,4,Late,No Return,Unknown,0.0
504831,2025-06-18,5,On Time,Returned,Wrong Item,3040.6
504832,2024-01-27,3,On Time,No Return,Unknown,0.0
504833,2025-05-16,4,Late,No Return,Unknown,0.0
504834,2024-11-01,2,On Time,No Return,Unknown,0.0
504835,2025-02-05,4,On Time,No Return,Unknown,0.0
504836,2025-02-14,8,Late,No Return,Unknown,0.0
504837,2024-11-13,2,On Time,No Return,Unknown,0.0
504838,2024-10-09,5,On Time,No Return,Unknown,0.0
504839,2025-07-01,6,On Time,Returned,Quality Issue,6203.73
504840,2024-05-27,5,On Time,No Return,Unknown,0.0
504841,2025-02-19,6,On Time,Returned,Wrong Item,245.63
504842,2024-12-26,5,On Time,No Return,Unknown,0.0
504843,2025-06-14,7,Late,No Return,Unknown,0.0
504844,2024-07-28,7,Late,No Return,Unknown,0.0
504845,2024-09-11,5,On Time,No Return,Unknown,0.0
504846,2024-04-18,6,On Time,No Return,Unknown,0.0
504847,2025-04-16,4,Late,Returned,Damaged,341.22
504848,2024-02-10,6,On Time,No Return,Unknown,0.0
504849,2024-11-24,5,On Time,No Return,Unknown,0.0
504850,2025-06-18,3,On Time,No Return,Unknown,0.0
504851,2025-07-18,6,On Time,No Return,Unknown,0.0
504852,2025-08-22,4,Late,No Return,Unknown,0.0
504853,2024-10-01,7,Not Delivered,No Return,Unknown,0.0
504854,2024-02-27,5,On Time,No Return,Unknown,0.0
504855,2024-01-22,4,Not Delivered,No Return,Unknown,0.0
504856,2024-04-16,3,On Time,No Return,Unknown,0.0
504857,2024-06-04,4,On Time,No Return,Unknown,0.0
504858,2025-11-12,5,Late,No Return,Unknown,0.0
504859,2025-02-24,7,Late,No Return,Unknown,0.0
504860,2024-03-27,3,On Time,No Return,Unknown,0.0
504861,2024-11-08,5,On Time,No Return,Unknown,0.0
504862,2024-06-03,4,Late,No Return,Unknown,0.0
504863,2025-07-07,5,On Time,No Return,Unknown,0.0
504864,2025-01-17,4,Late,Returned,Damaged,922.78
504865,2025-04-07,5,Late,No Return,Unknown,0.0
504866,2024-12-27,9,Late,No Return,Unknown,0.0
504867,2025-10-28,3,On Time,No Return,Unknown,0.0
504868,2025-01-16,6,On Time,No Return,Unknown,0.0
504869,2024-07-29,3,On Time,No Return,Unknown,0.0
504870,2025-07-22,7,Late,Returned,Changed Mind,1541.95
504871,2025-04-06,2,Late,No Return,Unknown,0.0
504872,2025-02-16,9,Late,No Return,Unknown,0.0
504873,2025-07-19,7,Late,Returned,Damaged,441.16
504874,2025-06-20,7,Late,No Return,Unknown,0.0
504875,2025-05-04,5,On Time,Returned,Quality Issue,3333.57
504876,2024-05-07,6,On Time,No Return,Unknown,0.0
504877,2024-05-02,3,Late,No Return,Unknown,0.0
504878,2024-09-12,5,On Time,No Return,Unknown,0.0
504879,2024-10-29,4,Late,Returned,Changed Mind,412.88
504880,2024-02-19,3,On Time,No Return,Unknown,0.0
504881,2025-08-26,7,Late,No Return,Unknown,0.0
504882,2024-10-30,5,Late,No Return,Unknown,0.0
504883,2025-11-10,8,Late,Returned,Quality Issue,421.91
504884,2025-06-06,4,Late,No Return,Unknown,0.0
504885,2024-09-03,2,Late,No Return,Unknown,0.0
504886,2026-01-01,5,On Time,No Return,Unknown,0.0
504887,2025-12-29,5,Late,No Return,Unknown,0.0
504888,2025-12-29,5,On Time,No Return,Unknown,0.0
504889,2024-08-10,5,On Time,No Return,Unknown,0.0
504890,2024-12-17,8,Late,No Return,Unknown,0.0
504891,2024-11-11,2,Late,No Return,Unknown,0.0
504892,2025-11-27,4,On Time,No Return,Unknown,0.0
504893,2025-08-29,3,Late,No Return,Unknown,0.0
504894,2026-01-01,2,Late,No Return,Unknown,0.0
504895,2024-10-19,3,On Time,No Return,Unknown,0.0
504896,2025-08-29,5,Late,Returned,Late Delivery,4589.48
504897,2024-07-20,5,On Time,No Return,Unknown,0.0
504898,2025-12-01,5,On Time,No Return,Unknown,0.0
504899,2025-08-08,8,Late,Returned,Changed Mind,243.75
504900,2025-02-20,1,On Time,No Return,Unknown,0.0
504901,2025-09-05,4,Late,No Return,Unknown,0.0
504902,2024-11-09,8,Late,No Return,Unknown,0.0
504903,2025-04-29,7,Late,No Return,Unknown,0.0
504904,2025-06-23,4,Late,No Return,Unknown,0.0
504905,2024-08-13,6,On Time,No Return,Unknown,0.0
504906,2025-11-22,6,On Time,No Return,Unknown,0.0
504907,2025-09-26,9,Late,No Return,Unknown,0.0
504908,2024-12-23,4,On Time,No Return,Unknown,0.0
504909,2024-08-29,7,Late,No Return,Unknown,0.0
504910,2024-11-05,4,On Time,No Return,Unknown,0.0
504911,2024-04-22,3,Late,No Return,Unknown,0.0
504912,2024-11-14,5,On Time,No Return,Unknown,0.0
504913,2024-01-18,5,On Time,No Return,Unknown,0.0
504914,2025-10-02,4,On Time,No Return,Unknown,0.0
504915,2024-06-23,8,Late,No Return,Unknown,0.0
504916,2024-02-29,7,Late,No Return,Unknown,0.0
504917,2024-07-10,6,On Time,No Return,Unknown,0.0
504918,2024-10-08,6,On Time,No Return,Unknown,0.0
504919,2025-03-30,8,Late,Returned,Damaged,411.68
504920,2024-12-22,5,Late,No Return,Unknown,0.0
504921,2024-01-15,5,On Time,No Return,Unknown,0.0
504922,2025-02-19,6,On Time,No Return,Unknown,0.0
504923,2024-05-30,4,On Time,No Return,Unknown,0.0
504924,2025-04-25,4,On Time,No Return,Unknown,0.0
504925,2025-09-22,1,On Time,No Return,Unknown,0.0
504926,2025-03-09,6,On Time,No Return,Unknown,0.0
504927,2025-05-06,4,Late,No Return,Unknown,0.0
504928,2025-06-17,4,Late,No Return,Unknown,0.0
504929,2025-01-17,6,On Time,No Return,Unknown,0.0
504930,2024-04-26,5,On Time,No Return,Unknown,0.0
504931,2025-08-11,5,On Time,No Return,Unknown,0.0
504932,2025-10-22,5,Late,No Return,Unknown,0.0
504933,2025-09-15,8,Late,No Return,Unknown,0.0
504934,2024-08-07,5,Late,No Return,Unknown,0.0
504935,2025-05-29,5,Late,No Return,Unknown,0.0
504936,2025-06-02,8,Late,No Return,Unknown,0.0
504937,2025-08-18,7,Late,Returned,Quality Issue,5227.98
504938,2024-01-31,5,Not Delivered,No Return,Unknown,0.0
504939,2024-07-17,6,On Time,No Return,Unknown,0.0
504940,2024-04-16,4,Late,No Return,Unknown,0.0
504941,2024-08-01,9,Late,No Return,Unknown,0.0
504942,2025-02-18,4,Late,No Return,Unknown,0.0
504943,2024-02-28,8,Late,Returned,Wrong Item,580.68
504944,2024-05-14,4,On Time,No Return,Unknown,0.0
504945,2024-12-13,5,On Time,No Return,Unknown,0.0
504946,2025-08-06,6,On Time,No Return,Unknown,0.0
504947,2025-02-09,6,On Time,No Return,Unknown,0.0
504948,2024-07-26,6,On Time,No Return,Unknown,0.0
504949,2024-10-30,4,On Time,No Return,Unknown,0.0
504950,2024-05-27,2,Late,No Return,Unknown,0.0
504951,2025-04-11,5,On Time,No Return,Unknown,0.0
504952,2025-05-22,4,On Time,No Return,Unknown,0.0
504953,2025-09-13,6,On Time,Returned,Changed Mind,527.58
504954,2024-06-07,8,Late,No Return,Unknown,0.0
504955,2025-09-27,6,On Time,No Return,Unknown,0.0
504956,2024-11-15,4,Late,No Return,Unknown,0.0
504957,2024-07-21,4,Late,No Return,Unknown,0.0
504958,2025-03-08,4,Late,No Return,Unknown,0.0
504959,2024-11-02,4,Late,No Return,Unknown,0.0
504960,2025-05-15,3,On Time,No Return,Unknown,0.0
504961,2024-04-21,7,Late,No Return,Unknown,0.0
504962,2024-01-17,7,Late,No Return,Unknown,0.0
504963,2025-09-22,6,Late,No Return,Unknown,0.0
504964,2024-01-28,1,On Time,No Return,Unknown,0.0
504965,2025-09-08,6,On Time,No Return,Unknown,0.0
504966,2024-11-30,8,Late,No Return,Unknown,0.0
504967,2025-05-16,7,Late,No Return,Unknown,0.0
504968,2025-10-15,6,On Time,No Return,Unknown,0.0
504969,2024-05-09,3,On Time,Returned,Late Delivery,804.93
504970,2024-04-28,3,On Time,Returned,Changed Mind,504.01
504971,2024-06-24,5,Not Delivered,No Return,Unknown,0.0
504972,2024-08-05,6,On Time,No Return,Unknown,0.0
504973,2024-07-12,5,Not Delivered,No Return,Unknown,0.0
504974,2025-05-10,6,On Time,No Return,Unknown,0.0
504975,2025-01-23,2,Late,No Return,Unknown,0.0
504976,2026-01-04,9,Late,No Return,Unknown,0.0
504977,2025-08-27,4,On Time,No Return,Unknown,0.0
504978,2024-05-12,3,On Time,No Return,Unknown,0.0
504979,2024-01-28,5,Late,No Return,Unknown,0.0
504980,2024-07-03,6,On Time,No Return,Unknown,0.0
504981,2025-02-10,6,On Time,No Return,Unknown,0.0
504982,2025-05-24,5,Late,No Return,Unknown,0.0
504983,2025-02-19,5,On Time,No Return,Unknown,0.0
504984,2025-06-22,7,Late,No Return,Unknown,0.0
504985,2024-11-30,6,On Time,No Return,Unknown,0.0
504986,2025-04-19,4,On Time,No Return,Unknown,0.0
504987,2025-03-01,6,On Time,No Return,Unknown,0.0
504988,2025-02-23,8,Late,No Return,Unknown,0.0
504989,2024-02-03,5,On Time,No Return,Unknown,0.0
504990,2024-09-06,5,On Time,No Return,Unknown,0.0
504991,2025-09-28,5,Late,No Return,Unknown,0.0
504992,2025-07-01,4,On Time,No Return,Unknown,0.0
504993,2025-10-20,7,Late,Returned,Quality Issue,1238.16
504994,2025-11-07,7,Late,No Return,Unknown,0.0
504995,2024-03-05,5,On Time,No Return,Unknown,0.0
504996,2024-05-24,6,On Time,No Return,Unknown,0.0
504997,2024-12-27,5,Not Delivered,No Return,Unknown,0.0
504998,2024-08-03,4,Late,No Return,Unknown,0.0
504999,2024-05-20,2,Late,No Return,Unknown,0.0
505000,2025-01-04,2,On Time,Returned,Damaged,1766.85
505001,2025-09-21,7,Late,No Return,Unknown,0.0
505002,2025-05-05,5,On Time,No Return,Unknown,0.0
505003,2025-05-12,5,On Time,No Return,Unknown,0.0
505004,2024-12-06,5,On Time,No Return,Unknown,0.0
505005,2025-09-07,5,Late,No Return,Unknown,0.0
505006,2024-07-01,5,Late,No Return,Unknown,0.0
505007,2025-06-03,7,Late,No Return,Unknown,0.0
505008,2025-08-28,5,On Time,No Return,Unknown,0.0
505009,2024-04-28,6,On Time,No Return,Unknown,0.0
505010,2024-10-15,6,On Time,No Return,Unknown,0.0
505011,2024-04-27,2,On Time,No Return,Unknown,0.0
505012,2025-07-03,6,Late,No Return,Unknown,0.0
505013,2024-02-13,3,On Time,No Return,Unknown,0.0
505014,2024-06-21,6,On Time,No Return,Unknown,0.0
505015,2024-08-13,5,Late,No Return,Unknown,0.0
505016,2026-01-03,8,Late,No Return,Unknown,0.0
505017,2024-11-15,7,Late,No Return,Unknown,0.0
505018,2024-12-15,4,Late,No Return,Unknown,0.0
505019,2025-04-21,6,On Time,No Return,Unknown,0.0
505020,2024-05-14,4,Late,No Return,Unknown,0.0
505021,2024-02-21,4,On Time,No Return,Unknown,0.0
505022,2024-05-18,5,On Time,Returned,Wrong Item,20792.14
505023,2025-06-06,4,On Time,No Return,Unknown,0.0
505024,2025-07-14,5,On Time,Returned,Late Delivery,5652.43
505025,2024-11-17,5,On Time,No Return,Unknown,0.0
505026,2025-03-17,4,On Time,No Return,Unknown,0.0
505027,2025-03-14,4,Late,Returned,Changed Mind,1120.79
505028,2024-04-01,6,On Time,No Return,Unknown,0.0
505029,2024-02-23,6,Not Delivered,No Return,Unknown,0.0
505030,2025-05-11,7,Late,No Return,Unknown,0.0
505031,2025-03-04,5,Not Delivered,No Return,Unknown,0.0
505032,2025-01-27,6,On Time,No Return,Unknown,0.0
505033,2024-08-29,2,On Time,Returned,Damaged,2448.35
505034,2025-10-29,4,On Time,No Return,Unknown,0.0
505035,2025-03-31,5,On Time,No Return,Unknown,0.0
505036,2024-09-21,7,Late,Returned,Damaged,7858.21
505037,2024-02-18,5,On Time,No Return,Unknown,0.0
505038,2024-06-23,7,Late,No Return,Unknown,0.0
505039,2024-07-15,6,On Time,No Return,Unknown,0.0
505040,2025-10-29,4,On Time,No Return,Unknown,0.0
505041,2025-07-18,3,On Time,No Return,Unknown,0.0
505042,2024-10-06,4,On Time,No Return,Unknown,0.0
505043,2025-01-09,6,On Time,Returned,Changed Mind,2211.93
505044,2024-11-08,7,Not Delivered,No Return,Unknown,0.0
505045,2025-09-02,4,On Time,No Return,Unknown,0.0
505046,2024-04-21,7,Late,No Return,Unknown,0.0
505047,2025-02-28,4,Not Delivered,No Return,Unknown,0.0
505048,2024-12-21,7,Late,No Return,Unknown,0.0
505049,2025-10-16,5,Late,No Return,Unknown,0.0
505050,2024-11-19,5,On Time,No Return,Unknown,0.0
505051,2025-02-24,1,On Time,No Return,Unknown,0.0
505052,2025-11-28,3,On Time,No Return,Unknown,0.0
505053,2024-02-29,3,On Time,Returned,Quality Issue,3783.41
505054,2024-08-31,4,On Time,No Return,Unknown,0.0
505055,2025-03-08,6,On Time,No Return,Unknown,0.0
505056,2025-09-12,4,Late,No Return,Unknown,0.0
505057,2025-08-02,3,On Time,Returned,Late Delivery,6022.01
505058,2024-05-24,5,Late,No Return,Unknown,0.0
505059,2024-03-07,5,Late,No Return,Unknown,0.0
505060,2024-06-04,4,On Time,No Return,Unknown,0.0
505061,2024-05-14,5,Late,No Return,Unknown,0.0
505062,2025-03-13,7,Late,No Return,Unknown,0.0
505063,2025-10-05,6,On Time,No Return,Unknown,0.0
505064,2025-03-17,2,Late,No Return,Unknown,0.0
505065,2024-08-03,4,Late,No Return,Unknown,0.0
505066,2025-02-09,6,On Time,No Return,Unknown,0.0
505067,2025-11-07,3,On Time,No Return,Unknown,0.0
505068,2025-12-22,5,Late,No Return,Unknown,0.0
505069,2025-06-28,4,On Time,Returned,Damaged,578.01
505070,2024-07-04,4,On Time,No Return,Unknown,0.0
505071,2024-02-25,5,On Time,No Return,Unknown,0.0
505072,2025-06-14,5,Late,Returned,Late Delivery,2277.66
505073,2024-12-22,7,Late,No Return,Unknown,0.0
505074,2024-03-03,5,Late,Returned,Quality Issue,1632.87
505075,2025-02-25,3,On Time,No Return,Unknown,0.0
505076,2024-05-22,6,On Time,No Return,Unknown,0.0
505077,2025-10-05,4,Late,No Return,Unknown,0.0
505078,2024-02-12,6,On Time,No Return,Unknown,0.0
505079,2025-05-12,4,On Time,No Return,Unknown,0.0
505080,2024-12-29,5,On Time,No Return,Unknown,0.0
505081,2024-03-29,4,On Time,No Return,Unknown,0.0
505082,2025-12-29,7,Late,No Return,Unknown,0.0
505083,2025-10-16,4,Late,No Return,Unknown,0.0
505084,2025-06-29,7,Late,No Return,Unknown,0.0
505085,2024-12-12,3,On Time,No Return,Unknown,0.0
505086,2024-06-24,5,On Time,No Return,Unknown,0.0
505087,2025-11-24,4,On Time,No Return,Unknown,0.0
505088,2024-01-24,4,On Time,No Return,Unknown,0.0
505089,2024-11-06,8,Late,No Return,Unknown,0.0
505090,2024-07-17,2,Late,No Return,Unknown,0.0
505091,2024-11-27,5,On Time,No Return,Unknown,0.0
505092,2025-08-03,5,On Time,No Return,Unknown,0.0
505093,2025-07-15,6,Not Delivered,No Return,Unknown,0.0
505094,2024-01-17,5,On Time,No Return,Unknown,0.0
505095,2024-12-29,3,Not Delivered,No Return,Unknown,0.0
505096,2024-10-26,4,Late,No Return,Unknown,0.0
505097,2025-02-11,5,On Time,Returned,Wrong Item,2618.12
505098,2025-03-18,5,Late,Returned,Quality Issue,2136.72
505099,2025-01-15,6,On Time,No Return,Unknown,0.0
505100,2025-10-21,7,Late,No Return,Unknown,0.0
505101,2025-12-02,9,Late,No Return,Unknown,0.0
505102,2025-05-19,5,On Time,No Return,Unknown,0.0
505103,2025-03-06,5,On Time,Returned,Quality Issue,975.69
505104,2025-11-01,6,On Time,No Return,Unknown,0.0
505105,2024-02-17,4,Late,No Return,Unknown,0.0
505106,2024-04-23,5,Late,No Return,Unknown,0.0
505107,2024-04-10,3,On Time,No Return,Unknown,0.0
505108,2025-03-24,4,Late,No Return,Unknown,0.0
505109,2024-03-25,4,Not Delivered,No Return,Unknown,0.0
505110,2024-08-08,3,On Time,No Return,Unknown,0.0
505111,2024-05-31,3,On Time,No Return,Unknown,0.0
505112,2024-03-20,4,Late,No Return,Unknown,0.0
505113,2025-08-18,4,On Time,No Return,Unknown,0.0
505114,2025-07-21,4,Late,No Return,Unknown,0.0
505115,2024-03-11,8,Not Delivered,No Return,Unknown,0.0
505116,2025-08-21,3,On Time,No Return,Unknown,0.0
505117,2025-01-31,3,Not Delivered,No Return,Unknown,0.0
505118,2025-05-23,6,On Time,No Return,Unknown,0.0
505119,2025-01-06,5,Not Delivered,No Return,Unknown,0.0
505120,2025-04-26,4,Late,No Return,Unknown,0.0
505121,2024-09-15,4,Late,No Return,Unknown,0.0
505122,2024-03-01,2,On Time,No Return,Unknown,0.0
505123,2025-06-07,4,Late,No Return,Unknown,0.0
505124,2025-01-27,4,Late,No Return,Unknown,0.0
505125,2025-08-12,2,On Time,No Return,Unknown,0.0
505126,2025-03-03,2,Late,No Return,Unknown,0.0
505127,2025-08-17,5,On Time,No Return,Unknown,0.0
505128,2025-10-01,4,On Time,No Return,Unknown,0.0
505129,2025-05-23,7,Late,No Return,Unknown,0.0
505130,2025-06-11,4,Not Delivered,No Return,Unknown,0.0
505131,2024-10-11,5,Late,No Return,Unknown,0.0
505132,2024-02-21,7,Late,No Return,Unknown,0.0
505133,2025-07-20,2,Late,No Return,Unknown,0.0
505134,2024-07-02,3,On Time,No Return,Unknown,0.0
505135,2025-02-12,8,Late,No Return,Unknown,0.0
505136,2025-01-14,6,On Time,No Return,Unknown,0.0
505137,2024-08-25,4,On Time,No Return,Unknown,0.0
505138,2024-07-09,5,Late,No Return,Unknown,0.0
505139,2024-03-18,3,On Time,No Return,Unknown,0.0
505140,2025-12-16,6,On Time,No Return,Unknown,0.0
505141,2025-08-17,4,On Time,No Return,Unknown,0.0
505142,2024-08-26,6,On Time,No Return,Unknown,0.0
505143,2024-06-19,3,On Time,No Return,Unknown,0.0
505144,2025-06-21,3,Late,No Return,Unknown,0.0
505145,2025-02-17,7,Late,No Return,Unknown,0.0
505146,2024-08-22,5,On Time,No Return,Unknown,0.0
505147,2025-10-13,5,On Time,No Return,Unknown,0.0
505148,2024-10-25,6,On Time,No Return,Unknown,0.0
505149,2025-02-11,8,Late,Returned,Changed Mind,951.26
505150,2024-02-14,7,Not Delivered,No Return,Unknown,0.0
505151,2024-08-24,5,On Time,No Return,Unknown,0.0
505152,2024-06-20,4,Late,No Return,Unknown,0.0
505153,2024-10-14,3,On Time,No Return,Unknown,0.0
505154,2024-04-15,3,On Time,No Return,Unknown,0.0
505155,2024-05-30,6,On Time,No Return,Unknown,0.0
505156,2025-10-27,6,On Time,No Return,Unknown,0.0
505157,2025-01-03,3,On Time,No Return,Unknown,0.0
505158,2024-06-07,6,On Time,No Return,Unknown,0.0
505159,2025-03-03,6,On Time,No Return,Unknown,0.0
505160,2024-11-20,6,On Time,No Return,Unknown,0.0
505161,2025-10-03,4,Late,No Return,Unknown,0.0
505162,2025-12-11,7,Late,No Return,Unknown,0.0
505163,2025-05-02,3,On Time,No Return,Unknown,0.0
505164,2024-03-25,2,Late,Returned,Wrong Item,774.61
505165,2025-06-22,6,On Time,No Return,Unknown,0.0
505166,2024-10-19,5,On Time,No Return,Unknown,0.0
505167,2025-05-08,5,On Time,Returned,Late Delivery,810.04
505168,2024-09-30,6,On Time,Returned,Damaged,2273.1
505169,2025-09-30,6,On Time,No Return,Unknown,0.0
505170,2025-09-21,7,Late,No Return,Unknown,0.0
505171,2024-03-24,5,On Time,No Return,Unknown,0.0
505172,2025-01-18,8,Late,No Return,Unknown,0.0
505173,2025-08-24,5,On Time,No Return,Unknown,0.0
505174,2025-08-20,6,On Time,No Return,Unknown,0.0
505175,2024-06-04,5,On Time,No Return,Unknown,0.0
505176,2026-01-03,4,On Time,No Return,Unknown,0.0
505177,2024-01-21,6,Not Delivered,No Return,Unknown,0.0
505178,2024-04-15,5,Late,No Return,Unknown,0.0
505179,2025-01-27,5,On Time,Returned,Damaged,688.07
505180,2024-02-09,5,On Time,No Return,Unknown,0.0
505181,2024-12-22,6,On Time,No Return,Unknown,0.0
505182,2024-10-12,3,On Time,No Return,Unknown,0.0
505183,2025-10-05,7,Late,No Return,Unknown,0.0
505184,2025-11-08,5,On Time,No Return,Unknown,0.0
505185,2025-06-12,4,Late,No Return,Unknown,0.0
505186,2024-06-19,6,On Time,No Return,Unknown,0.0
505187,2025-03-09,6,On Time,No Return,Unknown,0.0
505188,2024-09-20,6,On Time,No Return,Unknown,0.0
505189,2025-03-21,3,On Time,No Return,Unknown,0.0
505190,2025-09-23,6,On Time,No Return,Unknown,0.0
505191,2024-05-05,6,On Time,No Return,Unknown,0.0
505192,2024-03-15,6,On Time,No Return,Unknown,0.0
505193,2024-10-04,4,On Time,Returned,Quality Issue,3580.68
505194,2025-07-17,4,Late,No Return,Unknown,0.0
505195,2024-11-24,7,Late,No Return,Unknown,0.0
505196,2025-01-03,7,Late,No Return,Unknown,0.0
505197,2025-07-28,5,On Time,No Return,Unknown,0.0
505198,2025-08-18,6,On Time,No Return,Unknown,0.0
505199,2025-05-17,4,Late,No Return,Unknown,0.0
505200,2024-07-25,3,On Time,No Return,Unknown,0.0
505201,2025-05-27,7,Late,Returned,Wrong Item,975.73
505202,2025-09-14,8,Late,No Return,Unknown,0.0
505203,2024-04-23,5,On Time,No Return,Unknown,0.0
505204,2024-09-26,5,On Time,No Return,Unknown,0.0
505205,2025-01-24,2,On Time,No Return,Unknown,0.0
505206,2025-02-22,3,On Time,No Return,Unknown,0.0
505207,2025-07-27,6,On Time,No Return,Unknown,0.0
505208,2024-11-10,3,On Time,No Return,Unknown,0.0
505209,2024-09-15,7,Late,No Return,Unknown,0.0
505210,2025-08-13,7,Late,No Return,Unknown,0.0
505211,2025-10-18,4,Late,No Return,Unknown,0.0
505212,2025-01-27,5,Late,No Return,Unknown,0.0
505213,2025-11-28,6,On Time,Returned,Quality Issue,2745.02
505214,2024-07-25,4,On Time,No Return,Unknown,0.0
505215,2024-04-25,6,On Time,No Return,Unknown,0.0
505216,2024-03-27,5,On Time,No Return,Unknown,0.0
505217,2025-08-22,4,On Time,No Return,Unknown,0.0
505218,2024-07-16,5,On Time,No Return,Unknown,0.0
505219,2024-05-24,6,On Time,No Return,Unknown,0.0
505220,2024-08-09,1,On Time,No Return,Unknown,0.0
505221,2024-07-15,8,Late,No Return,Unknown,0.0
505222,2024-12-11,6,On Time,Returned,Quality Issue,1111.67
505223,2025-04-29,7,Late,No Return,Unknown,0.0
505224,2025-02-28,3,Late,No Return,Unknown,0.0
505225,2024-07-18,3,On Time,No Return,Unknown,0.0
505226,2025-08-14,6,On Time,Returned,Quality Issue,523.93
505227,2024-07-19,3,On Time,Returned,Changed Mind,5035.8
505228,2024-11-23,4,Late,No Return,Unknown,0.0
505229,2024-09-22,6,On Time,No Return,Unknown,0.0
505230,2024-07-21,4,On Time,No Return,Unknown,0.0
505231,2024-05-20,4,Late,Returned,Wrong Item,212.57
505232,2024-12-16,5,On Time,No Return,Unknown,0.0
505233,2025-05-19,5,On Time,No Return,Unknown,0.0
505234,2024-06-27,4,Late,No Return,Unknown,0.0
505235,2025-05-08,5,On Time,No Return,Unknown,0.0
505236,2025-04-18,5,On Time,No Return,Unknown,0.0
505237,2024-11-18,7,Late,No Return,Unknown,0.0
505238,2025-01-20,6,On Time,No Return,Unknown,0.0
505239,2025-03-24,7,Late,No Return,Unknown,0.0
505240,2024-05-20,8,Late,No Return,Unknown,0.0
505241,2024-02-01,5,On Time,No Return,Unknown,0.0
505242,2024-09-17,4,On Time,No Return,Unknown,0.0
505243,2025-07-18,2,Late,No Return,Unknown,0.0
505244,2025-10-21,4,On Time,No Return,Unknown,0.0
505245,2024-12-30,9,Late,No Return,Unknown,0.0
505246,2024-08-29,6,On Time,No Return,Unknown,0.0
505247,2025-11-07,5,On Time,No Return,Unknown,0.0
505248,2024-12-26,2,Late,No Return,Unknown,0.0
505249,2024-10-02,5,On Time,No Return,Unknown,0.0
505250,2025-11-01,5,Late,No Return,Unknown,0.0
505251,2025-07-07,5,Late,No Return,Unknown,0.0
505252,2025-05-29,5,On Time,Returned,Quality Issue,2364.44
505253,2026-01-03,5,On Time,No Return,Unknown,0.0
505254,2025-03-20,6,On Time,No Return,Unknown,0.0
505255,2025-10-07,4,Late,No Return,Unknown,0.0
505256,2025-08-16,6,On Time,Returned,Quality Issue,6751.76
505257,2025-04-23,8,Late,Returned,Late Delivery,3926.44
505258,2025-12-16,7,Late,No Return,Unknown,0.0
505259,2024-11-11,5,On Time,No Return,Unknown,0.0
505260,2024-08-13,9,Late,No Return,Unknown,0.0
505261,2025-09-07,5,On Time,No Return,Unknown,0.0
505262,2024-11-11,4,On Time,No Return,Unknown,0.0
505263,2024-08-23,6,On Time,No Return,Unknown,0.0
505264,2025-09-17,5,On Time,No Return,Unknown,0.0
505265,2024-12-07,2,Late,No Return,Unknown,0.0
505266,2025-05-13,4,Late,No Return,Unknown,0.0
505267,2024-06-13,1,On Time,No Return,Unknown,0.0
505268,2024-04-27,2,Late,Returned,Late Delivery,1065.99
505269,2024-03-15,4,Late,No Return,Unknown,0.0
505270,2025-12-31,5,On Time,No Return,Unknown,0.0
505271,2024-02-25,3,On Time,No Return,Unknown,0.0
505272,2025-08-28,9,Late,No Return,Unknown,0.0
505273,2024-12-12,5,On Time,No Return,Unknown,0.0
505274,2025-08-14,4,Not Delivered,No Return,Unknown,0.0
505275,2024-12-02,5,On Time,No Return,Unknown,0.0
505276,2024-03-23,4,Late,No Return,Unknown,0.0
505277,2024-04-19,3,On Time,No Return,Unknown,0.0
505278,2024-03-24,2,On Time,No Return,Unknown,0.0
505279,2024-07-26,6,On Time,No Return,Unknown,0.0
505280,2025-01-30,4,Late,No Return,Unknown,0.0
505281,2024-08-22,5,On Time,No Return,Unknown,0.0
505282,2024-01-24,4,On Time,No Return,Unknown,0.0
505283,2024-11-27,9,Late,No Return,Unknown,0.0
505284,2025-04-18,6,Not Delivered,No Return,Unknown,0.0
505285,2025-11-25,5,On Time,No Return,Unknown,0.0
505286,2025-10-18,5,Late,No Return,Unknown,0.0
505287,2024-11-10,5,Late,No Return,Unknown,0.0
505288,2025-04-21,5,On Time,No Return,Unknown,0.0
505289,2025-08-19,5,Not Delivered,No Return,Unknown,0.0
505290,2025-11-29,5,Late,No Return,Unknown,0.0
505291,2024-03-20,6,On Time,No Return,Unknown,0.0
505292,2025-10-27,7,Late,No Return,Unknown,0.0
505293,2025-10-19,4,Late,No Return,Unknown,0.0
505294,2025-03-16,5,On Time,No Return,Unknown,0.0
505295,2025-04-08,2,On Time,Returned,Damaged,601.58
505296,2024-06-06,8,Late,No Return,Unknown,0.0
505297,2025-10-10,5,On Time,No Return,Unknown,0.0
505298,2024-11-13,3,On Time,No Return,Unknown,0.0
505299,2025-11-07,3,On Time,No Return,Unknown,0.0
505300,2024-09-08,2,Late,No Return,Unknown,0.0
505301,2025-10-10,9,Late,No Return,Unknown,0.0
505302,2024-10-04,4,Late,Returned,Late Delivery,6319.07
505303,2025-05-01,5,On Time,No Return,Unknown,0.0
505304,2024-03-25,3,Late,No Return,Unknown,0.0
505305,2024-08-24,5,On Time,No Return,Unknown,0.0
505306,2024-02-04,4,Not Delivered,No Return,Unknown,0.0
505307,2024-03-31,7,Late,No Return,Unknown,0.0
505308,2024-02-14,3,On Time,No Return,Unknown,0.0
505309,2025-12-16,2,Late,No Return,Unknown,0.0
505310,2024-09-13,6,On Time,No Return,Unknown,0.0
505311,2025-05-29,5,On Time,No Return,Unknown,0.0
505312,2025-01-24,3,On Time,No Return,Unknown,0.0
505313,2025-08-22,3,On Time,No Return,Unknown,0.0
505314,2025-11-29,4,Late,No Return,Unknown,0.0
505315,2024-09-23,1,On Time,No Return,Unknown,0.0
505316,2025-08-11,6,On Time,No Return,Unknown,0.0
505317,2024-01-25,3,On Time,No Return,Unknown,0.0
505318,2025-02-14,4,Late,No Return,Unknown,0.0
505319,2024-03-19,3,On Time,No Return,Unknown,0.0
505320,2025-05-07,6,On Time,No Return,Unknown,0.0
505321,2025-11-17,7,Late,No Return,Unknown,0.0
505322,2024-12-24,8,Late,No Return,Unknown,0.0
505323,2024-08-30,3,On Time,No Return,Unknown,0.0
505324,2024-02-22,2,On Time,No Return,Unknown,0.0
505325,2025-04-26,6,On Time,No Return,Unknown,0.0
505326,2025-08-23,6,On Time,No Return,Unknown,0.0
505327,2025-08-31,7,Late,No Return,Unknown,0.0
505328,2025-06-14,6,On Time,No Return,Unknown,0.0
505329,2024-06-06,1,On Time,No Return,Unknown,0.0
505330,2024-07-21,4,Late,No Return,Unknown,0.0
505331,2025-03-12,6,On Time,No Return,Unknown,0.0
505332,2025-11-01,5,Late,No Return,Unknown,0.0
505333,2025-12-17,7,Late,No Return,Unknown,0.0
505334,2024-04-30,3,On Time,No Return,Unknown,0.0
505335,2025-10-28,4,Late,Returned,Quality Issue,468.75
505336,2024-03-20,5,On Time,No Return,Unknown,0.0
505337,2025-12-31,6,On Time,Returned,Late Delivery,2806.7
505338,2025-01-06,5,On Time,No Return,Unknown,0.0
505339,2024-07-03,7,Late,No Return,Unknown,0.0
505340,2024-04-24,7,Not Delivered,No Return,Unknown,0.0
505341,2025-11-22,3,Late,No Return,Unknown,0.0
505342,2025-04-26,3,On Time,No Return,Unknown,0.0
505343,2025-11-21,5,On Time,No Return,Unknown,0.0
505344,2024-04-06,4,Late,No Return,Unknown,0.0
505345,2024-04-13,4,Late,Returned,Damaged,4317.43
505346,2024-07-02,3,On Time,No Return,Unknown,0.0
505347,2025-11-03,2,On Time,No Return,Unknown,0.0
505348,2024-04-08,3,On Time,No Return,Unknown,0.0
505349,2024-08-24,5,On Time,No Return,Unknown,0.0
505350,2024-09-15,8,Late,No Return,Unknown,0.0
505351,2025-08-08,7,Late,No Return,Unknown,0.0
505352,2024-01-25,6,On Time,No Return,Unknown,0.0
505353,2024-10-18,5,On Time,No Return,Unknown,0.0
505354,2024-07-28,3,On Time,No Return,Unknown,0.0
505355,2024-11-12,6,On Time,No Return,Unknown,0.0
505356,2024-04-15,3,On Time,No Return,Unknown,0.0
505357,2024-06-13,6,On Time,No Return,Unknown,0.0
505358,2025-12-14,7,Late,No Return,Unknown,0.0
505359,2025-07-21,5,On Time,No Return,Unknown,0.0
505360,2025-01-17,5,On Time,No Return,Unknown,0.0
505361,2024-08-18,7,Late,No Return,Unknown,0.0
505362,2025-12-19,5,On Time,No Return,Unknown,0.0
505363,2024-04-04,3,On Time,No Return,Unknown,0.0
505364,2025-11-01,4,On Time,No Return,Unknown,0.0
505365,2024-06-29,5,On Time,No Return,Unknown,0.0
505366,2024-04-27,8,Late,No Return,Unknown,0.0
505367,2024-07-05,8,Late,No Return,Unknown,0.0
505368,2025-04-04,7,Late,No Return,Unknown,0.0
505369,2024-03-21,6,On Time,No Return,Unknown,0.0
505370,2025-08-10,5,Late,No Return,Unknown,0.0
505371,2025-12-27,6,On Time,Returned,Changed Mind,3307.42
505372,2025-05-08,2,Late,No Return,Unknown,0.0
505373,2024-04-19,7,Late,No Return,Unknown,0.0
505374,2024-02-15,5,On Time,No Return,Unknown,0.0
505375,2025-03-15,5,On Time,No Return,Unknown,0.0
505376,2024-12-04,5,On Time,No Return,Unknown,0.0
505377,2024-10-12,6,On Time,No Return,Unknown,0.0
505378,2025-06-29,4,Late,No Return,Unknown,0.0
505379,2025-05-26,6,On Time,No Return,Unknown,0.0
505380,2024-09-04,5,Not Delivered,No Return,Unknown,0.0
505381,2025-07-21,4,Late,No Return,Unknown,0.0
505382,2025-07-27,5,Late,No Return,Unknown,0.0
505383,2025-12-08,6,On Time,No Return,Unknown,0.0
505384,2024-03-25,6,On Time,No Return,Unknown,0.0
505385,2025-03-17,5,On Time,No Return,Unknown,0.0
505386,2025-12-14,6,On Time,No Return,Unknown,0.0
505387,2025-04-09,4,Late,No Return,Unknown,0.0
505388,2024-07-23,8,Late,No Return,Unknown,0.0
505389,2024-02-02,2,Late,No Return,Unknown,0.0
505390,2024-02-05,6,On Time,No Return,Unknown,0.0
505391,2024-04-28,6,On Time,Returned,Wrong Item,23663.77
505392,2025-10-14,3,On Time,No Return,Unknown,0.0
505393,2025-11-19,5,On Time,No Return,Unknown,0.0
505394,2025-01-29,5,Not Delivered,No Return,Unknown,0.0
505395,2025-10-29,1,On Time,No Return,Unknown,0.0
505396,2024-10-09,7,Late,No Return,Unknown,0.0
505397,2024-08-12,5,On Time,No Return,Unknown,0.0
505398,2024-10-07,5,On Time,No Return,Unknown,0.0
505399,2024-01-14,2,On Time,No Return,Unknown,0.0
505400,2025-05-10,3,On Time,No Return,Unknown,0.0
505401,2025-08-27,8,Late,No Return,Unknown,0.0
505402,2024-02-24,6,On Time,No Return,Unknown,0.0
505403,2025-11-27,5,On Time,No Return,Unknown,0.0
505404,2024-01-11,1,On Time,No Return,Unknown,0.0
505405,2024-09-22,5,On Time,No Return,Unknown,0.0
505406,2024-11-16,1,On Time,No Return,Unknown,0.0
505407,2024-07-07,3,Late,No Return,Unknown,0.0
505408,2024-08-19,3,On Time,No Return,Unknown,0.0
505409,2025-11-06,6,On Time,No Return,Unknown,0.0
505410,2024-01-27,6,On Time,No Return,Unknown,0.0
505411,2024-01-22,6,On Time,No Return,Unknown,0.0
505412,2025-05-01,7,Late,No Return,Unknown,0.0
505413,2025-09-26,8,Late,No Return,Unknown,0.0
505414,2024-01-11,5,On Time,No Return,Unknown,0.0
505415,2024-10-30,6,On Time,No Return,Unknown,0.0
505416,2024-09-22,7,Late,No Return,Unknown,0.0
505417,2024-02-15,6,Late,Returned,Quality Issue,435.5
505418,2024-10-09,7,Late,No Return,Unknown,0.0
505419,2025-06-07,5,On Time,No Return,Unknown,0.0
505420,2025-08-31,4,On Time,No Return,Unknown,0.0
505421,2025-05-31,6,On Time,No Return,Unknown,0.0
505422,2024-11-07,4,Late,No Return,Unknown,0.0
505423,2025-06-22,6,On Time,No Return,Unknown,0.0
505424,2025-04-28,4,On Time,No Return,Unknown,0.0
505425,2025-02-22,5,Late,Returned,Changed Mind,2137.64
505426,2025-06-14,8,Late,No Return,Unknown,0.0
505427,2025-04-16,7,Late,No Return,Unknown,0.0
505428,2025-02-18,6,On Time,No Return,Unknown,0.0
505429,2024-02-21,2,On Time,No Return,Unknown,0.0
505430,2024-02-19,5,On Time,No Return,Unknown,0.0
505431,2024-10-04,7,Late,No Return,Unknown,0.0
505432,2024-10-07,6,On Time,No Return,Unknown,0.0
505433,2025-03-04,6,On Time,No Return,Unknown,0.0
505434,2024-02-10,6,On Time,No Return,Unknown,0.0
505435,2025-05-23,5,On Time,No Return,Unknown,0.0
505436,2025-05-09,7,Late,No Return,Unknown,0.0
505437,2025-10-20,6,On Time,No Return,Unknown,0.0
505438,2024-05-29,6,On Time,No Return,Unknown,0.0
505439,2024-07-16,5,On Time,No Return,Unknown,0.0
505440,2025-07-08,8,Late,No Return,Unknown,0.0
505441,2024-07-04,8,Late,No Return,Unknown,0.0
505442,2024-11-15,2,On Time,Returned,Wrong Item,4907.61
505443,2025-02-01,7,Late,No Return,Unknown,0.0
505444,2024-06-02,3,On Time,No Return,Unknown,0.0
505445,2025-09-08,6,On Time,No Return,Unknown,0.0
505446,2025-03-24,2,Not Delivered,No Return,Unknown,0.0
505447,2025-07-01,7,Late,No Return,Unknown,0.0
505448,2024-06-03,5,On Time,No Return,Unknown,0.0
505449,2024-07-29,3,On Time,No Return,Unknown,0.0
505450,2024-12-21,7,Late,No Return,Unknown,0.0
505451,2024-09-22,4,Late,No Return,Unknown,0.0
505452,2025-12-26,4,Late,No Return,Unknown,0.0
505453,2025-02-20,4,Late,No Return,Unknown,0.0
505454,2024-04-03,5,On Time,No Return,Unknown,0.0
505455,2024-09-18,4,Late,No Return,Unknown,0.0
505456,2025-05-11,5,Late,No Return,Unknown,0.0
505457,2025-12-08,4,Late,No Return,Unknown,0.0
505458,2025-09-06,7,Late,No Return,Unknown,0.0
505459,2025-07-03,2,On Time,No Return,Unknown,0.0
505460,2024-04-13,8,Late,Returned,Quality Issue,5640.97
505461,2025-02-13,6,On Time,No Return,Unknown,0.0
505462,2025-03-20,6,Late,No Return,Unknown,0.0
505463,2024-02-12,6,On Time,No Return,Unknown,0.0
505464,2025-09-09,4,On Time,No Return,Unknown,0.0
505465,2025-05-02,7,Late,No Return,Unknown,0.0
505466,2024-06-30,2,On Time,No Return,Unknown,0.0
505467,2024-11-26,6,Late,No Return,Unknown,0.0
505468,2025-08-10,6,On Time,No Return,Unknown,0.0
505469,2025-02-12,3,On Time,No Return,Unknown,0.0
505470,2025-04-18,5,Late,No Return,Unknown,0.0
505471,2025-09-18,8,Late,No Return,Unknown,0.0
505472,2024-10-05,8,Late,No Return,Unknown,0.0
505473,2024-12-26,7,Late,No Return,Unknown,0.0
505474,2025-07-16,4,Not Delivered,No Return,Unknown,0.0
505475,2025-04-13,4,On Time,No Return,Unknown,0.0
505476,2025-09-15,4,On Time,No Return,Unknown,0.0
505477,2025-01-03,5,On Time,No Return,Unknown,0.0
505478,2024-03-11,2,Late,No Return,Unknown,0.0
505479,2024-11-08,5,On Time,No Return,Unknown,0.0
505480,2025-03-06,8,Late,No Return,Unknown,0.0
505481,2025-06-04,7,Late,No Return,Unknown,0.0
505482,2024-08-13,7,Late,No Return,Unknown,0.0
505483,2024-02-20,6,On Time,No Return,Unknown,0.0
505484,2024-08-27,7,Late,No Return,Unknown,0.0
505485,2025-12-06,5,On Time,No Return,Unknown,0.0
505486,2025-01-06,5,On Time,Returned,Wrong Item,3636.92
505487,2024-05-07,6,On Time,No Return,Unknown,0.0
505488,2025-05-13,4,On Time,No Return,Unknown,0.0
505489,2025-08-05,6,On Time,No Return,Unknown,0.0
505490,2024-06-03,6,Late,No Return,Unknown,0.0
505491,2025-04-25,5,On Time,No Return,Unknown,0.0
505492,2025-08-08,7,Not Delivered,No Return,Unknown,0.0
505493,2024-12-22,7,Late,No Return,Unknown,0.0
505494,2025-07-29,5,On Time,No Return,Unknown,0.0
505495,2024-05-01,7,Late,No Return,Unknown,0.0
505496,2025-09-24,5,On Time,No Return,Unknown,0.0
505497,2024-08-29,5,On Time,No Return,Unknown,0.0
505498,2024-02-25,9,Late,No Return,Unknown,0.0
505499,2025-09-19,7,Late,No Return,Unknown,0.0
505500,2024-10-07,7,Late,No Return,Unknown,0.0
505501,2024-04-26,4,On Time,No Return,Unknown,0.0
505502,2025-06-30,2,Late,No Return,Unknown,0.0
505503,2025-02-09,7,Late,Returned,Changed Mind,833.36
505504,2024-10-23,5,On Time,No Return,Unknown,0.0
505505,2024-11-14,3,Not Delivered,No Return,Unknown,0.0
505506,2024-06-16,6,On Time,No Return,Unknown,0.0
505507,2024-04-04,5,On Time,No Return,Unknown,0.0
505508,2024-02-25,5,On Time,No Return,Unknown,0.0
505509,2025-03-03,4,On Time,No Return,Unknown,0.0
505510,2025-02-14,5,On Time,Returned,Damaged,1412.25
505511,2024-05-27,4,Late,No Return,Unknown,0.0
505512,2025-09-14,7,Late,No Return,Unknown,0.0
505513,2025-11-18,6,On Time,No Return,Unknown,0.0
505514,2025-06-13,2,Late,Returned,Damaged,5421.43
505515,2024-05-18,6,Not Delivered,No Return,Unknown,0.0
505516,2025-05-19,6,On Time,No Return,Unknown,0.0
505517,2025-01-26,2,Not Delivered,No Return,Unknown,0.0
505518,2024-06-25,7,Late,Returned,Changed Mind,3934.82
505519,2025-06-30,5,Not Delivered,No Return,Unknown,0.0
505520,2024-06-15,7,Late,No Return,Unknown,0.0
505521,2025-10-27,7,Late,No Return,Unknown,0.0
505522,2025-02-20,5,Not Delivered,No Return,Unknown,0.0
505523,2025-11-19,2,Not Delivered,No Return,Unknown,0.0
505524,2025-08-09,3,On Time,No Return,Unknown,0.0
505525,2025-01-24,6,On Time,No Return,Unknown,0.0
505526,2025-10-07,7,Late,No Return,Unknown,0.0
505527,2025-12-15,7,Late,No Return,Unknown,0.0
505528,2024-07-07,4,Late,No Return,Unknown,0.0
505529,2025-10-29,6,On Time,Returned,Wrong Item,2847.59
505530,2024-08-05,4,On Time,No Return,Unknown,0.0
505531,2024-04-07,4,Late,No Return,Unknown,0.0
505532,2025-07-30,7,Late,No Return,Unknown,0.0
505533,2024-08-10,4,Late,No Return,Unknown,0.0
505534,2024-08-14,8,Late,No Return,Unknown,0.0
505535,2024-01-22,9,Late,No Return,Unknown,0.0
505536,2025-03-02,4,On Time,No Return,Unknown,0.0
505537,2025-03-05,7,Late,No Return,Unknown,0.0
505538,2025-05-05,5,On Time,No Return,Unknown,0.0
505539,2025-01-16,5,On Time,No Return,Unknown,0.0
505540,2025-10-20,7,Late,No Return,Unknown,0.0
505541,2025-02-17,6,On Time,No Return,Unknown,0.0
505542,2024-05-04,6,On Time,No Return,Unknown,0.0
505543,2024-10-05,8,Late,No Return,Unknown,0.0
505544,2024-04-10,4,Late,Returned,Quality Issue,3053.51
505545,2024-02-21,5,On Time,No Return,Unknown,0.0
505546,2025-10-26,1,On Time,Returned,Late Delivery,883.54
505547,2024-06-25,4,On Time,No Return,Unknown,0.0
505548,2024-12-19,7,Late,No Return,Unknown,0.0
505549,2024-08-28,4,On Time,No Return,Unknown,0.0
505550,2025-07-01,5,On Time,No Return,Unknown,0.0
505551,2024-08-05,5,On Time,Returned,Quality Issue,1110.94
505552,2024-10-04,6,On Time,No Return,Unknown,0.0
505553,2025-02-13,3,On Time,No Return,Unknown,0.0
505554,2024-03-23,5,On Time,No Return,Unknown,0.0
505555,2025-07-10,4,Late,No Return,Unknown,0.0
505556,2024-05-28,3,On Time,No Return,Unknown,0.0
505557,2024-01-15,3,On Time,No Return,Unknown,0.0
505558,2024-08-19,3,On Time,No Return,Unknown,0.0
505559,2025-11-26,5,On Time,No Return,Unknown,0.0
505560,2024-12-08,2,On Time,No Return,Unknown,0.0
505561,2025-11-10,8,Late,No Return,Unknown,0.0
505562,2024-06-16,4,Late,No Return,Unknown,0.0
505563,2025-11-17,7,Late,No Return,Unknown,0.0
505564,2025-01-19,3,On Time,No Return,Unknown,0.0
505565,2026-01-05,5,On Time,No Return,Unknown,0.0
505566,2025-08-09,5,Late,No Return,Unknown,0.0
505567,2025-03-01,4,On Time,No Return,Unknown,0.0
505568,2025-03-20,7,Late,No Return,Unknown,0.0
505569,2024-03-06,3,On Time,No Return,Unknown,0.0
505570,2024-09-08,6,Not Delivered,No Return,Unknown,0.0
505571,2024-02-24,5,On Time,Returned,Damaged,744.27
505572,2024-08-27,6,On Time,No Return,Unknown,0.0
505573,2025-06-17,6,On Time,No Return,Unknown,0.0
505574,2025-06-05,6,Late,No Return,Unknown,0.0
505575,2024-10-14,6,On Time,No Return,Unknown,0.0
505576,2025-11-04,5,Late,No Return,Unknown,0.0
505577,2024-08-09,2,On Time,No Return,Unknown,0.0
505578,2024-12-18,5,On Time,No Return,Unknown,0.0
505579,2025-01-02,4,Late,No Return,Unknown,0.0
505580,2025-07-20,4,On Time,Returned,Late Delivery,5099.1
505581,2024-02-13,2,Late,Returned,Quality Issue,2101.57
505582,2025-03-03,5,Late,No Return,Unknown,0.0
505583,2024-05-17,3,Late,No Return,Unknown,0.0
505584,2024-09-21,6,On Time,No Return,Unknown,0.0
505585,2024-07-15,6,On Time,No Return,Unknown,0.0
505586,2024-09-16,4,On Time,No Return,Unknown,0.0
505587,2025-05-11,3,On Time,No Return,Unknown,0.0
505588,2024-03-18,5,Late,No Return,Unknown,0.0
505589,2024-03-20,6,Late,No Return,Unknown,0.0
505590,2025-10-04,8,Late,No Return,Unknown,0.0
505591,2025-08-07,3,On Time,No Return,Unknown,0.0
505592,2025-02-10,6,On Time,No Return,Unknown,0.0
505593,2024-03-24,5,On Time,No Return,Unknown,0.0
505594,2024-09-09,5,Not Delivered,No Return,Unknown,0.0
505595,2024-07-11,6,On Time,No Return,Unknown,0.0
505596,2025-10-20,6,Not Delivered,No Return,Unknown,0.0
505597,2025-07-16,7,Late,No Return,Unknown,0.0
505598,2025-04-20,6,On Time,No Return,Unknown,0.0
505599,2025-08-04,3,On Time,No Return,Unknown,0.0
505600,2025-04-03,3,On Time,No Return,Unknown,0.0
505601,2024-10-09,7,Late,No Return,Unknown,0.0
505602,2024-07-01,4,Not Delivered,No Return,Unknown,0.0
505603,2024-05-13,5,On Time,No Return,Unknown,0.0
505604,2025-01-16,3,On Time,No Return,Unknown,0.0
505605,2024-04-27,3,Late,No Return,Unknown,0.0
505606,2024-11-23,6,On Time,No Return,Unknown,0.0
505607,2025-01-25,2,Late,No Return,Unknown,0.0
505608,2025-04-14,6,On Time,No Return,Unknown,0.0
505609,2024-07-25,5,On Time,No Return,Unknown,0.0
505610,2025-09-28,8,Late,No Return,Unknown,0.0
505611,2025-07-03,3,On Time,No Return,Unknown,0.0
505612,2025-02-17,5,On Time,No Return,Unknown,0.0
505613,2025-09-14,5,On Time,No Return,Unknown,0.0
505614,2024-06-04,4,On Time,No Return,Unknown,0.0
505615,2025-10-20,6,On Time,No Return,Unknown,0.0
505616,2025-02-13,5,On Time,No Return,Unknown,0.0
505617,2025-05-08,3,Late,No Return,Unknown,0.0
505618,2024-06-17,7,Late,No Return,Unknown,0.0
505619,2024-05-30,4,On Time,No Return,Unknown,0.0
505620,2025-02-22,7,Late,No Return,Unknown,0.0
505621,2024-09-17,5,On Time,No Return,Unknown,0.0
505622,2025-08-30,5,On Time,No Return,Unknown,0.0
505623,2025-01-12,8,Late,No Return,Unknown,0.0
505624,2026-01-04,5,On Time,No Return,Unknown,0.0
505625,2025-10-18,6,On Time,No Return,Unknown,0.0
505626,2025-11-22,3,On Time,No Return,Unknown,0.0
505627,2024-10-21,4,On Time,No Return,Unknown,0.0
505628,2024-12-10,5,On Time,No Return,Unknown,0.0
505629,2024-03-23,7,Late,No Return,Unknown,0.0
505630,2025-07-29,7,Late,No Return,Unknown,0.0
505631,2025-06-27,4,On Time,No Return,Unknown,0.0
505632,2025-05-26,7,Late,No Return,Unknown,0.0
505633,2024-11-20,4,Late,No Return,Unknown,0.0
505634,2025-10-29,6,On Time,No Return,Unknown,0.0
505635,2024-11-06,4,On Time,No Return,Unknown,0.0
505636,2024-12-15,3,On Time,No Return,Unknown,0.0
505637,2025-02-02,6,On Time,No Return,Unknown,0.0
505638,2024-07-22,5,On Time,No Return,Unknown,0.0
505639,2025-11-12,6,On Time,No Return,Unknown,0.0
505640,2024-07-05,5,On Time,No Return,Unknown,0.0
505641,2024-09-03,7,Late,No Return,Unknown,0.0
505642,2024-03-15,9,Late,No Return,Unknown,0.0
505643,2024-06-23,4,Not Delivered,No Return,Unknown,0.0
505644,2025-10-11,5,On Time,No Return,Unknown,0.0
505645,2025-08-18,3,On Time,No Return,Unknown,0.0
505646,2024-06-18,5,On Time,No Return,Unknown,0.0
505647,2024-03-06,3,On Time,No Return,Unknown,0.0
505648,2024-12-23,3,Late,No Return,Unknown,0.0
505649,2024-02-22,2,Late,No Return,Unknown,0.0
505650,2025-08-10,4,On Time,No Return,Unknown,0.0
505651,2024-02-20,8,Late,No Return,Unknown,0.0
505652,2024-11-18,2,On Time,No Return,Unknown,0.0
505653,2024-11-15,2,Late,No Return,Unknown,0.0
505654,2024-08-08,5,On Time,No Return,Unknown,0.0
505655,2024-07-16,7,Late,No Return,Unknown,0.0
505656,2025-11-03,3,On Time,No Return,Unknown,0.0
505657,2025-05-11,7,Late,No Return,Unknown,0.0
505658,2024-04-08,9,Late,No Return,Unknown,0.0
505659,2025-02-28,3,On Time,No Return,Unknown,0.0
505660,2025-05-09,4,On Time,No Return,Unknown,0.0
505661,2025-09-11,4,On Time,No Return,Unknown,0.0
505662,2025-07-20,4,Late,Returned,Changed Mind,742.1
505663,2024-09-16,6,Late,No Return,Unknown,0.0
505664,2024-04-24,8,Late,No Return,Unknown,0.0
505665,2024-10-25,5,Not Delivered,No Return,Unknown,0.0
505666,2025-05-30,5,Not Delivered,No Return,Unknown,0.0
505667,2024-08-28,5,On Time,No Return,Unknown,0.0
505668,2025-05-16,4,On Time,No Return,Unknown,0.0
505669,2024-12-29,8,Late,No Return,Unknown,0.0
505670,2025-09-11,3,On Time,No Return,Unknown,0.0
505671,2024-11-06,7,Late,No Return,Unknown,0.0
505672,2025-06-19,4,Late,No Return,Unknown,0.0
505673,2025-05-14,8,Late,No Return,Unknown,0.0
505674,2025-08-12,6,On Time,No Return,Unknown,0.0
505675,2024-05-01,5,On Time,No Return,Unknown,0.0
505676,2025-01-03,2,Late,Returned,Wrong Item,7930.76
505677,2025-10-06,3,Not Delivered,No Return,Unknown,0.0
505678,2025-04-08,5,On Time,No Return,Unknown,0.0
505679,2024-05-02,3,On Time,No Return,Unknown,0.0
505680,2024-08-06,6,On Time,No Return,Unknown,0.0
505681,2024-07-08,7,Late,No Return,Unknown,0.0
505682,2025-10-13,6,Late,No Return,Unknown,0.0
505683,2024-12-09,5,On Time,No Return,Unknown,0.0
505684,2025-04-29,7,Late,No Return,Unknown,0.0
505685,2025-05-15,7,Late,No Return,Unknown,0.0
505686,2024-08-21,3,Not Delivered,No Return,Unknown,0.0
505687,2024-12-31,2,On Time,No Return,Unknown,0.0
505688,2025-03-25,4,On Time,No Return,Unknown,0.0
505689,2025-05-06,8,Not Delivered,No Return,Unknown,0.0
505690,2024-09-05,3,On Time,No Return,Unknown,0.0
505691,2024-08-17,5,Not Delivered,No Return,Unknown,0.0
505692,2024-06-10,5,Late,No Return,Unknown,0.0
505693,2025-09-30,8,Not Delivered,No Return,Unknown,0.0
505694,2025-09-01,4,On Time,No Return,Unknown,0.0
505695,2024-12-31,1,On Time,No Return,Unknown,0.0
505696,2024-07-07,3,On Time,No Return,Unknown,0.0
505697,2025-05-15,6,On Time,No Return,Unknown,0.0
505698,2024-07-09,6,On Time,No Return,Unknown,0.0
505699,2025-01-27,6,On Time,No Return,Unknown,0.0
505700,2024-10-13,7,Late,No Return,Unknown,0.0
505701,2025-05-03,7,Late,No Return,Unknown,0.0
505702,2024-09-26,5,On Time,No Return,Unknown,0.0
505703,2025-11-02,2,Late,No Return,Unknown,0.0
505704,2024-12-24,7,Late,No Return,Unknown,0.0
505705,2025-08-15,4,On Time,No Return,Unknown,0.0
505706,2024-03-28,6,On Time,No Return,Unknown,0.0
505707,2024-07-06,7,Late,No Return,Unknown,0.0
505708,2024-12-16,9,Late,No Return,Unknown,0.0
505709,2024-07-20,6,On Time,No Return,Unknown,0.0
505710,2024-03-05,5,On Time,No Return,Unknown,0.0
505711,2024-06-07,8,Late,No Return,Unknown,0.0
505712,2024-03-06,5,On Time,No Return,Unknown,0.0
505713,2025-10-12,4,Late,No Return,Unknown,0.0
505714,2025-03-07,4,On Time,No Return,Unknown,0.0
505715,2024-12-03,7,Late,No Return,Unknown,0.0
505716,2024-02-15,7,Late,No Return,Unknown,0.0
505717,2024-09-12,3,On Time,Returned,Quality Issue,6441.78
505718,2025-09-12,3,On Time,No Return,Unknown,0.0
505719,2024-08-25,5,On Time,No Return,Unknown,0.0
505720,2024-12-22,3,Not Delivered,No Return,Unknown,0.0
505721,2024-06-24,6,On Time,No Return,Unknown,0.0
505722,2024-08-08,4,On Time,No Return,Unknown,0.0
505723,2024-12-19,6,On Time,No Return,Unknown,0.0
505724,2025-06-13,4,On Time,No Return,Unknown,0.0
505725,2025-02-21,7,Late,No Return,Unknown,0.0
505726,2025-06-18,7,Late,No Return,Unknown,0.0
505727,2026-01-08,8,Late,No Return,Unknown,0.0
505728,2025-11-16,5,Late,No Return,Unknown,0.0
505729,2025-06-15,6,On Time,No Return,Unknown,0.0
505730,2024-09-05,6,On Time,Returned,Wrong Item,428.11
505731,2024-01-13,5,On Time,No Return,Unknown,0.0
505732,2024-10-13,4,On Time,No Return,Unknown,0.0
505733,2025-09-19,5,Late,No Return,Unknown,0.0
505734,2025-07-11,6,On Time,No Return,Unknown,0.0
505735,2025-08-03,1,On Time,No Return,Unknown,0.0
505736,2025-09-30,4,On Time,No Return,Unknown,0.0
505737,2024-06-22,8,Late,No Return,Unknown,0.0
505738,2024-07-27,6,On Time,No Return,Unknown,0.0
505739,2025-10-06,5,Not Delivered,No Return,Unknown,0.0
505740,2025-01-01,3,On Time,No Return,Unknown,0.0
505741,2024-06-06,6,On Time,No Return,Unknown,0.0
505742,2025-03-05,5,On Time,No Return,Unknown,0.0
505743,2025-10-23,4,Late,No Return,Unknown,0.0
505744,2025-07-17,3,On Time,No Return,Unknown,0.0
505745,2025-04-22,9,Late,No Return,Unknown,0.0
505746,2025-02-17,4,Late,No Return,Unknown,0.0
505747,2025-06-01,3,On Time,No Return,Unknown,0.0
505748,2024-09-10,3,On Time,No Return,Unknown,0.0
505749,2024-03-24,7,Late,No Return,Unknown,0.0
505750,2025-03-04,7,Late,No Return,Unknown,0.0
505751,2025-01-24,5,On Time,No Return,Unknown,0.0
505752,2025-01-17,4,On Time,Returned,Damaged,4261.95
505753,2024-08-19,4,Late,No Return,Unknown,0.0
505754,2024-04-29,2,Late,No Return,Unknown,0.0
505755,2024-09-30,7,Late,No Return,Unknown,0.0
505756,2024-08-28,6,Not Delivered,No Return,Unknown,0.0
505757,2024-06-20,4,On Time,Returned,Damaged,2003.15
505758,2025-12-08,3,On Time,No Return,Unknown,0.0
505759,2025-12-03,7,Late,No Return,Unknown,0.0
505760,2025-06-09,4,On Time,No Return,Unknown,0.0
505761,2024-12-05,3,On Time,No Return,Unknown,0.0
505762,2024-11-26,4,On Time,No Return,Unknown,0.0
505763,2025-01-01,8,Late,No Return,Unknown,0.0
505764,2025-03-27,4,Late,No Return,Unknown,0.0
505765,2025-10-19,5,Late,No Return,Unknown,0.0
505766,2025-06-24,7,Late,No Return,Unknown,0.0
505767,2025-12-10,5,On Time,No Return,Unknown,0.0
505768,2025-08-29,3,On Time,No Return,Unknown,0.0
505769,2024-04-13,7,Late,No Return,Unknown,0.0
505770,2025-10-21,7,Late,No Return,Unknown,0.0
505771,2025-07-07,4,Late,No Return,Unknown,0.0
505772,2024-09-15,3,On Time,No Return,Unknown,0.0
505773,2025-03-20,3,On Time,No Return,Unknown,0.0
505774,2025-02-17,5,On Time,No Return,Unknown,0.0
505775,2024-03-31,6,On Time,No Return,Unknown,0.0
505776,2025-02-24,4,Late,No Return,Unknown,0.0
505777,2025-07-08,6,On Time,No Return,Unknown,0.0
505778,2025-05-22,6,On Time,No Return,Unknown,0.0
505779,2025-12-01,4,On Time,Returned,Damaged,9442.68
505780,2024-04-11,4,On Time,No Return,Unknown,0.0
505781,2025-06-28,3,On Time,No Return,Unknown,0.0
505782,2025-05-23,6,On Time,No Return,Unknown,0.0
505783,2025-04-02,7,Late,No Return,Unknown,0.0
505784,2024-07-13,4,Late,No Return,Unknown,0.0
505785,2024-07-25,6,On Time,No Return,Unknown,0.0
505786,2024-11-21,4,Late,No Return,Unknown,0.0
505787,2025-12-04,3,On Time,No Return,Unknown,0.0
505788,2024-09-20,6,On Time,No Return,Unknown,0.0
505789,2024-06-09,6,On Time,No Return,Unknown,0.0
505790,2025-05-05,4,On Time,No Return,Unknown,0.0
505791,2024-08-21,6,On Time,Returned,Quality Issue,1019.09
505792,2025-06-04,4,Not Delivered,No Return,Unknown,0.0
505793,2025-10-05,3,On Time,No Return,Unknown,0.0
505794,2025-05-29,4,Late,No Return,Unknown,0.0
505795,2024-03-20,6,On Time,No Return,Unknown,0.0
505796,2025-01-07,8,Late,No Return,Unknown,0.0
505797,2024-01-28,4,Late,No Return,Unknown,0.0
505798,2025-04-14,7,Late,No Return,Unknown,0.0
505799,2025-05-01,6,On Time,No Return,Unknown,0.0
505800,2025-12-21,3,On Time,No Return,Unknown,0.0
505801,2025-10-24,5,On Time,No Return,Unknown,0.0
505802,2024-04-02,4,Late,No Return,Unknown,0.0
505803,2025-06-21,4,Late,No Return,Unknown,0.0
505804,2024-11-01,6,On Time,No Return,Unknown,0.0
505805,2024-02-20,7,Late,No Return,Unknown,0.0
505806,2024-02-11,5,On Time,Returned,Changed Mind,3270.3
505807,2025-06-09,7,Late,No Return,Unknown,0.0
505808,2025-04-23,5,On Time,No Return,Unknown,0.0
505809,2024-10-10,4,Late,No Return,Unknown,0.0
505810,2025-04-12,7,Late,No Return,Unknown,0.0
505811,2024-06-20,3,On Time,No Return,Unknown,0.0
505812,2024-03-16,6,On Time,No Return,Unknown,0.0
505813,2024-08-06,6,On Time,No Return,Unknown,0.0
505814,2025-08-08,3,On Time,No Return,Unknown,0.0
505815,2025-12-26,7,Late,No Return,Unknown,0.0
505816,2024-03-16,4,On Time,No Return,Unknown,0.0
505817,2024-07-02,4,On Time,No Return,Unknown,0.0
505818,2024-07-31,5,On Time,No Return,Unknown,0.0
505819,2024-06-29,4,Late,No Return,Unknown,0.0
505820,2025-12-13,6,On Time,No Return,Unknown,0.0
505821,2024-11-04,8,Late,No Return,Unknown,0.0
505822,2024-06-05,3,On Time,No Return,Unknown,0.0
505823,2024-06-09,7,Late,No Return,Unknown,0.0
505824,2024-02-02,3,On Time,No Return,Unknown,0.0
505825,2024-02-01,5,On Time,No Return,Unknown,0.0
505826,2024-09-02,6,On Time,No Return,Unknown,0.0
505827,2025-10-12,7,Late,No Return,Unknown,0.0
505828,2025-11-26,5,On Time,No Return,Unknown,0.0
505829,2024-04-14,7,Late,No Return,Unknown,0.0
505830,2024-11-25,4,On Time,No Return,Unknown,0.0
505831,2024-08-30,6,On Time,No Return,Unknown,0.0
505832,2024-05-23,6,On Time,No Return,Unknown,0.0
505833,2025-09-26,5,Late,No Return,Unknown,0.0
505834,2025-09-16,7,Late,No Return,Unknown,0.0
505835,2025-07-03,2,Not Delivered,No Return,Unknown,0.0
505836,2024-02-18,3,On Time,No Return,Unknown,0.0
505837,2025-09-14,7,Late,No Return,Unknown,0.0
505838,2025-01-30,6,On Time,No Return,Unknown,0.0
505839,2025-01-02,4,On Time,No Return,Unknown,0.0
505840,2024-12-26,1,On Time,No Return,Unknown,0.0
505841,2025-08-09,5,On Time,No Return,Unknown,0.0
505842,2024-08-02,8,Late,No Return,Unknown,0.0
505843,2025-08-25,2,On Time,No Return,Unknown,0.0
505844,2025-06-02,4,Late,No Return,Unknown,0.0
505845,2025-01-02,2,Late,No Return,Unknown,0.0
505846,2025-03-17,4,On Time,No Return,Unknown,0.0
505847,2024-08-22,4,Not Delivered,No Return,Unknown,0.0
505848,2025-03-02,4,On Time,No Return,Unknown,0.0
505849,2025-04-19,6,On Time,No Return,Unknown,0.0
505850,2025-09-24,3,Late,No Return,Unknown,0.0
505851,2024-11-10,4,Late,No Return,Unknown,0.0
505852,2025-02-04,6,On Time,No Return,Unknown,0.0
505853,2024-04-28,5,On Time,No Return,Unknown,0.0
505854,2024-07-25,5,Not Delivered,No Return,Unknown,0.0
505855,2025-04-12,5,On Time,No Return,Unknown,0.0
505856,2025-06-30,5,On Time,No Return,Unknown,0.0
505857,2025-01-06,8,Late,No Return,Unknown,0.0
505858,2024-09-09,6,On Time,No Return,Unknown,0.0
505859,2025-08-16,1,On Time,No Return,Unknown,0.0
505860,2024-09-04,2,Late,No Return,Unknown,0.0
505861,2024-07-07,5,On Time,No Return,Unknown,0.0
505862,2025-02-22,6,On Time,No Return,Unknown,0.0
505863,2024-10-03,4,On Time,No Return,Unknown,0.0
505864,2025-07-03,5,On Time,No Return,Unknown,0.0
505865,2025-09-09,4,Late,No Return,Unknown,0.0
505866,2024-10-09,6,On Time,No Return,Unknown,0.0
505867,2025-09-17,3,On Time,No Return,Unknown,0.0
505868,2025-05-18,5,On Time,Returned,Late Delivery,719.9
505869,2025-12-25,7,Late,No Return,Unknown,0.0
505870,2025-05-11,7,Late,Returned,Quality Issue,454.69
505871,2024-08-09,7,Late,No Return,Unknown,0.0
505872,2024-04-19,7,Late,No Return,Unknown,0.0
505873,2025-08-19,7,Late,No Return,Unknown,0.0
505874,2024-06-29,6,On Time,No Return,Unknown,0.0
505875,2024-02-26,5,On Time,Returned,Wrong Item,706.89
505876,2024-10-31,8,Late,No Return,Unknown,0.0
505877,2024-07-01,8,Late,No Return,Unknown,0.0
505878,2024-12-15,7,Late,No Return,Unknown,0.0
505879,2025-12-15,4,Late,No Return,Unknown,0.0
505880,2025-08-29,7,Late,No Return,Unknown,0.0
505881,2024-06-22,3,On Time,No Return,Unknown,0.0
505882,2024-02-12,6,On Time,No Return,Unknown,0.0
505883,2025-10-03,7,Late,No Return,Unknown,0.0
505884,2024-07-23,4,On Time,No Return,Unknown,0.0
505885,2024-03-08,4,On Time,No Return,Unknown,0.0
505886,2025-05-04,4,On Time,No Return,Unknown,0.0
505887,2025-03-31,1,On Time,No Return,Unknown,0.0
505888,2025-12-04,4,Late,No Return,Unknown,0.0
505889,2026-01-01,5,Late,No Return,Unknown,0.0
505890,2025-02-16,4,Late,No Return,Unknown,0.0
505891,2024-06-05,7,Late,No Return,Unknown,0.0
505892,2025-05-22,6,On Time,No Return,Unknown,0.0
505893,2025-10-03,6,On Time,No Return,Unknown,0.0
505894,2025-12-17,7,Late,No Return,Unknown,0.0
505895,2025-07-06,5,On Time,Returned,Damaged,24170.69
505896,2024-10-11,7,Late,No Return,Unknown,0.0
505897,2024-02-10,6,On Time,No Return,Unknown,0.0
505898,2025-09-24,8,Late,No Return,Unknown,0.0
505899,2024-06-29,6,On Time,No Return,Unknown,0.0
505900,2024-02-06,4,On Time,No Return,Unknown,0.0
505901,2025-12-29,4,Late,No Return,Unknown,0.0
505902,2025-12-18,3,On Time,No Return,Unknown,0.0
505903,2025-02-06,6,Late,No Return,Unknown,0.0
505904,2024-09-15,5,On Time,No Return,Unknown,0.0
505905,2025-07-25,4,On Time,No Return,Unknown,0.0
505906,2024-11-21,3,On Time,No Return,Unknown,0.0
505907,2024-01-19,6,On Time,No Return,Unknown,0.0
505908,2024-02-23,4,On Time,No Return,Unknown,0.0
505909,2024-08-26,6,On Time,No Return,Unknown,0.0
505910,2025-06-30,7,Late,No Return,Unknown,0.0
505911,2025-09-11,4,On Time,No Return,Unknown,0.0
505912,2024-04-13,8,Late,No Return,Unknown,0.0
505913,2024-12-11,3,Late,No Return,Unknown,0.0
505914,2024-07-15,4,On Time,No Return,Unknown,0.0
505915,2025-06-01,7,Late,Returned,Quality Issue,3907.06
505916,2025-03-29,3,On Time,No Return,Unknown,0.0
505917,2024-05-07,3,Late,No Return,Unknown,0.0
505918,2024-03-25,4,On Time,No Return,Unknown,0.0
505919,2024-01-13,6,On Time,No Return,Unknown,0.0
505920,2024-11-30,5,Late,No Return,Unknown,0.0
505921,2024-03-29,6,On Time,No Return,Unknown,0.0
505922,2025-06-20,1,On Time,No Return,Unknown,0.0
505923,2025-09-22,5,On Time,No Return,Unknown,0.0
505924,2025-06-16,6,On Time,No Return,Unknown,0.0
505925,2024-04-28,6,On Time,No Return,Unknown,0.0
505926,2025-03-22,7,Late,No Return,Unknown,0.0
505927,2025-10-20,2,On Time,No Return,Unknown,0.0
505928,2024-01-22,3,On Time,No Return,Unknown,0.0
505929,2024-01-14,5,Late,No Return,Unknown,0.0
505930,2024-07-06,3,Late,No Return,Unknown,0.0
505931,2024-02-14,7,Late,No Return,Unknown,0.0
505932,2025-12-27,4,Late,No Return,Unknown,0.0
505933,2024-05-18,5,On Time,No Return,Unknown,0.0
505934,2024-04-15,4,Late,No Return,Unknown,0.0
505935,2024-06-06,9,Late,No Return,Unknown,0.0
505936,2024-04-09,7,Late,No Return,Unknown,0.0
505937,2024-05-27,8,Late,No Return,Unknown,0.0
505938,2024-10-25,4,Late,No Return,Unknown,0.0
505939,2025-08-23,8,Late,No Return,Unknown,0.0
505940,2025-07-02,5,On Time,No Return,Unknown,0.0
505941,2024-07-08,2,Late,No Return,Unknown,0.0
505942,2024-05-19,4,On Time,No Return,Unknown,0.0
505943,2024-06-20,6,On Time,No Return,Unknown,0.0
505944,2025-04-27,6,On Time,No Return,Unknown,0.0
505945,2024-05-30,4,Late,No Return,Unknown,0.0
505946,2024-09-07,6,On Time,Returned,Changed Mind,1227.27
505947,2024-07-06,5,On Time,No Return,Unknown,0.0
505948,2024-01-14,5,Late,No Return,Unknown,0.0
505949,2025-03-17,6,On Time,No Return,Unknown,0.0
505950,2024-06-07,3,On Time,No Return,Unknown,0.0
505951,2025-11-22,4,On Time,No Return,Unknown,0.0
505952,2024-04-29,6,On Time,No Return,Unknown,0.0
505953,2024-06-21,6,On Time,No Return,Unknown,0.0
505954,2025-05-08,6,On Time,Returned,Quality Issue,2184.03
505955,2025-03-16,4,Late,No Return,Unknown,0.0
505956,2024-08-14,4,On Time,No Return,Unknown,0.0
505957,2024-07-13,4,Late,No Return,Unknown,0.0
505958,2025-08-01,3,Late,No Return,Unknown,0.0
505959,2024-06-25,4,On Time,No Return,Unknown,0.0
505960,2024-09-18,5,Not Delivered,No Return,Unknown,0.0
505961,2025-12-18,3,On Time,No Return,Unknown,0.0
505962,2025-03-26,1,On Time,No Return,Unknown,0.0
505963,2025-05-21,6,On Time,No Return,Unknown,0.0
505964,2024-03-22,5,Late,No Return,Unknown,0.0
505965,2025-09-11,5,On Time,No Return,Unknown,0.0
505966,2024-08-17,4,Late,No Return,Unknown,0.0
505967,2024-08-21,8,Late,No Return,Unknown,0.0
505968,2025-09-03,4,On Time,No Return,Unknown,0.0
505969,2024-03-22,6,On Time,No Return,Unknown,0.0
505970,2024-02-08,6,On Time,No Return,Unknown,0.0
505971,2025-08-18,2,Not Delivered,No Return,Unknown,0.0
505972,2024-03-13,4,Late,Returned,Changed Mind,1180.95
505973,2025-02-23,5,Late,No Return,Unknown,0.0
505974,2026-01-03,3,On Time,No Return,Unknown,0.0
505975,2025-03-28,5,On Time,No Return,Unknown,0.0
505976,2024-12-31,4,Late,No Return,Unknown,0.0
505977,2025-01-07,3,On Time,No Return,Unknown,0.0
505978,2025-02-06,4,On Time,No Return,Unknown,0.0
505979,2024-05-01,2,On Time,No Return,Unknown,0.0
505980,2024-02-22,5,On Time,No Return,Unknown,0.0
505981,2024-03-15,7,Late,No Return,Unknown,0.0
505982,2024-12-10,6,On Time,No Return,Unknown,0.0
505983,2024-03-28,3,On Time,No Return,Unknown,0.0
505984,2025-01-18,7,Late,No Return,Unknown,0.0
505985,2025-01-23,4,Late,No Return,Unknown,0.0
505986,2024-10-07,5,On Time,No Return,Unknown,0.0
505987,2024-07-27,4,Late,No Return,Unknown,0.0
505988,2024-03-11,6,On Time,No Return,Unknown,0.0
505989,2024-03-22,3,On Time,No Return,Unknown,0.0
505990,2025-06-17,8,Late,No Return,Unknown,0.0
505991,2024-11-24,4,Late,No Return,Unknown,0.0
505992,2025-01-20,8,Late,No Return,Unknown,0.0
505993,2025-11-17,6,On Time,No Return,Unknown,0.0
505994,2025-11-08,7,Late,Returned,Changed Mind,215.23
505995,2025-09-25,6,Not Delivered,No Return,Unknown,0.0
505996,2024-12-18,7,Late,No Return,Unknown,0.0
505997,2025-12-10,6,On Time,No Return,Unknown,0.0
505998,2025-03-17,7,Late,No Return,Unknown,0.0
505999,2025-11-30,5,Not Delivered,No Return,Unknown,0.0
506000,2025-01-16,4,Late,No Return,Unknown,0.0
506001,2025-11-18,8,Not Delivered,No Return,Unknown,0.0
506002,2024-01-18,3,On Time,No Return,Unknown,0.0
506003,2025-04-06,8,Late,Returned,Changed Mind,2096.53
506004,2024-07-17,6,On Time,No Return,Unknown,0.0
506005,2024-08-25,5,On Time,No Return,Unknown,0.0
506006,2024-09-27,8,Late,No Return,Unknown,0.0
506007,2025-03-25,4,On Time,No Return,Unknown,0.0
506008,2024-02-28,5,Late,No Return,Unknown,0.0
506009,2025-11-23,1,On Time,No Return,Unknown,0.0
506010,2024-01-06,2,Late,No Return,Unknown,0.0
506011,2024-09-18,5,Late,No Return,Unknown,0.0
506012,2024-12-30,4,On Time,No Return,Unknown,0.0
506013,2024-09-04,8,Late,No Return,Unknown,0.0
506014,2025-04-30,4,On Time,No Return,Unknown,0.0
506015,2025-11-10,5,Late,No Return,Unknown,0.0
506016,2025-04-13,8,Late,No Return,Unknown,0.0
506017,2024-05-21,4,On Time,Returned,Quality Issue,1029.6
506018,2025-04-01,6,On Time,No Return,Unknown,0.0
506019,2024-11-23,4,Late,No Return,Unknown,0.0
506020,2025-04-23,6,Late,No Return,Unknown,0.0
506021,2025-09-13,8,Late,No Return,Unknown,0.0
506022,2025-04-29,8,Late,Returned,Wrong Item,873.01
506023,2024-07-13,2,On Time,No Return,Unknown,0.0
506024,2024-11-06,4,Late,No Return,Unknown,0.0
506025,2025-07-01,6,On Time,No Return,Unknown,0.0
506026,2024-08-09,1,On Time,No Return,Unknown,0.0
506027,2024-06-27,7,Late,No Return,Unknown,0.0
506028,2024-06-09,1,On Time,No Return,Unknown,0.0
506029,2024-06-23,3,On Time,No Return,Unknown,0.0
506030,2024-03-06,3,On Time,No Return,Unknown,0.0
506031,2025-08-02,7,Late,Returned,Quality Issue,4896.16
506032,2024-03-09,4,Late,Returned,Late Delivery,6154.57
506033,2024-06-24,7,Late,No Return,Unknown,0.0
506034,2024-03-28,7,Late,No Return,Unknown,0.0
506035,2024-10-01,7,Late,No Return,Unknown,0.0
506036,2025-01-21,7,Late,No Return,Unknown,0.0
506037,2024-03-18,5,Late,No Return,Unknown,0.0
506038,2024-12-02,5,On Time,No Return,Unknown,0.0
506039,2024-07-12,6,On Time,No Return,Unknown,0.0
506040,2024-01-30,5,Late,No Return,Unknown,0.0
506041,2024-08-18,3,On Time,No Return,Unknown,0.0
506042,2024-05-03,6,On Time,No Return,Unknown,0.0
506043,2025-03-27,7,Late,No Return,Unknown,0.0
506044,2024-04-23,6,On Time,No Return,Unknown,0.0
506045,2024-09-02,4,On Time,No Return,Unknown,0.0
506046,2025-09-07,5,On Time,No Return,Unknown,0.0
506047,2025-06-22,5,On Time,No Return,Unknown,0.0
506048,2025-04-28,3,On Time,No Return,Unknown,0.0
506049,2025-05-22,5,Late,No Return,Unknown,0.0
506050,2025-05-17,5,Not Delivered,No Return,Unknown,0.0
506051,2024-02-29,4,Late,No Return,Unknown,0.0
506052,2024-06-03,6,On Time,No Return,Unknown,0.0
506053,2024-11-11,5,Late,No Return,Unknown,0.0
506054,2025-07-12,7,Not Delivered,No Return,Unknown,0.0
506055,2025-10-26,3,On Time,No Return,Unknown,0.0
506056,2024-05-05,5,On Time,No Return,Unknown,0.0
506057,2024-01-29,3,On Time,No Return,Unknown,0.0
506058,2024-04-25,4,On Time,No Return,Unknown,0.0
506059,2025-05-31,6,On Time,No Return,Unknown,0.0
506060,2024-01-27,4,Late,No Return,Unknown,0.0
506061,2025-11-16,5,Late,No Return,Unknown,0.0
506062,2024-09-24,4,Late,No Return,Unknown,0.0
506063,2024-05-03,8,Not Delivered,No Return,Unknown,0.0
506064,2025-04-28,4,On Time,Returned,Changed Mind,1813.85
506065,2024-11-07,5,On Time,No Return,Unknown,0.0
506066,2024-08-25,7,Late,Returned,Damaged,2566.27
506067,2025-12-05,4,Late,No Return,Unknown,0.0
506068,2025-05-11,5,Late,Returned,Quality Issue,1379.36
506069,2024-05-03,4,On Time,No Return,Unknown,0.0
506070,2024-10-14,2,Late,Returned,Late Delivery,5662.08
506071,2025-02-13,3,Late,No Return,Unknown,0.0
506072,2024-12-28,5,On Time,No Return,Unknown,0.0
506073,2024-06-04,4,On Time,No Return,Unknown,0.0
506074,2025-08-28,8,Late,No Return,Unknown,0.0
506075,2024-11-22,2,Late,No Return,Unknown,0.0
506076,2024-09-09,7,Late,No Return,Unknown,0.0
506077,2024-11-16,6,On Time,No Return,Unknown,0.0
506078,2024-06-16,6,On Time,No Return,Unknown,0.0
506079,2025-09-05,2,Late,No Return,Unknown,0.0
506080,2025-01-09,6,On Time,No Return,Unknown,0.0
506081,2024-07-09,6,On Time,No Return,Unknown,0.0
506082,2024-10-08,6,On Time,No Return,Unknown,0.0
506083,2025-06-18,6,On Time,No Return,Unknown,0.0
506084,2025-03-18,7,Late,No Return,Unknown,0.0
506085,2024-09-19,3,On Time,No Return,Unknown,0.0
506086,2024-09-04,3,On Time,No Return,Unknown,0.0
506087,2024-12-12,9,Late,No Return,Unknown,0.0
506088,2024-02-26,7,Late,Returned,Damaged,824.45
506089,2024-10-03,5,On Time,Returned,Damaged,478.48
506090,2024-08-23,1,On Time,Returned,Quality Issue,1589.26
506091,2025-08-12,6,On Time,No Return,Unknown,0.0
506092,2025-07-13,4,Late,No Return,Unknown,0.0
506093,2024-11-09,8,Late,No Return,Unknown,0.0
506094,2025-04-28,7,Late,No Return,Unknown,0.0
506095,2025-05-05,3,On Time,No Return,Unknown,0.0
506096,2024-03-22,2,Late,No Return,Unknown,0.0
506097,2024-10-17,5,On Time,No Return,Unknown,0.0
506098,2025-07-18,4,On Time,No Return,Unknown,0.0
506099,2024-04-13,6,On Time,No Return,Unknown,0.0
506100,2025-04-28,6,Late,No Return,Unknown,0.0
506101,2025-02-13,4,On Time,No Return,Unknown,0.0
506102,2025-06-28,8,Late,No Return,Unknown,0.0
506103,2025-12-31,5,On Time,No Return,Unknown,0.0
506104,2025-07-28,7,Late,No Return,Unknown,0.0
506105,2024-09-15,4,Late,No Return,Unknown,0.0
506106,2025-11-02,4,On Time,No Return,Unknown,0.0
506107,2025-05-05,4,Late,Returned,Damaged,4335.96
506108,2025-11-08,5,Late,No Return,Unknown,0.0
506109,2024-07-17,5,On Time,Returned,Damaged,1025.86
506110,2025-06-05,6,On Time,No Return,Unknown,0.0
506111,2025-04-12,4,Late,No Return,Unknown,0.0
506112,2025-05-25,7,Late,Returned,Late Delivery,1989.13
506113,2024-02-11,6,On Time,No Return,Unknown,0.0
506114,2024-01-18,2,Late,No Return,Unknown,0.0
506115,2025-10-16,6,On Time,No Return,Unknown,0.0
506116,2025-08-19,7,Late,No Return,Unknown,0.0
506117,2024-03-16,3,On Time,No Return,Unknown,0.0
506118,2024-11-23,8,Late,No Return,Unknown,0.0
506119,2024-09-05,4,Late,No Return,Unknown,0.0
506120,2024-07-20,7,Late,No Return,Unknown,0.0
506121,2024-04-03,5,Late,No Return,Unknown,0.0
506122,2024-05-25,7,Late,Returned,Quality Issue,308.84
506123,2025-07-21,5,On Time,No Return,Unknown,0.0
506124,2025-10-25,5,On Time,No Return,Unknown,0.0
506125,2025-02-05,5,On Time,No Return,Unknown,0.0
506126,2025-05-02,4,Late,No Return,Unknown,0.0
506127,2025-01-24,3,On Time,No Return,Unknown,0.0
506128,2025-01-08,6,On Time,No Return,Unknown,0.0
506129,2025-04-09,7,Not Delivered,No Return,Unknown,0.0
506130,2025-03-04,7,Late,No Return,Unknown,0.0
506131,2024-08-22,3,Late,No Return,Unknown,0.0
506132,2025-06-27,5,On Time,No Return,Unknown,0.0
506133,2024-12-14,5,On Time,Returned,Changed Mind,1047.35
506134,2025-12-25,5,On Time,No Return,Unknown,0.0
506135,2024-05-25,8,Late,No Return,Unknown,0.0
506136,2025-01-12,4,On Time,No Return,Unknown,0.0
506137,2025-03-17,5,On Time,No Return,Unknown,0.0
506138,2024-06-07,4,On Time,No Return,Unknown,0.0
506139,2025-06-07,5,Late,No Return,Unknown,0.0
506140,2024-04-28,4,Late,No Return,Unknown,0.0
506141,2024-04-06,5,Late,No Return,Unknown,0.0
506142,2024-12-17,6,On Time,No Return,Unknown,0.0
506143,2025-08-20,4,Late,No Return,Unknown,0.0
506144,2025-06-12,4,On Time,No Return,Unknown,0.0
506145,2025-08-14,8,Late,No Return,Unknown,0.0
506146,2024-04-03,3,Late,No Return,Unknown,0.0
506147,2025-12-05,5,On Time,No Return,Unknown,0.0
506148,2025-02-04,3,On Time,No Return,Unknown,0.0
506149,2024-04-21,7,Late,No Return,Unknown,0.0
506150,2025-08-23,5,On Time,No Return,Unknown,0.0
506151,2025-06-29,6,On Time,No Return,Unknown,0.0
506152,2024-10-10,5,On Time,No Return,Unknown,0.0
506153,2024-01-20,8,Late,No Return,Unknown,0.0
506154,2024-11-07,5,Late,No Return,Unknown,0.0
506155,2024-12-31,2,On Time,Returned,Quality Issue,5321.02
506156,2025-10-29,6,Not Delivered,No Return,Unknown,0.0
506157,2024-11-15,2,On Time,No Return,Unknown,0.0
506158,2025-06-25,4,On Time,No Return,Unknown,0.0
506159,2024-08-06,5,On Time,Returned,Wrong Item,774.92
506160,2024-11-14,5,On Time,No Return,Unknown,0.0
506161,2025-04-03,4,On Time,No Return,Unknown,0.0
506162,2025-02-06,4,Late,No Return,Unknown,0.0
506163,2024-08-12,3,On Time,No Return,Unknown,0.0
506164,2025-08-07,5,On Time,No Return,Unknown,0.0
506165,2024-09-24,6,On Time,No Return,Unknown,0.0
506166,2025-05-18,8,Late,No Return,Unknown,0.0
506167,2025-09-19,5,On Time,No Return,Unknown,0.0
506168,2024-05-13,4,Late,No Return,Unknown,0.0
506169,2024-06-12,5,On Time,No Return,Unknown,0.0
506170,2024-10-22,5,On Time,No Return,Unknown,0.0
506171,2025-06-29,3,On Time,No Return,Unknown,0.0
506172,2024-04-05,7,Late,No Return,Unknown,0.0
506173,2024-12-01,4,Late,No Return,Unknown,0.0
506174,2025-09-28,7,Late,No Return,Unknown,0.0
506175,2025-05-22,2,On Time,No Return,Unknown,0.0
506176,2024-05-15,6,On Time,No Return,Unknown,0.0
506177,2024-07-30,5,On Time,No Return,Unknown,0.0
506178,2024-12-28,3,On Time,No Return,Unknown,0.0
506179,2024-03-03,4,Not Delivered,No Return,Unknown,0.0
506180,2024-04-13,8,Late,Returned,Quality Issue,284.16
506181,2024-09-06,4,Late,No Return,Unknown,0.0
506182,2025-04-09,6,On Time,No Return,Unknown,0.0
506183,2024-05-30,6,On Time,No Return,Unknown,0.0
506184,2024-11-08,3,On Time,No Return,Unknown,0.0
506185,2025-10-04,6,On Time,No Return,Unknown,0.0
506186,2025-06-23,6,On Time,No Return,Unknown,0.0
506187,2025-01-18,3,On Time,No Return,Unknown,0.0
506188,2024-12-22,4,Late,Returned,Late Delivery,2046.64
506189,2024-10-13,2,Late,No Return,Unknown,0.0
506190,2025-12-23,4,Late,No Return,Unknown,0.0
506191,2025-05-20,4,Late,Returned,Quality Issue,3230.78
506192,2024-09-16,2,On Time,No Return,Unknown,0.0
506193,2024-02-28,7,Late,No Return,Unknown,0.0
506194,2025-07-07,4,On Time,No Return,Unknown,0.0
506195,2025-10-30,4,Late,No Return,Unknown,0.0
506196,2024-08-10,7,Late,No Return,Unknown,0.0
506197,2025-03-26,5,On Time,Returned,Wrong Item,1703.51
506198,2024-08-17,7,Late,No Return,Unknown,0.0
506199,2025-10-20,4,Late,No Return,Unknown,0.0
506200,2024-04-20,6,On Time,No Return,Unknown,0.0
506201,2025-06-07,2,Late,No Return,Unknown,0.0
506202,2025-01-22,5,Late,No Return,Unknown,0.0
506203,2024-04-28,5,On Time,No Return,Unknown,0.0
506204,2024-03-14,5,On Time,No Return,Unknown,0.0
506205,2025-01-03,4,On Time,No Return,Unknown,0.0
506206,2024-02-16,3,On Time,No Return,Unknown,0.0
506207,2025-11-18,7,Late,No Return,Unknown,0.0
506208,2024-08-04,6,Not Delivered,No Return,Unknown,0.0
506209,2024-10-07,5,On Time,No Return,Unknown,0.0
506210,2024-04-20,4,Late,Returned,Damaged,676.83
506211,2025-04-27,4,Late,No Return,Unknown,0.0
506212,2025-11-15,6,On Time,No Return,Unknown,0.0
506213,2024-07-29,6,On Time,No Return,Unknown,0.0
506214,2024-05-02,4,On Time,No Return,Unknown,0.0
506215,2025-05-03,3,On Time,No Return,Unknown,0.0
506216,2024-04-22,4,Late,No Return,Unknown,0.0
506217,2025-04-01,3,On Time,No Return,Unknown,0.0
506218,2024-08-30,4,Late,No Return,Unknown,0.0
506219,2024-01-11,3,Not Delivered,No Return,Unknown,0.0
506220,2025-05-31,5,On Time,No Return,Unknown,0.0
506221,2024-02-17,5,On Time,No Return,Unknown,0.0
506222,2025-02-01,4,Late,No Return,Unknown,0.0
506223,2024-05-13,2,Late,No Return,Unknown,0.0
506224,2025-12-22,4,Late,No Return,Unknown,0.0
506225,2025-02-03,6,On Time,No Return,Unknown,0.0
506226,2025-07-17,6,On Time,No Return,Unknown,0.0
506227,2024-07-24,8,Late,No Return,Unknown,0.0
506228,2025-04-15,7,Late,No Return,Unknown,0.0
506229,2024-05-07,7,Late,No Return,Unknown,0.0
506230,2024-10-31,5,On Time,No Return,Unknown,0.0
506231,2024-08-11,4,Late,Returned,Damaged,702.03
506232,2024-04-07,4,Not Delivered,No Return,Unknown,0.0
506233,2024-10-24,6,On Time,No Return,Unknown,0.0
506234,2024-06-06,5,Late,Returned,Damaged,2928.1
506235,2025-06-15,7,Late,No Return,Unknown,0.0
506236,2025-12-23,4,Not Delivered,No Return,Unknown,0.0
506237,2025-03-03,6,On Time,No Return,Unknown,0.0
506238,2024-06-10,4,On Time,No Return,Unknown,0.0
506239,2024-10-01,5,On Time,No Return,Unknown,0.0
506240,2025-08-10,8,Late,Returned,Quality Issue,1601.14
506241,2024-09-17,4,Late,No Return,Unknown,0.0
506242,2025-12-07,6,On Time,No Return,Unknown,0.0
506243,2025-06-03,5,Late,No Return,Unknown,0.0
506244,2024-08-25,1,On Time,No Return,Unknown,0.0
506245,2025-03-25,5,On Time,No Return,Unknown,0.0
506246,2025-10-08,3,On Time,No Return,Unknown,0.0
506247,2024-06-23,4,On Time,No Return,Unknown,0.0
506248,2024-10-03,7,Late,No Return,Unknown,0.0
506249,2025-08-29,6,On Time,Returned,Wrong Item,453.0
506250,2025-09-12,6,On Time,No Return,Unknown,0.0
506251,2025-10-03,5,On Time,No Return,Unknown,0.0
506252,2024-03-14,7,Late,No Return,Unknown,0.0
506253,2024-01-11,3,Late,No Return,Unknown,0.0
506254,2025-07-11,2,Not Delivered,No Return,Unknown,0.0
506255,2025-03-26,3,Late,No Return,Unknown,0.0
506256,2024-05-20,6,Late,No Return,Unknown,0.0
506257,2024-01-27,2,Late,No Return,Unknown,0.0
506258,2025-04-15,6,On Time,No Return,Unknown,0.0
506259,2025-01-14,6,Late,No Return,Unknown,0.0
506260,2024-07-21,7,Late,No Return,Unknown,0.0
506261,2025-12-10,6,On Time,No Return,Unknown,0.0
506262,2025-02-08,3,On Time,Returned,Damaged,6148.78
506263,2024-05-07,6,Not Delivered,No Return,Unknown,0.0
506264,2025-07-17,5,On Time,No Return,Unknown,0.0
506265,2024-07-30,3,On Time,No Return,Unknown,0.0
506266,2024-11-02,6,On Time,No Return,Unknown,0.0
506267,2025-08-31,8,Late,No Return,Unknown,0.0
506268,2025-06-02,4,Late,No Return,Unknown,0.0
506269,2025-10-19,1,On Time,No Return,Unknown,0.0
506270,2025-06-25,8,Late,No Return,Unknown,0.0
506271,2024-02-09,1,On Time,No Return,Unknown,0.0
506272,2025-09-15,5,Late,No Return,Unknown,0.0
506273,2025-09-09,6,On Time,No Return,Unknown,0.0
506274,2024-07-29,5,On Time,No Return,Unknown,0.0
506275,2025-08-08,3,On Time,No Return,Unknown,0.0
506276,2025-11-16,5,On Time,No Return,Unknown,0.0
506277,2025-11-28,1,On Time,No Return,Unknown,0.0
506278,2025-02-21,6,On Time,No Return,Unknown,0.0
506279,2024-12-05,7,Late,No Return,Unknown,0.0
506280,2024-08-03,8,Late,No Return,Unknown,0.0
506281,2025-02-15,7,Late,No Return,Unknown,0.0
506282,2025-01-27,5,Late,No Return,Unknown,0.0
506283,2025-05-07,6,On Time,No Return,Unknown,0.0
506284,2025-01-22,6,On Time,No Return,Unknown,0.0
506285,2024-10-01,4,Late,No Return,Unknown,0.0
506286,2025-03-18,6,On Time,No Return,Unknown,0.0
506287,2025-03-10,5,On Time,Returned,Damaged,1540.48
506288,2025-10-14,6,On Time,No Return,Unknown,0.0
506289,2025-10-22,3,On Time,No Return,Unknown,0.0
506290,2024-12-14,4,On Time,Returned,Changed Mind,2427.28
506291,2024-06-04,7,Late,No Return,Unknown,0.0
506292,2025-09-23,4,Late,Returned,Late Delivery,2384.8
506293,2025-02-02,7,Late,No Return,Unknown,0.0
506294,2024-07-08,3,On Time,No Return,Unknown,0.0
506295,2024-01-26,6,On Time,No Return,Unknown,0.0
506296,2024-12-07,4,On Time,No Return,Unknown,0.0
506297,2025-01-11,4,Late,Returned,Damaged,9103.47
506298,2024-03-12,5,On Time,No Return,Unknown,0.0
506299,2025-03-17,3,On Time,No Return,Unknown,0.0
506300,2024-03-04,2,Late,No Return,Unknown,0.0
506301,2025-05-06,6,On Time,No Return,Unknown,0.0
506302,2025-09-17,4,Late,No Return,Unknown,0.0
506303,2025-07-28,7,Late,No Return,Unknown,0.0
506304,2024-03-29,4,Late,No Return,Unknown,0.0
506305,2025-02-17,8,Late,Returned,Damaged,497.62
506306,2025-01-30,1,On Time,No Return,Unknown,0.0
506307,2025-09-14,4,On Time,No Return,Unknown,0.0
506308,2025-06-13,6,On Time,No Return,Unknown,0.0
506309,2024-07-02,8,Late,No Return,Unknown,0.0
506310,2025-01-01,8,Late,No Return,Unknown,0.0
506311,2025-06-28,6,On Time,No Return,Unknown,0.0
506312,2024-10-21,4,Late,No Return,Unknown,0.0
506313,2024-05-14,5,Late,No Return,Unknown,0.0
506314,2025-04-27,4,Late,No Return,Unknown,0.0
506315,2025-10-14,5,On Time,Returned,Changed Mind,380.3
506316,2025-06-19,4,On Time,No Return,Unknown,0.0
506317,2024-09-24,4,On Time,No Return,Unknown,0.0
506318,2025-11-09,8,Late,No Return,Unknown,0.0
506319,2025-05-22,5,Late,No Return,Unknown,0.0
506320,2024-06-11,3,On Time,No Return,Unknown,0.0
506321,2025-06-29,8,Late,No Return,Unknown,0.0
506322,2024-03-29,8,Not Delivered,No Return,Unknown,0.0
506323,2025-02-19,3,On Time,No Return,Unknown,0.0
506324,2025-04-24,5,Late,No Return,Unknown,0.0
506325,2024-01-23,5,On Time,No Return,Unknown,0.0
506326,2024-03-13,4,Late,No Return,Unknown,0.0
506327,2024-05-15,6,On Time,No Return,Unknown,0.0
506328,2025-10-14,6,On Time,Returned,Damaged,8506.44
506329,2026-01-04,5,On Time,No Return,Unknown,0.0
506330,2024-11-11,6,On Time,No Return,Unknown,0.0
506331,2025-05-06,5,On Time,No Return,Unknown,0.0
506332,2024-01-20,5,On Time,No Return,Unknown,0.0
506333,2025-05-15,5,On Time,No Return,Unknown,0.0
506334,2024-07-08,4,Late,No Return,Unknown,0.0
506335,2025-02-26,6,On Time,No Return,Unknown,0.0
506336,2025-12-10,3,On Time,No Return,Unknown,0.0
506337,2025-12-07,4,On Time,No Return,Unknown,0.0
506338,2025-03-12,5,Late,No Return,Unknown,0.0
506339,2024-03-11,5,On Time,No Return,Unknown,0.0
506340,2024-03-27,6,On Time,No Return,Unknown,0.0
506341,2024-02-13,8,Late,No Return,Unknown,0.0
506342,2024-01-18,1,On Time,No Return,Unknown,0.0
506343,2025-06-05,8,Late,No Return,Unknown,0.0
506344,2024-02-09,7,Late,No Return,Unknown,0.0
506345,2024-12-18,4,Not Delivered,No Return,Unknown,0.0
506346,2025-01-19,5,On Time,No Return,Unknown,0.0
506347,2025-05-25,3,Late,No Return,Unknown,0.0
506348,2025-10-13,6,On Time,No Return,Unknown,0.0
506349,2024-09-25,2,On Time,No Return,Unknown,0.0
506350,2025-06-06,6,On Time,No Return,Unknown,0.0
506351,2025-05-04,5,On Time,No Return,Unknown,0.0
506352,2024-12-19,7,Late,No Return,Unknown,0.0
506353,2025-09-03,9,Not Delivered,No Return,Unknown,0.0
506354,2025-10-30,5,On Time,No Return,Unknown,0.0
506355,2025-03-27,9,Not Delivered,No Return,Unknown,0.0
506356,2025-01-18,6,On Time,No Return,Unknown,0.0
506357,2025-09-24,3,On Time,No Return,Unknown,0.0
506358,2025-07-30,4,On Time,No Return,Unknown,0.0
506359,2024-12-30,7,Late,No Return,Unknown,0.0
506360,2025-06-26,5,On Time,No Return,Unknown,0.0
506361,2025-09-15,3,On Time,No Return,Unknown,0.0
506362,2024-08-04,7,Late,No Return,Unknown,0.0
506363,2024-02-19,8,Late,No Return,Unknown,0.0
506364,2024-01-18,5,Late,No Return,Unknown,0.0
506365,2025-08-29,6,Late,No Return,Unknown,0.0
506366,2025-08-28,6,On Time,No Return,Unknown,0.0
506367,2025-05-08,5,Late,No Return,Unknown,0.0
506368,2024-07-09,4,Late,No Return,Unknown,0.0
506369,2024-03-08,5,Late,Returned,Damaged,747.54
506370,2024-12-06,5,On Time,No Return,Unknown,0.0
506371,2025-07-15,7,Late,Returned,Quality Issue,6662.06
506372,2024-03-19,4,On Time,No Return,Unknown,0.0
506373,2024-06-03,6,On Time,No Return,Unknown,0.0
506374,2025-11-28,4,On Time,No Return,Unknown,0.0
506375,2024-07-31,6,On Time,No Return,Unknown,0.0
506376,2025-11-27,4,On Time,No Return,Unknown,0.0
506377,2025-11-18,3,On Time,No Return,Unknown,0.0
506378,2024-09-01,4,On Time,No Return,Unknown,0.0
506379,2025-11-14,8,Late,No Return,Unknown,0.0
506380,2025-08-04,7,Late,Returned,Late Delivery,4919.73
506381,2024-08-27,5,On Time,No Return,Unknown,0.0
506382,2024-05-11,7,Late,No Return,Unknown,0.0
506383,2024-09-20,7,Late,Returned,Quality Issue,356.38
506384,2024-04-07,6,On Time,No Return,Unknown,0.0
506385,2025-12-08,1,On Time,No Return,Unknown,0.0
506386,2024-08-01,7,Late,No Return,Unknown,0.0
506387,2025-02-24,4,On Time,No Return,Unknown,0.0
506388,2024-10-22,8,Late,Returned,Late Delivery,143.84
506389,2024-08-06,4,Not Delivered,No Return,Unknown,0.0
506390,2025-12-06,8,Late,No Return,Unknown,0.0
506391,2025-10-05,6,On Time,Returned,Changed Mind,2596.81
506392,2025-05-31,5,On Time,No Return,Unknown,0.0
506393,2025-08-01,6,On Time,No Return,Unknown,0.0
506394,2025-01-08,6,On Time,No Return,Unknown,0.0
506395,2025-02-07,3,On Time,No Return,Unknown,0.0
506396,2024-07-23,4,On Time,No Return,Unknown,0.0
506397,2025-08-11,8,Late,No Return,Unknown,0.0
506398,2024-10-16,5,Late,No Return,Unknown,0.0
506399,2024-03-09,6,On Time,No Return,Unknown,0.0
506400,2025-10-09,2,Late,Returned,Quality Issue,1852.69
506401,2024-12-30,4,On Time,Returned,Changed Mind,3086.73
506402,2024-07-10,5,On Time,No Return,Unknown,0.0
506403,2025-05-03,6,On Time,No Return,Unknown,0.0
506404,2025-01-10,5,On Time,No Return,Unknown,0.0
506405,2024-01-26,5,Late,No Return,Unknown,0.0
506406,2024-11-09,6,On Time,No Return,Unknown,0.0
506407,2024-02-18,3,On Time,No Return,Unknown,0.0
506408,2024-07-15,3,On Time,No Return,Unknown,0.0
506409,2024-03-01,4,Late,No Return,Unknown,0.0
506410,2025-07-13,6,On Time,No Return,Unknown,0.0
506411,2025-04-06,5,Late,No Return,Unknown,0.0
506412,2024-11-30,2,Late,No Return,Unknown,0.0
506413,2024-01-23,7,Late,No Return,Unknown,0.0
506414,2025-10-10,4,Late,No Return,Unknown,0.0
506415,2025-05-31,4,Not Delivered,No Return,Unknown,0.0
506416,2024-06-05,7,Late,No Return,Unknown,0.0
506417,2025-09-27,2,Late,No Return,Unknown,0.0
506418,2024-08-06,6,On Time,No Return,Unknown,0.0
506419,2025-01-29,4,On Time,No Return,Unknown,0.0
506420,2024-10-12,5,On Time,No Return,Unknown,0.0
506421,2025-10-19,6,Not Delivered,No Return,Unknown,0.0
506422,2025-11-07,6,On Time,No Return,Unknown,0.0
506423,2025-06-26,4,On Time,No Return,Unknown,0.0
506424,2024-12-11,4,Late,No Return,Unknown,0.0
506425,2025-11-07,3,On Time,No Return,Unknown,0.0
506426,2025-09-27,6,On Time,No Return,Unknown,0.0
506427,2024-12-07,5,On Time,No Return,Unknown,0.0
506428,2024-03-21,6,On Time,No Return,Unknown,0.0
506429,2024-04-04,2,Late,No Return,Unknown,0.0
506430,2025-07-04,5,Not Delivered,No Return,Unknown,0.0
506431,2024-04-28,4,Late,No Return,Unknown,0.0
506432,2025-03-01,5,Late,No Return,Unknown,0.0
506433,2024-04-27,5,Late,No Return,Unknown,0.0
506434,2025-01-07,5,Not Delivered,No Return,Unknown,0.0
506435,2024-03-05,5,On Time,No Return,Unknown,0.0
506436,2024-10-11,3,On Time,No Return,Unknown,0.0
506437,2024-09-01,8,Late,No Return,Unknown,0.0
506438,2025-10-04,5,On Time,No Return,Unknown,0.0
506439,2024-02-17,3,On Time,No Return,Unknown,0.0
506440,2024-07-22,7,Late,No Return,Unknown,0.0
506441,2025-12-31,7,Late,No Return,Unknown,0.0
506442,2025-05-20,7,Late,No Return,Unknown,0.0
506443,2025-08-10,5,On Time,No Return,Unknown,0.0
506444,2025-04-01,8,Late,No Return,Unknown,0.0
506445,2025-11-15,6,On Time,Returned,Quality Issue,470.49
506446,2024-07-17,4,Late,No Return,Unknown,0.0
506447,2025-11-21,6,On Time,No Return,Unknown,0.0
506448,2024-07-20,7,Late,No Return,Unknown,0.0
506449,2025-08-02,5,On Time,No Return,Unknown,0.0
506450,2025-08-09,5,On Time,No Return,Unknown,0.0
506451,2024-11-07,2,Late,No Return,Unknown,0.0
506452,2025-08-18,5,Late,No Return,Unknown,0.0
506453,2025-07-07,6,On Time,No Return,Unknown,0.0
506454,2025-01-28,5,On Time,No Return,Unknown,0.0
506455,2025-12-16,9,Late,No Return,Unknown,0.0
506456,2025-03-18,8,Late,No Return,Unknown,0.0
506457,2026-01-03,5,On Time,No Return,Unknown,0.0
506458,2025-10-29,7,Late,Returned,Quality Issue,12591.29
506459,2025-05-16,6,On Time,No Return,Unknown,0.0
506460,2024-07-24,5,On Time,No Return,Unknown,0.0
506461,2025-11-02,6,On Time,No Return,Unknown,0.0
506462,2025-06-21,4,On Time,No Return,Unknown,0.0
506463,2024-10-28,5,Not Delivered,No Return,Unknown,0.0
506464,2025-05-11,3,On Time,No Return,Unknown,0.0
506465,2026-01-02,6,On Time,No Return,Unknown,0.0
506466,2024-12-01,5,Late,No Return,Unknown,0.0
506467,2025-10-02,7,Late,Returned,Changed Mind,4487.45
506468,2024-09-19,2,On Time,No Return,Unknown,0.0
506469,2024-02-29,5,On Time,No Return,Unknown,0.0
506470,2024-10-14,6,On Time,No Return,Unknown,0.0
506471,2025-10-04,5,On Time,No Return,Unknown,0.0
506472,2025-03-23,6,On Time,No Return,Unknown,0.0
506473,2024-09-23,8,Late,No Return,Unknown,0.0
506474,2025-07-19,4,Late,No Return,Unknown,0.0
506475,2024-05-30,5,On Time,No Return,Unknown,0.0
506476,2025-02-02,8,Late,Returned,Damaged,562.08
506477,2025-01-12,5,On Time,Returned,Damaged,470.97
506478,2024-02-19,5,Late,No Return,Unknown,0.0
506479,2025-02-07,7,Late,No Return,Unknown,0.0
506480,2024-09-24,6,On Time,Returned,Quality Issue,1966.98
506481,2025-04-27,4,On Time,No Return,Unknown,0.0
506482,2025-07-22,4,On Time,Returned,Changed Mind,849.37
506483,2025-05-04,5,On Time,Returned,Quality Issue,13307.86
506484,2025-12-12,4,On Time,No Return,Unknown,0.0
506485,2025-06-05,6,On Time,No Return,Unknown,0.0
506486,2025-07-29,4,On Time,No Return,Unknown,0.0
506487,2025-11-19,4,Late,No Return,Unknown,0.0
506488,2025-08-13,7,Late,No Return,Unknown,0.0
506489,2025-05-05,5,On Time,No Return,Unknown,0.0
506490,2025-08-16,7,Late,No Return,Unknown,0.0
506491,2025-04-16,6,Not Delivered,No Return,Unknown,0.0
506492,2025-04-18,8,Late,No Return,Unknown,0.0
506493,2024-01-28,6,On Time,No Return,Unknown,0.0
506494,2025-02-06,7,Late,No Return,Unknown,0.0
506495,2024-07-31,4,On Time,No Return,Unknown,0.0
506496,2025-07-23,7,Late,No Return,Unknown,0.0
506497,2024-05-27,3,On Time,No Return,Unknown,0.0
506498,2025-02-26,3,On Time,No Return,Unknown,0.0
506499,2024-12-20,6,Not Delivered,No Return,Unknown,0.0
506500,2024-11-07,7,Late,No Return,Unknown,0.0
506501,2024-02-20,7,Late,No Return,Unknown,0.0
506502,2024-04-21,5,Late,No Return,Unknown,0.0
506503,2024-06-03,5,On Time,No Return,Unknown,0.0
506504,2025-09-04,7,Late,Returned,Wrong Item,1728.95
506505,2024-09-24,4,On Time,No Return,Unknown,0.0
506506,2024-04-22,3,On Time,No Return,Unknown,0.0
506507,2024-01-21,3,On Time,No Return,Unknown,0.0
506508,2024-12-05,4,Late,Returned,Damaged,7460.32
506509,2024-08-28,2,On Time,No Return,Unknown,0.0
506510,2025-12-29,5,Late,No Return,Unknown,0.0
506511,2024-11-26,3,Late,No Return,Unknown,0.0
506512,2024-10-25,5,On Time,No Return,Unknown,0.0
506513,2025-02-21,5,On Time,No Return,Unknown,0.0
506514,2025-04-10,5,On Time,No Return,Unknown,0.0
506515,2024-03-28,7,Late,No Return,Unknown,0.0
506516,2024-09-16,5,On Time,No Return,Unknown,0.0
506517,2025-01-02,5,On Time,No Return,Unknown,0.0
506518,2025-12-27,6,On Time,No Return,Unknown,0.0
506519,2025-04-08,7,Late,No Return,Unknown,0.0
506520,2025-03-22,4,On Time,No Return,Unknown,0.0
506521,2025-06-21,5,On Time,No Return,Unknown,0.0
506522,2024-09-01,7,Late,No Return,Unknown,0.0
506523,2024-09-24,7,Late,No Return,Unknown,0.0
506524,2024-10-06,7,Late,No Return,Unknown,0.0
506525,2024-10-10,4,On Time,No Return,Unknown,0.0
506526,2024-06-05,7,Late,No Return,Unknown,0.0
506527,2024-06-05,5,On Time,No Return,Unknown,0.0
506528,2025-08-02,7,Not Delivered,No Return,Unknown,0.0
506529,2025-10-17,8,Late,No Return,Unknown,0.0
506530,2024-01-16,4,Not Delivered,No Return,Unknown,0.0
506531,2024-01-18,4,Late,No Return,Unknown,0.0
506532,2025-05-30,5,On Time,No Return,Unknown,0.0
506533,2025-07-01,6,On Time,No Return,Unknown,0.0
506534,2025-03-25,5,On Time,No Return,Unknown,0.0
506535,2024-11-19,6,On Time,No Return,Unknown,0.0
506536,2024-09-01,7,Not Delivered,No Return,Unknown,0.0
506537,2025-06-27,5,On Time,No Return,Unknown,0.0
506538,2025-10-20,5,Late,No Return,Unknown,0.0
506539,2024-03-19,5,On Time,No Return,Unknown,0.0
506540,2025-03-15,6,On Time,No Return,Unknown,0.0
506541,2024-10-31,7,Late,No Return,Unknown,0.0
506542,2025-12-15,4,On Time,No Return,Unknown,0.0
506543,2024-10-27,5,Late,No Return,Unknown,0.0
506544,2024-01-19,5,On Time,No Return,Unknown,0.0
506545,2025-09-08,5,On Time,No Return,Unknown,0.0
506546,2025-08-28,3,On Time,No Return,Unknown,0.0
506547,2025-02-04,6,On Time,No Return,Unknown,0.0
506548,2024-07-14,5,Late,No Return,Unknown,0.0
506549,2025-02-28,4,Late,No Return,Unknown,0.0
506550,2024-04-22,7,Late,No Return,Unknown,0.0
506551,2025-02-04,7,Late,No Return,Unknown,0.0
506552,2025-03-16,3,On Time,No Return,Unknown,0.0
506553,2024-01-11,4,Late,No Return,Unknown,0.0
506554,2024-03-25,4,On Time,No Return,Unknown,0.0
506555,2025-10-19,6,On Time,No Return,Unknown,0.0
506556,2025-05-04,5,On Time,No Return,Unknown,0.0
506557,2024-12-29,7,Late,Returned,Quality Issue,1267.14
506558,2024-11-12,6,On Time,No Return,Unknown,0.0
506559,2025-05-24,4,On Time,No Return,Unknown,0.0
506560,2025-06-08,6,On Time,Returned,Changed Mind,1416.74
506561,2025-10-31,6,On Time,No Return,Unknown,0.0
506562,2025-10-02,3,On Time,Returned,Damaged,1252.56
506563,2025-03-30,6,On Time,No Return,Unknown,0.0
506564,2024-10-16,5,On Time,No Return,Unknown,0.0
506565,2024-10-13,5,Not Delivered,No Return,Unknown,0.0
506566,2024-03-18,4,Late,Returned,Damaged,10296.28
506567,2024-02-19,5,Late,No Return,Unknown,0.0
506568,2025-06-17,5,On Time,No Return,Unknown,0.0
506569,2025-11-12,6,On Time,No Return,Unknown,0.0
506570,2025-04-04,3,On Time,Returned,Quality Issue,1957.72
506571,2025-08-03,6,On Time,No Return,Unknown,0.0
506572,2025-02-15,5,On Time,No Return,Unknown,0.0
506573,2024-04-06,4,Late,No Return,Unknown,0.0
506574,2024-11-23,6,On Time,No Return,Unknown,0.0
506575,2025-04-15,5,On Time,No Return,Unknown,0.0
506576,2025-09-01,6,On Time,No Return,Unknown,0.0
506577,2025-07-16,9,Late,No Return,Unknown,0.0
506578,2024-11-26,4,Late,No Return,Unknown,0.0
506579,2025-08-12,7,Late,No Return,Unknown,0.0
506580,2026-01-01,4,Late,No Return,Unknown,0.0
506581,2025-07-26,5,On Time,No Return,Unknown,0.0
506582,2025-08-18,5,On Time,Returned,Changed Mind,2113.26
506583,2025-02-21,3,Late,Returned,Damaged,647.75
506584,2025-05-18,5,Late,No Return,Unknown,0.0
506585,2025-03-22,7,Late,No Return,Unknown,0.0
506586,2025-10-02,8,Late,No Return,Unknown,0.0
506587,2025-12-20,6,On Time,No Return,Unknown,0.0
506588,2025-03-14,7,Late,No Return,Unknown,0.0
506589,2024-11-26,3,On Time,Returned,Quality Issue,986.61
506590,2024-09-18,5,Late,No Return,Unknown,0.0
506591,2025-10-07,4,Late,No Return,Unknown,0.0
506592,2025-07-14,7,Late,No Return,Unknown,0.0
506593,2024-03-19,5,On Time,No Return,Unknown,0.0
506594,2024-08-28,7,Late,No Return,Unknown,0.0
506595,2025-06-10,6,On Time,No Return,Unknown,0.0
506596,2025-07-02,6,On Time,No Return,Unknown,0.0
506597,2025-09-03,4,On Time,No Return,Unknown,0.0
506598,2024-09-20,6,On Time,No Return,Unknown,0.0
506599,2024-08-21,5,On Time,Returned,Changed Mind,4998.73
506600,2024-09-07,6,On Time,No Return,Unknown,0.0
506601,2025-03-08,6,On Time,No Return,Unknown,0.0
506602,2025-12-15,5,On Time,No Return,Unknown,0.0
506603,2025-04-05,5,Not Delivered,No Return,Unknown,0.0
506604,2025-04-22,5,On Time,No Return,Unknown,0.0
506605,2025-07-22,6,On Time,No Return,Unknown,0.0
506606,2026-01-05,7,Late,Returned,Wrong Item,4826.49
506607,2024-06-28,6,On Time,No Return,Unknown,0.0
506608,2024-03-20,5,On Time,No Return,Unknown,0.0
506609,2024-04-15,7,Late,No Return,Unknown,0.0
506610,2025-06-01,5,Late,No Return,Unknown,0.0
506611,2024-05-10,7,Late,Returned,Changed Mind,1330.07
506612,2024-04-29,3,On Time,No Return,Unknown,0.0
506613,2024-12-11,3,On Time,No Return,Unknown,0.0
506614,2025-12-11,4,Late,No Return,Unknown,0.0
506615,2024-08-24,4,Late,No Return,Unknown,0.0
506616,2024-05-11,3,On Time,No Return,Unknown,0.0
506617,2025-01-10,2,On Time,Returned,Quality Issue,9016.26
506618,2025-07-31,3,Late,No Return,Unknown,0.0
506619,2024-08-30,7,Late,No Return,Unknown,0.0
506620,2024-07-15,7,Late,No Return,Unknown,0.0
506621,2025-12-06,5,Late,No Return,Unknown,0.0
506622,2024-06-22,6,On Time,No Return,Unknown,0.0
506623,2025-09-02,4,Late,Returned,Quality Issue,2589.31
506624,2025-10-31,1,On Time,No Return,Unknown,0.0
506625,2024-10-22,5,On Time,No Return,Unknown,0.0
506626,2024-12-13,7,Late,No Return,Unknown,0.0
506627,2025-02-02,4,On Time,No Return,Unknown,0.0
506628,2025-04-20,2,On Time,Returned,Wrong Item,17175.08
506629,2024-05-21,3,On Time,No Return,Unknown,0.0
506630,2024-07-15,6,On Time,No Return,Unknown,0.0
506631,2025-07-25,4,Late,No Return,Unknown,0.0
506632,2025-06-08,6,On Time,No Return,Unknown,0.0
506633,2024-02-26,6,On Time,No Return,Unknown,0.0
506634,2025-07-06,2,Late,No Return,Unknown,0.0
506635,2024-10-29,5,Late,No Return,Unknown,0.0
506636,2024-03-18,6,On Time,No Return,Unknown,0.0
506637,2024-09-14,2,Late,No Return,Unknown,0.0
506638,2024-11-11,7,Late,No Return,Unknown,0.0
506639,2024-04-07,7,Late,No Return,Unknown,0.0
506640,2024-06-06,9,Late,No Return,Unknown,0.0
506641,2024-02-05,6,On Time,No Return,Unknown,0.0
506642,2025-04-12,6,On Time,No Return,Unknown,0.0
506643,2025-09-30,4,Late,No Return,Unknown,0.0
506644,2025-01-23,4,On Time,No Return,Unknown,0.0
506645,2025-10-03,5,On Time,No Return,Unknown,0.0
506646,2025-10-13,6,On Time,No Return,Unknown,0.0
506647,2025-06-04,3,Late,No Return,Unknown,0.0
506648,2025-01-13,6,On Time,No Return,Unknown,0.0
506649,2024-07-18,3,On Time,No Return,Unknown,0.0
506650,2024-07-10,2,Late,No Return,Unknown,0.0
506651,2024-03-23,4,On Time,No Return,Unknown,0.0
506652,2025-07-04,4,Late,No Return,Unknown,0.0
506653,2024-03-16,4,Late,No Return,Unknown,0.0
506654,2024-02-15,3,On Time,Returned,Quality Issue,3479.04
506655,2024-05-18,6,On Time,No Return,Unknown,0.0
506656,2024-04-19,4,Late,No Return,Unknown,0.0
506657,2025-11-05,4,On Time,Returned,Quality Issue,1476.45
506658,2024-12-25,3,On Time,No Return,Unknown,0.0
506659,2024-01-13,5,On Time,No Return,Unknown,0.0
506660,2024-12-14,6,On Time,No Return,Unknown,0.0
506661,2025-03-15,3,On Time,No Return,Unknown,0.0
506662,2024-03-25,5,On Time,Returned,Quality Issue,2922.22
506663,2025-07-13,4,Late,No Return,Unknown,0.0
506664,2025-11-24,5,On Time,No Return,Unknown,0.0
506665,2025-01-30,4,Late,No Return,Unknown,0.0
506666,2025-08-03,5,On Time,No Return,Unknown,0.0
506667,2024-10-19,5,On Time,No Return,Unknown,0.0
506668,2024-04-27,5,Late,No Return,Unknown,0.0
506669,2025-12-23,3,On Time,No Return,Unknown,0.0
506670,2024-08-19,6,On Time,No Return,Unknown,0.0
506671,2024-12-03,5,Late,Returned,Quality Issue,910.54
506672,2025-02-24,4,Late,No Return,Unknown,0.0
506673,2024-10-07,3,On Time,No Return,Unknown,0.0
506674,2024-01-06,3,On Time,No Return,Unknown,0.0
506675,2025-07-03,5,Late,No Return,Unknown,0.0
506676,2025-04-29,7,Late,No Return,Unknown,0.0
506677,2025-02-19,6,On Time,No Return,Unknown,0.0
506678,2024-11-06,4,Late,No Return,Unknown,0.0
506679,2024-08-07,6,On Time,No Return,Unknown,0.0
506680,2024-02-02,3,Late,No Return,Unknown,0.0
506681,2025-03-01,7,Late,No Return,Unknown,0.0
506682,2025-06-24,4,On Time,No Return,Unknown,0.0
506683,2024-02-02,5,On Time,Returned,Late Delivery,461.8
506684,2025-09-07,7,Late,No Return,Unknown,0.0
506685,2024-03-30,3,On Time,No Return,Unknown,0.0
506686,2024-01-30,4,On Time,No Return,Unknown,0.0
506687,2024-05-06,7,Late,No Return,Unknown,0.0
506688,2025-12-19,6,On Time,No Return,Unknown,0.0
506689,2025-02-01,6,On Time,Returned,Quality Issue,881.79
506690,2024-12-27,5,On Time,No Return,Unknown,0.0
506691,2024-12-24,6,On Time,No Return,Unknown,0.0
506692,2024-01-19,4,On Time,Returned,Changed Mind,760.54
506693,2024-11-05,5,On Time,No Return,Unknown,0.0
506694,2024-09-18,8,Late,No Return,Unknown,0.0
506695,2025-09-21,7,Late,No Return,Unknown,0.0
506696,2025-06-07,4,Late,Returned,Quality Issue,2339.96
506697,2025-10-05,4,On Time,Returned,Damaged,1840.88
506698,2024-07-11,7,Late,No Return,Unknown,0.0
506699,2025-01-25,4,Late,No Return,Unknown,0.0
506700,2025-05-19,5,Late,No Return,Unknown,0.0
506701,2024-01-17,3,On Time,Returned,Damaged,11549.21
506702,2024-08-21,4,On Time,No Return,Unknown,0.0
506703,2024-04-06,6,On Time,No Return,Unknown,0.0
506704,2025-02-10,3,On Time,No Return,Unknown,0.0
506705,2025-05-26,7,Late,No Return,Unknown,0.0
506706,2024-01-11,7,Late,No Return,Unknown,0.0
506707,2025-10-29,4,Not Delivered,No Return,Unknown,0.0
506708,2024-08-11,5,On Time,No Return,Unknown,0.0
506709,2025-08-16,6,On Time,No Return,Unknown,0.0
506710,2024-08-06,3,On Time,No Return,Unknown,0.0
506711,2024-06-12,5,On Time,Returned,Quality Issue,1562.25
506712,2025-08-07,6,Not Delivered,No Return,Unknown,0.0
506713,2025-12-11,7,Late,No Return,Unknown,0.0
506714,2026-01-07,7,Late,No Return,Unknown,0.0
506715,2025-01-08,1,On Time,No Return,Unknown,0.0
506716,2024-01-22,5,On Time,No Return,Unknown,0.0
506717,2025-05-15,6,On Time,No Return,Unknown,0.0
506718,2025-09-18,8,Late,No Return,Unknown,0.0
506719,2025-04-15,5,On Time,No Return,Unknown,0.0
506720,2025-03-21,2,On Time,No Return,Unknown,0.0
506721,2024-03-26,5,On Time,No Return,Unknown,0.0
506722,2024-06-17,3,On Time,No Return,Unknown,0.0
506723,2024-12-28,6,On Time,No Return,Unknown,0.0
506724,2024-08-24,3,On Time,Returned,Wrong Item,743.61
506725,2024-06-17,7,Late,No Return,Unknown,0.0
506726,2024-06-29,6,On Time,No Return,Unknown,0.0
506727,2025-11-07,5,On Time,No Return,Unknown,0.0
506728,2025-01-02,5,On Time,No Return,Unknown,0.0
506729,2025-01-15,5,On Time,No Return,Unknown,0.0
506730,2025-12-04,7,Late,No Return,Unknown,0.0
506731,2024-06-28,6,On Time,No Return,Unknown,0.0
506732,2024-09-01,7,Late,No Return,Unknown,0.0
506733,2024-06-14,3,On Time,No Return,Unknown,0.0
506734,2024-08-31,6,On Time,No Return,Unknown,0.0
506735,2025-09-12,3,On Time,Returned,Damaged,11048.27
506736,2025-09-27,6,On Time,No Return,Unknown,0.0
506737,2024-08-23,4,Late,No Return,Unknown,0.0
506738,2025-08-16,6,On Time,No Return,Unknown,0.0
506739,2025-06-05,5,On Time,No Return,Unknown,0.0
506740,2026-01-05,6,On Time,No Return,Unknown,0.0
506741,2024-08-28,5,On Time,No Return,Unknown,0.0
506742,2024-11-22,4,Late,No Return,Unknown,0.0
506743,2025-07-02,5,On Time,No Return,Unknown,0.0
506744,2025-02-14,4,On Time,No Return,Unknown,0.0
506745,2024-06-28,3,On Time,Returned,Quality Issue,482.12
506746,2025-05-21,7,Late,No Return,Unknown,0.0
506747,2024-05-02,4,Late,No Return,Unknown,0.0
506748,2024-07-14,6,On Time,No Return,Unknown,0.0
506749,2025-09-06,1,On Time,No Return,Unknown,0.0
506750,2025-01-03,4,On Time,No Return,Unknown,0.0
506751,2025-05-04,4,Not Delivered,No Return,Unknown,0.0
506752,2024-03-25,6,On Time,No Return,Unknown,0.0
506753,2024-11-22,5,On Time,No Return,Unknown,0.0
506754,2024-05-22,4,Late,No Return,Unknown,0.0
506755,2024-12-06,5,On Time,No Return,Unknown,0.0
506756,2025-02-10,5,On Time,No Return,Unknown,0.0
506757,2024-08-19,6,On Time,No Return,Unknown,0.0
506758,2024-09-26,4,Late,No Return,Unknown,0.0
506759,2024-12-03,5,On Time,No Return,Unknown,0.0
506760,2024-08-18,7,Late,No Return,Unknown,0.0
506761,2025-07-30,5,On Time,No Return,Unknown,0.0
506762,2025-07-18,5,On Time,No Return,Unknown,0.0
506763,2025-08-21,6,On Time,No Return,Unknown,0.0
506764,2025-06-07,4,Late,No Return,Unknown,0.0
506765,2024-09-10,5,Late,No Return,Unknown,0.0
506766,2025-11-10,3,On Time,No Return,Unknown,0.0
506767,2025-03-01,5,Late,Returned,Quality Issue,4688.05
506768,2024-07-12,7,Late,No Return,Unknown,0.0
506769,2024-09-11,6,On Time,No Return,Unknown,0.0
506770,2024-05-10,4,Not Delivered,No Return,Unknown,0.0
506771,2024-04-02,5,On Time,No Return,Unknown,0.0
506772,2024-02-21,7,Late,No Return,Unknown,0.0
506773,2024-09-09,7,Late,No Return,Unknown,0.0
506774,2025-02-19,5,On Time,Returned,Late Delivery,2460.04
506775,2024-08-11,6,On Time,No Return,Unknown,0.0
506776,2025-03-06,4,On Time,No Return,Unknown,0.0
506777,2024-01-21,6,On Time,No Return,Unknown,0.0
506778,2025-11-21,2,On Time,No Return,Unknown,0.0
506779,2024-12-06,6,On Time,No Return,Unknown,0.0
506780,2025-12-31,4,On Time,No Return,Unknown,0.0
506781,2025-06-26,6,On Time,No Return,Unknown,0.0
506782,2025-05-11,5,On Time,Returned,Damaged,1867.93
506783,2024-10-22,4,On Time,No Return,Unknown,0.0
506784,2024-05-03,7,Late,No Return,Unknown,0.0
506785,2025-08-20,6,On Time,No Return,Unknown,0.0
506786,2025-11-20,3,On Time,No Return,Unknown,0.0
506787,2025-04-16,3,Not Delivered,No Return,Unknown,0.0
506788,2025-07-09,4,On Time,No Return,Unknown,0.0
506789,2025-11-20,7,Late,No Return,Unknown,0.0
506790,2025-09-24,4,On Time,No Return,Unknown,0.0
506791,2025-12-02,6,On Time,No Return,Unknown,0.0
506792,2025-08-18,3,On Time,No Return,Unknown,0.0
506793,2025-01-26,5,On Time,No Return,Unknown,0.0
506794,2025-08-12,7,Late,No Return,Unknown,0.0
506795,2025-10-20,7,Late,No Return,Unknown,0.0
506796,2024-07-20,9,Late,No Return,Unknown,0.0
506797,2025-11-14,1,On Time,No Return,Unknown,0.0
506798,2024-04-14,4,On Time,No Return,Unknown,0.0
506799,2024-03-14,4,Late,No Return,Unknown,0.0
506800,2024-06-24,2,On Time,No Return,Unknown,0.0
506801,2025-03-25,6,On Time,No Return,Unknown,0.0
506802,2025-12-06,5,Late,No Return,Unknown,0.0
506803,2025-03-12,4,On Time,No Return,Unknown,0.0
506804,2024-08-06,4,On Time,No Return,Unknown,0.0
506805,2025-06-25,5,On Time,No Return,Unknown,0.0
506806,2025-08-28,5,On Time,No Return,Unknown,0.0
506807,2025-10-12,8,Late,No Return,Unknown,0.0
506808,2025-12-11,3,On Time,No Return,Unknown,0.0
506809,2024-11-21,7,Late,Returned,Late Delivery,2128.54
506810,2024-10-16,4,On Time,No Return,Unknown,0.0
506811,2024-08-16,4,On Time,No Return,Unknown,0.0
506812,2024-12-19,5,Late,No Return,Unknown,0.0
506813,2025-01-29,7,Late,No Return,Unknown,0.0
506814,2024-12-12,6,On Time,No Return,Unknown,0.0
506815,2025-10-28,6,On Time,Returned,Quality Issue,3487.58
506816,2025-05-22,4,Late,No Return,Unknown,0.0
506817,2024-03-16,5,Late,No Return,Unknown,0.0
506818,2024-05-14,6,On Time,No Return,Unknown,0.0
506819,2025-03-25,6,On Time,No Return,Unknown,0.0
506820,2024-10-23,7,Late,No Return,Unknown,0.0
506821,2025-08-25,4,Late,No Return,Unknown,0.0
506822,2025-01-24,3,On Time,No Return,Unknown,0.0
506823,2024-01-22,4,On Time,No Return,Unknown,0.0
506824,2025-07-12,4,Late,No Return,Unknown,0.0
506825,2024-03-25,9,Late,No Return,Unknown,0.0
506826,2025-07-13,7,Late,No Return,Unknown,0.0
506827,2025-01-04,5,On Time,No Return,Unknown,0.0
506828,2024-10-09,3,Late,No Return,Unknown,0.0
506829,2024-10-10,4,Late,No Return,Unknown,0.0
506830,2025-03-22,4,Late,No Return,Unknown,0.0
506831,2024-11-26,2,On Time,No Return,Unknown,0.0
506832,2025-06-22,3,On Time,No Return,Unknown,0.0
506833,2025-05-26,4,Late,No Return,Unknown,0.0
506834,2025-03-30,5,On Time,No Return,Unknown,0.0
506835,2025-01-15,6,On Time,No Return,Unknown,0.0
506836,2024-10-29,7,Late,No Return,Unknown,0.0
506837,2025-04-27,7,Late,No Return,Unknown,0.0
506838,2025-02-01,5,Late,No Return,Unknown,0.0
506839,2024-04-26,8,Late,No Return,Unknown,0.0
506840,2024-12-27,3,On Time,No Return,Unknown,0.0
506841,2024-10-21,6,On Time,No Return,Unknown,0.0
506842,2025-02-28,7,Late,No Return,Unknown,0.0
506843,2024-11-17,4,Late,No Return,Unknown,0.0
506844,2024-12-12,6,On Time,No Return,Unknown,0.0
506845,2024-11-17,5,On Time,No Return,Unknown,0.0
506846,2024-12-19,5,On Time,No Return,Unknown,0.0
506847,2024-02-03,7,Late,No Return,Unknown,0.0
506848,2025-10-06,7,Late,No Return,Unknown,0.0
506849,2025-02-10,6,On Time,No Return,Unknown,0.0
506850,2024-11-18,7,Late,No Return,Unknown,0.0
506851,2025-11-18,6,On Time,No Return,Unknown,0.0
506852,2025-07-16,4,On Time,Returned,Quality Issue,685.71
506853,2025-01-04,2,On Time,No Return,Unknown,0.0
506854,2024-12-13,5,On Time,No Return,Unknown,0.0
506855,2025-11-28,5,On Time,No Return,Unknown,0.0
506856,2025-01-02,3,On Time,No Return,Unknown,0.0
506857,2024-03-21,8,Late,No Return,Unknown,0.0
506858,2024-05-06,5,On Time,No Return,Unknown,0.0
506859,2024-07-12,8,Late,No Return,Unknown,0.0
506860,2024-11-17,3,On Time,Returned,Quality Issue,2818.47
506861,2025-08-22,6,Not Delivered,No Return,Unknown,0.0
506862,2025-06-29,4,Late,No Return,Unknown,0.0
506863,2025-09-30,6,On Time,No Return,Unknown,0.0
506864,2024-12-23,5,Late,No Return,Unknown,0.0
506865,2024-12-25,5,On Time,No Return,Unknown,0.0
506866,2024-04-19,4,On Time,No Return,Unknown,0.0
506867,2025-03-01,8,Late,No Return,Unknown,0.0
506868,2025-10-11,8,Late,No Return,Unknown,0.0
506869,2024-07-30,7,Late,No Return,Unknown,0.0
506870,2025-07-22,4,On Time,No Return,Unknown,0.0
506871,2025-01-22,6,Late,Returned,Damaged,453.4
506872,2024-10-27,4,Late,No Return,Unknown,0.0
506873,2024-10-11,6,On Time,No Return,Unknown,0.0
506874,2024-07-11,4,Late,No Return,Unknown,0.0
506875,2025-12-29,2,Late,No Return,Unknown,0.0
506876,2025-07-03,7,Late,No Return,Unknown,0.0
506877,2025-03-29,4,Late,Returned,Wrong Item,12431.84
506878,2024-09-21,7,Late,No Return,Unknown,0.0
506879,2025-04-05,8,Late,No Return,Unknown,0.0
506880,2025-08-03,9,Late,No Return,Unknown,0.0
506881,2024-03-25,7,Late,No Return,Unknown,0.0
506882,2024-01-30,7,Late,No Return,Unknown,0.0
506883,2025-05-21,4,Late,No Return,Unknown,0.0
506884,2024-07-04,1,On Time,No Return,Unknown,0.0
506885,2025-07-04,4,Late,No Return,Unknown,0.0
506886,2025-06-01,5,On Time,Returned,Changed Mind,514.27
506887,2025-09-13,5,On Time,No Return,Unknown,0.0
506888,2025-11-25,7,Late,No Return,Unknown,0.0
506889,2024-02-24,6,On Time,No Return,Unknown,0.0
506890,2024-06-19,3,On Time,Returned,Wrong Item,144.32
506891,2025-11-04,4,Late,No Return,Unknown,0.0
506892,2024-01-28,7,Late,Returned,Damaged,421.86
506893,2025-01-28,2,On Time,No Return,Unknown,0.0
506894,2024-04-21,7,Late,No Return,Unknown,0.0
506895,2024-10-21,5,On Time,No Return,Unknown,0.0
506896,2025-09-30,6,On Time,No Return,Unknown,0.0
506897,2025-12-08,4,On Time,No Return,Unknown,0.0
506898,2025-03-06,5,On Time,No Return,Unknown,0.0
506899,2024-08-18,2,Late,No Return,Unknown,0.0
506900,2024-07-06,7,Late,No Return,Unknown,0.0
506901,2024-12-24,7,Late,No Return,Unknown,0.0
506902,2024-08-20,8,Late,No Return,Unknown,0.0
506903,2024-08-25,4,On Time,No Return,Unknown,0.0
506904,2024-09-30,8,Late,No Return,Unknown,0.0
506905,2024-11-15,6,On Time,No Return,Unknown,0.0
506906,2025-05-17,4,Late,No Return,Unknown,0.0
506907,2024-08-14,9,Late,No Return,Unknown,0.0
506908,2024-08-03,5,Late,No Return,Unknown,0.0
506909,2024-04-15,7,Late,No Return,Unknown,0.0
506910,2025-09-18,6,On Time,Returned,Damaged,3259.7
506911,2025-01-30,8,Late,No Return,Unknown,0.0
506912,2024-12-14,4,Not Delivered,No Return,Unknown,0.0
506913,2024-09-14,5,On Time,No Return,Unknown,0.0
506914,2025-06-12,5,Late,No Return,Unknown,0.0
506915,2024-04-28,1,On Time,No Return,Unknown,0.0
506916,2025-08-26,4,Late,No Return,Unknown,0.0
506917,2024-07-31,4,Late,No Return,Unknown,0.0
506918,2025-02-14,2,Late,No Return,Unknown,0.0
506919,2025-05-02,7,Late,No Return,Unknown,0.0
506920,2025-10-04,1,Not Delivered,No Return,Unknown,0.0
506921,2024-11-30,6,On Time,No Return,Unknown,0.0
506922,2024-07-05,4,Late,No Return,Unknown,0.0
506923,2025-02-25,5,On Time,No Return,Unknown,0.0
506924,2024-03-31,8,Late,No Return,Unknown,0.0
506925,2024-09-11,1,On Time,No Return,Unknown,0.0
506926,2024-01-10,5,Late,Returned,Wrong Item,397.1
506927,2024-11-04,6,On Time,No Return,Unknown,0.0
506928,2025-06-25,6,On Time,No Return,Unknown,0.0
506929,2025-09-27,3,On Time,No Return,Unknown,0.0
506930,2025-09-04,6,On Time,No Return,Unknown,0.0
506931,2025-03-09,6,On Time,No Return,Unknown,0.0
506932,2024-08-19,5,On Time,No Return,Unknown,0.0
506933,2025-10-22,7,Late,No Return,Unknown,0.0
506934,2025-07-19,3,On Time,No Return,Unknown,0.0
506935,2025-01-30,6,On Time,No Return,Unknown,0.0
506936,2025-10-25,7,Late,No Return,Unknown,0.0
506937,2025-07-20,3,On Time,No Return,Unknown,0.0
506938,2024-01-16,4,On Time,No Return,Unknown,0.0
506939,2024-12-03,1,On Time,No Return,Unknown,0.0
506940,2025-09-06,8,Late,No Return,Unknown,0.0
506941,2024-05-14,6,On Time,No Return,Unknown,0.0
506942,2024-01-15,4,On Time,No Return,Unknown,0.0
506943,2025-05-11,7,Late,No Return,Unknown,0.0
506944,2024-10-04,6,On Time,Returned,Damaged,401.66
506945,2024-12-29,7,Late,No Return,Unknown,0.0
506946,2024-04-08,7,Late,No Return,Unknown,0.0
506947,2024-01-14,5,Late,No Return,Unknown,0.0
506948,2024-05-07,5,On Time,No Return,Unknown,0.0
506949,2024-10-13,6,On Time,No Return,Unknown,0.0
506950,2025-04-07,5,Late,Returned,Quality Issue,1866.29
506951,2025-04-01,6,On Time,Returned,Changed Mind,1230.48
506952,2025-09-28,6,On Time,No Return,Unknown,0.0
506953,2025-02-14,4,On Time,No Return,Unknown,0.0
506954,2025-12-07,5,On Time,Returned,Changed Mind,9592.91
506955,2024-03-02,6,On Time,No Return,Unknown,0.0
506956,2025-12-13,5,On Time,No Return,Unknown,0.0
506957,2025-01-19,6,On Time,No Return,Unknown,0.0
506958,2025-05-21,5,Late,No Return,Unknown,0.0
506959,2024-01-28,5,Late,No Return,Unknown,0.0
506960,2024-09-07,6,On Time,No Return,Unknown,0.0
506961,2025-02-27,6,On Time,No Return,Unknown,0.0
506962,2024-08-21,3,On Time,No Return,Unknown,0.0
506963,2024-08-02,5,Late,No Return,Unknown,0.0
506964,2024-06-13,3,On Time,No Return,Unknown,0.0
506965,2025-01-16,5,On Time,No Return,Unknown,0.0
506966,2024-06-22,4,Late,No Return,Unknown,0.0
506967,2024-12-06,2,On Time,No Return,Unknown,0.0
506968,2025-04-24,6,On Time,No Return,Unknown,0.0
506969,2024-08-19,5,On Time,No Return,Unknown,0.0
506970,2025-01-01,4,Late,No Return,Unknown,0.0
506971,2025-05-01,8,Late,No Return,Unknown,0.0
506972,2025-07-16,8,Late,No Return,Unknown,0.0
506973,2025-04-23,4,On Time,Returned,Late Delivery,12610.8
506974,2024-07-20,7,Late,No Return,Unknown,0.0
506975,2024-01-17,5,Not Delivered,No Return,Unknown,0.0
506976,2025-05-14,5,On Time,No Return,Unknown,0.0
506977,2024-03-08,6,On Time,No Return,Unknown,0.0
506978,2025-06-15,3,Late,No Return,Unknown,0.0
506979,2024-10-02,5,On Time,No Return,Unknown,0.0
506980,2025-06-26,5,On Time,Returned,Wrong Item,7613.99
506981,2025-07-15,5,On Time,No Return,Unknown,0.0
506982,2025-10-25,7,Late,No Return,Unknown,0.0
506983,2024-03-10,5,On Time,No Return,Unknown,0.0
506984,2025-05-01,7,Late,No Return,Unknown,0.0
506985,2025-05-09,5,Late,No Return,Unknown,0.0
506986,2024-03-13,5,On Time,No Return,Unknown,0.0
506987,2025-01-01,5,On Time,No Return,Unknown,0.0
506988,2025-09-03,4,On Time,No Return,Unknown,0.0
506989,2025-07-31,6,On Time,No Return,Unknown,0.0
506990,2024-01-24,5,On Time,No Return,Unknown,0.0
506991,2025-07-06,8,Late,No Return,Unknown,0.0
506992,2024-04-09,9,Late,No Return,Unknown,0.0
506993,2024-08-31,6,On Time,Returned,Damaged,1473.19
506994,2025-04-10,4,On Time,No Return,Unknown,0.0
506995,2024-01-27,3,Not Delivered,No Return,Unknown,0.0
506996,2024-08-22,8,Late,No Return,Unknown,0.0
506997,2025-01-20,5,On Time,No Return,Unknown,0.0
506998,2024-01-10,4,Late,No Return,Unknown,0.0
506999,2025-07-27,4,On Time,No Return,Unknown,0.0
507000,2025-09-09,6,On Time,No Return,Unknown,0.0
507001,2025-09-28,3,On Time,No Return,Unknown,0.0
507002,2024-12-28,6,On Time,No Return,Unknown,0.0
507003,2024-06-11,6,On Time,No Return,Unknown,0.0
507004,2024-07-25,6,On Time,No Return,Unknown,0.0
507005,2024-08-15,3,Late,No Return,Unknown,0.0
507006,2025-04-12,5,On Time,No Return,Unknown,0.0
507007,2025-10-29,5,On Time,No Return,Unknown,0.0
507008,2024-09-15,2,Late,No Return,Unknown,0.0
507009,2025-08-21,6,On Time,No Return,Unknown,0.0
507010,2025-03-13,7,Late,No Return,Unknown,0.0
507011,2025-03-04,4,On Time,No Return,Unknown,0.0
507012,2025-02-13,3,On Time,No Return,Unknown,0.0
507013,2025-09-11,8,Late,No Return,Unknown,0.0
507014,2024-04-17,3,On Time,No Return,Unknown,0.0
507015,2024-09-14,6,Not Delivered,No Return,Unknown,0.0
507016,2025-10-11,5,On Time,No Return,Unknown,0.0
507017,2024-04-11,3,On Time,No Return,Unknown,0.0
507018,2024-07-01,5,On Time,No Return,Unknown,0.0
507019,2024-09-25,4,On Time,No Return,Unknown,0.0
507020,2024-05-13,2,On Time,No Return,Unknown,0.0
507021,2024-07-20,3,On Time,No Return,Unknown,0.0
507022,2025-12-10,5,On Time,No Return,Unknown,0.0
507023,2025-12-27,7,Late,No Return,Unknown,0.0
507024,2024-02-29,3,On Time,No Return,Unknown,0.0
507025,2025-02-16,4,On Time,No Return,Unknown,0.0
507026,2024-09-23,5,On Time,Returned,Changed Mind,3556.2
507027,2025-10-19,4,Late,No Return,Unknown,0.0
507028,2025-08-02,5,On Time,No Return,Unknown,0.0
507029,2024-05-02,5,On Time,No Return,Unknown,0.0
507030,2025-05-06,7,Late,No Return,Unknown,0.0
507031,2024-11-20,4,Late,No Return,Unknown,0.0
507032,2024-11-06,3,On Time,No Return,Unknown,0.0
507033,2025-05-07,3,On Time,No Return,Unknown,0.0
507034,2024-11-19,3,On Time,Returned,Quality Issue,3937.33
507035,2024-12-28,7,Late,No Return,Unknown,0.0
507036,2025-10-14,5,Late,No Return,Unknown,0.0
507037,2025-09-05,6,On Time,No Return,Unknown,0.0
507038,2025-06-07,4,Late,No Return,Unknown,0.0
507039,2025-06-12,3,On Time,Returned,Late Delivery,297.87
507040,2024-01-30,6,On Time,No Return,Unknown,0.0
507041,2024-07-14,4,On Time,No Return,Unknown,0.0
507042,2024-12-20,6,On Time,No Return,Unknown,0.0
507043,2024-01-30,5,On Time,No Return,Unknown,0.0
507044,2025-01-29,5,Late,No Return,Unknown,0.0
507045,2025-10-04,2,On Time,No Return,Unknown,0.0
507046,2025-08-25,4,On Time,Returned,Wrong Item,2012.75
507047,2025-07-26,5,On Time,No Return,Unknown,0.0
507048,2024-07-12,4,Late,No Return,Unknown,0.0
507049,2024-02-05,8,Late,No Return,Unknown,0.0
507050,2025-06-29,5,On Time,Returned,Wrong Item,4579.23
507051,2025-05-11,6,Late,No Return,Unknown,0.0
507052,2025-05-07,5,Late,No Return,Unknown,0.0
507053,2024-06-27,7,Late,No Return,Unknown,0.0
507054,2024-02-10,3,On Time,No Return,Unknown,0.0
507055,2024-10-29,4,On Time,No Return,Unknown,0.0
507056,2024-09-25,3,On Time,Returned,Quality Issue,8863.51
507057,2024-02-04,8,Late,No Return,Unknown,0.0
507058,2025-10-15,6,On Time,No Return,Unknown,0.0
507059,2025-03-31,4,On Time,No Return,Unknown,0.0
507060,2025-04-19,6,On Time,No Return,Unknown,0.0
507061,2024-03-31,6,On Time,No Return,Unknown,0.0
507062,2024-01-16,3,On Time,No Return,Unknown,0.0
507063,2025-07-28,5,On Time,No Return,Unknown,0.0
507064,2024-09-17,2,Late,No Return,Unknown,0.0
507065,2024-04-14,5,Late,No Return,Unknown,0.0
507066,2025-09-08,1,On Time,No Return,Unknown,0.0
507067,2024-09-22,5,On Time,No Return,Unknown,0.0
507068,2024-10-10,6,On Time,No Return,Unknown,0.0
507069,2024-03-10,4,Late,No Return,Unknown,0.0
507070,2025-08-28,5,On Time,No Return,Unknown,0.0
507071,2025-08-27,5,On Time,No Return,Unknown,0.0
507072,2025-01-19,7,Late,No Return,Unknown,0.0
507073,2025-06-05,5,On Time,No Return,Unknown,0.0
507074,2025-10-23,6,On Time,No Return,Unknown,0.0
507075,2024-04-30,4,On Time,No Return,Unknown,0.0
507076,2025-05-20,7,Late,No Return,Unknown,0.0
507077,2024-07-28,5,On Time,No Return,Unknown,0.0
507078,2025-08-15,6,On Time,No Return,Unknown,0.0
507079,2024-03-26,6,On Time,No Return,Unknown,0.0
507080,2024-01-26,8,Late,No Return,Unknown,0.0
507081,2025-12-31,2,Late,No Return,Unknown,0.0
507082,2025-09-09,4,Not Delivered,No Return,Unknown,0.0
507083,2025-10-11,6,Not Delivered,No Return,Unknown,0.0
507084,2024-03-04,6,On Time,No Return,Unknown,0.0
507085,2024-04-23,2,Late,No Return,Unknown,0.0
507086,2025-08-25,6,On Time,No Return,Unknown,0.0
507087,2025-09-25,6,On Time,No Return,Unknown,0.0
507088,2024-11-14,4,On Time,No Return,Unknown,0.0
507089,2024-06-14,4,Late,No Return,Unknown,0.0
507090,2024-11-22,3,On Time,No Return,Unknown,0.0
507091,2025-12-21,3,On Time,No Return,Unknown,0.0
507092,2024-12-02,6,On Time,No Return,Unknown,0.0
507093,2025-08-06,4,Late,Returned,Wrong Item,3850.26
507094,2025-05-20,4,On Time,No Return,Unknown,0.0
507095,2024-02-29,3,Late,No Return,Unknown,0.0
507096,2024-06-18,5,On Time,No Return,Unknown,0.0
507097,2024-06-18,4,On Time,No Return,Unknown,0.0
507098,2024-10-27,4,Late,No Return,Unknown,0.0
507099,2024-01-08,4,On Time,No Return,Unknown,0.0
507100,2025-02-19,6,On Time,No Return,Unknown,0.0
507101,2024-04-18,3,Late,No Return,Unknown,0.0
507102,2025-09-17,6,On Time,No Return,Unknown,0.0
507103,2025-11-18,6,On Time,No Return,Unknown,0.0
507104,2025-07-26,7,Late,No Return,Unknown,0.0
507105,2024-06-19,5,On Time,No Return,Unknown,0.0
507106,2024-09-15,5,On Time,No Return,Unknown,0.0
507107,2025-11-01,5,On Time,No Return,Unknown,0.0
507108,2024-05-12,5,On Time,No Return,Unknown,0.0
507109,2025-05-05,5,On Time,No Return,Unknown,0.0
507110,2024-03-22,6,On Time,No Return,Unknown,0.0
507111,2024-08-13,5,On Time,No Return,Unknown,0.0
507112,2025-03-16,7,Late,No Return,Unknown,0.0
507113,2025-10-01,5,On Time,No Return,Unknown,0.0
507114,2025-06-25,5,Late,No Return,Unknown,0.0
507115,2025-03-19,5,On Time,No Return,Unknown,0.0
507116,2025-03-12,2,On Time,No Return,Unknown,0.0
507117,2025-09-16,7,Late,No Return,Unknown,0.0
507118,2025-09-15,6,On Time,No Return,Unknown,0.0
507119,2025-09-12,6,On Time,No Return,Unknown,0.0
507120,2025-06-14,5,On Time,No Return,Unknown,0.0
507121,2024-05-15,3,On Time,No Return,Unknown,0.0
507122,2025-03-20,4,On Time,No Return,Unknown,0.0
507123,2025-06-21,4,Late,No Return,Unknown,0.0
507124,2025-08-15,6,On Time,No Return,Unknown,0.0
507125,2025-01-31,6,On Time,No Return,Unknown,0.0
507126,2024-09-02,2,On Time,No Return,Unknown,0.0
507127,2024-05-31,6,On Time,No Return,Unknown,0.0
507128,2025-02-24,6,On Time,No Return,Unknown,0.0
507129,2025-03-09,7,Late,No Return,Unknown,0.0
507130,2024-08-04,5,On Time,No Return,Unknown,0.0
507131,2024-09-10,5,On Time,No Return,Unknown,0.0
507132,2024-02-12,8,Late,Returned,Quality Issue,592.16
507133,2024-09-12,3,On Time,No Return,Unknown,0.0
507134,2024-10-16,4,Not Delivered,No Return,Unknown,0.0
507135,2025-11-28,5,Late,No Return,Unknown,0.0
507136,2024-08-04,7,Not Delivered,No Return,Unknown,0.0
507137,2024-04-25,6,On Time,No Return,Unknown,0.0
507138,2024-11-29,4,On Time,No Return,Unknown,0.0
507139,2024-05-25,4,Late,No Return,Unknown,0.0
507140,2025-11-11,5,Late,No Return,Unknown,0.0
507141,2024-04-01,5,On Time,No Return,Unknown,0.0
507142,2024-05-23,4,On Time,No Return,Unknown,0.0
507143,2024-12-03,6,On Time,No Return,Unknown,0.0
507144,2025-11-09,5,On Time,No Return,Unknown,0.0
507145,2024-01-31,5,Late,No Return,Unknown,0.0
507146,2025-10-12,5,On Time,No Return,Unknown,0.0
507147,2025-09-21,3,On Time,No Return,Unknown,0.0
507148,2025-11-27,4,Late,No Return,Unknown,0.0
507149,2025-01-01,5,On Time,No Return,Unknown,0.0
507150,2025-10-27,7,Late,No Return,Unknown,0.0
507151,2024-12-29,4,On Time,No Return,Unknown,0.0
507152,2024-08-06,4,On Time,No Return,Unknown,0.0
507153,2024-03-20,3,On Time,No Return,Unknown,0.0
507154,2024-04-10,6,On Time,No Return,Unknown,0.0
507155,2024-08-12,7,Late,No Return,Unknown,0.0
507156,2025-01-09,7,Late,No Return,Unknown,0.0
507157,2024-02-27,6,On Time,No Return,Unknown,0.0
507158,2024-10-04,4,Late,No Return,Unknown,0.0
507159,2025-03-24,5,Late,No Return,Unknown,0.0
507160,2025-11-25,8,Late,No Return,Unknown,0.0
507161,2024-02-08,6,On Time,Returned,Changed Mind,910.67
507162,2025-02-27,8,Late,No Return,Unknown,0.0
507163,2025-10-10,5,Late,No Return,Unknown,0.0
507164,2025-03-06,6,On Time,No Return,Unknown,0.0
507165,2024-01-09,2,Late,No Return,Unknown,0.0
507166,2025-05-15,6,On Time,No Return,Unknown,0.0
507167,2024-12-23,4,On Time,No Return,Unknown,0.0
507168,2025-12-01,5,On Time,No Return,Unknown,0.0
507169,2024-07-23,6,On Time,No Return,Unknown,0.0
507170,2025-12-19,4,On Time,No Return,Unknown,0.0
507171,2025-03-17,7,Late,No Return,Unknown,0.0
507172,2024-05-20,5,On Time,No Return,Unknown,0.0
507173,2024-10-19,5,On Time,No Return,Unknown,0.0
507174,2025-10-25,6,On Time,Returned,Damaged,945.04
507175,2025-12-22,3,On Time,No Return,Unknown,0.0
507176,2025-07-26,6,On Time,No Return,Unknown,0.0
507177,2025-02-16,5,On Time,No Return,Unknown,0.0
507178,2025-12-23,6,On Time,No Return,Unknown,0.0
507179,2025-12-07,3,On Time,No Return,Unknown,0.0
507180,2024-12-04,3,On Time,No Return,Unknown,0.0
507181,2024-01-07,5,On Time,No Return,Unknown,0.0
507182,2024-07-07,4,Late,No Return,Unknown,0.0
507183,2025-11-10,6,On Time,No Return,Unknown,0.0
507184,2025-07-16,2,On Time,No Return,Unknown,0.0
507185,2025-08-31,7,Not Delivered,No Return,Unknown,0.0
507186,2025-03-16,3,On Time,No Return,Unknown,0.0
507187,2024-01-29,7,Late,No Return,Unknown,0.0
507188,2024-08-05,6,On Time,No Return,Unknown,0.0
507189,2025-04-22,1,On Time,No Return,Unknown,0.0
507190,2025-04-12,2,Late,No Return,Unknown,0.0
507191,2024-08-26,5,On Time,No Return,Unknown,0.0
507192,2024-06-25,5,On Time,No Return,Unknown,0.0
507193,2025-08-28,3,On Time,No Return,Unknown,0.0
507194,2025-11-11,6,On Time,No Return,Unknown,0.0
507195,2025-06-07,6,On Time,No Return,Unknown,0.0
507196,2024-09-06,6,On Time,No Return,Unknown,0.0
507197,2025-02-25,1,On Time,No Return,Unknown,0.0
507198,2025-01-21,8,Late,No Return,Unknown,0.0
507199,2025-04-20,3,On Time,No Return,Unknown,0.0
507200,2024-12-10,4,Late,No Return,Unknown,0.0
507201,2025-11-05,4,Late,Returned,Wrong Item,1281.27
507202,2024-05-09,7,Late,No Return,Unknown,0.0
507203,2025-03-12,3,On Time,No Return,Unknown,0.0
507204,2024-07-10,4,Late,No Return,Unknown,0.0
507205,2024-01-19,5,Late,No Return,Unknown,0.0
507206,2024-03-17,7,Late,No Return,Unknown,0.0
507207,2025-10-16,4,Late,No Return,Unknown,0.0
507208,2025-02-22,8,Late,No Return,Unknown,0.0
507209,2025-08-17,4,Late,No Return,Unknown,0.0
507210,2024-11-17,4,On Time,No Return,Unknown,0.0
507211,2025-03-17,5,Late,No Return,Unknown,0.0
507212,2025-08-20,6,On Time,No Return,Unknown,0.0
507213,2024-06-02,8,Late,Returned,Damaged,3363.07
507214,2024-08-19,5,On Time,Returned,Quality Issue,444.37
507215,2025-01-23,7,Late,No Return,Unknown,0.0
507216,2024-07-04,6,On Time,No Return,Unknown,0.0
507217,2025-06-23,4,On Time,No Return,Unknown,0.0
507218,2024-04-12,4,Late,No Return,Unknown,0.0
507219,2025-01-31,6,On Time,No Return,Unknown,0.0
507220,2024-10-01,5,Late,No Return,Unknown,0.0
507221,2024-04-04,1,On Time,No Return,Unknown,0.0
507222,2025-04-12,5,Late,No Return,Unknown,0.0
507223,2025-10-25,5,On Time,No Return,Unknown,0.0
507224,2024-10-17,6,On Time,No Return,Unknown,0.0
507225,2024-01-26,4,Late,Returned,Quality Issue,3615.41
507226,2024-01-08,6,On Time,No Return,Unknown,0.0
507227,2024-04-18,6,On Time,No Return,Unknown,0.0
507228,2024-02-11,6,On Time,No Return,Unknown,0.0
507229,2024-10-02,2,Late,No Return,Unknown,0.0
507230,2024-02-26,6,On Time,No Return,Unknown,0.0
507231,2024-05-26,4,Late,No Return,Unknown,0.0
507232,2025-05-04,7,Late,No Return,Unknown,0.0
507233,2024-01-19,2,Late,Returned,Wrong Item,434.04
507234,2025-08-16,5,On Time,No Return,Unknown,0.0
507235,2024-10-07,3,On Time,No Return,Unknown,0.0
507236,2025-10-01,5,On Time,No Return,Unknown,0.0
507237,2025-03-16,3,On Time,No Return,Unknown,0.0
507238,2025-03-13,2,On Time,No Return,Unknown,0.0
507239,2025-01-24,6,On Time,No Return,Unknown,0.0
507240,2025-11-23,7,Late,No Return,Unknown,0.0
507241,2024-05-17,6,On Time,No Return,Unknown,0.0
507242,2024-09-26,7,Late,No Return,Unknown,0.0
507243,2025-02-03,6,On Time,No Return,Unknown,0.0
507244,2024-07-31,5,On Time,No Return,Unknown,0.0
507245,2024-08-14,1,On Time,No Return,Unknown,0.0
507246,2025-12-05,4,Late,No Return,Unknown,0.0
507247,2025-04-14,5,Late,No Return,Unknown,0.0
507248,2024-12-31,8,Late,No Return,Unknown,0.0
507249,2024-05-30,7,Late,No Return,Unknown,0.0
507250,2024-12-24,5,On Time,No Return,Unknown,0.0
507251,2024-09-14,7,Not Delivered,No Return,Unknown,0.0
507252,2025-01-13,3,On Time,Returned,Late Delivery,3291.53
507253,2024-09-07,6,On Time,No Return,Unknown,0.0
507254,2024-01-21,3,On Time,No Return,Unknown,0.0
507255,2025-12-21,6,On Time,No Return,Unknown,0.0
507256,2025-12-20,4,On Time,No Return,Unknown,0.0
507257,2025-05-06,7,Late,No Return,Unknown,0.0
507258,2024-01-06,4,On Time,No Return,Unknown,0.0
507259,2025-01-14,4,On Time,No Return,Unknown,0.0
507260,2025-07-27,8,Late,Returned,Wrong Item,796.51
507261,2024-06-17,3,On Time,No Return,Unknown,0.0
507262,2024-12-01,7,Late,No Return,Unknown,0.0
507263,2025-10-20,4,On Time,No Return,Unknown,0.0
507264,2025-03-29,6,On Time,No Return,Unknown,0.0
507265,2024-04-07,6,On Time,No Return,Unknown,0.0
507266,2025-06-07,4,On Time,No Return,Unknown,0.0
507267,2024-09-17,9,Late,Returned,Wrong Item,762.24
507268,2025-09-06,3,On Time,No Return,Unknown,0.0
507269,2024-02-12,4,Late,No Return,Unknown,0.0
507270,2025-03-17,6,On Time,No Return,Unknown,0.0
507271,2025-10-15,6,On Time,No Return,Unknown,0.0
507272,2025-01-03,7,Late,No Return,Unknown,0.0
507273,2025-07-20,5,On Time,No Return,Unknown,0.0
507274,2024-03-27,4,On Time,Returned,Wrong Item,2137.92
507275,2025-12-15,7,Late,No Return,Unknown,0.0
507276,2024-02-01,5,On Time,No Return,Unknown,0.0
507277,2025-08-17,6,On Time,No Return,Unknown,0.0
507278,2024-01-24,3,On Time,No Return,Unknown,0.0
507279,2024-08-10,5,Late,No Return,Unknown,0.0
507280,2024-02-19,5,On Time,No Return,Unknown,0.0
507281,2025-02-14,4,Late,Returned,Damaged,2306.49
507282,2025-11-27,3,On Time,No Return,Unknown,0.0
507283,2025-04-27,4,On Time,No Return,Unknown,0.0
507284,2025-10-22,5,On Time,Returned,Late Delivery,1724.94
507285,2025-07-21,4,Late,No Return,Unknown,0.0
507286,2025-09-14,5,On Time,No Return,Unknown,0.0
507287,2025-12-17,6,On Time,No Return,Unknown,0.0
507288,2024-12-09,7,Late,Returned,Late Delivery,687.85
507289,2024-05-29,2,Late,No Return,Unknown,0.0
507290,2025-09-14,8,Late,No Return,Unknown,0.0
507291,2025-02-22,8,Late,No Return,Unknown,0.0
507292,2025-06-01,4,Late,No Return,Unknown,0.0
507293,2025-08-02,8,Late,No Return,Unknown,0.0
507294,2025-01-22,3,On Time,No Return,Unknown,0.0
507295,2025-05-01,5,On Time,Returned,Late Delivery,276.4
507296,2025-08-29,4,On Time,Returned,Changed Mind,1068.08
507297,2024-04-16,6,On Time,No Return,Unknown,0.0
507298,2024-04-27,4,Late,No Return,Unknown,0.0
507299,2024-09-22,4,Late,No Return,Unknown,0.0
507300,2025-02-28,3,Late,No Return,Unknown,0.0
507301,2024-02-29,6,On Time,No Return,Unknown,0.0
507302,2024-07-11,5,On Time,No Return,Unknown,0.0
507303,2025-06-28,6,On Time,No Return,Unknown,0.0
507304,2025-08-22,8,Late,No Return,Unknown,0.0
507305,2024-07-14,6,On Time,No Return,Unknown,0.0
507306,2025-09-03,9,Late,No Return,Unknown,0.0
507307,2025-07-05,5,Not Delivered,No Return,Unknown,0.0
507308,2024-03-01,3,Late,No Return,Unknown,0.0
507309,2025-05-19,2,Not Delivered,No Return,Unknown,0.0
507310,2024-07-14,7,Late,No Return,Unknown,0.0
507311,2025-07-07,6,On Time,No Return,Unknown,0.0
507312,2025-08-31,5,On Time,No Return,Unknown,0.0
507313,2025-07-28,7,Late,No Return,Unknown,0.0
507314,2025-08-04,3,On Time,No Return,Unknown,0.0
507315,2024-11-13,5,On Time,No Return,Unknown,0.0
507316,2024-06-23,6,On Time,No Return,Unknown,0.0
507317,2024-05-16,6,On Time,No Return,Unknown,0.0
507318,2025-11-12,4,Late,No Return,Unknown,0.0
507319,2025-07-22,5,On Time,No Return,Unknown,0.0
507320,2024-06-04,4,Late,No Return,Unknown,0.0
507321,2024-04-20,6,On Time,No Return,Unknown,0.0
507322,2025-01-06,5,On Time,No Return,Unknown,0.0
507323,2024-04-05,4,On Time,No Return,Unknown,0.0
507324,2025-12-19,6,On Time,No Return,Unknown,0.0
507325,2026-01-07,7,Late,No Return,Unknown,0.0
507326,2025-03-08,1,On Time,Returned,Changed Mind,690.99
507327,2025-08-04,3,On Time,No Return,Unknown,0.0
507328,2025-11-17,6,Late,No Return,Unknown,0.0
507329,2024-11-02,2,On Time,No Return,Unknown,0.0
507330,2024-01-31,3,On Time,No Return,Unknown,0.0
507331,2024-10-19,5,Late,No Return,Unknown,0.0
507332,2024-12-23,3,On Time,No Return,Unknown,0.0
507333,2025-07-03,6,On Time,Returned,Late Delivery,612.99
507334,2025-11-15,7,Late,No Return,Unknown,0.0
507335,2025-02-13,6,On Time,No Return,Unknown,0.0
507336,2024-05-21,6,On Time,No Return,Unknown,0.0
507337,2024-03-13,5,On Time,No Return,Unknown,0.0
507338,2024-06-05,3,On Time,No Return,Unknown,0.0
507339,2025-04-14,7,Late,No Return,Unknown,0.0
507340,2024-11-29,8,Late,No Return,Unknown,0.0
507341,2024-04-13,8,Late,No Return,Unknown,0.0
507342,2024-07-17,2,On Time,No Return,Unknown,0.0
507343,2024-04-20,3,On Time,No Return,Unknown,0.0
507344,2024-02-20,5,On Time,No Return,Unknown,0.0
507345,2024-07-10,6,On Time,No Return,Unknown,0.0
507346,2025-04-05,7,Late,No Return,Unknown,0.0
507347,2024-11-22,4,Late,Returned,Wrong Item,716.09
507348,2024-10-17,6,On Time,Returned,Wrong Item,2295.22
507349,2024-03-27,4,Late,No Return,Unknown,0.0
507350,2025-10-17,6,On Time,No Return,Unknown,0.0
507351,2024-11-28,6,On Time,No Return,Unknown,0.0
507352,2025-03-30,6,On Time,No Return,Unknown,0.0
507353,2024-11-20,4,Late,No Return,Unknown,0.0
507354,2024-05-29,5,On Time,No Return,Unknown,0.0
507355,2024-10-07,3,Late,No Return,Unknown,0.0
507356,2025-09-10,7,Late,Returned,Late Delivery,4805.72
507357,2024-01-17,3,On Time,No Return,Unknown,0.0
507358,2024-09-24,6,On Time,No Return,Unknown,0.0
507359,2025-02-24,7,Late,No Return,Unknown,0.0
507360,2025-05-11,3,On Time,No Return,Unknown,0.0
507361,2024-02-20,4,On Time,No Return,Unknown,0.0
507362,2025-10-19,2,On Time,No Return,Unknown,0.0
507363,2024-07-21,7,Late,No Return,Unknown,0.0
507364,2024-10-22,6,On Time,No Return,Unknown,0.0
507365,2025-03-11,4,Late,No Return,Unknown,0.0
507366,2025-06-09,6,On Time,No Return,Unknown,0.0
507367,2024-11-24,5,On Time,No Return,Unknown,0.0
507368,2025-03-10,6,Not Delivered,No Return,Unknown,0.0
507369,2024-10-26,7,Late,No Return,Unknown,0.0
507370,2025-01-17,6,On Time,No Return,Unknown,0.0
507371,2025-06-22,4,Late,No Return,Unknown,0.0
507372,2024-03-29,5,On Time,No Return,Unknown,0.0
507373,2025-01-11,4,Late,No Return,Unknown,0.0
507374,2024-01-27,3,On Time,No Return,Unknown,0.0
507375,2024-11-25,5,On Time,No Return,Unknown,0.0
507376,2024-11-15,4,Late,No Return,Unknown,0.0
507377,2025-07-09,6,On Time,No Return,Unknown,0.0
507378,2024-08-11,3,On Time,No Return,Unknown,0.0
507379,2024-08-04,3,On Time,No Return,Unknown,0.0
507380,2025-04-22,6,On Time,No Return,Unknown,0.0
507381,2025-05-11,6,On Time,No Return,Unknown,0.0
507382,2024-03-30,5,Late,No Return,Unknown,0.0
507383,2025-01-25,6,On Time,No Return,Unknown,0.0
507384,2024-01-07,3,On Time,No Return,Unknown,0.0
507385,2025-12-09,2,Not Delivered,No Return,Unknown,0.0
507386,2024-04-29,6,Late,No Return,Unknown,0.0
507387,2024-08-09,7,Late,No Return,Unknown,0.0
507388,2024-12-05,4,Late,Returned,Damaged,14975.56
507389,2025-10-21,7,Late,No Return,Unknown,0.0
507390,2024-06-21,6,On Time,No Return,Unknown,0.0
507391,2024-10-18,5,On Time,No Return,Unknown,0.0
507392,2025-05-15,6,On Time,Returned,Changed Mind,435.82
507393,2025-01-19,1,On Time,No Return,Unknown,0.0
507394,2025-06-06,6,On Time,No Return,Unknown,0.0
507395,2024-05-12,6,On Time,No Return,Unknown,0.0
507396,2025-03-16,8,Not Delivered,No Return,Unknown,0.0
507397,2024-03-30,4,On Time,No Return,Unknown,0.0
507398,2025-08-25,5,On Time,No Return,Unknown,0.0
507399,2025-06-26,7,Late,No Return,Unknown,0.0
507400,2024-02-19,5,Not Delivered,No Return,Unknown,0.0
507401,2025-09-20,6,On Time,No Return,Unknown,0.0
507402,2024-10-22,6,On Time,No Return,Unknown,0.0
507403,2025-11-30,3,On Time,No Return,Unknown,0.0
507404,2024-08-26,4,Late,No Return,Unknown,0.0
507405,2024-06-09,4,On Time,No Return,Unknown,0.0
507406,2025-02-15,6,On Time,No Return,Unknown,0.0
507407,2025-11-11,8,Late,No Return,Unknown,0.0
507408,2025-05-25,6,On Time,No Return,Unknown,0.0
507409,2025-12-18,6,On Time,No Return,Unknown,0.0
507410,2024-05-06,5,On Time,No Return,Unknown,0.0
507411,2024-08-17,6,On Time,No Return,Unknown,0.0
507412,2024-01-27,4,On Time,No Return,Unknown,0.0
507413,2024-07-23,8,Late,No Return,Unknown,0.0
507414,2025-04-27,4,Late,No Return,Unknown,0.0
507415,2024-10-15,4,Late,No Return,Unknown,0.0
507416,2025-06-04,3,On Time,No Return,Unknown,0.0
507417,2024-11-05,2,On Time,No Return,Unknown,0.0
507418,2024-12-12,2,Late,No Return,Unknown,0.0
507419,2025-08-28,5,Late,Returned,Changed Mind,1113.94
507420,2025-02-06,5,Late,No Return,Unknown,0.0
507421,2025-04-11,3,On Time,No Return,Unknown,0.0
507422,2024-04-28,4,Late,No Return,Unknown,0.0
507423,2025-10-01,4,On Time,No Return,Unknown,0.0
507424,2025-03-28,3,Late,No Return,Unknown,0.0
507425,2025-02-12,5,On Time,Returned,Late Delivery,2219.53
507426,2025-11-15,4,Late,No Return,Unknown,0.0
507427,2025-07-04,3,On Time,Returned,Wrong Item,5576.65
507428,2024-08-20,4,On Time,No Return,Unknown,0.0
507429,2025-10-10,3,On Time,No Return,Unknown,0.0
507430,2024-09-05,5,On Time,No Return,Unknown,0.0
507431,2024-03-10,5,On Time,Returned,Changed Mind,976.09
507432,2024-08-29,5,Not Delivered,No Return,Unknown,0.0
507433,2024-01-09,6,On Time,No Return,Unknown,0.0
507434,2025-05-20,6,On Time,No Return,Unknown,0.0
507435,2024-02-10,4,On Time,No Return,Unknown,0.0
507436,2025-09-16,4,Not Delivered,No Return,Unknown,0.0
507437,2024-09-12,6,On Time,No Return,Unknown,0.0
507438,2024-01-07,4,Late,No Return,Unknown,0.0
507439,2024-08-29,7,Late,No Return,Unknown,0.0
507440,2025-02-22,2,On Time,No Return,Unknown,0.0
507441,2024-09-12,5,Late,Returned,Late Delivery,332.37
507442,2024-05-23,1,On Time,No Return,Unknown,0.0
507443,2024-02-27,2,On Time,Returned,Changed Mind,4472.68
507444,2024-03-05,4,Late,No Return,Unknown,0.0
507445,2024-03-12,4,On Time,No Return,Unknown,0.0
507446,2024-03-26,7,Late,Returned,Changed Mind,219.15
507447,2024-11-27,5,On Time,No Return,Unknown,0.0
507448,2025-01-06,5,On Time,No Return,Unknown,0.0
507449,2025-12-15,7,Late,No Return,Unknown,0.0
507450,2025-12-11,4,Late,No Return,Unknown,0.0
507451,2025-06-21,3,On Time,No Return,Unknown,0.0
507452,2025-06-15,6,On Time,No Return,Unknown,0.0
507453,2025-01-27,3,On Time,No Return,Unknown,0.0
507454,2024-10-22,7,Late,No Return,Unknown,0.0
507455,2025-06-10,6,On Time,No Return,Unknown,0.0
507456,2025-10-19,6,On Time,No Return,Unknown,0.0
507457,2024-09-14,5,On Time,No Return,Unknown,0.0
507458,2024-04-07,3,On Time,No Return,Unknown,0.0
507459,2025-11-27,6,On Time,No Return,Unknown,0.0
507460,2024-01-10,7,Late,No Return,Unknown,0.0
507461,2025-12-03,7,Late,No Return,Unknown,0.0
507462,2024-02-19,4,Late,No Return,Unknown,0.0
507463,2025-10-19,5,On Time,No Return,Unknown,0.0
507464,2025-06-12,4,Late,No Return,Unknown,0.0
507465,2025-12-02,4,Late,Returned,Changed Mind,811.18
507466,2025-04-30,4,On Time,No Return,Unknown,0.0
507467,2025-08-26,7,Late,No Return,Unknown,0.0
507468,2025-02-28,7,Late,No Return,Unknown,0.0
507469,2024-02-19,7,Late,No Return,Unknown,0.0
507470,2025-11-02,4,Late,No Return,Unknown,0.0
507471,2025-11-28,2,On Time,No Return,Unknown,0.0
507472,2025-07-20,8,Late,No Return,Unknown,0.0
507473,2024-07-29,5,On Time,No Return,Unknown,0.0
507474,2025-12-25,3,On Time,No Return,Unknown,0.0
507475,2024-10-06,5,Late,No Return,Unknown,0.0
507476,2025-08-22,5,Late,No Return,Unknown,0.0
507477,2024-04-09,3,On Time,No Return,Unknown,0.0
507478,2024-07-03,6,On Time,No Return,Unknown,0.0
507479,2024-06-02,6,On Time,No Return,Unknown,0.0
507480,2025-01-26,8,Late,Returned,Late Delivery,190.35
507481,2024-03-19,7,Late,No Return,Unknown,0.0
507482,2024-08-08,4,Not Delivered,No Return,Unknown,0.0
507483,2025-12-24,3,Not Delivered,No Return,Unknown,0.0
507484,2025-03-16,8,Late,No Return,Unknown,0.0
507485,2025-10-03,6,On Time,No Return,Unknown,0.0
507486,2025-05-21,6,On Time,No Return,Unknown,0.0
507487,2025-11-06,8,Late,No Return,Unknown,0.0
507488,2024-02-05,3,Late,No Return,Unknown,0.0
507489,2024-08-10,7,Late,No Return,Unknown,0.0
507490,2024-04-15,5,On Time,No Return,Unknown,0.0
507491,2025-04-18,4,Late,No Return,Unknown,0.0
507492,2024-07-02,4,Late,No Return,Unknown,0.0
507493,2025-10-07,7,Late,No Return,Unknown,0.0
507494,2024-12-02,4,On Time,No Return,Unknown,0.0
507495,2025-05-06,4,On Time,Returned,Damaged,808.92
507496,2025-04-07,3,On Time,No Return,Unknown,0.0
507497,2025-01-14,3,On Time,No Return,Unknown,0.0
507498,2025-11-13,2,Late,No Return,Unknown,0.0
507499,2024-05-19,5,On Time,No Return,Unknown,0.0
507500,2025-09-02,6,Late,No Return,Unknown,0.0
507501,2025-02-15,2,Late,No Return,Unknown,0.0
507502,2024-06-08,5,On Time,Returned,Quality Issue,1822.17
507503,2024-10-10,4,Late,Returned,Late Delivery,8910.48
507504,2025-04-27,4,On Time,No Return,Unknown,0.0
507505,2024-07-22,5,On Time,Returned,Changed Mind,976.56
507506,2025-02-26,6,Late,No Return,Unknown,0.0
507507,2024-04-11,4,On Time,Returned,Quality Issue,707.43
507508,2024-09-10,4,Late,No Return,Unknown,0.0
507509,2024-04-21,7,Late,No Return,Unknown,0.0
507510,2025-10-08,6,On Time,No Return,Unknown,0.0
507511,2024-11-28,6,On Time,No Return,Unknown,0.0
507512,2025-04-30,4,Late,No Return,Unknown,0.0
507513,2025-01-18,7,Late,No Return,Unknown,0.0
507514,2025-10-21,8,Late,No Return,Unknown,0.0
507515,2024-01-20,5,On Time,Returned,Changed Mind,6723.06
507516,2025-11-30,4,Late,No Return,Unknown,0.0
507517,2025-04-30,5,Late,No Return,Unknown,0.0
507518,2024-01-20,4,Late,No Return,Unknown,0.0
507519,2025-07-30,2,Not Delivered,No Return,Unknown,0.0
507520,2025-05-02,3,On Time,No Return,Unknown,0.0
507521,2024-10-11,6,Not Delivered,No Return,Unknown,0.0
507522,2024-12-03,5,On Time,No Return,Unknown,0.0
507523,2024-09-14,1,On Time,No Return,Unknown,0.0
507524,2024-07-09,6,On Time,No Return,Unknown,0.0
507525,2025-08-14,4,Late,No Return,Unknown,0.0
507526,2024-02-02,6,On Time,Returned,Quality Issue,198.93
507527,2024-02-02,8,Late,No Return,Unknown,0.0
507528,2024-03-09,7,Late,No Return,Unknown,0.0
507529,2025-10-22,3,On Time,No Return,Unknown,0.0
507530,2024-08-25,5,On Time,No Return,Unknown,0.0
507531,2025-04-12,4,On Time,No Return,Unknown,0.0
507532,2024-12-18,4,On Time,No Return,Unknown,0.0
507533,2024-10-20,8,Late,No Return,Unknown,0.0
507534,2025-02-22,5,On Time,No Return,Unknown,0.0
507535,2025-08-21,3,On Time,No Return,Unknown,0.0
507536,2025-11-20,3,On Time,No Return,Unknown,0.0
507537,2025-02-14,5,On Time,No Return,Unknown,0.0
507538,2025-01-19,4,Late,No Return,Unknown,0.0
507539,2024-06-24,6,On Time,No Return,Unknown,0.0
507540,2024-10-23,7,Late,No Return,Unknown,0.0
507541,2025-06-05,6,On Time,No Return,Unknown,0.0
507542,2024-10-17,4,Late,Returned,Damaged,958.67
507543,2024-11-07,5,On Time,No Return,Unknown,0.0
507544,2025-07-21,6,On Time,No Return,Unknown,0.0
507545,2024-01-14,6,On Time,No Return,Unknown,0.0
507546,2024-12-26,4,Late,Returned,Changed Mind,810.13
507547,2025-08-10,7,Late,No Return,Unknown,0.0
507548,2024-05-21,3,On Time,No Return,Unknown,0.0
507549,2025-05-26,1,On Time,No Return,Unknown,0.0
507550,2024-09-12,8,Late,No Return,Unknown,0.0
507551,2025-06-27,3,On Time,No Return,Unknown,0.0
507552,2024-07-06,5,On Time,No Return,Unknown,0.0
507553,2025-12-29,4,Late,No Return,Unknown,0.0
507554,2025-02-28,2,On Time,Returned,Quality Issue,417.52
507555,2025-02-07,7,Not Delivered,No Return,Unknown,0.0
507556,2024-11-05,5,On Time,No Return,Unknown,0.0
507557,2024-01-23,4,On Time,No Return,Unknown,0.0
507558,2025-01-21,4,Late,No Return,Unknown,0.0
507559,2024-08-17,4,Late,No Return,Unknown,0.0
507560,2024-08-22,5,On Time,No Return,Unknown,0.0
507561,2025-09-03,4,On Time,No Return,Unknown,0.0
507562,2025-05-13,4,Late,No Return,Unknown,0.0
507563,2025-05-05,7,Late,No Return,Unknown,0.0
507564,2025-09-23,5,On Time,No Return,Unknown,0.0
507565,2024-12-30,6,On Time,No Return,Unknown,0.0
507566,2025-11-30,8,Late,No Return,Unknown,0.0
507567,2025-01-13,6,On Time,No Return,Unknown,0.0
507568,2024-03-25,7,Late,No Return,Unknown,0.0
507569,2024-11-26,4,On Time,No Return,Unknown,0.0
507570,2024-10-06,4,Late,No Return,Unknown,0.0
507571,2024-12-21,4,Late,No Return,Unknown,0.0
507572,2024-07-04,4,On Time,No Return,Unknown,0.0
507573,2025-05-26,7,Late,No Return,Unknown,0.0
507574,2025-09-02,4,On Time,Returned,Quality Issue,3296.0
507575,2025-08-25,5,On Time,No Return,Unknown,0.0
507576,2025-01-28,5,On Time,No Return,Unknown,0.0
507577,2025-09-02,4,Late,No Return,Unknown,0.0
507578,2024-12-04,4,Late,No Return,Unknown,0.0
507579,2025-03-28,7,Late,No Return,Unknown,0.0
507580,2025-05-29,6,On Time,No Return,Unknown,0.0
507581,2025-10-26,8,Late,No Return,Unknown,0.0
507582,2024-09-12,8,Late,No Return,Unknown,0.0
507583,2025-11-29,6,On Time,Returned,Damaged,1472.69
507584,2024-10-24,5,On Time,Returned,Quality Issue,364.45
507585,2025-06-19,5,On Time,No Return,Unknown,0.0
507586,2024-05-20,3,Late,No Return,Unknown,0.0
507587,2025-07-15,6,On Time,No Return,Unknown,0.0
507588,2024-12-13,3,Late,Returned,Changed Mind,3896.05
507589,2024-02-14,8,Late,No Return,Unknown,0.0
507590,2024-11-15,6,On Time,No Return,Unknown,0.0
507591,2024-08-12,5,On Time,No Return,Unknown,0.0
507592,2025-10-06,5,On Time,No Return,Unknown,0.0
507593,2024-05-28,6,On Time,Returned,Damaged,1662.05
507594,2025-02-12,5,On Time,No Return,Unknown,0.0
507595,2025-12-01,6,On Time,No Return,Unknown,0.0
507596,2025-02-12,5,On Time,No Return,Unknown,0.0
507597,2025-07-15,7,Late,No Return,Unknown,0.0
507598,2025-05-02,9,Late,No Return,Unknown,0.0
507599,2025-12-28,6,On Time,No Return,Unknown,0.0
507600,2025-07-20,7,Not Delivered,No Return,Unknown,0.0
507601,2024-08-16,9,Late,No Return,Unknown,0.0
507602,2025-01-08,7,Late,No Return,Unknown,0.0
507603,2024-07-20,6,Late,No Return,Unknown,0.0
507604,2025-11-19,5,Late,No Return,Unknown,0.0
507605,2025-11-20,3,On Time,No Return,Unknown,0.0
507606,2024-02-05,4,On Time,Returned,Damaged,836.59
507607,2024-02-24,1,On Time,No Return,Unknown,0.0
507608,2025-03-05,7,Late,No Return,Unknown,0.0
507609,2025-12-03,5,Late,No Return,Unknown,0.0
507610,2024-08-24,3,Late,No Return,Unknown,0.0
507611,2024-04-23,4,Late,No Return,Unknown,0.0
507612,2024-04-12,3,On Time,No Return,Unknown,0.0
507613,2025-12-15,3,On Time,No Return,Unknown,0.0
507614,2024-08-02,4,On Time,No Return,Unknown,0.0
507615,2025-02-11,5,On Time,No Return,Unknown,0.0
507616,2024-06-03,5,Late,No Return,Unknown,0.0
507617,2025-11-12,7,Late,No Return,Unknown,0.0
507618,2025-02-02,5,On Time,No Return,Unknown,0.0
507619,2025-10-20,4,Late,No Return,Unknown,0.0
507620,2024-09-19,5,On Time,No Return,Unknown,0.0
507621,2024-09-06,5,On Time,No Return,Unknown,0.0
507622,2024-06-03,5,On Time,No Return,Unknown,0.0
507623,2025-09-18,3,On Time,No Return,Unknown,0.0
507624,2024-04-12,4,On Time,No Return,Unknown,0.0
507625,2024-04-15,3,On Time,No Return,Unknown,0.0
507626,2025-12-27,4,Late,No Return,Unknown,0.0
507627,2024-01-15,3,On Time,No Return,Unknown,0.0
507628,2024-08-17,4,On Time,No Return,Unknown,0.0
507629,2025-03-23,6,On Time,No Return,Unknown,0.0
507630,2024-06-03,7,Late,No Return,Unknown,0.0
507631,2024-07-02,5,On Time,No Return,Unknown,0.0
507632,2024-01-13,6,On Time,No Return,Unknown,0.0
507633,2024-06-07,7,Late,No Return,Unknown,0.0
507634,2025-08-08,4,On Time,No Return,Unknown,0.0
507635,2024-12-24,6,On Time,No Return,Unknown,0.0
507636,2025-07-24,6,On Time,No Return,Unknown,0.0
507637,2025-11-09,5,On Time,No Return,Unknown,0.0
507638,2025-02-26,6,On Time,No Return,Unknown,0.0
507639,2025-09-04,8,Late,No Return,Unknown,0.0
507640,2025-10-31,7,Late,No Return,Unknown,0.0
507641,2025-07-29,6,Not Delivered,No Return,Unknown,0.0
507642,2024-07-19,5,On Time,No Return,Unknown,0.0
507643,2024-11-24,4,On Time,No Return,Unknown,0.0
507644,2025-05-01,5,On Time,No Return,Unknown,0.0
507645,2024-07-31,5,Not Delivered,No Return,Unknown,0.0
507646,2024-11-03,5,On Time,No Return,Unknown,0.0
507647,2024-10-29,4,On Time,No Return,Unknown,0.0
507648,2025-03-06,5,On Time,No Return,Unknown,0.0
507649,2024-03-09,7,Late,No Return,Unknown,0.0
507650,2024-07-18,5,Late,No Return,Unknown,0.0
507651,2025-07-24,4,On Time,No Return,Unknown,0.0
507652,2025-01-04,7,Late,Returned,Changed Mind,9179.99
507653,2025-07-20,6,On Time,No Return,Unknown,0.0
507654,2025-09-13,4,Late,No Return,Unknown,0.0
507655,2024-03-20,2,Late,No Return,Unknown,0.0
507656,2024-10-13,3,Late,No Return,Unknown,0.0
507657,2024-03-01,4,On Time,Returned,Damaged,7757.25
507658,2025-11-16,5,On Time,No Return,Unknown,0.0
507659,2025-01-13,3,On Time,No Return,Unknown,0.0
507660,2025-01-13,3,Late,No Return,Unknown,0.0
507661,2025-12-25,6,On Time,No Return,Unknown,0.0
507662,2025-01-12,5,Late,No Return,Unknown,0.0
507663,2025-11-10,5,On Time,No Return,Unknown,0.0
507664,2024-09-07,7,Late,No Return,Unknown,0.0
507665,2024-02-12,4,Late,Returned,Changed Mind,752.08
507666,2024-11-08,4,Late,No Return,Unknown,0.0
507667,2025-09-28,4,On Time,No Return,Unknown,0.0
507668,2024-03-31,5,Late,No Return,Unknown,0.0
507669,2024-04-13,5,On Time,No Return,Unknown,0.0
507670,2025-01-13,5,Late,No Return,Unknown,0.0
507671,2025-05-15,6,On Time,No Return,Unknown,0.0
507672,2024-08-01,6,On Time,Returned,Wrong Item,330.66
507673,2025-09-22,6,On Time,No Return,Unknown,0.0
507674,2024-03-29,6,On Time,No Return,Unknown,0.0
507675,2025-08-03,4,Late,No Return,Unknown,0.0
507676,2024-01-05,4,Late,No Return,Unknown,0.0
507677,2025-03-18,6,Not Delivered,No Return,Unknown,0.0
507678,2025-11-23,7,Late,No Return,Unknown,0.0
507679,2024-09-09,3,On Time,No Return,Unknown,0.0
507680,2025-02-19,6,On Time,No Return,Unknown,0.0
507681,2025-01-23,3,On Time,Returned,Wrong Item,17171.3
507682,2024-03-28,4,On Time,No Return,Unknown,0.0
507683,2025-05-10,6,Not Delivered,No Return,Unknown,0.0
507684,2024-09-02,7,Late,No Return,Unknown,0.0
507685,2025-06-25,2,Late,No Return,Unknown,0.0
507686,2025-01-16,2,Late,Returned,Quality Issue,6920.91
507687,2025-01-31,6,On Time,No Return,Unknown,0.0
507688,2024-11-27,4,On Time,No Return,Unknown,0.0
507689,2025-04-28,4,On Time,No Return,Unknown,0.0
507690,2024-11-06,7,Late,No Return,Unknown,0.0
507691,2024-10-16,8,Late,No Return,Unknown,0.0
507692,2025-11-26,1,On Time,No Return,Unknown,0.0
507693,2024-12-15,5,On Time,No Return,Unknown,0.0
507694,2024-05-19,5,Not Delivered,No Return,Unknown,0.0
507695,2025-04-17,5,On Time,No Return,Unknown,0.0
507696,2025-01-01,6,On Time,No Return,Unknown,0.0
507697,2025-07-28,6,On Time,No Return,Unknown,0.0
507698,2024-05-02,8,Late,No Return,Unknown,0.0
507699,2024-07-06,2,On Time,No Return,Unknown,0.0
507700,2025-04-25,3,On Time,No Return,Unknown,0.0
507701,2024-01-06,5,Not Delivered,No Return,Unknown,0.0
507702,2025-06-30,6,On Time,No Return,Unknown,0.0
507703,2025-10-30,7,Late,No Return,Unknown,0.0
507704,2025-02-28,1,On Time,No Return,Unknown,0.0
507705,2025-12-09,7,Late,No Return,Unknown,0.0
507706,2024-09-30,4,On Time,No Return,Unknown,0.0
507707,2025-03-01,7,Late,No Return,Unknown,0.0
507708,2024-11-28,6,On Time,No Return,Unknown,0.0
507709,2024-07-19,6,On Time,No Return,Unknown,0.0
507710,2024-09-16,5,On Time,No Return,Unknown,0.0
507711,2024-03-21,2,On Time,No Return,Unknown,0.0
507712,2024-04-13,6,On Time,No Return,Unknown,0.0
507713,2024-05-30,1,On Time,No Return,Unknown,0.0
507714,2025-03-25,3,On Time,No Return,Unknown,0.0
507715,2024-05-08,6,On Time,No Return,Unknown,0.0
507716,2025-09-06,5,On Time,No Return,Unknown,0.0
507717,2025-11-13,7,Late,Returned,Late Delivery,1089.52
507718,2025-07-15,4,On Time,No Return,Unknown,0.0
507719,2024-12-29,5,On Time,No Return,Unknown,0.0
507720,2024-09-01,6,On Time,No Return,Unknown,0.0
507721,2025-06-19,6,On Time,No Return,Unknown,0.0
507722,2025-11-16,3,On Time,No Return,Unknown,0.0
507723,2025-11-02,3,On Time,Returned,Changed Mind,2140.78
507724,2024-07-28,6,On Time,No Return,Unknown,0.0
507725,2025-10-23,4,On Time,No Return,Unknown,0.0
507726,2024-05-29,7,Late,No Return,Unknown,0.0
507727,2024-07-13,8,Late,No Return,Unknown,0.0
507728,2025-05-08,6,On Time,No Return,Unknown,0.0
507729,2024-05-03,2,On Time,No Return,Unknown,0.0
507730,2024-12-20,5,On Time,Returned,Late Delivery,3286.63
507731,2024-04-16,7,Late,Returned,Changed Mind,3407.31
507732,2024-10-17,7,Late,No Return,Unknown,0.0
507733,2025-06-13,3,On Time,No Return,Unknown,0.0
507734,2025-01-21,3,On Time,No Return,Unknown,0.0
507735,2025-07-12,4,Late,No Return,Unknown,0.0
507736,2024-07-10,5,On Time,No Return,Unknown,0.0
507737,2024-01-16,8,Late,No Return,Unknown,0.0
507738,2025-09-20,5,Late,No Return,Unknown,0.0
507739,2025-07-04,6,On Time,No Return,Unknown,0.0
507740,2025-02-25,3,On Time,No Return,Unknown,0.0
507741,2024-04-06,7,Late,No Return,Unknown,0.0
507742,2025-05-14,4,Late,No Return,Unknown,0.0
507743,2025-10-30,8,Late,No Return,Unknown,0.0
507744,2025-12-30,6,On Time,Returned,Wrong Item,892.87
507745,2024-04-28,3,On Time,No Return,Unknown,0.0
507746,2025-11-18,3,On Time,No Return,Unknown,0.0
507747,2024-01-27,7,Late,No Return,Unknown,0.0
507748,2024-05-16,5,On Time,Returned,Changed Mind,1627.6
507749,2024-10-24,6,On Time,No Return,Unknown,0.0
507750,2024-12-27,8,Late,No Return,Unknown,0.0
507751,2024-08-29,5,Not Delivered,No Return,Unknown,0.0
507752,2025-08-13,2,On Time,Returned,Wrong Item,1172.91
507753,2024-08-11,1,On Time,No Return,Unknown,0.0
507754,2025-03-16,5,On Time,No Return,Unknown,0.0
507755,2025-10-01,2,Late,No Return,Unknown,0.0
507756,2024-02-13,5,On Time,No Return,Unknown,0.0
507757,2024-11-27,5,On Time,No Return,Unknown,0.0
507758,2024-08-05,9,Late,Returned,Wrong Item,328.33
507759,2024-04-18,3,On Time,No Return,Unknown,0.0
507760,2025-10-18,5,Not Delivered,No Return,Unknown,0.0
507761,2024-09-09,4,On Time,No Return,Unknown,0.0
507762,2025-07-23,3,Late,No Return,Unknown,0.0
507763,2025-09-26,5,On Time,No Return,Unknown,0.0
507764,2025-11-22,4,On Time,No Return,Unknown,0.0
507765,2024-12-22,3,On Time,No Return,Unknown,0.0
507766,2025-04-17,3,On Time,No Return,Unknown,0.0
507767,2025-12-26,1,On Time,No Return,Unknown,0.0
507768,2024-09-30,9,Late,No Return,Unknown,0.0
507769,2025-10-18,5,On Time,No Return,Unknown,0.0
507770,2025-04-13,5,On Time,No Return,Unknown,0.0
507771,2025-03-19,3,On Time,No Return,Unknown,0.0
507772,2024-10-15,5,Late,No Return,Unknown,0.0
507773,2025-06-24,7,Late,No Return,Unknown,0.0
507774,2025-01-09,6,On Time,No Return,Unknown,0.0
507775,2025-12-03,4,On Time,No Return,Unknown,0.0
507776,2025-12-23,4,Late,No Return,Unknown,0.0
507777,2025-10-28,8,Late,No Return,Unknown,0.0
507778,2025-05-12,3,On Time,No Return,Unknown,0.0
507779,2024-06-09,7,Late,Returned,Quality Issue,7481.19
507780,2025-09-15,4,On Time,No Return,Unknown,0.0
507781,2024-11-18,7,Late,No Return,Unknown,0.0
507782,2024-10-30,4,Not Delivered,No Return,Unknown,0.0
507783,2025-03-19,4,On Time,No Return,Unknown,0.0
507784,2024-06-05,6,On Time,No Return,Unknown,0.0
507785,2025-02-15,6,On Time,No Return,Unknown,0.0
507786,2024-06-27,4,On Time,No Return,Unknown,0.0
507787,2024-02-28,4,Late,Returned,Late Delivery,274.89
507788,2024-11-10,4,Late,No Return,Unknown,0.0
507789,2024-06-03,1,On Time,Returned,Changed Mind,1263.37
507790,2025-05-20,6,On Time,No Return,Unknown,0.0
507791,2025-05-23,8,Late,No Return,Unknown,0.0
507792,2024-07-16,8,Late,No Return,Unknown,0.0
507793,2025-05-24,4,On Time,No Return,Unknown,0.0
507794,2024-06-03,6,On Time,No Return,Unknown,0.0
507795,2024-01-12,4,On Time,No Return,Unknown,0.0
507796,2025-10-26,5,On Time,No Return,Unknown,0.0
507797,2025-11-20,5,On Time,No Return,Unknown,0.0
507798,2025-08-18,3,On Time,No Return,Unknown,0.0
507799,2025-08-18,5,Late,No Return,Unknown,0.0
507800,2025-04-19,6,On Time,No Return,Unknown,0.0
507801,2024-11-20,4,Not Delivered,No Return,Unknown,0.0
507802,2025-07-31,6,On Time,No Return,Unknown,0.0
507803,2025-03-28,2,Late,No Return,Unknown,0.0
507804,2025-09-06,8,Late,Returned,Quality Issue,4673.64
507805,2024-05-12,5,Not Delivered,No Return,Unknown,0.0
507806,2025-10-01,6,On Time,No Return,Unknown,0.0
507807,2024-10-15,2,Late,No Return,Unknown,0.0
507808,2024-04-01,5,On Time,No Return,Unknown,0.0
507809,2024-03-26,5,Late,No Return,Unknown,0.0
507810,2025-06-18,1,On Time,No Return,Unknown,0.0
507811,2024-09-11,3,On Time,No Return,Unknown,0.0
507812,2024-07-11,3,Late,No Return,Unknown,0.0
507813,2025-08-23,3,On Time,No Return,Unknown,0.0
507814,2025-05-01,3,On Time,No Return,Unknown,0.0
507815,2025-01-19,6,On Time,No Return,Unknown,0.0
507816,2025-04-07,7,Late,No Return,Unknown,0.0
507817,2024-01-12,4,On Time,No Return,Unknown,0.0
507818,2024-11-19,6,On Time,No Return,Unknown,0.0
507819,2024-12-04,5,On Time,No Return,Unknown,0.0
507820,2024-08-22,5,On Time,No Return,Unknown,0.0
507821,2025-11-01,7,Late,No Return,Unknown,0.0
507822,2025-05-23,1,On Time,Returned,Late Delivery,3817.39
507823,2025-06-11,1,On Time,No Return,Unknown,0.0
507824,2025-04-26,7,Late,No Return,Unknown,0.0
507825,2025-02-15,6,On Time,No Return,Unknown,0.0
507826,2024-10-17,4,On Time,No Return,Unknown,0.0
507827,2025-03-25,4,On Time,No Return,Unknown,0.0
507828,2024-12-11,3,On Time,No Return,Unknown,0.0
507829,2024-11-22,2,Late,Returned,Late Delivery,1996.1
507830,2024-06-20,5,On Time,No Return,Unknown,0.0
507831,2025-08-19,4,On Time,No Return,Unknown,0.0
507832,2024-10-30,8,Late,No Return,Unknown,0.0
507833,2025-08-08,5,On Time,No Return,Unknown,0.0
507834,2024-07-05,4,Late,No Return,Unknown,0.0
507835,2025-08-02,4,On Time,No Return,Unknown,0.0
507836,2024-03-31,5,On Time,No Return,Unknown,0.0
507837,2025-07-16,7,Late,No Return,Unknown,0.0
507838,2024-06-03,6,On Time,Returned,Quality Issue,796.51
507839,2024-03-03,4,On Time,No Return,Unknown,0.0
507840,2025-09-01,4,Late,No Return,Unknown,0.0
507841,2024-01-12,7,Late,No Return,Unknown,0.0
507842,2024-03-26,3,On Time,No Return,Unknown,0.0
507843,2025-01-22,5,On Time,No Return,Unknown,0.0
507844,2025-07-06,4,On Time,No Return,Unknown,0.0
507845,2025-04-24,1,On Time,No Return,Unknown,0.0
507846,2024-01-31,4,Late,No Return,Unknown,0.0
507847,2025-06-14,6,On Time,No Return,Unknown,0.0
507848,2025-08-06,7,Late,No Return,Unknown,0.0
507849,2025-02-20,3,On Time,No Return,Unknown,0.0
507850,2025-12-21,6,On Time,No Return,Unknown,0.0
507851,2024-07-05,7,Late,No Return,Unknown,0.0
507852,2025-04-14,6,On Time,No Return,Unknown,0.0
507853,2025-06-15,5,On Time,Returned,Quality Issue,4073.66
507854,2024-01-07,6,On Time,No Return,Unknown,0.0
507855,2024-10-03,6,On Time,No Return,Unknown,0.0
507856,2025-05-04,6,On Time,No Return,Unknown,0.0
507857,2024-02-22,5,On Time,No Return,Unknown,0.0
507858,2025-11-29,5,Late,No Return,Unknown,0.0
507859,2024-07-06,5,On Time,No Return,Unknown,0.0
507860,2025-01-11,4,On Time,No Return,Unknown,0.0
507861,2026-01-01,6,On Time,No Return,Unknown,0.0
507862,2025-06-27,5,Not Delivered,No Return,Unknown,0.0
507863,2025-05-24,3,On Time,No Return,Unknown,0.0
507864,2025-11-05,5,On Time,No Return,Unknown,0.0
507865,2025-05-25,5,On Time,No Return,Unknown,0.0
507866,2025-08-01,7,Late,No Return,Unknown,0.0
507867,2024-03-11,5,On Time,No Return,Unknown,0.0
507868,2025-11-21,5,On Time,No Return,Unknown,0.0
507869,2024-02-26,5,On Time,No Return,Unknown,0.0
507870,2025-04-20,6,On Time,No Return,Unknown,0.0
507871,2024-09-05,6,On Time,No Return,Unknown,0.0
507872,2024-12-06,4,Not Delivered,No Return,Unknown,0.0
507873,2024-05-06,6,Late,No Return,Unknown,0.0
507874,2025-07-12,5,Late,Returned,Damaged,2383.38
507875,2025-11-30,4,Late,No Return,Unknown,0.0
507876,2024-02-20,6,On Time,No Return,Unknown,0.0
507877,2024-02-27,6,On Time,No Return,Unknown,0.0
507878,2024-06-02,3,On Time,No Return,Unknown,0.0
507879,2025-02-20,4,Late,No Return,Unknown,0.0
507880,2025-06-27,3,On Time,No Return,Unknown,0.0
507881,2025-07-26,4,On Time,No Return,Unknown,0.0
507882,2025-05-20,8,Late,No Return,Unknown,0.0
507883,2024-08-02,6,On Time,No Return,Unknown,0.0
507884,2024-01-10,2,On Time,No Return,Unknown,0.0
507885,2025-01-28,3,On Time,No Return,Unknown,0.0
507886,2024-09-08,5,On Time,No Return,Unknown,0.0
507887,2025-01-31,2,On Time,No Return,Unknown,0.0
507888,2025-12-11,4,Late,No Return,Unknown,0.0
507889,2024-12-09,5,On Time,Returned,Changed Mind,1555.96
507890,2025-02-18,3,On Time,No Return,Unknown,0.0
507891,2025-06-30,7,Late,No Return,Unknown,0.0
507892,2024-12-14,4,On Time,No Return,Unknown,0.0
507893,2024-10-27,5,On Time,Returned,Wrong Item,1677.13
507894,2024-08-24,2,Late,No Return,Unknown,0.0
507895,2025-10-05,2,On Time,No Return,Unknown,0.0
507896,2025-08-16,6,On Time,No Return,Unknown,0.0
507897,2025-03-25,5,On Time,No Return,Unknown,0.0
507898,2024-08-25,5,On Time,No Return,Unknown,0.0
507899,2024-11-10,5,On Time,No Return,Unknown,0.0
507900,2025-12-09,8,Late,No Return,Unknown,0.0
507901,2025-04-25,3,On Time,No Return,Unknown,0.0
507902,2025-06-01,4,On Time,No Return,Unknown,0.0
507903,2024-12-02,1,On Time,No Return,Unknown,0.0
507904,2025-08-02,3,Late,Returned,Wrong Item,2527.86
507905,2024-02-28,7,Late,No Return,Unknown,0.0
507906,2025-07-04,5,On Time,No Return,Unknown,0.0
507907,2024-11-03,7,Late,No Return,Unknown,0.0
507908,2025-10-09,7,Late,No Return,Unknown,0.0
507909,2024-09-05,6,On Time,No Return,Unknown,0.0
507910,2024-12-28,7,Late,No Return,Unknown,0.0
507911,2025-09-07,6,On Time,No Return,Unknown,0.0
507912,2025-08-14,4,Late,No Return,Unknown,0.0
507913,2025-03-23,6,On Time,No Return,Unknown,0.0
507914,2026-01-04,4,Late,No Return,Unknown,0.0
507915,2025-09-08,4,On Time,Returned,Late Delivery,8733.21
507916,2024-05-04,6,On Time,No Return,Unknown,0.0
507917,2025-02-16,4,Late,Returned,Late Delivery,2352.78
507918,2025-10-15,2,Late,No Return,Unknown,0.0
507919,2025-01-10,5,Late,No Return,Unknown,0.0
507920,2024-03-18,5,On Time,No Return,Unknown,0.0
507921,2025-03-28,4,On Time,No Return,Unknown,0.0
507922,2025-04-22,7,Late,No Return,Unknown,0.0
507923,2024-06-08,4,Late,Returned,Wrong Item,1084.85
507924,2025-08-01,3,Late,No Return,Unknown,0.0
507925,2024-11-10,5,On Time,No Return,Unknown,0.0
507926,2024-02-11,6,On Time,No Return,Unknown,0.0
507927,2024-09-08,4,On Time,No Return,Unknown,0.0
507928,2025-03-11,8,Late,No Return,Unknown,0.0
507929,2024-02-18,5,On Time,No Return,Unknown,0.0
507930,2025-04-05,8,Late,No Return,Unknown,0.0
507931,2024-05-03,5,On Time,No Return,Unknown,0.0
507932,2024-12-20,6,On Time,No Return,Unknown,0.0
507933,2025-11-26,3,Late,No Return,Unknown,0.0
507934,2025-01-30,8,Late,No Return,Unknown,0.0
507935,2024-03-14,4,Late,No Return,Unknown,0.0
507936,2025-04-03,5,On Time,No Return,Unknown,0.0
507937,2024-09-26,3,On Time,No Return,Unknown,0.0
507938,2026-01-04,4,Late,No Return,Unknown,0.0
507939,2025-03-15,2,On Time,No Return,Unknown,0.0
507940,2025-01-06,6,On Time,No Return,Unknown,0.0
507941,2025-12-08,6,On Time,No Return,Unknown,0.0
507942,2024-07-10,5,On Time,No Return,Unknown,0.0
507943,2024-08-18,4,On Time,No Return,Unknown,0.0
507944,2024-03-03,2,Late,No Return,Unknown,0.0
507945,2024-06-22,6,Not Delivered,No Return,Unknown,0.0
507946,2024-05-14,3,On Time,Returned,Quality Issue,4166.84
507947,2024-06-09,6,Late,No Return,Unknown,0.0
507948,2025-12-29,7,Late,No Return,Unknown,0.0
507949,2024-01-13,6,On Time,No Return,Unknown,0.0
507950,2025-06-09,3,On Time,No Return,Unknown,0.0
507951,2025-12-21,9,Late,No Return,Unknown,0.0
507952,2024-09-15,8,Late,Returned,Changed Mind,1629.89
507953,2025-08-02,4,Late,No Return,Unknown,0.0
507954,2025-11-27,5,On Time,No Return,Unknown,0.0
507955,2025-10-09,8,Late,No Return,Unknown,0.0
507956,2024-09-21,3,On Time,No Return,Unknown,0.0
507957,2024-05-01,2,Late,No Return,Unknown,0.0
507958,2024-02-25,8,Late,No Return,Unknown,0.0
507959,2024-03-16,7,Late,No Return,Unknown,0.0
507960,2024-09-21,3,Late,No Return,Unknown,0.0
507961,2025-03-26,6,On Time,No Return,Unknown,0.0
507962,2025-04-25,2,Late,No Return,Unknown,0.0
507963,2024-08-24,6,On Time,No Return,Unknown,0.0
507964,2024-08-15,4,Late,Returned,Quality Issue,2634.79
507965,2025-04-07,6,On Time,No Return,Unknown,0.0
507966,2025-12-25,6,On Time,No Return,Unknown,0.0
507967,2025-01-06,6,On Time,No Return,Unknown,0.0
507968,2024-02-02,5,Late,No Return,Unknown,0.0
507969,2026-01-02,2,On Time,No Return,Unknown,0.0
507970,2024-04-16,6,Late,No Return,Unknown,0.0
507971,2024-03-04,6,On Time,No Return,Unknown,0.0
507972,2024-01-29,5,Late,No Return,Unknown,0.0
507973,2025-02-22,4,On Time,No Return,Unknown,0.0
507974,2024-08-21,7,Late,No Return,Unknown,0.0
507975,2024-06-22,5,On Time,No Return,Unknown,0.0
507976,2025-05-10,7,Late,No Return,Unknown,0.0
507977,2024-09-05,3,On Time,No Return,Unknown,0.0
507978,2025-12-28,4,On Time,No Return,Unknown,0.0
507979,2025-01-04,7,Late,No Return,Unknown,0.0
507980,2025-04-14,5,Late,No Return,Unknown,0.0
507981,2025-03-10,5,On Time,No Return,Unknown,0.0
507982,2025-02-26,2,Not Delivered,No Return,Unknown,0.0
507983,2024-01-26,5,On Time,No Return,Unknown,0.0
507984,2025-10-03,6,On Time,No Return,Unknown,0.0
507985,2025-01-07,4,On Time,No Return,Unknown,0.0
507986,2025-04-16,8,Late,No Return,Unknown,0.0
507987,2024-04-13,7,Late,No Return,Unknown,0.0
507988,2025-10-17,6,On Time,No Return,Unknown,0.0
507989,2025-05-09,3,On Time,No Return,Unknown,0.0
507990,2024-12-24,6,On Time,No Return,Unknown,0.0
507991,2025-09-02,6,On Time,No Return,Unknown,0.0
507992,2024-04-06,2,On Time,No Return,Unknown,0.0
507993,2024-01-27,3,On Time,No Return,Unknown,0.0
507994,2025-01-19,5,On Time,No Return,Unknown,0.0
507995,2025-02-02,3,On Time,No Return,Unknown,0.0
507996,2025-02-15,8,Late,Returned,Wrong Item,5317.36
507997,2025-10-14,5,Late,No Return,Unknown,0.0
507998,2024-05-18,6,Not Delivered,No Return,Unknown,0.0
507999,2024-02-27,4,Late,No Return,Unknown,0.0
508000,2024-10-22,4,Late,No Return,Unknown,0.0
508001,2024-04-27,6,On Time,No Return,Unknown,0.0
508002,2025-03-02,5,On Time,No Return,Unknown,0.0
508003,2024-05-13,3,Late,No Return,Unknown,0.0
508004,2025-02-27,4,Late,No Return,Unknown,0.0
508005,2024-10-10,6,On Time,No Return,Unknown,0.0
508006,2025-08-15,3,On Time,Returned,Quality Issue,317.93
508007,2024-03-11,3,On Time,No Return,Unknown,0.0
508008,2025-07-30,3,Not Delivered,No Return,Unknown,0.0
508009,2025-02-11,5,On Time,No Return,Unknown,0.0
508010,2024-06-27,4,Not Delivered,No Return,Unknown,0.0
508011,2024-10-10,4,On Time,No Return,Unknown,0.0
508012,2025-04-15,7,Late,No Return,Unknown,0.0
508013,2025-01-29,5,On Time,No Return,Unknown,0.0
508014,2024-05-19,4,On Time,No Return,Unknown,0.0
508015,2025-02-16,4,Late,No Return,Unknown,0.0
508016,2024-08-15,4,Late,No Return,Unknown,0.0
508017,2025-08-29,6,On Time,Returned,Quality Issue,432.31
508018,2025-09-15,5,On Time,No Return,Unknown,0.0
508019,2025-07-12,6,On Time,No Return,Unknown,0.0
508020,2025-12-02,4,On Time,No Return,Unknown,0.0
508021,2024-07-13,7,Late,No Return,Unknown,0.0
508022,2025-01-24,3,On Time,No Return,Unknown,0.0
508023,2024-01-14,5,On Time,Returned,Changed Mind,1571.34
508024,2024-07-05,7,Late,No Return,Unknown,0.0
508025,2025-12-03,5,Late,No Return,Unknown,0.0
508026,2025-03-22,3,On Time,No Return,Unknown,0.0
508027,2025-08-20,4,Late,No Return,Unknown,0.0
508028,2025-11-24,5,On Time,Returned,Quality Issue,1831.47
508029,2025-09-01,4,On Time,No Return,Unknown,0.0
508030,2025-03-25,4,On Time,No Return,Unknown,0.0
508031,2024-04-29,4,Late,No Return,Unknown,0.0
508032,2025-11-07,5,On Time,No Return,Unknown,0.0
508033,2024-09-07,6,On Time,No Return,Unknown,0.0
508034,2024-10-15,6,On Time,No Return,Unknown,0.0
508035,2024-08-04,4,Late,No Return,Unknown,0.0
508036,2025-10-29,4,Late,No Return,Unknown,0.0
508037,2025-11-11,3,On Time,No Return,Unknown,0.0
508038,2025-04-02,7,Late,Returned,Wrong Item,771.05
508039,2025-10-21,5,On Time,No Return,Unknown,0.0
508040,2024-01-29,4,Late,No Return,Unknown,0.0
508041,2025-12-15,3,On Time,No Return,Unknown,0.0
508042,2024-08-26,6,On Time,No Return,Unknown,0.0
508043,2025-06-07,8,Late,No Return,Unknown,0.0
508044,2024-10-21,7,Late,No Return,Unknown,0.0
508045,2025-11-19,4,On Time,No Return,Unknown,0.0
508046,2024-07-09,7,Late,No Return,Unknown,0.0
508047,2024-09-09,2,Late,No Return,Unknown,0.0
508048,2024-10-22,5,On Time,No Return,Unknown,0.0
508049,2024-12-28,4,Late,No Return,Unknown,0.0
508050,2025-09-21,6,On Time,No Return,Unknown,0.0
508051,2024-11-06,6,On Time,No Return,Unknown,0.0
508052,2024-12-19,4,Late,No Return,Unknown,0.0
508053,2024-12-07,3,On Time,No Return,Unknown,0.0
508054,2025-04-26,3,On Time,No Return,Unknown,0.0
508055,2025-04-13,4,Late,No Return,Unknown,0.0
508056,2024-05-13,4,Late,No Return,Unknown,0.0
508057,2024-07-11,6,On Time,Returned,Changed Mind,447.8
508058,2025-02-26,2,Late,No Return,Unknown,0.0
508059,2025-05-15,5,Late,No Return,Unknown,0.0
508060,2025-06-30,6,On Time,No Return,Unknown,0.0
508061,2025-11-05,5,On Time,No Return,Unknown,0.0
508062,2024-08-24,2,On Time,No Return,Unknown,0.0
508063,2024-10-08,4,On Time,No Return,Unknown,0.0
508064,2024-04-15,4,On Time,No Return,Unknown,0.0
508065,2025-04-06,3,On Time,No Return,Unknown,0.0
508066,2024-08-22,3,On Time,No Return,Unknown,0.0
508067,2024-10-04,4,Late,No Return,Unknown,0.0
508068,2025-01-08,9,Late,Returned,Changed Mind,3590.47
508069,2025-04-29,7,Late,Returned,Late Delivery,1038.84
508070,2025-04-18,6,On Time,No Return,Unknown,0.0
508071,2025-09-18,2,On Time,No Return,Unknown,0.0
508072,2025-10-16,4,Late,No Return,Unknown,0.0
508073,2026-01-04,7,Late,No Return,Unknown,0.0
508074,2024-10-06,6,On Time,No Return,Unknown,0.0
508075,2024-11-28,5,On Time,No Return,Unknown,0.0
508076,2024-07-06,4,Late,No Return,Unknown,0.0
508077,2024-07-18,6,On Time,Returned,Damaged,971.03
508078,2024-10-06,8,Late,No Return,Unknown,0.0
508079,2024-10-31,5,On Time,No Return,Unknown,0.0
508080,2025-08-11,5,On Time,No Return,Unknown,0.0
508081,2024-07-21,7,Late,No Return,Unknown,0.0
508082,2024-12-01,5,Late,No Return,Unknown,0.0
508083,2025-05-07,7,Late,No Return,Unknown,0.0
508084,2025-09-14,3,On Time,No Return,Unknown,0.0
508085,2025-05-19,6,On Time,No Return,Unknown,0.0
508086,2025-02-07,4,On Time,No Return,Unknown,0.0
508087,2025-02-04,4,On Time,No Return,Unknown,0.0
508088,2024-04-12,3,On Time,Returned,Changed Mind,380.66
508089,2024-03-27,6,Not Delivered,No Return,Unknown,0.0
508090,2024-01-23,6,On Time,No Return,Unknown,0.0
508091,2025-12-13,8,Late,No Return,Unknown,0.0
508092,2024-08-03,4,On Time,No Return,Unknown,0.0
508093,2024-05-11,6,On Time,No Return,Unknown,0.0
508094,2025-10-02,3,On Time,No Return,Unknown,0.0
508095,2024-05-12,3,Late,Returned,Damaged,2527.26
508096,2025-10-21,3,On Time,No Return,Unknown,0.0
508097,2025-06-21,3,On Time,No Return,Unknown,0.0
508098,2024-08-04,3,On Time,No Return,Unknown,0.0
508099,2024-05-13,5,On Time,No Return,Unknown,0.0
508100,2025-06-11,4,Late,No Return,Unknown,0.0
508101,2025-10-23,9,Late,No Return,Unknown,0.0
508102,2025-04-09,3,On Time,No Return,Unknown,0.0
508103,2024-03-03,6,On Time,No Return,Unknown,0.0
508104,2025-08-24,4,Not Delivered,No Return,Unknown,0.0
508105,2024-10-07,7,Late,No Return,Unknown,0.0
508106,2025-09-12,6,On Time,No Return,Unknown,0.0
508107,2024-12-09,5,Late,No Return,Unknown,0.0
508108,2024-05-27,5,On Time,No Return,Unknown,0.0
508109,2025-03-03,5,On Time,No Return,Unknown,0.0
508110,2024-12-03,4,Late,Returned,Quality Issue,218.51
508111,2025-11-23,5,On Time,No Return,Unknown,0.0
508112,2024-05-18,6,On Time,No Return,Unknown,0.0
508113,2024-09-27,7,Late,No Return,Unknown,0.0
508114,2024-06-01,6,On Time,Returned,Wrong Item,584.16
508115,2025-03-12,1,On Time,No Return,Unknown,0.0
508116,2024-01-18,6,Not Delivered,No Return,Unknown,0.0
508117,2024-02-25,1,On Time,No Return,Unknown,0.0
508118,2024-08-19,2,Late,No Return,Unknown,0.0
508119,2024-05-03,2,Late,No Return,Unknown,0.0
508120,2024-08-25,5,On Time,No Return,Unknown,0.0
508121,2024-06-16,6,On Time,No Return,Unknown,0.0
508122,2025-08-20,4,Late,No Return,Unknown,0.0
508123,2025-07-16,4,Late,No Return,Unknown,0.0
508124,2025-05-19,5,On Time,No Return,Unknown,0.0
508125,2025-11-09,7,Late,No Return,Unknown,0.0
508126,2024-06-30,3,On Time,No Return,Unknown,0.0
508127,2025-01-01,5,Late,No Return,Unknown,0.0
508128,2024-07-30,4,Late,No Return,Unknown,0.0
508129,2025-07-12,7,Late,No Return,Unknown,0.0
508130,2026-01-02,7,Late,No Return,Unknown,0.0
508131,2025-03-14,7,Late,No Return,Unknown,0.0
508132,2025-04-04,4,Late,No Return,Unknown,0.0
508133,2025-05-23,5,On Time,No Return,Unknown,0.0
508134,2024-06-05,3,On Time,No Return,Unknown,0.0
508135,2024-12-10,7,Late,Returned,Damaged,1708.2
508136,2024-10-24,5,On Time,No Return,Unknown,0.0
508137,2025-03-15,4,Late,Returned,Damaged,1826.17
508138,2025-02-03,4,On Time,No Return,Unknown,0.0
508139,2024-06-19,5,Late,No Return,Unknown,0.0
508140,2025-04-01,5,Late,No Return,Unknown,0.0
508141,2025-06-20,1,On Time,No Return,Unknown,0.0
508142,2025-02-09,5,Not Delivered,No Return,Unknown,0.0
508143,2024-04-28,4,On Time,No Return,Unknown,0.0
508144,2024-12-19,3,On Time,No Return,Unknown,0.0
508145,2024-09-22,6,On Time,No Return,Unknown,0.0
508146,2024-08-21,8,Late,Returned,Damaged,1700.27
508147,2025-09-09,4,On Time,No Return,Unknown,0.0
508148,2025-05-06,6,On Time,No Return,Unknown,0.0
508149,2024-05-12,2,On Time,No Return,Unknown,0.0
508150,2024-09-28,8,Late,No Return,Unknown,0.0
508151,2025-06-12,5,On Time,No Return,Unknown,0.0
508152,2024-07-02,3,On Time,Returned,Quality Issue,2706.5
508153,2024-12-21,7,Late,No Return,Unknown,0.0
508154,2025-04-22,7,Late,No Return,Unknown,0.0
508155,2024-06-14,5,On Time,No Return,Unknown,0.0
508156,2024-04-27,4,On Time,No Return,Unknown,0.0
508157,2024-01-23,5,On Time,No Return,Unknown,0.0
508158,2024-04-19,6,On Time,No Return,Unknown,0.0
508159,2024-07-09,5,On Time,No Return,Unknown,0.0
508160,2024-12-12,5,Late,No Return,Unknown,0.0
508161,2025-04-11,5,On Time,No Return,Unknown,0.0
508162,2025-08-31,4,Late,No Return,Unknown,0.0
508163,2024-05-28,6,Not Delivered,No Return,Unknown,0.0
508164,2025-10-21,5,Late,No Return,Unknown,0.0
508165,2025-09-06,3,On Time,No Return,Unknown,0.0
508166,2025-03-31,3,On Time,No Return,Unknown,0.0
508167,2025-03-29,3,On Time,No Return,Unknown,0.0
508168,2024-03-05,3,On Time,No Return,Unknown,0.0
508169,2025-08-23,5,On Time,No Return,Unknown,0.0
508170,2024-10-07,5,On Time,No Return,Unknown,0.0
508171,2025-11-14,5,Late,No Return,Unknown,0.0
508172,2024-10-29,8,Late,Returned,Quality Issue,246.83
508173,2024-05-11,3,On Time,Returned,Late Delivery,199.08
508174,2025-01-07,9,Late,No Return,Unknown,0.0
508175,2024-03-11,4,Late,No Return,Unknown,0.0
508176,2024-02-19,3,On Time,No Return,Unknown,0.0
508177,2025-01-14,6,On Time,No Return,Unknown,0.0
508178,2025-10-24,3,On Time,No Return,Unknown,0.0
508179,2024-05-23,7,Late,No Return,Unknown,0.0
508180,2024-04-05,1,On Time,No Return,Unknown,0.0
508181,2024-08-31,6,On Time,No Return,Unknown,0.0
508182,2024-02-12,8,Not Delivered,No Return,Unknown,0.0
508183,2024-10-27,5,On Time,No Return,Unknown,0.0
508184,2025-05-11,5,On Time,No Return,Unknown,0.0
508185,2024-09-19,5,On Time,No Return,Unknown,0.0
508186,2025-01-27,6,On Time,No Return,Unknown,0.0
508187,2024-09-29,3,On Time,No Return,Unknown,0.0
508188,2024-11-26,7,Late,No Return,Unknown,0.0
508189,2024-02-21,5,Not Delivered,No Return,Unknown,0.0
508190,2025-09-05,8,Late,No Return,Unknown,0.0
508191,2025-11-30,6,On Time,No Return,Unknown,0.0
508192,2025-12-09,7,Late,No Return,Unknown,0.0
508193,2025-05-06,5,On Time,No Return,Unknown,0.0
508194,2025-07-21,5,On Time,No Return,Unknown,0.0
508195,2025-12-19,1,On Time,No Return,Unknown,0.0
508196,2025-02-20,6,On Time,No Return,Unknown,0.0
508197,2024-05-12,8,Late,No Return,Unknown,0.0
508198,2024-08-07,8,Late,No Return,Unknown,0.0
508199,2025-01-05,2,Late,No Return,Unknown,0.0
508200,2024-09-28,6,On Time,No Return,Unknown,0.0
508201,2024-05-21,7,Late,No Return,Unknown,0.0
508202,2024-11-13,3,On Time,No Return,Unknown,0.0
508203,2024-10-29,3,On Time,No Return,Unknown,0.0
508204,2024-10-28,4,On Time,No Return,Unknown,0.0
508205,2024-10-12,7,Late,No Return,Unknown,0.0
508206,2025-01-14,6,On Time,No Return,Unknown,0.0
508207,2025-12-30,4,Late,Returned,Wrong Item,3629.7
508208,2025-05-09,7,Late,No Return,Unknown,0.0
508209,2024-03-08,6,On Time,No Return,Unknown,0.0
508210,2024-02-27,4,On Time,No Return,Unknown,0.0
508211,2024-12-08,5,On Time,No Return,Unknown,0.0
508212,2025-01-15,6,On Time,Returned,Damaged,740.55
508213,2025-04-24,6,On Time,No Return,Unknown,0.0
508214,2024-04-27,6,On Time,No Return,Unknown,0.0
508215,2024-10-02,7,Late,No Return,Unknown,0.0
508216,2024-11-23,4,On Time,No Return,Unknown,0.0
508217,2025-09-12,2,On Time,No Return,Unknown,0.0
508218,2025-11-15,5,On Time,No Return,Unknown,0.0
508219,2025-08-14,6,On Time,No Return,Unknown,0.0
508220,2025-08-31,5,On Time,No Return,Unknown,0.0
508221,2024-03-30,5,On Time,No Return,Unknown,0.0
508222,2025-01-12,6,On Time,No Return,Unknown,0.0
508223,2024-03-20,5,Late,Returned,Quality Issue,3068.25
508224,2025-08-21,3,Late,No Return,Unknown,0.0
508225,2025-05-27,5,Late,No Return,Unknown,0.0
508226,2024-08-20,5,Late,No Return,Unknown,0.0
508227,2025-08-21,4,Late,No Return,Unknown,0.0
508228,2025-02-04,7,Late,No Return,Unknown,0.0
508229,2024-01-18,3,On Time,No Return,Unknown,0.0
508230,2024-07-06,7,Late,No Return,Unknown,0.0
508231,2025-05-26,4,On Time,No Return,Unknown,0.0
508232,2024-12-08,5,On Time,No Return,Unknown,0.0
508233,2024-09-27,8,Late,No Return,Unknown,0.0
508234,2024-03-23,5,On Time,No Return,Unknown,0.0
508235,2024-08-21,5,On Time,No Return,Unknown,0.0
508236,2024-02-07,8,Late,No Return,Unknown,0.0
508237,2025-01-12,4,Late,No Return,Unknown,0.0
508238,2024-06-07,4,On Time,No Return,Unknown,0.0
508239,2024-07-08,5,On Time,No Return,Unknown,0.0
508240,2025-03-26,3,On Time,No Return,Unknown,0.0
508241,2025-03-27,5,On Time,No Return,Unknown,0.0
508242,2025-03-14,7,Late,No Return,Unknown,0.0
508243,2024-06-24,7,Late,No Return,Unknown,0.0
508244,2024-03-27,6,On Time,No Return,Unknown,0.0
508245,2024-07-30,2,On Time,No Return,Unknown,0.0
508246,2024-09-22,7,Late,No Return,Unknown,0.0
508247,2025-07-07,5,On Time,No Return,Unknown,0.0
508248,2024-10-18,6,On Time,Returned,Quality Issue,1397.57
508249,2024-02-29,6,On Time,No Return,Unknown,0.0
508250,2025-04-17,4,Late,No Return,Unknown,0.0
508251,2025-01-09,6,On Time,No Return,Unknown,0.0
508252,2025-12-30,6,Late,No Return,Unknown,0.0
508253,2024-04-11,2,On Time,No Return,Unknown,0.0
508254,2025-08-26,7,Late,No Return,Unknown,0.0
508255,2026-01-01,7,Late,No Return,Unknown,0.0
508256,2025-08-26,6,On Time,No Return,Unknown,0.0
508257,2025-08-01,4,On Time,No Return,Unknown,0.0
508258,2025-03-24,2,Late,No Return,Unknown,0.0
508259,2024-07-16,6,Late,No Return,Unknown,0.0
508260,2025-02-25,8,Late,No Return,Unknown,0.0
508261,2025-05-01,5,On Time,No Return,Unknown,0.0
508262,2024-04-04,2,On Time,No Return,Unknown,0.0
508263,2024-09-16,7,Late,No Return,Unknown,0.0
508264,2025-10-19,8,Not Delivered,No Return,Unknown,0.0
508265,2025-07-19,5,On Time,No Return,Unknown,0.0
508266,2025-10-01,7,Late,No Return,Unknown,0.0
508267,2024-02-12,4,On Time,No Return,Unknown,0.0
508268,2025-07-04,5,Not Delivered,No Return,Unknown,0.0
508269,2024-12-26,3,On Time,No Return,Unknown,0.0
508270,2024-01-13,4,On Time,No Return,Unknown,0.0
508271,2024-07-11,5,On Time,No Return,Unknown,0.0
508272,2025-09-06,7,Late,No Return,Unknown,0.0
508273,2025-10-13,7,Late,No Return,Unknown,0.0
508274,2025-11-11,6,On Time,No Return,Unknown,0.0
508275,2024-05-24,6,On Time,No Return,Unknown,0.0
508276,2024-10-28,4,On Time,No Return,Unknown,0.0
508277,2024-03-28,8,Late,No Return,Unknown,0.0
508278,2025-08-29,4,Late,No Return,Unknown,0.0
508279,2024-09-17,5,Late,No Return,Unknown,0.0
508280,2025-10-27,6,On Time,No Return,Unknown,0.0
508281,2024-07-04,7,Late,No Return,Unknown,0.0
508282,2024-09-16,3,On Time,No Return,Unknown,0.0
508283,2024-08-10,5,On Time,No Return,Unknown,0.0
508284,2024-09-29,6,On Time,No Return,Unknown,0.0
508285,2024-11-19,7,Late,No Return,Unknown,0.0
508286,2025-08-21,8,Late,No Return,Unknown,0.0
508287,2025-11-12,3,On Time,No Return,Unknown,0.0
508288,2025-09-08,1,On Time,No Return,Unknown,0.0
508289,2024-10-14,4,Late,No Return,Unknown,0.0
508290,2024-12-18,8,Late,No Return,Unknown,0.0
508291,2026-01-01,5,Late,No Return,Unknown,0.0
508292,2024-03-18,3,On Time,No Return,Unknown,0.0
508293,2024-12-03,2,Late,No Return,Unknown,0.0
508294,2025-08-09,5,On Time,No Return,Unknown,0.0
508295,2025-01-02,5,On Time,No Return,Unknown,0.0
508296,2024-07-13,5,On Time,No Return,Unknown,0.0
508297,2025-04-20,4,Late,No Return,Unknown,0.0
508298,2024-04-18,3,On Time,Returned,Changed Mind,183.25
508299,2024-03-16,6,On Time,Returned,Quality Issue,1861.77
508300,2025-06-07,2,Late,No Return,Unknown,0.0
508301,2024-08-09,8,Late,No Return,Unknown,0.0
508302,2025-06-06,6,On Time,Returned,Damaged,1400.89
508303,2024-02-01,4,On Time,No Return,Unknown,0.0
508304,2024-11-14,4,Late,No Return,Unknown,0.0
508305,2025-05-26,5,Not Delivered,No Return,Unknown,0.0
508306,2024-08-27,4,Late,No Return,Unknown,0.0
508307,2024-04-04,3,On Time,No Return,Unknown,0.0
508308,2025-01-02,5,Late,Returned,Damaged,1270.09
508309,2024-02-11,4,On Time,No Return,Unknown,0.0
508310,2026-01-08,8,Late,No Return,Unknown,0.0
508311,2025-10-30,5,Late,No Return,Unknown,0.0
508312,2025-12-10,6,On Time,No Return,Unknown,0.0
508313,2025-10-01,7,Late,No Return,Unknown,0.0
508314,2025-05-12,7,Late,No Return,Unknown,0.0
508315,2025-11-19,6,On Time,No Return,Unknown,0.0
508316,2024-04-24,5,On Time,No Return,Unknown,0.0
508317,2024-05-26,3,On Time,No Return,Unknown,0.0
508318,2025-08-04,4,On Time,No Return,Unknown,0.0
508319,2024-07-19,4,On Time,No Return,Unknown,0.0
508320,2024-02-18,3,On Time,No Return,Unknown,0.0
508321,2024-06-02,5,On Time,No Return,Unknown,0.0
508322,2025-07-30,5,Not Delivered,No Return,Unknown,0.0
508323,2024-05-21,4,Late,No Return,Unknown,0.0
508324,2025-05-06,2,Not Delivered,No Return,Unknown,0.0
508325,2025-02-09,4,Late,No Return,Unknown,0.0
508326,2025-08-28,4,Not Delivered,No Return,Unknown,0.0
508327,2025-12-25,1,On Time,No Return,Unknown,0.0
508328,2025-11-17,6,On Time,No Return,Unknown,0.0
508329,2025-09-19,3,On Time,No Return,Unknown,0.0
508330,2024-12-11,5,On Time,No Return,Unknown,0.0
508331,2025-08-03,3,On Time,No Return,Unknown,0.0
508332,2024-11-02,5,On Time,No Return,Unknown,0.0
508333,2024-05-02,5,On Time,No Return,Unknown,0.0
508334,2024-06-06,7,Late,No Return,Unknown,0.0
508335,2024-06-17,2,On Time,No Return,Unknown,0.0
508336,2025-09-03,5,On Time,No Return,Unknown,0.0
508337,2025-03-06,6,On Time,No Return,Unknown,0.0
508338,2025-03-18,6,On Time,No Return,Unknown,0.0
508339,2025-09-30,7,Late,No Return,Unknown,0.0
508340,2024-03-18,4,On Time,No Return,Unknown,0.0
508341,2025-01-02,6,On Time,No Return,Unknown,0.0
508342,2024-04-11,6,On Time,No Return,Unknown,0.0
508343,2024-10-22,4,Not Delivered,No Return,Unknown,0.0
508344,2024-07-03,8,Late,No Return,Unknown,0.0
508345,2024-02-02,6,On Time,Returned,Wrong Item,2064.4
508346,2024-11-05,5,On Time,No Return,Unknown,0.0
508347,2025-12-28,5,Late,No Return,Unknown,0.0
508348,2024-07-25,2,Late,No Return,Unknown,0.0
508349,2025-08-05,5,On Time,No Return,Unknown,0.0
508350,2025-10-27,4,On Time,No Return,Unknown,0.0
508351,2025-11-11,2,Late,Returned,Quality Issue,1593.33
508352,2024-08-13,6,On Time,No Return,Unknown,0.0
508353,2024-11-01,6,On Time,No Return,Unknown,0.0
508354,2024-09-17,3,On Time,No Return,Unknown,0.0
508355,2025-12-19,4,On Time,No Return,Unknown,0.0
508356,2024-09-01,5,On Time,No Return,Unknown,0.0
508357,2024-08-20,4,On Time,No Return,Unknown,0.0
508358,2025-04-26,8,Late,Returned,Damaged,612.62
508359,2024-06-09,5,Late,No Return,Unknown,0.0
508360,2024-08-12,7,Late,No Return,Unknown,0.0
508361,2025-04-14,5,On Time,No Return,Unknown,0.0
508362,2024-07-21,8,Late,No Return,Unknown,0.0
508363,2024-09-30,4,On Time,No Return,Unknown,0.0
508364,2025-06-16,5,Late,No Return,Unknown,0.0
508365,2025-07-18,2,Late,No Return,Unknown,0.0
508366,2024-12-27,6,On Time,No Return,Unknown,0.0
508367,2025-06-28,5,On Time,Returned,Late Delivery,988.64
508368,2025-04-26,6,On Time,No Return,Unknown,0.0
508369,2025-07-22,4,Late,No Return,Unknown,0.0
508370,2024-11-08,5,Late,No Return,Unknown,0.0
508371,2025-09-23,4,On Time,No Return,Unknown,0.0
508372,2025-02-19,7,Late,No Return,Unknown,0.0
508373,2025-03-22,6,Late,No Return,Unknown,0.0
508374,2025-06-09,5,On Time,No Return,Unknown,0.0
508375,2025-06-12,6,On Time,No Return,Unknown,0.0
508376,2025-05-04,5,On Time,No Return,Unknown,0.0
508377,2025-09-16,6,On Time,No Return,Unknown,0.0
508378,2024-09-21,7,Not Delivered,No Return,Unknown,0.0
508379,2025-11-30,6,On Time,No Return,Unknown,0.0
508380,2024-06-22,4,Late,No Return,Unknown,0.0
508381,2025-04-13,8,Late,No Return,Unknown,0.0
508382,2025-10-17,5,Late,No Return,Unknown,0.0
508383,2024-04-24,4,On Time,No Return,Unknown,0.0
508384,2025-08-30,4,Late,No Return,Unknown,0.0
508385,2024-08-14,7,Late,No Return,Unknown,0.0
508386,2024-01-10,5,On Time,No Return,Unknown,0.0
508387,2025-06-21,6,On Time,No Return,Unknown,0.0
508388,2025-09-06,2,On Time,No Return,Unknown,0.0
508389,2024-10-27,6,Not Delivered,No Return,Unknown,0.0
508390,2025-04-08,6,On Time,No Return,Unknown,0.0
508391,2025-11-04,5,On Time,No Return,Unknown,0.0
508392,2025-05-31,4,On Time,No Return,Unknown,0.0
508393,2024-08-06,7,Late,No Return,Unknown,0.0
508394,2024-05-03,5,On Time,No Return,Unknown,0.0
508395,2025-01-22,3,On Time,No Return,Unknown,0.0
508396,2024-09-21,5,Late,No Return,Unknown,0.0
508397,2025-02-04,2,On Time,No Return,Unknown,0.0
508398,2024-06-26,3,On Time,No Return,Unknown,0.0
508399,2025-02-19,2,On Time,No Return,Unknown,0.0
508400,2024-05-18,5,On Time,No Return,Unknown,0.0
508401,2024-04-15,4,On Time,Returned,Quality Issue,863.3
508402,2025-01-22,3,Late,No Return,Unknown,0.0
508403,2025-04-07,8,Late,No Return,Unknown,0.0
508404,2024-03-08,6,On Time,No Return,Unknown,0.0
508405,2025-07-23,4,Late,Returned,Quality Issue,648.86
508406,2024-01-13,6,On Time,No Return,Unknown,0.0
508407,2025-06-02,4,On Time,No Return,Unknown,0.0
508408,2024-12-01,4,Late,No Return,Unknown,0.0
508409,2025-01-17,4,Late,No Return,Unknown,0.0
508410,2025-03-22,2,Late,No Return,Unknown,0.0
508411,2024-12-06,6,On Time,Returned,Changed Mind,3282.41
508412,2025-04-15,3,On Time,No Return,Unknown,0.0
508413,2025-10-28,6,On Time,Returned,Quality Issue,1210.76
508414,2024-10-16,2,Late,No Return,Unknown,0.0
508415,2024-01-16,4,On Time,No Return,Unknown,0.0
508416,2024-04-20,7,Late,No Return,Unknown,0.0
508417,2025-09-21,7,Late,No Return,Unknown,0.0
508418,2024-09-27,8,Late,No Return,Unknown,0.0
508419,2025-03-15,5,On Time,No Return,Unknown,0.0
508420,2024-06-26,5,On Time,No Return,Unknown,0.0
508421,2025-09-04,6,On Time,No Return,Unknown,0.0
508422,2024-11-20,4,Late,No Return,Unknown,0.0
508423,2025-12-21,6,On Time,No Return,Unknown,0.0
508424,2024-02-21,7,Late,Returned,Changed Mind,2215.27
508425,2025-07-07,8,Late,Returned,Changed Mind,3456.33
508426,2024-08-02,4,Late,No Return,Unknown,0.0
508427,2025-02-24,4,On Time,No Return,Unknown,0.0
508428,2024-09-24,4,On Time,No Return,Unknown,0.0
508429,2024-11-02,6,On Time,No Return,Unknown,0.0
508430,2025-04-05,5,Not Delivered,No Return,Unknown,0.0
508431,2024-08-18,5,Late,No Return,Unknown,0.0
508432,2024-04-21,8,Late,No Return,Unknown,0.0
508433,2024-08-15,7,Late,No Return,Unknown,0.0
508434,2024-12-05,6,On Time,No Return,Unknown,0.0
508435,2025-02-25,4,Late,No Return,Unknown,0.0
508436,2024-11-02,6,On Time,No Return,Unknown,0.0
508437,2025-10-02,6,On Time,No Return,Unknown,0.0
508438,2025-05-04,5,On Time,No Return,Unknown,0.0
508439,2025-04-07,6,On Time,No Return,Unknown,0.0
508440,2025-03-17,6,On Time,No Return,Unknown,0.0
508441,2025-02-03,6,On Time,No Return,Unknown,0.0
508442,2024-02-14,2,On Time,No Return,Unknown,0.0
508443,2024-07-31,3,On Time,No Return,Unknown,0.0
508444,2024-01-16,5,On Time,No Return,Unknown,0.0
508445,2024-08-09,6,On Time,No Return,Unknown,0.0
508446,2024-06-13,1,On Time,No Return,Unknown,0.0
508447,2024-08-18,6,On Time,No Return,Unknown,0.0
508448,2024-09-10,8,Late,No Return,Unknown,0.0
508449,2025-10-23,4,On Time,Returned,Changed Mind,5381.57
508450,2025-12-07,4,On Time,No Return,Unknown,0.0
508451,2024-01-19,3,On Time,No Return,Unknown,0.0
508452,2024-07-16,4,Late,No Return,Unknown,0.0
508453,2024-01-15,6,On Time,No Return,Unknown,0.0
508454,2025-06-03,6,On Time,No Return,Unknown,0.0
508455,2024-10-22,3,On Time,No Return,Unknown,0.0
508456,2024-03-30,6,On Time,No Return,Unknown,0.0
508457,2024-08-02,6,On Time,No Return,Unknown,0.0
508458,2024-03-01,3,Late,No Return,Unknown,0.0
508459,2025-05-29,3,On Time,No Return,Unknown,0.0
508460,2025-09-14,5,On Time,No Return,Unknown,0.0
508461,2025-10-11,2,Late,No Return,Unknown,0.0
508462,2024-12-01,5,On Time,No Return,Unknown,0.0
508463,2025-04-10,5,On Time,No Return,Unknown,0.0
508464,2025-08-16,5,On Time,No Return,Unknown,0.0
508465,2024-11-24,4,Late,Returned,Changed Mind,2835.81
508466,2024-08-05,8,Late,No Return,Unknown,0.0
508467,2024-05-10,6,On Time,No Return,Unknown,0.0
508468,2025-11-27,5,On Time,No Return,Unknown,0.0
508469,2025-04-11,5,Late,No Return,Unknown,0.0
508470,2024-10-22,6,On Time,No Return,Unknown,0.0
508471,2024-08-10,9,Late,No Return,Unknown,0.0
508472,2025-03-12,5,On Time,No Return,Unknown,0.0
508473,2024-04-08,2,Late,Returned,Late Delivery,388.25
508474,2024-09-08,3,On Time,No Return,Unknown,0.0
508475,2025-05-22,5,On Time,No Return,Unknown,0.0
508476,2025-06-09,1,On Time,No Return,Unknown,0.0
508477,2025-05-28,9,Late,No Return,Unknown,0.0
508478,2024-04-06,6,On Time,Returned,Changed Mind,1082.44
508479,2025-12-11,6,On Time,No Return,Unknown,0.0
508480,2025-12-15,4,Late,No Return,Unknown,0.0
508481,2025-08-05,7,Late,No Return,Unknown,0.0
508482,2024-06-22,7,Late,No Return,Unknown,0.0
508483,2024-09-12,5,Late,No Return,Unknown,0.0
508484,2025-03-25,3,On Time,No Return,Unknown,0.0
508485,2024-07-07,3,On Time,No Return,Unknown,0.0
508486,2024-09-09,4,Late,No Return,Unknown,0.0
508487,2024-12-10,5,On Time,No Return,Unknown,0.0
508488,2025-03-29,8,Late,No Return,Unknown,0.0
508489,2024-05-24,7,Late,No Return,Unknown,0.0
508490,2024-04-26,8,Late,No Return,Unknown,0.0
508491,2025-02-25,5,On Time,No Return,Unknown,0.0
508492,2025-03-06,5,On Time,No Return,Unknown,0.0
508493,2024-02-18,5,Late,No Return,Unknown,0.0
508494,2024-12-11,4,On Time,No Return,Unknown,0.0
508495,2024-07-24,5,Late,Returned,Damaged,860.26
508496,2025-01-20,8,Late,No Return,Unknown,0.0
508497,2024-04-17,4,Not Delivered,No Return,Unknown,0.0
508498,2025-04-08,6,On Time,No Return,Unknown,0.0
508499,2025-02-24,6,On Time,No Return,Unknown,0.0
508500,2025-09-26,3,On Time,No Return,Unknown,0.0
508501,2025-02-14,9,Late,No Return,Unknown,0.0
508502,2025-01-27,3,On Time,No Return,Unknown,0.0
508503,2024-12-31,4,Late,Returned,Quality Issue,869.45
508504,2025-03-14,5,On Time,No Return,Unknown,0.0
508505,2025-01-23,6,On Time,No Return,Unknown,0.0
508506,2024-01-31,3,On Time,No Return,Unknown,0.0
508507,2024-04-20,4,On Time,Returned,Quality Issue,7103.82
508508,2025-06-26,3,On Time,No Return,Unknown,0.0
508509,2024-07-08,4,Not Delivered,No Return,Unknown,0.0
508510,2024-07-19,6,On Time,No Return,Unknown,0.0
508511,2024-05-29,4,On Time,No Return,Unknown,0.0
508512,2025-11-27,8,Late,No Return,Unknown,0.0
508513,2024-05-11,4,Not Delivered,No Return,Unknown,0.0
508514,2024-04-21,6,On Time,No Return,Unknown,0.0
508515,2025-02-27,8,Late,No Return,Unknown,0.0
508516,2024-12-22,5,On Time,No Return,Unknown,0.0
508517,2025-01-23,6,Not Delivered,No Return,Unknown,0.0
508518,2025-12-26,3,On Time,No Return,Unknown,0.0
508519,2024-12-20,6,On Time,No Return,Unknown,0.0
508520,2025-04-30,5,On Time,No Return,Unknown,0.0
508521,2024-11-12,3,On Time,No Return,Unknown,0.0
508522,2025-06-10,4,On Time,Returned,Wrong Item,1766.49
508523,2024-12-30,5,On Time,No Return,Unknown,0.0
508524,2024-11-19,3,On Time,No Return,Unknown,0.0
508525,2025-01-23,5,On Time,No Return,Unknown,0.0
508526,2024-01-20,3,On Time,No Return,Unknown,0.0
508527,2025-01-13,9,Not Delivered,No Return,Unknown,0.0
508528,2024-03-11,5,On Time,No Return,Unknown,0.0
508529,2024-04-29,7,Late,No Return,Unknown,0.0
508530,2025-10-12,7,Late,No Return,Unknown,0.0
508531,2025-02-21,2,Late,No Return,Unknown,0.0
508532,2024-03-14,3,On Time,No Return,Unknown,0.0
508533,2024-03-08,7,Late,No Return,Unknown,0.0
508534,2025-03-21,2,Not Delivered,No Return,Unknown,0.0
508535,2024-11-16,7,Late,No Return,Unknown,0.0
508536,2025-05-06,9,Late,No Return,Unknown,0.0
508537,2024-09-06,6,On Time,No Return,Unknown,0.0
508538,2025-06-02,2,Late,No Return,Unknown,0.0
508539,2025-01-08,4,On Time,No Return,Unknown,0.0
508540,2024-11-18,6,On Time,No Return,Unknown,0.0
508541,2024-01-23,2,Late,No Return,Unknown,0.0
508542,2025-12-05,7,Late,No Return,Unknown,0.0
508543,2025-12-27,6,On Time,No Return,Unknown,0.0
508544,2024-08-22,4,On Time,No Return,Unknown,0.0
508545,2025-06-14,5,On Time,No Return,Unknown,0.0
508546,2025-08-16,3,On Time,No Return,Unknown,0.0
508547,2025-04-18,5,Late,No Return,Unknown,0.0
508548,2025-11-30,6,On Time,No Return,Unknown,0.0
508549,2024-03-21,3,On Time,No Return,Unknown,0.0
508550,2025-07-20,4,Late,Returned,Damaged,8768.68
508551,2025-06-21,8,Late,Returned,Damaged,499.17
508552,2024-10-20,4,Late,Returned,Quality Issue,624.29
508553,2024-08-07,2,On Time,No Return,Unknown,0.0
508554,2024-04-14,5,On Time,Returned,Quality Issue,1013.03
508555,2024-06-01,4,On Time,No Return,Unknown,0.0
508556,2025-01-27,8,Late,No Return,Unknown,0.0
508557,2024-06-09,6,On Time,No Return,Unknown,0.0
508558,2025-02-03,5,On Time,Returned,Damaged,3768.77
508559,2025-01-14,4,On Time,No Return,Unknown,0.0
508560,2024-04-16,5,On Time,Returned,Wrong Item,1333.64
508561,2025-09-21,3,On Time,No Return,Unknown,0.0
508562,2024-04-07,6,On Time,No Return,Unknown,0.0
508563,2025-02-20,6,On Time,No Return,Unknown,0.0
508564,2025-02-14,5,Late,No Return,Unknown,0.0
508565,2024-01-25,4,Late,No Return,Unknown,0.0
508566,2025-10-01,8,Late,No Return,Unknown,0.0
508567,2025-02-18,7,Late,No Return,Unknown,0.0
508568,2024-01-24,5,On Time,No Return,Unknown,0.0
508569,2025-06-25,6,On Time,No Return,Unknown,0.0
508570,2025-06-23,2,On Time,No Return,Unknown,0.0
508571,2024-06-06,5,On Time,No Return,Unknown,0.0
508572,2024-11-03,7,Late,No Return,Unknown,0.0
508573,2025-02-19,3,On Time,No Return,Unknown,0.0
508574,2024-07-27,7,Late,Returned,Wrong Item,1064.94
508575,2024-05-21,3,On Time,No Return,Unknown,0.0
508576,2024-02-01,8,Late,No Return,Unknown,0.0
508577,2024-01-16,4,On Time,No Return,Unknown,0.0
508578,2024-05-22,8,Late,No Return,Unknown,0.0
508579,2024-03-24,3,On Time,No Return,Unknown,0.0
508580,2024-12-25,5,On Time,No Return,Unknown,0.0
508581,2024-03-15,5,Late,No Return,Unknown,0.0
508582,2024-07-26,4,On Time,No Return,Unknown,0.0
508583,2025-08-18,5,On Time,No Return,Unknown,0.0
508584,2024-10-12,7,Late,No Return,Unknown,0.0
508585,2025-12-17,6,On Time,No Return,Unknown,0.0
508586,2025-01-16,3,On Time,No Return,Unknown,0.0
508587,2024-10-25,5,On Time,No Return,Unknown,0.0
508588,2025-02-24,6,On Time,No Return,Unknown,0.0
508589,2025-03-05,2,Late,No Return,Unknown,0.0
508590,2024-06-07,3,On Time,No Return,Unknown,0.0
508591,2025-08-18,8,Late,No Return,Unknown,0.0
508592,2026-01-06,6,On Time,No Return,Unknown,0.0
508593,2024-10-05,2,Late,Returned,Late Delivery,970.89
508594,2024-09-26,5,Late,No Return,Unknown,0.0
508595,2024-02-23,5,On Time,No Return,Unknown,0.0
508596,2025-09-05,4,On Time,No Return,Unknown,0.0
508597,2024-10-23,4,On Time,No Return,Unknown,0.0
508598,2024-01-25,4,On Time,No Return,Unknown,0.0
508599,2025-03-23,4,Late,No Return,Unknown,0.0
508600,2025-06-24,6,On Time,No Return,Unknown,0.0
508601,2025-04-19,3,On Time,No Return,Unknown,0.0
508602,2024-05-20,3,On Time,No Return,Unknown,0.0
508603,2024-08-23,6,On Time,No Return,Unknown,0.0
508604,2025-02-14,6,On Time,No Return,Unknown,0.0
508605,2024-12-24,2,Late,Returned,Late Delivery,9986.66
508606,2025-06-28,4,Late,No Return,Unknown,0.0
508607,2024-01-28,7,Late,No Return,Unknown,0.0
508608,2025-09-06,4,Late,No Return,Unknown,0.0
508609,2025-08-05,8,Late,No Return,Unknown,0.0
508610,2025-10-12,6,On Time,No Return,Unknown,0.0
508611,2025-06-17,7,Late,No Return,Unknown,0.0
508612,2024-04-18,4,Late,No Return,Unknown,0.0
508613,2025-09-19,5,On Time,No Return,Unknown,0.0
508614,2024-12-05,4,Late,No Return,Unknown,0.0
508615,2025-03-06,7,Late,No Return,Unknown,0.0
508616,2025-09-21,7,Late,No Return,Unknown,0.0
508617,2024-01-11,7,Not Delivered,No Return,Unknown,0.0
508618,2025-04-17,4,Late,No Return,Unknown,0.0
508619,2025-10-28,3,Late,No Return,Unknown,0.0
508620,2025-07-15,8,Late,No Return,Unknown,0.0
508621,2025-06-29,8,Late,No Return,Unknown,0.0
508622,2024-07-14,2,Late,No Return,Unknown,0.0
508623,2025-01-02,8,Late,No Return,Unknown,0.0
508624,2025-06-11,8,Late,Returned,Wrong Item,5150.14
508625,2024-03-20,7,Late,No Return,Unknown,0.0
508626,2024-03-23,5,Late,No Return,Unknown,0.0
508627,2025-10-26,5,On Time,No Return,Unknown,0.0
508628,2024-03-15,7,Late,No Return,Unknown,0.0
508629,2025-12-03,8,Late,No Return,Unknown,0.0
508630,2024-12-02,3,On Time,No Return,Unknown,0.0
508631,2024-03-31,6,On Time,No Return,Unknown,0.0
508632,2025-05-17,7,Late,No Return,Unknown,0.0
508633,2024-03-21,2,On Time,No Return,Unknown,0.0
508634,2025-07-10,6,On Time,No Return,Unknown,0.0
508635,2024-11-06,5,On Time,No Return,Unknown,0.0
508636,2024-01-21,1,On Time,No Return,Unknown,0.0
508637,2025-08-08,4,On Time,No Return,Unknown,0.0
508638,2024-06-07,3,Not Delivered,No Return,Unknown,0.0
508639,2024-04-29,3,On Time,No Return,Unknown,0.0
508640,2025-03-30,5,On Time,No Return,Unknown,0.0
508641,2024-02-02,5,On Time,No Return,Unknown,0.0
508642,2025-09-09,8,Late,No Return,Unknown,0.0
508643,2024-11-28,4,On Time,No Return,Unknown,0.0
508644,2025-10-26,2,Late,No Return,Unknown,0.0
508645,2025-01-01,3,On Time,No Return,Unknown,0.0
508646,2025-02-24,2,Late,No Return,Unknown,0.0
508647,2024-01-26,4,Late,No Return,Unknown,0.0
508648,2024-09-21,4,Late,No Return,Unknown,0.0
508649,2024-03-07,7,Late,No Return,Unknown,0.0
508650,2025-02-20,4,On Time,No Return,Unknown,0.0
508651,2024-06-15,4,Late,No Return,Unknown,0.0
508652,2024-04-28,5,Late,No Return,Unknown,0.0
508653,2024-12-22,3,On Time,No Return,Unknown,0.0
508654,2024-07-20,6,On Time,Returned,Quality Issue,3516.69
508655,2024-02-18,4,On Time,No Return,Unknown,0.0
508656,2025-09-22,6,On Time,No Return,Unknown,0.0
508657,2024-06-29,2,Late,No Return,Unknown,0.0
508658,2025-05-14,7,Late,No Return,Unknown,0.0
508659,2024-11-29,9,Late,No Return,Unknown,0.0
508660,2025-01-09,5,On Time,No Return,Unknown,0.0
508661,2025-07-26,5,Late,No Return,Unknown,0.0
508662,2024-12-15,3,On Time,No Return,Unknown,0.0
508663,2024-04-29,5,On Time,No Return,Unknown,0.0
508664,2024-12-29,7,Late,No Return,Unknown,0.0
508665,2024-06-20,5,On Time,No Return,Unknown,0.0
508666,2024-12-25,6,On Time,Returned,Late Delivery,452.9
508667,2024-04-27,3,On Time,No Return,Unknown,0.0
508668,2025-02-17,6,On Time,No Return,Unknown,0.0
508669,2025-08-21,7,Late,No Return,Unknown,0.0
508670,2024-11-21,3,On Time,No Return,Unknown,0.0
508671,2025-06-26,2,On Time,No Return,Unknown,0.0
508672,2024-02-13,2,Late,No Return,Unknown,0.0
508673,2025-04-05,1,On Time,No Return,Unknown,0.0
508674,2024-05-05,7,Not Delivered,No Return,Unknown,0.0
508675,2025-08-01,5,Late,No Return,Unknown,0.0
508676,2025-11-01,4,On Time,No Return,Unknown,0.0
508677,2025-03-31,6,On Time,No Return,Unknown,0.0
508678,2025-03-19,3,On Time,No Return,Unknown,0.0
508679,2024-07-12,5,On Time,No Return,Unknown,0.0
508680,2024-10-15,4,Late,No Return,Unknown,0.0
508681,2024-04-18,5,On Time,No Return,Unknown,0.0
508682,2025-07-30,8,Late,No Return,Unknown,0.0
508683,2025-04-08,7,Late,No Return,Unknown,0.0
508684,2024-11-14,8,Late,No Return,Unknown,0.0
508685,2025-11-20,6,On Time,No Return,Unknown,0.0
508686,2025-01-23,5,On Time,No Return,Unknown,0.0
508687,2025-11-02,4,On Time,Returned,Late Delivery,14663.66
508688,2024-06-19,6,On Time,No Return,Unknown,0.0
508689,2025-02-15,5,Late,No Return,Unknown,0.0
508690,2025-08-11,8,Late,No Return,Unknown,0.0
508691,2025-04-23,3,On Time,No Return,Unknown,0.0
508692,2024-03-04,6,On Time,No Return,Unknown,0.0
508693,2025-12-28,9,Late,Returned,Quality Issue,2009.97
508694,2025-02-24,5,On Time,No Return,Unknown,0.0
508695,2025-08-27,8,Late,No Return,Unknown,0.0
508696,2025-09-08,4,On Time,No Return,Unknown,0.0
508697,2024-09-10,3,On Time,No Return,Unknown,0.0
508698,2024-08-14,7,Late,No Return,Unknown,0.0
508699,2024-06-12,4,On Time,No Return,Unknown,0.0
508700,2024-07-10,5,Late,Returned,Quality Issue,978.18
508701,2025-08-27,6,On Time,No Return,Unknown,0.0
508702,2025-04-14,6,On Time,No Return,Unknown,0.0
508703,2025-05-15,3,On Time,No Return,Unknown,0.0
508704,2024-11-30,5,Late,No Return,Unknown,0.0
508705,2024-12-17,3,On Time,No Return,Unknown,0.0
508706,2025-05-18,4,Late,No Return,Unknown,0.0
508707,2025-11-02,5,Late,No Return,Unknown,0.0
508708,2025-05-12,8,Late,No Return,Unknown,0.0
508709,2024-10-13,7,Late,No Return,Unknown,0.0
508710,2024-06-14,2,Late,No Return,Unknown,0.0
508711,2025-02-07,6,On Time,No Return,Unknown,0.0
508712,2024-03-11,3,Late,No Return,Unknown,0.0
508713,2025-03-09,6,On Time,No Return,Unknown,0.0
508714,2025-03-09,2,On Time,No Return,Unknown,0.0
508715,2025-01-16,7,Late,No Return,Unknown,0.0
508716,2025-12-30,6,On Time,No Return,Unknown,0.0
508717,2025-09-26,3,Late,No Return,Unknown,0.0
508718,2025-12-03,6,On Time,No Return,Unknown,0.0
508719,2025-03-02,4,Late,No Return,Unknown,0.0
508720,2025-12-31,3,On Time,No Return,Unknown,0.0
508721,2025-10-11,8,Late,No Return,Unknown,0.0
508722,2024-03-23,5,Not Delivered,No Return,Unknown,0.0
508723,2025-05-03,1,On Time,No Return,Unknown,0.0
508724,2024-06-23,5,On Time,No Return,Unknown,0.0
508725,2024-02-11,4,Late,No Return,Unknown,0.0
508726,2025-07-29,9,Late,No Return,Unknown,0.0
508727,2024-10-18,2,On Time,No Return,Unknown,0.0
508728,2025-07-17,6,On Time,No Return,Unknown,0.0
508729,2024-06-22,3,On Time,No Return,Unknown,0.0
508730,2025-10-08,5,On Time,No Return,Unknown,0.0
508731,2025-11-10,4,On Time,No Return,Unknown,0.0
508732,2025-08-08,4,Late,No Return,Unknown,0.0
508733,2024-10-23,5,On Time,No Return,Unknown,0.0
508734,2025-08-06,3,On Time,No Return,Unknown,0.0
508735,2025-03-01,4,Late,Returned,Quality Issue,1080.5
508736,2024-04-20,6,On Time,No Return,Unknown,0.0
508737,2025-07-25,6,On Time,No Return,Unknown,0.0
508738,2025-02-13,4,Late,Returned,Damaged,2172.84
508739,2025-04-06,3,On Time,No Return,Unknown,0.0
508740,2024-09-12,8,Late,No Return,Unknown,0.0
508741,2024-11-11,7,Late,No Return,Unknown,0.0
508742,2025-01-09,2,Late,No Return,Unknown,0.0
508743,2024-04-21,6,On Time,Returned,Changed Mind,307.47
508744,2024-11-13,3,On Time,No Return,Unknown,0.0
508745,2025-09-04,4,On Time,No Return,Unknown,0.0
508746,2025-06-28,6,On Time,No Return,Unknown,0.0
508747,2024-03-19,7,Late,No Return,Unknown,0.0
508748,2025-01-19,7,Late,No Return,Unknown,0.0
508749,2025-05-16,6,Late,No Return,Unknown,0.0
508750,2024-07-05,2,On Time,No Return,Unknown,0.0
508751,2024-05-19,6,On Time,No Return,Unknown,0.0
508752,2024-06-26,4,Late,No Return,Unknown,0.0
508753,2025-09-07,6,On Time,No Return,Unknown,0.0
508754,2025-02-04,8,Late,Returned,Quality Issue,5020.3
508755,2024-03-07,3,On Time,Returned,Wrong Item,969.21
508756,2025-02-25,7,Late,No Return,Unknown,0.0
508757,2025-02-08,2,On Time,No Return,Unknown,0.0
508758,2024-04-28,6,On Time,No Return,Unknown,0.0
508759,2024-03-10,5,On Time,No Return,Unknown,0.0
508760,2026-01-05,8,Late,No Return,Unknown,0.0
508761,2025-02-07,3,On Time,Returned,Damaged,2304.11
508762,2024-10-22,6,On Time,No Return,Unknown,0.0
508763,2025-05-02,5,On Time,No Return,Unknown,0.0
508764,2025-03-01,6,On Time,No Return,Unknown,0.0
508765,2024-11-14,4,Late,No Return,Unknown,0.0
508766,2024-03-31,2,Late,No Return,Unknown,0.0
508767,2025-10-26,4,On Time,No Return,Unknown,0.0
508768,2024-12-28,6,On Time,No Return,Unknown,0.0
508769,2025-06-06,5,On Time,No Return,Unknown,0.0
508770,2025-01-06,7,Late,No Return,Unknown,0.0
508771,2024-09-28,5,On Time,No Return,Unknown,0.0
508772,2025-02-15,6,On Time,No Return,Unknown,0.0
508773,2024-05-25,7,Not Delivered,No Return,Unknown,0.0
508774,2024-06-18,5,On Time,No Return,Unknown,0.0
508775,2025-11-30,3,On Time,No Return,Unknown,0.0
508776,2025-11-01,5,Not Delivered,No Return,Unknown,0.0
508777,2024-04-18,3,On Time,No Return,Unknown,0.0
508778,2024-06-01,4,Late,No Return,Unknown,0.0
508779,2024-07-07,4,On Time,No Return,Unknown,0.0
508780,2025-02-16,3,On Time,No Return,Unknown,0.0
508781,2025-12-08,5,On Time,No Return,Unknown,0.0
508782,2025-11-09,4,Late,No Return,Unknown,0.0
508783,2024-07-24,5,On Time,Returned,Quality Issue,1272.89
508784,2025-09-17,8,Late,Returned,Changed Mind,2401.06
508785,2026-01-03,7,Late,No Return,Unknown,0.0
508786,2024-08-10,3,On Time,No Return,Unknown,0.0
508787,2025-04-18,4,Late,No Return,Unknown,0.0
508788,2026-01-03,5,On Time,No Return,Unknown,0.0
508789,2025-03-14,5,On Time,Returned,Wrong Item,1105.94
508790,2024-02-05,7,Not Delivered,No Return,Unknown,0.0
508791,2024-03-08,4,On Time,No Return,Unknown,0.0
508792,2024-04-09,4,Late,No Return,Unknown,0.0
508793,2025-11-02,6,On Time,No Return,Unknown,0.0
508794,2025-06-27,4,Late,No Return,Unknown,0.0
508795,2025-05-28,4,Late,No Return,Unknown,0.0
508796,2024-12-12,7,Late,No Return,Unknown,0.0
508797,2025-11-20,2,Late,No Return,Unknown,0.0
508798,2024-09-12,5,On Time,No Return,Unknown,0.0
508799,2025-12-12,6,On Time,No Return,Unknown,0.0
508800,2024-10-12,7,Late,No Return,Unknown,0.0
508801,2024-02-12,4,On Time,Returned,Damaged,1819.94
508802,2024-03-15,6,On Time,No Return,Unknown,0.0
508803,2024-10-06,3,On Time,No Return,Unknown,0.0
508804,2024-05-07,8,Late,No Return,Unknown,0.0
508805,2024-03-31,5,On Time,No Return,Unknown,0.0
508806,2024-06-30,5,On Time,No Return,Unknown,0.0
508807,2025-08-31,3,On Time,Returned,Damaged,1573.4
508808,2024-04-06,5,On Time,No Return,Unknown,0.0
508809,2025-03-01,6,On Time,No Return,Unknown,0.0
508810,2024-03-25,4,On Time,No Return,Unknown,0.0
508811,2024-12-10,4,On Time,No Return,Unknown,0.0
508812,2025-03-01,5,Not Delivered,No Return,Unknown,0.0
508813,2024-08-21,6,On Time,No Return,Unknown,0.0
508814,2025-04-22,5,Late,No Return,Unknown,0.0
508815,2024-04-03,6,On Time,No Return,Unknown,0.0
508816,2024-12-21,6,On Time,No Return,Unknown,0.0
508817,2025-10-03,2,Late,No Return,Unknown,0.0
508818,2024-07-11,3,On Time,No Return,Unknown,0.0
508819,2025-10-15,8,Late,No Return,Unknown,0.0
508820,2024-05-21,6,On Time,No Return,Unknown,0.0
508821,2024-11-27,7,Late,No Return,Unknown,0.0
508822,2024-02-16,7,Late,No Return,Unknown,0.0
508823,2025-10-17,6,Not Delivered,No Return,Unknown,0.0
508824,2024-10-20,7,Late,No Return,Unknown,0.0
508825,2024-09-16,4,Late,No Return,Unknown,0.0
508826,2025-08-23,4,On Time,No Return,Unknown,0.0
508827,2025-03-01,6,On Time,No Return,Unknown,0.0
508828,2025-06-29,7,Late,No Return,Unknown,0.0
508829,2024-10-18,1,Not Delivered,No Return,Unknown,0.0
508830,2024-11-18,7,Late,No Return,Unknown,0.0
508831,2024-05-12,1,On Time,No Return,Unknown,0.0
508832,2025-08-29,4,On Time,No Return,Unknown,0.0
508833,2025-06-24,2,Not Delivered,No Return,Unknown,0.0
508834,2024-11-05,7,Late,Returned,Late Delivery,1186.22
508835,2024-10-11,3,On Time,No Return,Unknown,0.0
508836,2025-05-09,3,On Time,No Return,Unknown,0.0
508837,2024-10-14,8,Late,No Return,Unknown,0.0
508838,2025-05-20,6,On Time,No Return,Unknown,0.0
508839,2024-07-23,6,On Time,No Return,Unknown,0.0
508840,2025-01-17,8,Late,No Return,Unknown,0.0
508841,2024-10-29,3,On Time,No Return,Unknown,0.0
508842,2025-11-03,7,Not Delivered,No Return,Unknown,0.0
508843,2024-10-31,6,On Time,No Return,Unknown,0.0
508844,2025-07-09,1,On Time,No Return,Unknown,0.0
508845,2024-11-22,5,On Time,No Return,Unknown,0.0
508846,2024-04-24,5,On Time,No Return,Unknown,0.0
508847,2025-09-21,7,Late,No Return,Unknown,0.0
508848,2025-04-20,5,Late,No Return,Unknown,0.0
508849,2025-02-18,3,On Time,No Return,Unknown,0.0
508850,2025-05-30,3,On Time,No Return,Unknown,0.0
508851,2025-04-28,4,On Time,No Return,Unknown,0.0
508852,2024-05-24,5,Late,No Return,Unknown,0.0
508853,2025-11-26,6,On Time,No Return,Unknown,0.0
508854,2025-05-21,3,On Time,No Return,Unknown,0.0
508855,2024-03-02,2,On Time,No Return,Unknown,0.0
508856,2024-07-06,5,Late,Returned,Wrong Item,474.71
508857,2025-03-01,7,Late,No Return,Unknown,0.0
508858,2024-08-18,4,Late,Returned,Wrong Item,2382.82
508859,2025-01-27,2,On Time,No Return,Unknown,0.0
508860,2024-05-29,6,On Time,No Return,Unknown,0.0
508861,2025-07-22,5,Late,No Return,Unknown,0.0
508862,2025-08-18,3,On Time,No Return,Unknown,0.0
508863,2025-10-28,6,On Time,No Return,Unknown,0.0
508864,2024-02-03,7,Late,No Return,Unknown,0.0
508865,2025-09-19,5,Late,No Return,Unknown,0.0
508866,2025-05-28,6,On Time,No Return,Unknown,0.0
508867,2025-08-17,4,Late,No Return,Unknown,0.0
508868,2024-05-11,5,Late,No Return,Unknown,0.0
508869,2025-04-02,2,Late,No Return,Unknown,0.0
508870,2024-10-13,6,On Time,No Return,Unknown,0.0
508871,2025-02-04,6,On Time,No Return,Unknown,0.0
508872,2024-11-20,6,On Time,No Return,Unknown,0.0
508873,2025-03-18,2,Late,No Return,Unknown,0.0
508874,2024-12-12,6,On Time,No Return,Unknown,0.0
508875,2025-11-27,3,On Time,No Return,Unknown,0.0
508876,2024-05-06,8,Late,No Return,Unknown,0.0
508877,2025-11-22,2,Late,No Return,Unknown,0.0
508878,2025-12-20,7,Late,No Return,Unknown,0.0
508879,2025-01-07,5,Late,No Return,Unknown,0.0
508880,2025-01-27,8,Late,No Return,Unknown,0.0
508881,2025-05-28,4,Late,No Return,Unknown,0.0
508882,2025-08-11,7,Late,No Return,Unknown,0.0
508883,2024-06-12,6,On Time,Returned,Quality Issue,366.19
508884,2025-09-05,4,Late,No Return,Unknown,0.0
508885,2025-12-20,3,On Time,No Return,Unknown,0.0
508886,2024-03-29,3,On Time,No Return,Unknown,0.0
508887,2025-01-02,7,Late,No Return,Unknown,0.0
508888,2024-03-31,6,On Time,Returned,Late Delivery,5229.19
508889,2024-12-29,5,On Time,No Return,Unknown,0.0
508890,2025-12-30,3,On Time,No Return,Unknown,0.0
508891,2024-05-15,3,On Time,No Return,Unknown,0.0
508892,2025-01-24,3,On Time,No Return,Unknown,0.0
508893,2024-09-06,3,On Time,No Return,Unknown,0.0
508894,2024-05-23,3,On Time,Returned,Late Delivery,2193.55
508895,2025-03-27,5,On Time,No Return,Unknown,0.0
508896,2024-03-22,6,On Time,Returned,Wrong Item,5985.65
508897,2024-04-13,6,On Time,No Return,Unknown,0.0
508898,2024-11-04,6,On Time,No Return,Unknown,0.0
508899,2025-04-15,5,On Time,No Return,Unknown,0.0
508900,2024-02-29,5,On Time,No Return,Unknown,0.0
508901,2024-11-07,7,Late,No Return,Unknown,0.0
508902,2025-06-21,4,On Time,No Return,Unknown,0.0
508903,2024-02-10,6,On Time,No Return,Unknown,0.0
508904,2025-06-27,4,Late,No Return,Unknown,0.0
508905,2025-05-06,3,On Time,No Return,Unknown,0.0
508906,2025-11-15,3,On Time,No Return,Unknown,0.0
508907,2024-05-24,5,On Time,No Return,Unknown,0.0
508908,2025-10-10,8,Late,No Return,Unknown,0.0
508909,2024-04-11,2,On Time,No Return,Unknown,0.0
508910,2025-01-09,2,On Time,No Return,Unknown,0.0
508911,2024-01-29,6,On Time,No Return,Unknown,0.0
508912,2024-10-14,4,On Time,No Return,Unknown,0.0
508913,2024-04-29,7,Late,No Return,Unknown,0.0
508914,2025-01-12,5,On Time,No Return,Unknown,0.0
508915,2024-07-18,3,Late,No Return,Unknown,0.0
508916,2024-06-17,5,On Time,No Return,Unknown,0.0
508917,2025-03-13,7,Late,No Return,Unknown,0.0
508918,2025-07-24,3,On Time,No Return,Unknown,0.0
508919,2024-01-13,3,On Time,No Return,Unknown,0.0
508920,2025-10-11,5,On Time,No Return,Unknown,0.0
508921,2025-02-09,8,Late,No Return,Unknown,0.0
508922,2024-06-06,6,On Time,No Return,Unknown,0.0
508923,2024-07-13,4,On Time,No Return,Unknown,0.0
508924,2024-10-08,5,On Time,No Return,Unknown,0.0
508925,2025-05-14,7,Late,No Return,Unknown,0.0
508926,2024-09-05,6,On Time,No Return,Unknown,0.0
508927,2025-05-09,7,Late,No Return,Unknown,0.0
508928,2024-10-05,3,On Time,No Return,Unknown,0.0
508929,2024-07-11,3,Not Delivered,No Return,Unknown,0.0
508930,2025-09-24,6,On Time,No Return,Unknown,0.0
508931,2024-11-08,6,Not Delivered,No Return,Unknown,0.0
508932,2024-10-27,5,On Time,No Return,Unknown,0.0
508933,2024-08-26,5,On Time,No Return,Unknown,0.0
508934,2024-12-08,2,Late,No Return,Unknown,0.0
508935,2025-08-19,4,On Time,No Return,Unknown,0.0
508936,2024-07-17,6,On Time,No Return,Unknown,0.0
508937,2025-01-06,8,Late,No Return,Unknown,0.0
508938,2024-09-21,7,Late,No Return,Unknown,0.0
508939,2025-05-31,6,On Time,Returned,Damaged,650.21
508940,2024-08-24,6,On Time,No Return,Unknown,0.0
508941,2024-01-21,7,Late,No Return,Unknown,0.0
508942,2024-01-17,3,On Time,No Return,Unknown,0.0
508943,2025-07-17,8,Late,No Return,Unknown,0.0
508944,2024-08-02,5,On Time,No Return,Unknown,0.0
508945,2024-02-12,3,On Time,No Return,Unknown,0.0
508946,2024-02-08,5,On Time,No Return,Unknown,0.0
508947,2024-08-27,6,On Time,Returned,Changed Mind,826.75
508948,2024-10-22,6,On Time,No Return,Unknown,0.0
508949,2025-03-11,3,On Time,No Return,Unknown,0.0
508950,2024-11-20,7,Late,No Return,Unknown,0.0
508951,2025-10-05,4,On Time,No Return,Unknown,0.0
508952,2025-02-17,6,On Time,No Return,Unknown,0.0
508953,2025-12-27,6,On Time,No Return,Unknown,0.0
508954,2024-03-26,6,On Time,No Return,Unknown,0.0
508955,2024-06-27,3,On Time,Returned,Quality Issue,2944.84
508956,2024-10-14,3,On Time,No Return,Unknown,0.0
508957,2025-09-26,5,On Time,No Return,Unknown,0.0
508958,2025-11-13,5,On Time,No Return,Unknown,0.0
508959,2024-11-17,4,Late,No Return,Unknown,0.0
508960,2025-02-17,4,On Time,No Return,Unknown,0.0
508961,2024-05-27,6,On Time,Returned,Quality Issue,458.27
508962,2024-09-10,7,Late,No Return,Unknown,0.0
508963,2024-06-28,3,On Time,No Return,Unknown,0.0
508964,2024-12-12,3,Late,No Return,Unknown,0.0
508965,2024-09-27,7,Late,No Return,Unknown,0.0
508966,2024-06-21,5,On Time,No Return,Unknown,0.0
508967,2024-01-31,6,On Time,No Return,Unknown,0.0
508968,2025-12-07,4,Late,No Return,Unknown,0.0
508969,2025-06-14,4,On Time,No Return,Unknown,0.0
508970,2025-06-14,3,On Time,No Return,Unknown,0.0
508971,2024-11-12,7,Late,No Return,Unknown,0.0
508972,2025-10-03,3,On Time,No Return,Unknown,0.0
508973,2024-02-02,5,On Time,No Return,Unknown,0.0
508974,2025-01-11,7,Late,No Return,Unknown,0.0
508975,2025-01-27,9,Late,No Return,Unknown,0.0
508976,2024-10-25,5,On Time,No Return,Unknown,0.0
508977,2025-10-29,4,On Time,No Return,Unknown,0.0
508978,2025-04-27,4,Late,No Return,Unknown,0.0
508979,2025-08-07,5,On Time,No Return,Unknown,0.0
508980,2024-02-14,8,Late,No Return,Unknown,0.0
508981,2025-07-04,4,Late,No Return,Unknown,0.0
508982,2025-10-12,5,On Time,No Return,Unknown,0.0
508983,2025-11-08,5,Late,No Return,Unknown,0.0
508984,2025-01-09,3,On Time,No Return,Unknown,0.0
508985,2025-09-17,4,Late,No Return,Unknown,0.0
508986,2024-04-15,4,On Time,No Return,Unknown,0.0
508987,2024-12-26,6,On Time,Returned,Quality Issue,4423.88
508988,2025-04-12,3,Not Delivered,No Return,Unknown,0.0
508989,2025-12-01,7,Late,No Return,Unknown,0.0
508990,2025-04-29,5,On Time,No Return,Unknown,0.0
508991,2025-10-23,3,On Time,No Return,Unknown,0.0
508992,2024-08-10,7,Late,No Return,Unknown,0.0
508993,2025-10-18,6,On Time,No Return,Unknown,0.0
508994,2024-11-29,7,Late,No Return,Unknown,0.0
508995,2025-12-04,4,Late,Returned,Changed Mind,380.47
508996,2025-08-27,5,On Time,No Return,Unknown,0.0
508997,2024-09-11,8,Late,No Return,Unknown,0.0
508998,2025-12-02,4,Late,No Return,Unknown,0.0
508999,2024-04-03,6,On Time,No Return,Unknown,0.0
509000,2024-12-03,4,Late,No Return,Unknown,0.0
509001,2025-10-30,5,Late,No Return,Unknown,0.0
509002,2024-07-22,4,On Time,No Return,Unknown,0.0
509003,2025-01-25,8,Late,No Return,Unknown,0.0
509004,2025-03-09,6,Late,No Return,Unknown,0.0
509005,2024-12-05,5,On Time,No Return,Unknown,0.0
509006,2025-03-29,4,On Time,No Return,Unknown,0.0
509007,2024-08-10,7,Late,No Return,Unknown,0.0
509008,2025-08-14,6,On Time,No Return,Unknown,0.0
509009,2025-11-06,4,On Time,No Return,Unknown,0.0
509010,2024-09-16,5,Late,No Return,Unknown,0.0
509011,2025-06-18,6,On Time,No Return,Unknown,0.0
509012,2025-05-26,7,Late,No Return,Unknown,0.0
509013,2025-03-16,3,On Time,No Return,Unknown,0.0
509014,2025-10-16,5,Late,No Return,Unknown,0.0
509015,2025-04-18,4,On Time,No Return,Unknown,0.0
509016,2024-01-11,5,On Time,Returned,Changed Mind,5328.32
509017,2024-08-11,5,On Time,No Return,Unknown,0.0
509018,2025-06-04,8,Late,No Return,Unknown,0.0
509019,2025-08-01,3,On Time,No Return,Unknown,0.0
509020,2025-12-26,5,On Time,No Return,Unknown,0.0
509021,2025-06-02,6,Not Delivered,No Return,Unknown,0.0
509022,2024-07-11,4,On Time,No Return,Unknown,0.0
509023,2024-09-08,5,On Time,No Return,Unknown,0.0
509024,2025-11-19,3,On Time,No Return,Unknown,0.0
509025,2025-09-16,4,On Time,No Return,Unknown,0.0
509026,2025-07-28,3,On Time,No Return,Unknown,0.0
509027,2025-07-11,3,On Time,No Return,Unknown,0.0
509028,2025-03-09,6,On Time,Returned,Quality Issue,1778.31
509029,2025-07-11,8,Late,No Return,Unknown,0.0
509030,2025-01-03,6,On Time,No Return,Unknown,0.0
509031,2025-08-19,3,On Time,No Return,Unknown,0.0
509032,2025-02-04,5,On Time,No Return,Unknown,0.0
509033,2025-09-18,4,On Time,No Return,Unknown,0.0
509034,2024-05-19,4,On Time,No Return,Unknown,0.0
509035,2025-03-12,3,On Time,Returned,Damaged,2534.27
509036,2024-11-16,3,On Time,No Return,Unknown,0.0
509037,2025-06-26,8,Late,No Return,Unknown,0.0
509038,2025-05-20,5,On Time,No Return,Unknown,0.0
509039,2024-12-19,5,On Time,No Return,Unknown,0.0
509040,2024-03-03,4,On Time,No Return,Unknown,0.0
509041,2024-05-26,7,Late,No Return,Unknown,0.0
509042,2025-09-24,5,On Time,No Return,Unknown,0.0
509043,2024-07-25,3,On Time,No Return,Unknown,0.0
509044,2024-06-13,7,Late,No Return,Unknown,0.0
509045,2024-12-02,7,Late,No Return,Unknown,0.0
509046,2024-07-19,5,On Time,No Return,Unknown,0.0
509047,2025-03-14,8,Late,No Return,Unknown,0.0
509048,2025-12-27,3,On Time,No Return,Unknown,0.0
509049,2025-07-12,6,On Time,No Return,Unknown,0.0
509050,2025-06-09,7,Late,Returned,Late Delivery,2331.61
509051,2025-09-11,3,Not Delivered,No Return,Unknown,0.0
509052,2025-04-22,6,On Time,No Return,Unknown,0.0
509053,2025-04-04,2,Late,No Return,Unknown,0.0
509054,2024-02-16,2,Late,No Return,Unknown,0.0
509055,2024-02-12,5,On Time,No Return,Unknown,0.0
509056,2025-11-10,4,Late,No Return,Unknown,0.0
509057,2025-08-19,4,On Time,No Return,Unknown,0.0
509058,2024-12-12,6,On Time,Returned,Wrong Item,7649.21
509059,2025-07-27,4,On Time,No Return,Unknown,0.0
509060,2024-10-31,3,On Time,No Return,Unknown,0.0
509061,2025-10-01,5,On Time,No Return,Unknown,0.0
509062,2025-12-09,2,Late,No Return,Unknown,0.0
509063,2024-07-19,8,Late,Returned,Changed Mind,2850.34
509064,2025-09-14,7,Late,No Return,Unknown,0.0
509065,2025-09-23,8,Late,No Return,Unknown,0.0
509066,2024-05-17,6,On Time,No Return,Unknown,0.0
509067,2025-09-03,4,Late,Returned,Late Delivery,963.25
509068,2025-08-19,2,Late,No Return,Unknown,0.0
509069,2025-04-18,6,On Time,No Return,Unknown,0.0
509070,2024-06-25,7,Late,No Return,Unknown,0.0
509071,2025-07-17,3,On Time,No Return,Unknown,0.0
509072,2025-10-13,5,On Time,No Return,Unknown,0.0
509073,2024-09-27,6,Late,Returned,Wrong Item,361.05
509074,2024-07-21,4,On Time,No Return,Unknown,0.0
509075,2024-10-17,8,Late,No Return,Unknown,0.0
509076,2025-02-13,5,Late,No Return,Unknown,0.0
509077,2025-07-06,6,On Time,No Return,Unknown,0.0
509078,2025-04-30,6,On Time,No Return,Unknown,0.0
509079,2024-07-27,5,On Time,Returned,Changed Mind,733.68
509080,2025-04-20,5,Late,No Return,Unknown,0.0
509081,2024-12-18,4,Late,No Return,Unknown,0.0
509082,2024-02-19,7,Late,No Return,Unknown,0.0
509083,2025-05-02,6,On Time,No Return,Unknown,0.0
509084,2025-01-17,6,On Time,Returned,Late Delivery,2752.13
509085,2024-03-25,7,Not Delivered,No Return,Unknown,0.0
509086,2024-02-07,2,On Time,Returned,Wrong Item,1234.53
509087,2025-01-23,6,On Time,Returned,Damaged,1119.53
509088,2024-06-25,3,On Time,No Return,Unknown,0.0
509089,2025-10-14,6,On Time,No Return,Unknown,0.0
509090,2024-12-02,7,Late,No Return,Unknown,0.0
509091,2025-10-18,5,On Time,No Return,Unknown,0.0
509092,2024-03-01,6,On Time,Returned,Damaged,9475.09
509093,2024-10-11,6,On Time,No Return,Unknown,0.0
509094,2025-04-05,2,Late,No Return,Unknown,0.0
509095,2025-11-27,5,On Time,No Return,Unknown,0.0
509096,2025-06-15,7,Late,No Return,Unknown,0.0
509097,2025-12-22,6,On Time,No Return,Unknown,0.0
509098,2025-04-06,7,Late,No Return,Unknown,0.0
509099,2025-07-31,3,On Time,No Return,Unknown,0.0
509100,2025-05-12,6,On Time,Returned,Quality Issue,1310.91
509101,2024-03-19,5,On Time,No Return,Unknown,0.0
509102,2025-04-02,3,On Time,No Return,Unknown,0.0
509103,2024-06-08,5,On Time,No Return,Unknown,0.0
509104,2025-06-09,7,Late,No Return,Unknown,0.0
509105,2025-01-16,7,Late,No Return,Unknown,0.0
509106,2024-11-02,1,On Time,No Return,Unknown,0.0
509107,2024-12-10,2,On Time,No Return,Unknown,0.0
509108,2025-10-31,5,On Time,No Return,Unknown,0.0
509109,2024-02-14,1,On Time,No Return,Unknown,0.0
509110,2025-07-05,4,Not Delivered,No Return,Unknown,0.0
509111,2025-03-21,5,Late,No Return,Unknown,0.0
509112,2024-04-08,2,Late,No Return,Unknown,0.0
509113,2024-06-14,1,On Time,No Return,Unknown,0.0
509114,2024-04-13,1,On Time,No Return,Unknown,0.0
509115,2025-03-15,4,Late,No Return,Unknown,0.0
509116,2025-01-21,6,On Time,Returned,Damaged,654.53
509117,2025-03-23,1,On Time,No Return,Unknown,0.0
509118,2024-01-11,4,Late,No Return,Unknown,0.0
509119,2024-04-07,4,Late,No Return,Unknown,0.0
509120,2025-03-24,5,Late,No Return,Unknown,0.0
509121,2025-04-29,6,On Time,No Return,Unknown,0.0
509122,2025-09-29,5,On Time,No Return,Unknown,0.0
509123,2025-05-14,6,On Time,No Return,Unknown,0.0
509124,2024-02-10,4,On Time,No Return,Unknown,0.0
509125,2025-06-20,4,On Time,No Return,Unknown,0.0
509126,2024-04-11,4,On Time,No Return,Unknown,0.0
509127,2024-01-29,8,Late,No Return,Unknown,0.0
509128,2024-08-25,6,On Time,No Return,Unknown,0.0
509129,2025-04-18,6,On Time,No Return,Unknown,0.0
509130,2024-12-26,7,Late,No Return,Unknown,0.0
509131,2024-03-16,4,On Time,No Return,Unknown,0.0
509132,2024-12-22,5,On Time,No Return,Unknown,0.0
509133,2024-02-24,3,On Time,No Return,Unknown,0.0
509134,2024-08-16,7,Late,No Return,Unknown,0.0
509135,2024-11-26,6,On Time,No Return,Unknown,0.0
509136,2025-04-08,4,On Time,No Return,Unknown,0.0
509137,2024-06-20,5,Not Delivered,No Return,Unknown,0.0
509138,2024-10-10,1,On Time,No Return,Unknown,0.0
509139,2025-05-22,7,Late,No Return,Unknown,0.0
509140,2025-12-20,3,On Time,No Return,Unknown,0.0
509141,2025-01-06,5,On Time,No Return,Unknown,0.0
509142,2025-10-15,4,On Time,No Return,Unknown,0.0
509143,2024-02-11,6,On Time,No Return,Unknown,0.0
509144,2025-08-31,2,Late,No Return,Unknown,0.0
509145,2025-06-16,5,On Time,No Return,Unknown,0.0
509146,2025-11-13,7,Late,No Return,Unknown,0.0
509147,2025-08-25,1,On Time,No Return,Unknown,0.0
509148,2025-09-17,6,On Time,No Return,Unknown,0.0
509149,2025-08-22,4,On Time,No Return,Unknown,0.0
509150,2024-09-17,6,On Time,Returned,Late Delivery,13353.78
509151,2025-11-13,6,On Time,No Return,Unknown,0.0
509152,2024-07-20,2,Late,No Return,Unknown,0.0
509153,2025-11-04,5,On Time,No Return,Unknown,0.0
509154,2024-02-05,5,On Time,No Return,Unknown,0.0
509155,2025-08-06,6,On Time,No Return,Unknown,0.0
509156,2025-08-29,6,On Time,No Return,Unknown,0.0
509157,2025-05-07,7,Late,No Return,Unknown,0.0
509158,2024-09-20,5,On Time,Returned,Late Delivery,2209.5
509159,2024-09-15,6,On Time,No Return,Unknown,0.0
509160,2025-05-13,5,On Time,No Return,Unknown,0.0
509161,2024-08-26,5,On Time,No Return,Unknown,0.0
509162,2024-04-22,6,On Time,Returned,Damaged,1611.29
509163,2025-08-05,2,Late,No Return,Unknown,0.0
509164,2024-12-09,8,Late,Returned,Damaged,725.21
509165,2025-12-21,8,Late,No Return,Unknown,0.0
509166,2024-02-29,7,Late,No Return,Unknown,0.0
509167,2025-11-21,4,On Time,Returned,Damaged,1967.25
509168,2024-02-14,3,On Time,No Return,Unknown,0.0
509169,2024-09-23,7,Late,No Return,Unknown,0.0
509170,2025-01-08,5,On Time,No Return,Unknown,0.0
509171,2024-08-04,7,Late,No Return,Unknown,0.0
509172,2025-04-13,3,On Time,No Return,Unknown,0.0
509173,2024-02-12,1,On Time,Returned,Damaged,1809.32
509174,2024-12-23,5,On Time,Returned,Wrong Item,1848.29
509175,2025-11-17,5,Not Delivered,No Return,Unknown,0.0
509176,2024-09-22,7,Late,No Return,Unknown,0.0
509177,2024-12-10,8,Late,No Return,Unknown,0.0
509178,2025-12-21,5,Late,No Return,Unknown,0.0
509179,2025-02-02,4,On Time,No Return,Unknown,0.0
509180,2025-11-08,3,On Time,No Return,Unknown,0.0
509181,2024-04-19,5,On Time,No Return,Unknown,0.0
509182,2025-11-25,5,On Time,No Return,Unknown,0.0
509183,2025-12-05,2,On Time,Returned,Damaged,976.79
509184,2024-05-05,2,Late,No Return,Unknown,0.0
509185,2025-12-14,4,On Time,No Return,Unknown,0.0
509186,2024-04-13,5,On Time,No Return,Unknown,0.0
509187,2024-01-10,4,Not Delivered,No Return,Unknown,0.0
509188,2024-09-29,6,On Time,No Return,Unknown,0.0
509189,2024-02-18,6,On Time,No Return,Unknown,0.0
509190,2025-10-19,5,On Time,No Return,Unknown,0.0
509191,2024-09-27,2,Late,No Return,Unknown,0.0
509192,2025-07-10,6,On Time,No Return,Unknown,0.0
509193,2025-11-07,3,On Time,No Return,Unknown,0.0
509194,2024-07-18,5,On Time,Returned,Changed Mind,18565.92
509195,2024-11-24,5,Not Delivered,No Return,Unknown,0.0
509196,2025-09-10,3,On Time,No Return,Unknown,0.0
509197,2024-03-11,6,On Time,No Return,Unknown,0.0
509198,2024-07-24,5,On Time,No Return,Unknown,0.0
509199,2024-09-02,4,On Time,No Return,Unknown,0.0
509200,2024-01-09,2,On Time,No Return,Unknown,0.0
509201,2024-08-14,8,Late,No Return,Unknown,0.0
509202,2024-01-07,4,On Time,Returned,Wrong Item,1245.71
509203,2025-04-14,6,Late,No Return,Unknown,0.0
509204,2024-11-07,7,Late,No Return,Unknown,0.0
509205,2024-11-12,3,Late,No Return,Unknown,0.0
509206,2025-04-27,5,On Time,No Return,Unknown,0.0
509207,2025-02-21,7,Late,Returned,Quality Issue,966.02
509208,2025-05-17,5,On Time,No Return,Unknown,0.0
509209,2025-06-24,7,Late,No Return,Unknown,0.0
509210,2025-09-03,6,On Time,No Return,Unknown,0.0
509211,2024-12-29,7,Late,No Return,Unknown,0.0
509212,2024-03-14,3,On Time,No Return,Unknown,0.0
509213,2024-01-19,6,On Time,No Return,Unknown,0.0
509214,2025-02-16,7,Late,No Return,Unknown,0.0
509215,2025-06-07,7,Late,No Return,Unknown,0.0
509216,2024-01-27,5,Not Delivered,No Return,Unknown,0.0
509217,2024-11-07,3,On Time,No Return,Unknown,0.0
509218,2024-10-27,6,On Time,No Return,Unknown,0.0
509219,2025-07-10,8,Late,No Return,Unknown,0.0
509220,2024-02-03,3,On Time,No Return,Unknown,0.0
509221,2024-03-05,3,On Time,No Return,Unknown,0.0
509222,2024-08-13,5,On Time,No Return,Unknown,0.0
509223,2024-12-29,5,Late,No Return,Unknown,0.0
509224,2025-08-20,5,On Time,No Return,Unknown,0.0
509225,2025-01-19,2,Not Delivered,No Return,Unknown,0.0
509226,2025-06-07,6,On Time,No Return,Unknown,0.0
509227,2025-09-12,4,On Time,No Return,Unknown,0.0
509228,2024-12-07,5,Late,No Return,Unknown,0.0
509229,2024-06-18,8,Late,Returned,Changed Mind,2208.1
509230,2025-07-20,3,On Time,No Return,Unknown,0.0
509231,2024-06-08,2,Late,No Return,Unknown,0.0
509232,2024-01-19,6,On Time,Returned,Quality Issue,840.99
509233,2024-07-12,8,Late,No Return,Unknown,0.0
509234,2024-11-09,5,On Time,No Return,Unknown,0.0
509235,2024-06-01,5,On Time,No Return,Unknown,0.0
509236,2024-02-25,1,On Time,No Return,Unknown,0.0
509237,2025-07-27,3,On Time,No Return,Unknown,0.0
509238,2025-12-16,6,On Time,No Return,Unknown,0.0
509239,2025-09-03,2,Late,No Return,Unknown,0.0
509240,2025-11-02,4,Late,Returned,Quality Issue,4761.23
509241,2025-11-25,3,On Time,Returned,Wrong Item,2409.59
509242,2025-05-30,6,On Time,No Return,Unknown,0.0
509243,2025-08-12,4,On Time,No Return,Unknown,0.0
509244,2025-07-31,5,On Time,No Return,Unknown,0.0
509245,2024-02-18,4,Late,No Return,Unknown,0.0
509246,2025-10-14,6,On Time,No Return,Unknown,0.0
509247,2025-12-26,4,On Time,No Return,Unknown,0.0
509248,2024-04-01,6,On Time,No Return,Unknown,0.0
509249,2024-10-22,4,Late,No Return,Unknown,0.0
509250,2024-09-23,3,On Time,No Return,Unknown,0.0
509251,2024-09-28,4,On Time,No Return,Unknown,0.0
509252,2024-08-16,4,Late,No Return,Unknown,0.0
509253,2024-08-09,6,On Time,No Return,Unknown,0.0
509254,2024-08-26,8,Late,No Return,Unknown,0.0
509255,2025-12-09,7,Late,No Return,Unknown,0.0
509256,2025-10-19,4,Late,No Return,Unknown,0.0
509257,2024-06-30,5,On Time,No Return,Unknown,0.0
509258,2025-07-22,6,On Time,No Return,Unknown,0.0
509259,2025-12-09,7,Late,No Return,Unknown,0.0
509260,2025-06-04,4,On Time,No Return,Unknown,0.0
509261,2025-12-28,5,Late,No Return,Unknown,0.0
509262,2025-12-13,6,Not Delivered,No Return,Unknown,0.0
509263,2025-05-30,3,On Time,No Return,Unknown,0.0
509264,2024-04-19,6,On Time,No Return,Unknown,0.0
509265,2024-04-17,7,Late,No Return,Unknown,0.0
509266,2025-10-07,6,On Time,No Return,Unknown,0.0
509267,2024-11-06,6,Not Delivered,No Return,Unknown,0.0
509268,2024-12-19,3,Late,No Return,Unknown,0.0
509269,2025-03-31,5,Late,No Return,Unknown,0.0
509270,2024-09-28,3,On Time,No Return,Unknown,0.0
509271,2025-01-11,5,On Time,No Return,Unknown,0.0
509272,2024-02-12,5,On Time,Returned,Late Delivery,4135.17
509273,2024-03-09,6,On Time,No Return,Unknown,0.0
509274,2025-05-23,4,Late,No Return,Unknown,0.0
509275,2024-09-27,6,On Time,No Return,Unknown,0.0
509276,2025-11-11,5,On Time,No Return,Unknown,0.0
509277,2025-06-23,5,Late,No Return,Unknown,0.0
509278,2024-03-21,2,Late,No Return,Unknown,0.0
509279,2025-09-29,8,Late,No Return,Unknown,0.0
509280,2024-07-06,3,Late,No Return,Unknown,0.0
509281,2025-05-14,5,On Time,No Return,Unknown,0.0
509282,2025-07-29,5,On Time,No Return,Unknown,0.0
509283,2025-01-09,5,On Time,No Return,Unknown,0.0
509284,2025-08-28,5,On Time,No Return,Unknown,0.0
509285,2024-12-02,6,On Time,No Return,Unknown,0.0
509286,2025-03-21,6,On Time,No Return,Unknown,0.0
509287,2024-08-30,5,Late,No Return,Unknown,0.0
509288,2024-10-25,7,Late,No Return,Unknown,0.0
509289,2025-03-07,6,On Time,No Return,Unknown,0.0
509290,2024-10-29,8,Late,No Return,Unknown,0.0
509291,2025-05-15,1,Not Delivered,No Return,Unknown,0.0
509292,2025-07-13,4,Late,No Return,Unknown,0.0
509293,2025-08-18,4,On Time,No Return,Unknown,0.0
509294,2025-11-24,8,Late,No Return,Unknown,0.0
509295,2025-10-21,7,Late,No Return,Unknown,0.0
509296,2024-02-13,7,Late,No Return,Unknown,0.0
509297,2025-06-17,8,Late,Returned,Late Delivery,574.66
509298,2025-10-02,7,Late,No Return,Unknown,0.0
509299,2025-02-05,5,On Time,No Return,Unknown,0.0
509300,2025-02-04,5,On Time,No Return,Unknown,0.0
509301,2025-07-27,7,Late,No Return,Unknown,0.0
509302,2024-01-26,4,Late,Returned,Damaged,8088.7
509303,2024-12-11,6,On Time,Returned,Late Delivery,3853.56
509304,2025-05-13,4,On Time,No Return,Unknown,0.0
509305,2025-02-12,6,On Time,No Return,Unknown,0.0
509306,2024-07-24,3,Late,No Return,Unknown,0.0
509307,2024-12-18,7,Late,No Return,Unknown,0.0
509308,2024-01-22,7,Late,No Return,Unknown,0.0
509309,2024-02-06,7,Late,No Return,Unknown,0.0
509310,2024-02-04,6,On Time,No Return,Unknown,0.0
509311,2024-06-12,4,Late,No Return,Unknown,0.0
509312,2025-09-25,5,On Time,No Return,Unknown,0.0
509313,2025-11-04,4,Late,Returned,Changed Mind,1359.85
509314,2025-09-17,6,On Time,No Return,Unknown,0.0
509315,2025-09-23,5,On Time,No Return,Unknown,0.0
509316,2024-10-04,6,On Time,No Return,Unknown,0.0
509317,2025-02-26,3,On Time,No Return,Unknown,0.0
509318,2025-05-07,4,On Time,No Return,Unknown,0.0
509319,2024-06-29,5,On Time,No Return,Unknown,0.0
509320,2024-08-24,6,On Time,No Return,Unknown,0.0
509321,2024-11-17,4,On Time,No Return,Unknown,0.0
509322,2025-04-17,6,On Time,No Return,Unknown,0.0
509323,2025-03-18,3,On Time,No Return,Unknown,0.0
509324,2024-03-02,6,On Time,No Return,Unknown,0.0
509325,2024-12-02,6,On Time,No Return,Unknown,0.0
509326,2024-10-05,6,On Time,No Return,Unknown,0.0
509327,2025-12-10,8,Late,Returned,Damaged,1027.97
509328,2024-01-24,3,Late,No Return,Unknown,0.0
509329,2024-06-16,3,On Time,No Return,Unknown,0.0
509330,2025-05-10,4,On Time,No Return,Unknown,0.0
509331,2025-02-28,7,Late,No Return,Unknown,0.0
509332,2025-08-09,7,Late,No Return,Unknown,0.0
509333,2024-09-27,4,Late,No Return,Unknown,0.0
509334,2026-01-02,3,On Time,No Return,Unknown,0.0
509335,2024-12-05,2,Late,No Return,Unknown,0.0
509336,2025-09-05,6,On Time,No Return,Unknown,0.0
509337,2024-07-10,4,On Time,No Return,Unknown,0.0
509338,2025-04-21,2,Late,No Return,Unknown,0.0
509339,2024-07-30,4,On Time,No Return,Unknown,0.0
509340,2024-03-19,5,On Time,No Return,Unknown,0.0
509341,2025-11-09,5,On Time,No Return,Unknown,0.0
509342,2025-11-04,1,On Time,No Return,Unknown,0.0
509343,2025-01-30,2,Late,No Return,Unknown,0.0
509344,2025-05-11,7,Late,No Return,Unknown,0.0
509345,2025-07-30,5,On Time,No Return,Unknown,0.0
509346,2024-01-30,4,Late,No Return,Unknown,0.0
509347,2025-06-27,7,Late,Returned,Late Delivery,5930.95
509348,2025-06-03,5,On Time,No Return,Unknown,0.0
509349,2024-09-18,5,On Time,No Return,Unknown,0.0
509350,2024-10-14,8,Late,No Return,Unknown,0.0
509351,2025-07-14,5,On Time,No Return,Unknown,0.0
509352,2024-02-06,4,Not Delivered,No Return,Unknown,0.0
509353,2024-10-21,1,On Time,No Return,Unknown,0.0
509354,2025-09-19,4,On Time,No Return,Unknown,0.0
509355,2024-11-04,1,On Time,No Return,Unknown,0.0
509356,2024-10-24,7,Late,No Return,Unknown,0.0
509357,2024-11-03,4,Late,No Return,Unknown,0.0
509358,2024-02-21,9,Late,No Return,Unknown,0.0
509359,2025-07-17,8,Late,No Return,Unknown,0.0
509360,2025-08-26,5,On Time,No Return,Unknown,0.0
509361,2025-05-01,7,Late,No Return,Unknown,0.0
509362,2024-03-28,5,On Time,No Return,Unknown,0.0
509363,2024-07-26,4,On Time,No Return,Unknown,0.0
509364,2025-10-09,6,On Time,No Return,Unknown,0.0
509365,2024-05-20,3,On Time,No Return,Unknown,0.0
509366,2024-03-27,4,Late,No Return,Unknown,0.0
509367,2025-11-23,6,Not Delivered,No Return,Unknown,0.0
509368,2025-10-12,3,On Time,No Return,Unknown,0.0
509369,2025-09-15,5,On Time,No Return,Unknown,0.0
509370,2024-06-02,3,On Time,No Return,Unknown,0.0
509371,2025-09-15,3,On Time,No Return,Unknown,0.0
509372,2024-11-20,6,On Time,No Return,Unknown,0.0
509373,2024-09-12,9,Late,No Return,Unknown,0.0
509374,2024-02-12,6,On Time,No Return,Unknown,0.0
509375,2024-09-27,3,On Time,No Return,Unknown,0.0
509376,2025-08-13,5,On Time,No Return,Unknown,0.0
509377,2024-04-28,4,Late,No Return,Unknown,0.0
509378,2024-03-24,3,On Time,No Return,Unknown,0.0
509379,2025-12-08,3,On Time,No Return,Unknown,0.0
509380,2026-01-02,7,Late,No Return,Unknown,0.0
509381,2025-06-15,5,On Time,No Return,Unknown,0.0
509382,2024-12-07,6,On Time,No Return,Unknown,0.0
509383,2024-03-29,5,On Time,No Return,Unknown,0.0
509384,2024-06-07,5,Late,No Return,Unknown,0.0
509385,2024-09-17,8,Late,No Return,Unknown,0.0
509386,2025-05-23,7,Late,Returned,Wrong Item,7578.91
509387,2025-03-28,5,Not Delivered,No Return,Unknown,0.0
509388,2024-10-03,4,Late,No Return,Unknown,0.0
509389,2025-05-26,5,On Time,No Return,Unknown,0.0
509390,2024-05-16,5,On Time,No Return,Unknown,0.0
509391,2025-12-19,8,Late,No Return,Unknown,0.0
509392,2024-11-25,5,On Time,No Return,Unknown,0.0
509393,2024-12-23,7,Late,No Return,Unknown,0.0
509394,2024-03-25,2,Not Delivered,No Return,Unknown,0.0
509395,2024-05-11,6,Not Delivered,No Return,Unknown,0.0
509396,2024-08-08,7,Late,No Return,Unknown,0.0
509397,2026-01-02,6,On Time,No Return,Unknown,0.0
509398,2025-08-30,8,Late,No Return,Unknown,0.0
509399,2025-04-14,8,Late,No Return,Unknown,0.0
509400,2025-09-21,5,On Time,No Return,Unknown,0.0
509401,2024-04-20,6,On Time,No Return,Unknown,0.0
509402,2025-01-08,3,Late,No Return,Unknown,0.0
509403,2024-03-08,5,On Time,Returned,Wrong Item,1633.88
509404,2025-04-18,5,On Time,No Return,Unknown,0.0
509405,2024-01-30,4,Late,No Return,Unknown,0.0
509406,2025-10-04,3,On Time,No Return,Unknown,0.0
509407,2024-01-07,6,On Time,No Return,Unknown,0.0
509408,2024-04-09,6,On Time,No Return,Unknown,0.0
509409,2025-03-31,4,Late,No Return,Unknown,0.0
509410,2024-01-16,4,Late,No Return,Unknown,0.0
509411,2025-11-13,5,On Time,No Return,Unknown,0.0
509412,2024-10-30,6,On Time,No Return,Unknown,0.0
509413,2025-02-28,5,On Time,No Return,Unknown,0.0
509414,2025-08-07,6,On Time,No Return,Unknown,0.0
509415,2024-06-18,3,On Time,No Return,Unknown,0.0
509416,2024-09-15,5,Not Delivered,No Return,Unknown,0.0
509417,2025-07-29,5,On Time,No Return,Unknown,0.0
509418,2024-10-23,3,On Time,No Return,Unknown,0.0
509419,2024-05-30,7,Late,No Return,Unknown,0.0
509420,2024-07-30,3,On Time,No Return,Unknown,0.0
509421,2024-08-18,5,On Time,No Return,Unknown,0.0
509422,2025-04-08,6,On Time,No Return,Unknown,0.0
509423,2024-10-14,4,On Time,No Return,Unknown,0.0
509424,2025-08-30,5,On Time,No Return,Unknown,0.0
509425,2025-05-08,8,Late,No Return,Unknown,0.0
509426,2024-04-24,4,Late,No Return,Unknown,0.0
509427,2024-12-18,3,On Time,No Return,Unknown,0.0
509428,2024-12-05,7,Late,No Return,Unknown,0.0
509429,2024-03-24,4,Late,No Return,Unknown,0.0
509430,2025-01-27,7,Late,No Return,Unknown,0.0
509431,2025-02-11,4,On Time,No Return,Unknown,0.0
509432,2025-12-19,3,On Time,No Return,Unknown,0.0
509433,2024-11-29,6,On Time,No Return,Unknown,0.0
509434,2024-10-26,6,On Time,No Return,Unknown,0.0
509435,2025-05-11,3,On Time,No Return,Unknown,0.0
509436,2024-07-05,3,On Time,No Return,Unknown,0.0
509437,2024-08-03,4,Late,No Return,Unknown,0.0
509438,2024-09-13,6,On Time,Returned,Quality Issue,3833.88
509439,2024-06-20,5,Not Delivered,No Return,Unknown,0.0
509440,2025-06-30,4,On Time,No Return,Unknown,0.0
509441,2025-10-31,7,Late,No Return,Unknown,0.0
509442,2024-06-15,5,On Time,No Return,Unknown,0.0
509443,2025-09-05,6,On Time,No Return,Unknown,0.0
509444,2024-10-03,4,Late,No Return,Unknown,0.0
509445,2025-06-26,7,Late,No Return,Unknown,0.0
509446,2025-02-27,5,Late,No Return,Unknown,0.0
509447,2025-09-27,6,On Time,No Return,Unknown,0.0
509448,2025-02-15,5,On Time,No Return,Unknown,0.0
509449,2025-01-30,4,Late,No Return,Unknown,0.0
509450,2025-03-19,6,On Time,No Return,Unknown,0.0
509451,2024-04-02,6,On Time,No Return,Unknown,0.0
509452,2025-02-15,7,Late,No Return,Unknown,0.0
509453,2024-10-07,6,On Time,No Return,Unknown,0.0
509454,2025-02-20,2,Late,No Return,Unknown,0.0
509455,2025-07-20,5,On Time,No Return,Unknown,0.0
509456,2024-11-27,5,On Time,No Return,Unknown,0.0
509457,2024-04-26,5,On Time,Returned,Damaged,10875.88
509458,2024-11-02,5,On Time,No Return,Unknown,0.0
509459,2024-05-20,5,On Time,No Return,Unknown,0.0
509460,2024-12-03,5,On Time,No Return,Unknown,0.0
509461,2024-01-07,4,Late,Returned,Changed Mind,2066.59
509462,2024-06-16,6,On Time,No Return,Unknown,0.0
509463,2025-06-01,6,On Time,No Return,Unknown,0.0
509464,2024-03-25,8,Late,No Return,Unknown,0.0
509465,2024-07-09,6,On Time,No Return,Unknown,0.0
509466,2025-07-29,6,Late,No Return,Unknown,0.0
509467,2025-05-01,7,Late,No Return,Unknown,0.0
509468,2024-06-14,3,On Time,No Return,Unknown,0.0
509469,2024-01-26,5,On Time,No Return,Unknown,0.0
509470,2025-08-06,7,Late,Returned,Damaged,576.22
509471,2025-08-03,3,On Time,No Return,Unknown,0.0
509472,2024-10-31,7,Late,No Return,Unknown,0.0
509473,2024-10-31,6,On Time,No Return,Unknown,0.0
509474,2024-10-11,3,On Time,No Return,Unknown,0.0
509475,2025-04-20,4,On Time,No Return,Unknown,0.0
509476,2025-02-17,4,On Time,No Return,Unknown,0.0
509477,2025-01-31,5,Not Delivered,No Return,Unknown,0.0
509478,2025-11-24,7,Late,Returned,Damaged,4460.74
509479,2024-06-16,3,On Time,No Return,Unknown,0.0
509480,2024-03-26,4,Late,No Return,Unknown,0.0
509481,2025-10-24,5,On Time,No Return,Unknown,0.0
509482,2025-12-18,2,Late,No Return,Unknown,0.0
509483,2024-06-19,7,Late,No Return,Unknown,0.0
509484,2024-04-18,5,On Time,No Return,Unknown,0.0
509485,2024-05-12,3,On Time,No Return,Unknown,0.0
509486,2025-08-23,5,On Time,No Return,Unknown,0.0
509487,2024-05-01,2,On Time,No Return,Unknown,0.0
509488,2024-09-22,7,Late,Returned,Quality Issue,245.22
509489,2024-04-17,4,Late,No Return,Unknown,0.0
509490,2025-01-04,6,On Time,No Return,Unknown,0.0
509491,2025-07-07,8,Late,No Return,Unknown,0.0
509492,2025-01-07,4,On Time,Returned,Quality Issue,582.99
509493,2025-11-22,6,On Time,No Return,Unknown,0.0
509494,2024-11-24,3,On Time,No Return,Unknown,0.0
509495,2024-07-08,5,On Time,No Return,Unknown,0.0
509496,2025-02-05,8,Late,No Return,Unknown,0.0
509497,2024-12-16,7,Late,No Return,Unknown,0.0
509498,2025-06-20,7,Late,No Return,Unknown,0.0
509499,2025-02-24,4,Late,No Return,Unknown,0.0
509500,2024-08-25,7,Late,No Return,Unknown,0.0
509501,2024-05-17,3,On Time,No Return,Unknown,0.0
509502,2024-02-20,6,On Time,No Return,Unknown,0.0
509503,2025-09-23,8,Not Delivered,No Return,Unknown,0.0
509504,2025-05-10,4,On Time,No Return,Unknown,0.0
509505,2025-08-24,7,Late,No Return,Unknown,0.0
509506,2025-03-04,7,Late,No Return,Unknown,0.0
509507,2025-07-10,6,On Time,No Return,Unknown,0.0
509508,2024-05-29,5,On Time,No Return,Unknown,0.0
509509,2024-11-17,5,On Time,No Return,Unknown,0.0
509510,2025-07-21,5,On Time,No Return,Unknown,0.0
509511,2024-10-23,4,Late,No Return,Unknown,0.0
509512,2025-08-05,4,Late,No Return,Unknown,0.0
509513,2025-06-24,5,On Time,No Return,Unknown,0.0
509514,2025-09-28,3,Late,No Return,Unknown,0.0
509515,2025-04-15,5,Late,No Return,Unknown,0.0
509516,2024-02-21,3,On Time,No Return,Unknown,0.0
509517,2025-10-25,3,On Time,Returned,Quality Issue,5514.59
509518,2025-04-08,5,On Time,No Return,Unknown,0.0
509519,2025-11-30,3,On Time,No Return,Unknown,0.0
509520,2025-03-05,5,On Time,No Return,Unknown,0.0
509521,2025-10-26,8,Late,No Return,Unknown,0.0
509522,2025-10-29,7,Late,Returned,Late Delivery,3651.36
509523,2024-03-15,7,Late,No Return,Unknown,0.0
509524,2025-05-29,6,On Time,No Return,Unknown,0.0
509525,2024-07-29,1,On Time,No Return,Unknown,0.0
509526,2025-12-10,6,On Time,No Return,Unknown,0.0
509527,2024-10-31,5,On Time,No Return,Unknown,0.0
509528,2024-05-09,6,On Time,No Return,Unknown,0.0
509529,2024-10-22,4,Late,Returned,Quality Issue,5028.2
509530,2025-03-01,5,On Time,No Return,Unknown,0.0
509531,2024-02-25,6,On Time,No Return,Unknown,0.0
509532,2024-07-04,3,On Time,No Return,Unknown,0.0
509533,2024-09-09,6,On Time,No Return,Unknown,0.0
509534,2024-03-30,2,Not Delivered,No Return,Unknown,0.0
509535,2025-10-12,1,On Time,No Return,Unknown,0.0
509536,2025-07-08,5,Late,No Return,Unknown,0.0
509537,2025-07-19,5,On Time,No Return,Unknown,0.0
509538,2024-03-18,6,On Time,No Return,Unknown,0.0
509539,2025-07-13,4,On Time,No Return,Unknown,0.0
509540,2024-10-23,6,On Time,No Return,Unknown,0.0
509541,2025-05-22,4,On Time,No Return,Unknown,0.0
509542,2025-09-24,5,Not Delivered,No Return,Unknown,0.0
509543,2025-10-27,5,On Time,No Return,Unknown,0.0
509544,2024-11-11,3,Late,No Return,Unknown,0.0
509545,2024-10-19,5,On Time,No Return,Unknown,0.0
509546,2026-01-04,5,On Time,No Return,Unknown,0.0
509547,2025-05-30,8,Not Delivered,No Return,Unknown,0.0
509548,2024-03-18,7,Late,No Return,Unknown,0.0
509549,2024-06-14,5,On Time,Returned,Quality Issue,1866.96
509550,2024-05-09,3,On Time,No Return,Unknown,0.0
509551,2025-04-06,6,On Time,No Return,Unknown,0.0
509552,2025-11-15,3,On Time,No Return,Unknown,0.0
509553,2025-06-17,5,On Time,No Return,Unknown,0.0
509554,2024-11-08,9,Not Delivered,No Return,Unknown,0.0
509555,2025-05-12,8,Not Delivered,No Return,Unknown,0.0
509556,2024-08-31,5,Late,No Return,Unknown,0.0
509557,2024-06-29,5,Late,No Return,Unknown,0.0
509558,2024-07-30,2,On Time,No Return,Unknown,0.0
509559,2025-07-27,5,Late,No Return,Unknown,0.0
509560,2024-12-31,7,Late,No Return,Unknown,0.0
509561,2024-07-12,5,Late,No Return,Unknown,0.0
509562,2025-05-26,3,Late,No Return,Unknown,0.0
509563,2025-07-12,3,Late,No Return,Unknown,0.0
509564,2025-09-28,3,On Time,No Return,Unknown,0.0
509565,2024-02-08,6,On Time,No Return,Unknown,0.0
509566,2025-05-20,5,Late,No Return,Unknown,0.0
509567,2024-11-12,5,On Time,No Return,Unknown,0.0
509568,2025-06-28,5,On Time,No Return,Unknown,0.0
509569,2024-06-03,4,On Time,No Return,Unknown,0.0
509570,2025-08-02,5,On Time,No Return,Unknown,0.0
509571,2025-06-09,7,Late,No Return,Unknown,0.0
509572,2024-04-28,8,Late,No Return,Unknown,0.0
509573,2025-10-09,6,On Time,No Return,Unknown,0.0
509574,2024-05-19,8,Late,No Return,Unknown,0.0
509575,2025-06-08,5,On Time,Returned,Quality Issue,483.1
509576,2024-11-03,3,On Time,No Return,Unknown,0.0
509577,2024-02-03,5,Late,No Return,Unknown,0.0
509578,2024-12-22,6,On Time,No Return,Unknown,0.0
509579,2025-06-05,4,Late,No Return,Unknown,0.0
509580,2025-05-11,5,On Time,No Return,Unknown,0.0
509581,2025-02-13,2,Not Delivered,No Return,Unknown,0.0
509582,2025-05-28,6,On Time,No Return,Unknown,0.0
509583,2025-09-21,6,On Time,No Return,Unknown,0.0
509584,2024-04-17,3,On Time,Returned,Quality Issue,11444.93
509585,2025-12-27,8,Late,No Return,Unknown,0.0
509586,2025-07-12,7,Late,No Return,Unknown,0.0
509587,2024-11-22,7,Late,No Return,Unknown,0.0
509588,2024-02-18,3,On Time,No Return,Unknown,0.0
509589,2024-09-01,4,On Time,No Return,Unknown,0.0
509590,2024-10-01,5,On Time,No Return,Unknown,0.0
509591,2025-11-02,5,On Time,No Return,Unknown,0.0
509592,2025-09-25,6,On Time,No Return,Unknown,0.0
509593,2024-02-13,7,Late,No Return,Unknown,0.0
509594,2024-07-28,5,Late,No Return,Unknown,0.0
509595,2025-05-05,5,On Time,No Return,Unknown,0.0
509596,2024-04-25,6,On Time,No Return,Unknown,0.0
509597,2025-05-06,6,On Time,No Return,Unknown,0.0
509598,2024-11-19,6,On Time,No Return,Unknown,0.0
509599,2025-08-17,3,On Time,Returned,Wrong Item,639.07
509600,2024-03-18,2,Late,No Return,Unknown,0.0
509601,2025-09-08,7,Late,No Return,Unknown,0.0
509602,2025-05-15,3,On Time,No Return,Unknown,0.0
509603,2025-04-30,7,Late,Returned,Quality Issue,382.07
509604,2025-01-28,5,On Time,No Return,Unknown,0.0
509605,2025-08-16,6,On Time,No Return,Unknown,0.0
509606,2025-08-16,1,On Time,No Return,Unknown,0.0
509607,2025-01-01,3,On Time,Returned,Late Delivery,635.15
509608,2024-11-10,6,On Time,No Return,Unknown,0.0
509609,2024-03-10,7,Late,No Return,Unknown,0.0
509610,2024-09-28,5,On Time,No Return,Unknown,0.0
509611,2024-02-03,1,On Time,No Return,Unknown,0.0
509612,2024-02-13,4,Late,No Return,Unknown,0.0
509613,2025-11-18,2,Late,Returned,Changed Mind,6959.53
509614,2024-09-20,4,On Time,No Return,Unknown,0.0
509615,2024-09-29,6,Not Delivered,No Return,Unknown,0.0
509616,2025-11-03,6,On Time,No Return,Unknown,0.0
509617,2025-10-29,7,Late,No Return,Unknown,0.0
509618,2024-08-18,6,On Time,No Return,Unknown,0.0
509619,2025-01-19,2,On Time,No Return,Unknown,0.0
509620,2025-05-14,2,On Time,No Return,Unknown,0.0
509621,2025-10-07,7,Late,Returned,Damaged,4448.42
509622,2024-01-09,4,On Time,No Return,Unknown,0.0
509623,2025-03-25,4,On Time,No Return,Unknown,0.0
509624,2024-10-19,5,On Time,No Return,Unknown,0.0
509625,2024-03-02,4,On Time,No Return,Unknown,0.0
509626,2024-03-15,3,Late,No Return,Unknown,0.0
509627,2025-11-03,6,On Time,No Return,Unknown,0.0
509628,2025-11-14,4,On Time,No Return,Unknown,0.0
509629,2025-07-02,8,Late,No Return,Unknown,0.0
509630,2024-03-25,3,On Time,No Return,Unknown,0.0
509631,2025-09-14,5,On Time,No Return,Unknown,0.0
509632,2024-10-07,4,On Time,No Return,Unknown,0.0
509633,2025-06-12,7,Late,No Return,Unknown,0.0
509634,2025-07-31,4,On Time,No Return,Unknown,0.0
509635,2024-05-16,1,On Time,No Return,Unknown,0.0
509636,2024-04-29,6,On Time,No Return,Unknown,0.0
509637,2024-06-09,4,On Time,No Return,Unknown,0.0
509638,2025-02-04,5,Late,No Return,Unknown,0.0
509639,2024-08-21,5,On Time,Returned,Quality Issue,17762.25
509640,2025-09-11,8,Late,No Return,Unknown,0.0
509641,2024-09-18,7,Late,No Return,Unknown,0.0
509642,2024-06-28,1,On Time,No Return,Unknown,0.0
509643,2024-08-21,5,On Time,No Return,Unknown,0.0
509644,2025-01-07,6,On Time,No Return,Unknown,0.0
509645,2024-02-06,6,On Time,No Return,Unknown,0.0
509646,2024-04-22,5,On Time,No Return,Unknown,0.0
509647,2024-10-13,5,Late,No Return,Unknown,0.0
509648,2025-09-16,4,Late,No Return,Unknown,0.0
509649,2025-02-01,8,Late,No Return,Unknown,0.0
509650,2025-06-28,4,On Time,No Return,Unknown,0.0
509651,2025-06-16,4,Late,No Return,Unknown,0.0
509652,2025-02-11,4,Not Delivered,No Return,Unknown,0.0
509653,2024-06-22,4,On Time,No Return,Unknown,0.0
509654,2024-06-28,5,On Time,No Return,Unknown,0.0
509655,2024-03-17,3,On Time,No Return,Unknown,0.0
509656,2025-04-02,4,Late,Returned,Damaged,519.82
509657,2025-05-27,4,Late,No Return,Unknown,0.0
509658,2024-08-31,4,On Time,No Return,Unknown,0.0
509659,2024-04-11,6,On Time,No Return,Unknown,0.0
509660,2025-05-30,2,Late,No Return,Unknown,0.0
509661,2024-07-28,8,Late,No Return,Unknown,0.0
509662,2024-02-12,6,On Time,No Return,Unknown,0.0
509663,2024-04-06,6,On Time,No Return,Unknown,0.0
509664,2024-08-26,6,On Time,Returned,Quality Issue,1681.37
509665,2025-10-21,1,On Time,No Return,Unknown,0.0
509666,2024-09-15,6,Late,No Return,Unknown,0.0
509667,2025-01-11,6,Late,No Return,Unknown,0.0
509668,2025-12-31,7,Late,No Return,Unknown,0.0
509669,2025-03-26,7,Late,No Return,Unknown,0.0
509670,2025-03-21,5,On Time,No Return,Unknown,0.0
509671,2024-03-09,5,On Time,No Return,Unknown,0.0
509672,2024-01-09,4,Late,No Return,Unknown,0.0
509673,2025-10-25,6,Late,No Return,Unknown,0.0
509674,2024-03-15,3,On Time,No Return,Unknown,0.0
509675,2025-02-03,3,Late,No Return,Unknown,0.0
509676,2025-09-13,5,On Time,No Return,Unknown,0.0
509677,2024-11-28,3,On Time,No Return,Unknown,0.0
509678,2025-07-02,1,On Time,No Return,Unknown,0.0
509679,2024-06-01,6,On Time,No Return,Unknown,0.0
509680,2025-02-27,9,Late,No Return,Unknown,0.0
509681,2024-12-21,7,Late,No Return,Unknown,0.0
509682,2025-01-06,7,Late,No Return,Unknown,0.0
509683,2025-02-22,3,On Time,No Return,Unknown,0.0
509684,2025-09-22,6,On Time,No Return,Unknown,0.0
509685,2025-05-29,8,Late,No Return,Unknown,0.0
509686,2025-06-09,3,On Time,No Return,Unknown,0.0
509687,2025-12-11,5,On Time,No Return,Unknown,0.0
509688,2024-09-10,4,Late,No Return,Unknown,0.0
509689,2024-09-10,5,On Time,No Return,Unknown,0.0
509690,2024-12-20,4,Late,No Return,Unknown,0.0
509691,2024-10-01,6,On Time,No Return,Unknown,0.0
509692,2025-03-30,7,Late,No Return,Unknown,0.0
509693,2024-03-29,6,On Time,No Return,Unknown,0.0
509694,2025-06-29,5,On Time,No Return,Unknown,0.0
509695,2025-02-17,7,Late,No Return,Unknown,0.0
509696,2024-12-07,3,On Time,No Return,Unknown,0.0
509697,2024-03-26,6,On Time,No Return,Unknown,0.0
509698,2024-04-10,6,On Time,No Return,Unknown,0.0
509699,2024-09-22,7,Late,No Return,Unknown,0.0
509700,2024-05-09,8,Late,No Return,Unknown,0.0
509701,2024-05-09,6,On Time,No Return,Unknown,0.0
509702,2025-06-24,6,On Time,No Return,Unknown,0.0
509703,2026-01-02,5,Late,Returned,Changed Mind,2802.26
509704,2024-10-21,6,On Time,No Return,Unknown,0.0
509705,2025-04-10,4,On Time,Returned,Late Delivery,1657.23
509706,2024-04-07,6,On Time,No Return,Unknown,0.0
509707,2024-01-30,6,On Time,No Return,Unknown,0.0
509708,2024-04-17,1,On Time,No Return,Unknown,0.0
509709,2024-02-28,7,Late,No Return,Unknown,0.0
509710,2025-12-16,5,On Time,No Return,Unknown,0.0
509711,2024-10-23,3,On Time,No Return,Unknown,0.0
509712,2024-10-30,4,Late,No Return,Unknown,0.0
509713,2024-12-18,8,Late,No Return,Unknown,0.0
509714,2025-01-20,4,Late,No Return,Unknown,0.0
509715,2025-07-27,6,On Time,No Return,Unknown,0.0
509716,2024-07-17,5,Not Delivered,No Return,Unknown,0.0
509717,2025-07-13,3,On Time,No Return,Unknown,0.0
509718,2025-03-16,5,On Time,No Return,Unknown,0.0
509719,2025-01-25,6,Not Delivered,No Return,Unknown,0.0
509720,2025-01-11,5,On Time,No Return,Unknown,0.0
509721,2024-11-21,6,On Time,Returned,Late Delivery,190.55
509722,2024-09-01,6,On Time,No Return,Unknown,0.0
509723,2025-01-31,5,On Time,No Return,Unknown,0.0
509724,2025-10-13,4,On Time,No Return,Unknown,0.0
509725,2024-10-16,5,On Time,No Return,Unknown,0.0
509726,2024-01-17,4,On Time,No Return,Unknown,0.0
509727,2025-01-23,4,Late,Returned,Quality Issue,2775.05
509728,2025-06-29,5,Late,No Return,Unknown,0.0
509729,2025-11-22,2,On Time,No Return,Unknown,0.0
509730,2024-10-26,7,Late,No Return,Unknown,0.0
509731,2024-09-19,6,On Time,Returned,Wrong Item,1630.42
509732,2024-04-22,5,Not Delivered,No Return,Unknown,0.0
509733,2025-08-08,5,On Time,No Return,Unknown,0.0
509734,2025-11-22,4,Late,No Return,Unknown,0.0
509735,2024-07-07,6,On Time,No Return,Unknown,0.0
509736,2025-12-11,5,On Time,No Return,Unknown,0.0
509737,2025-01-07,6,On Time,No Return,Unknown,0.0
509738,2025-06-24,7,Late,No Return,Unknown,0.0
509739,2025-06-11,5,Late,No Return,Unknown,0.0
509740,2024-10-18,7,Late,No Return,Unknown,0.0
509741,2024-09-20,5,On Time,No Return,Unknown,0.0
509742,2024-06-26,5,On Time,No Return,Unknown,0.0
509743,2025-12-23,6,Late,Returned,Late Delivery,6077.25
509744,2024-11-29,4,Late,No Return,Unknown,0.0
509745,2025-03-30,3,Late,No Return,Unknown,0.0
509746,2025-04-21,6,On Time,No Return,Unknown,0.0
509747,2024-03-26,5,On Time,No Return,Unknown,0.0
509748,2024-11-21,5,On Time,No Return,Unknown,0.0
509749,2025-03-22,6,On Time,No Return,Unknown,0.0
509750,2025-02-08,6,On Time,No Return,Unknown,0.0
509751,2024-07-10,4,On Time,No Return,Unknown,0.0
509752,2025-03-17,4,On Time,No Return,Unknown,0.0
509753,2025-03-27,4,Late,No Return,Unknown,0.0
509754,2025-04-20,6,On Time,No Return,Unknown,0.0
509755,2025-06-27,4,Late,No Return,Unknown,0.0
509756,2025-04-10,5,On Time,No Return,Unknown,0.0
509757,2025-06-02,4,Late,No Return,Unknown,0.0
509758,2024-09-01,8,Late,Returned,Wrong Item,6870.44
509759,2024-07-02,3,On Time,No Return,Unknown,0.0
509760,2025-02-18,5,On Time,Returned,Changed Mind,484.3
509761,2025-06-07,8,Late,No Return,Unknown,0.0
509762,2024-03-18,6,On Time,No Return,Unknown,0.0
509763,2024-07-05,5,On Time,No Return,Unknown,0.0
509764,2024-04-21,8,Late,No Return,Unknown,0.0
509765,2024-10-03,5,On Time,No Return,Unknown,0.0
509766,2024-10-19,6,On Time,No Return,Unknown,0.0
509767,2024-04-02,6,On Time,No Return,Unknown,0.0
509768,2025-01-26,6,On Time,No Return,Unknown,0.0
509769,2024-03-17,4,Late,No Return,Unknown,0.0
509770,2025-08-30,5,On Time,No Return,Unknown,0.0
509771,2025-11-21,6,On Time,No Return,Unknown,0.0
509772,2024-11-10,5,On Time,No Return,Unknown,0.0
509773,2025-12-04,5,On Time,No Return,Unknown,0.0
509774,2025-03-22,4,Late,No Return,Unknown,0.0
509775,2024-08-30,7,Late,Returned,Damaged,375.13
509776,2025-11-10,6,On Time,No Return,Unknown,0.0
509777,2025-08-13,6,On Time,No Return,Unknown,0.0
509778,2024-08-23,6,On Time,No Return,Unknown,0.0
509779,2024-09-13,3,On Time,No Return,Unknown,0.0
509780,2025-11-08,4,Late,No Return,Unknown,0.0
509781,2024-12-22,2,Late,No Return,Unknown,0.0
509782,2025-05-16,7,Late,No Return,Unknown,0.0
509783,2025-02-19,6,On Time,Returned,Wrong Item,9773.85
509784,2024-07-23,6,On Time,No Return,Unknown,0.0
509785,2025-03-07,3,On Time,No Return,Unknown,0.0
509786,2025-04-23,4,Not Delivered,No Return,Unknown,0.0
509787,2025-08-14,4,Late,No Return,Unknown,0.0
509788,2024-12-08,1,On Time,No Return,Unknown,0.0
509789,2025-04-26,8,Late,Returned,Changed Mind,426.11
509790,2025-02-04,4,Late,No Return,Unknown,0.0
509791,2025-03-09,8,Late,No Return,Unknown,0.0
509792,2024-02-16,2,On Time,No Return,Unknown,0.0
509793,2024-12-12,4,Late,No Return,Unknown,0.0
509794,2025-11-25,4,Late,No Return,Unknown,0.0
509795,2024-01-21,4,Late,Returned,Damaged,557.47
509796,2024-08-10,4,Not Delivered,No Return,Unknown,0.0
509797,2025-08-25,7,Late,No Return,Unknown,0.0
509798,2024-07-15,6,On Time,No Return,Unknown,0.0
509799,2025-01-28,3,On Time,No Return,Unknown,0.0
509800,2025-03-19,5,Late,No Return,Unknown,0.0
509801,2025-10-07,2,On Time,No Return,Unknown,0.0
509802,2025-05-17,6,On Time,No Return,Unknown,0.0
509803,2024-04-09,6,On Time,No Return,Unknown,0.0
509804,2024-04-07,3,On Time,No Return,Unknown,0.0
509805,2025-12-01,5,On Time,No Return,Unknown,0.0
509806,2025-10-12,7,Late,No Return,Unknown,0.0
509807,2024-03-26,4,Late,Returned,Damaged,774.83
509808,2024-12-10,5,On Time,No Return,Unknown,0.0
509809,2024-12-27,2,Late,No Return,Unknown,0.0
509810,2024-04-26,5,On Time,No Return,Unknown,0.0
509811,2024-11-04,6,On Time,No Return,Unknown,0.0
509812,2024-02-28,8,Late,No Return,Unknown,0.0
509813,2025-12-07,6,On Time,No Return,Unknown,0.0
509814,2025-12-24,4,Late,No Return,Unknown,0.0
509815,2025-10-25,3,On Time,No Return,Unknown,0.0
509816,2024-10-10,3,On Time,No Return,Unknown,0.0
509817,2024-04-26,4,On Time,No Return,Unknown,0.0
509818,2024-02-07,2,On Time,No Return,Unknown,0.0
509819,2025-09-20,6,On Time,No Return,Unknown,0.0
509820,2025-11-19,6,On Time,No Return,Unknown,0.0
509821,2024-03-23,5,On Time,No Return,Unknown,0.0
509822,2025-06-29,6,On Time,No Return,Unknown,0.0
509823,2024-02-17,3,Late,No Return,Unknown,0.0
509824,2024-11-01,2,Late,No Return,Unknown,0.0
509825,2025-01-29,3,On Time,Returned,Wrong Item,1089.1
509826,2025-10-20,5,On Time,No Return,Unknown,0.0
509827,2024-01-23,8,Late,No Return,Unknown,0.0
509828,2025-10-07,6,On Time,No Return,Unknown,0.0
509829,2024-06-22,7,Late,No Return,Unknown,0.0
509830,2025-11-02,7,Not Delivered,No Return,Unknown,0.0
509831,2024-03-10,7,Late,Returned,Late Delivery,265.19
509832,2025-07-30,6,On Time,No Return,Unknown,0.0
509833,2024-07-28,7,Late,No Return,Unknown,0.0
509834,2024-06-11,6,On Time,No Return,Unknown,0.0
509835,2025-06-03,5,On Time,No Return,Unknown,0.0
509836,2025-07-10,6,On Time,No Return,Unknown,0.0
509837,2024-10-08,4,Late,No Return,Unknown,0.0
509838,2024-04-18,8,Late,No Return,Unknown,0.0
509839,2024-06-23,6,On Time,No Return,Unknown,0.0
509840,2025-06-21,6,On Time,No Return,Unknown,0.0
509841,2025-02-10,4,Late,No Return,Unknown,0.0
509842,2024-05-26,6,On Time,No Return,Unknown,0.0
509843,2024-12-19,7,Late,No Return,Unknown,0.0
509844,2024-07-16,5,Late,No Return,Unknown,0.0
509845,2024-06-05,5,Late,No Return,Unknown,0.0
509846,2025-01-25,5,On Time,Returned,Wrong Item,1171.39
509847,2024-08-02,7,Late,No Return,Unknown,0.0
509848,2025-07-10,8,Late,Returned,Changed Mind,1092.15
509849,2025-01-28,6,On Time,No Return,Unknown,0.0
509850,2024-03-19,1,On Time,No Return,Unknown,0.0
509851,2024-06-21,1,On Time,No Return,Unknown,0.0
509852,2025-07-15,5,On Time,No Return,Unknown,0.0
509853,2024-12-07,5,On Time,No Return,Unknown,0.0
509854,2025-08-25,7,Late,No Return,Unknown,0.0
509855,2025-03-11,5,On Time,No Return,Unknown,0.0
509856,2025-09-03,7,Late,No Return,Unknown,0.0
509857,2025-05-09,6,On Time,No Return,Unknown,0.0
509858,2025-11-01,5,On Time,No Return,Unknown,0.0
509859,2024-04-18,3,On Time,No Return,Unknown,0.0
509860,2024-07-31,4,Late,No Return,Unknown,0.0
509861,2025-12-21,5,On Time,No Return,Unknown,0.0
509862,2024-12-17,4,Late,No Return,Unknown,0.0
509863,2024-12-24,7,Late,No Return,Unknown,0.0
509864,2024-02-22,5,On Time,No Return,Unknown,0.0
509865,2024-09-05,3,Not Delivered,No Return,Unknown,0.0
509866,2024-02-06,6,On Time,No Return,Unknown,0.0
509867,2025-12-01,6,On Time,No Return,Unknown,0.0
509868,2025-04-24,5,On Time,No Return,Unknown,0.0
509869,2025-04-25,4,On Time,No Return,Unknown,0.0
509870,2024-09-17,4,On Time,No Return,Unknown,0.0
509871,2024-05-11,6,On Time,Returned,Late Delivery,1394.37
509872,2024-08-11,5,On Time,No Return,Unknown,0.0
509873,2024-09-07,6,On Time,No Return,Unknown,0.0
509874,2025-04-29,5,On Time,No Return,Unknown,0.0
509875,2025-03-25,7,Not Delivered,No Return,Unknown,0.0
509876,2025-10-20,8,Late,No Return,Unknown,0.0
509877,2025-05-21,6,On Time,No Return,Unknown,0.0
509878,2024-08-15,1,On Time,No Return,Unknown,0.0
509879,2024-09-17,6,Late,No Return,Unknown,0.0
509880,2024-03-15,5,On Time,Returned,Quality Issue,462.79
509881,2025-04-07,8,Late,No Return,Unknown,0.0
509882,2025-08-08,8,Late,No Return,Unknown,0.0
509883,2024-01-08,6,On Time,No Return,Unknown,0.0
509884,2025-05-11,2,On Time,No Return,Unknown,0.0
509885,2024-11-25,5,On Time,No Return,Unknown,0.0
509886,2025-02-09,3,On Time,No Return,Unknown,0.0
509887,2024-05-13,5,On Time,No Return,Unknown,0.0
509888,2025-05-01,4,On Time,No Return,Unknown,0.0
509889,2024-05-31,6,On Time,No Return,Unknown,0.0
509890,2025-09-17,1,On Time,No Return,Unknown,0.0
509891,2024-04-11,6,On Time,No Return,Unknown,0.0
509892,2025-05-19,4,Late,No Return,Unknown,0.0
509893,2025-04-07,7,Late,No Return,Unknown,0.0
509894,2025-02-11,4,Late,No Return,Unknown,0.0
509895,2024-01-11,3,On Time,No Return,Unknown,0.0
509896,2024-08-13,6,On Time,No Return,Unknown,0.0
509897,2025-12-27,2,Not Delivered,No Return,Unknown,0.0
509898,2024-04-15,4,On Time,No Return,Unknown,0.0
509899,2025-11-12,4,Late,No Return,Unknown,0.0
509900,2024-01-05,3,Late,No Return,Unknown,0.0
509901,2025-12-20,6,On Time,No Return,Unknown,0.0
509902,2025-05-07,3,Not Delivered,No Return,Unknown,0.0
509903,2025-11-30,5,On Time,No Return,Unknown,0.0
509904,2024-07-23,5,On Time,No Return,Unknown,0.0
509905,2024-02-03,8,Late,No Return,Unknown,0.0
509906,2024-12-20,5,On Time,No Return,Unknown,0.0
509907,2024-04-17,6,On Time,Returned,Damaged,410.19
509908,2025-10-15,6,On Time,No Return,Unknown,0.0
509909,2024-11-29,3,Late,No Return,Unknown,0.0
509910,2025-01-10,4,On Time,No Return,Unknown,0.0
509911,2024-07-20,5,On Time,No Return,Unknown,0.0
509912,2025-05-29,5,On Time,No Return,Unknown,0.0
509913,2024-02-01,2,On Time,No Return,Unknown,0.0
509914,2024-10-28,3,On Time,No Return,Unknown,0.0
509915,2024-05-15,3,On Time,No Return,Unknown,0.0
509916,2025-06-19,4,On Time,No Return,Unknown,0.0
509917,2024-11-07,4,Late,No Return,Unknown,0.0
509918,2024-01-27,6,On Time,No Return,Unknown,0.0
509919,2024-02-12,2,On Time,No Return,Unknown,0.0
509920,2025-05-16,4,On Time,No Return,Unknown,0.0
509921,2025-04-21,5,On Time,No Return,Unknown,0.0
509922,2025-10-30,5,On Time,No Return,Unknown,0.0
509923,2024-11-09,6,On Time,No Return,Unknown,0.0
509924,2025-04-06,3,On Time,No Return,Unknown,0.0
509925,2025-06-05,8,Late,No Return,Unknown,0.0
509926,2025-05-22,5,On Time,No Return,Unknown,0.0
509927,2024-02-19,6,On Time,No Return,Unknown,0.0
509928,2024-02-14,4,Late,Returned,Late Delivery,273.89
509929,2024-09-26,7,Late,No Return,Unknown,0.0
509930,2024-10-26,6,On Time,No Return,Unknown,0.0
509931,2025-11-20,5,On Time,No Return,Unknown,0.0
509932,2024-01-16,7,Late,No Return,Unknown,0.0
509933,2024-02-29,7,Late,No Return,Unknown,0.0
509934,2024-05-12,5,On Time,No Return,Unknown,0.0
509935,2025-06-19,5,On Time,No Return,Unknown,0.0
509936,2025-10-09,4,On Time,No Return,Unknown,0.0
509937,2025-06-14,6,On Time,No Return,Unknown,0.0
509938,2024-05-23,4,On Time,No Return,Unknown,0.0
509939,2024-08-23,4,Not Delivered,No Return,Unknown,0.0
509940,2025-07-25,4,Late,No Return,Unknown,0.0
509941,2024-04-03,6,On Time,No Return,Unknown,0.0
509942,2025-07-22,5,Late,No Return,Unknown,0.0
509943,2025-10-01,3,On Time,No Return,Unknown,0.0
509944,2024-07-24,5,On Time,No Return,Unknown,0.0
509945,2025-01-26,4,On Time,No Return,Unknown,0.0
509946,2024-12-29,3,On Time,Returned,Changed Mind,3189.66
509947,2024-05-17,6,On Time,No Return,Unknown,0.0
509948,2024-07-01,6,On Time,No Return,Unknown,0.0
509949,2024-02-26,5,On Time,No Return,Unknown,0.0
509950,2025-07-03,4,On Time,No Return,Unknown,0.0
509951,2024-01-25,3,On Time,No Return,Unknown,0.0
509952,2025-10-18,4,Late,No Return,Unknown,0.0
509953,2024-11-20,6,On Time,No Return,Unknown,0.0
509954,2024-06-22,6,On Time,No Return,Unknown,0.0
509955,2024-02-13,6,On Time,No Return,Unknown,0.0
509956,2025-07-28,8,Late,Returned,Quality Issue,804.6
509957,2025-01-12,5,On Time,No Return,Unknown,0.0
509958,2025-09-27,4,On Time,No Return,Unknown,0.0
509959,2025-08-07,7,Late,No Return,Unknown,0.0
509960,2025-03-06,4,Late,No Return,Unknown,0.0
509961,2024-06-20,6,On Time,No Return,Unknown,0.0
509962,2025-12-30,8,Late,No Return,Unknown,0.0
509963,2025-05-23,7,Late,No Return,Unknown,0.0
509964,2024-03-23,8,Late,No Return,Unknown,0.0
509965,2025-03-18,3,On Time,No Return,Unknown,0.0
509966,2025-10-12,5,On Time,No Return,Unknown,0.0
509967,2024-09-26,5,On Time,Returned,Late Delivery,955.91
509968,2025-02-16,7,Late,No Return,Unknown,0.0
509969,2025-11-20,4,On Time,No Return,Unknown,0.0
509970,2024-09-03,4,Late,No Return,Unknown,0.0
509971,2025-08-27,4,Late,No Return,Unknown,0.0
509972,2025-07-01,5,On Time,No Return,Unknown,0.0
509973,2024-10-11,8,Late,No Return,Unknown,0.0
509974,2025-07-10,7,Late,No Return,Unknown,0.0
509975,2024-11-10,7,Late,Returned,Late Delivery,4781.38
509976,2025-02-14,8,Late,No Return,Unknown,0.0
509977,2025-10-15,4,Late,No Return,Unknown,0.0
509978,2025-03-08,3,On Time,No Return,Unknown,0.0
509979,2024-03-20,4,On Time,No Return,Unknown,0.0
509980,2024-12-05,1,On Time,No Return,Unknown,0.0
509981,2025-03-27,2,On Time,No Return,Unknown,0.0
509982,2024-03-22,3,On Time,No Return,Unknown,0.0
509983,2024-02-11,4,Late,No Return,Unknown,0.0
509984,2024-11-20,7,Late,No Return,Unknown,0.0
509985,2024-11-26,3,On Time,No Return,Unknown,0.0
509986,2025-03-12,7,Late,No Return,Unknown,0.0
509987,2024-06-14,3,Late,No Return,Unknown,0.0
509988,2024-12-29,6,On Time,No Return,Unknown,0.0
509989,2025-10-04,3,On Time,No Return,Unknown,0.0
509990,2025-11-08,8,Late,No Return,Unknown,0.0
509991,2024-11-28,4,On Time,No Return,Unknown,0.0
509992,2025-02-23,6,On Time,Returned,Changed Mind,344.58
509993,2025-08-23,6,On Time,No Return,Unknown,0.0
509994,2025-04-23,3,On Time,No Return,Unknown,0.0
509995,2025-04-07,7,Late,Returned,Damaged,1436.64
509996,2025-12-31,2,On Time,Returned,Wrong Item,4329.16
509997,2025-12-17,3,On Time,Returned,Changed Mind,476.71
509998,2024-06-06,6,On Time,No Return,Unknown,0.0
509999,2025-06-29,8,Late,No Return,Unknown,0.0
510000,2025-02-22,4,Late,No Return,Unknown,0.0
510001,2024-12-13,5,On Time,No Return,Unknown,0.0
510002,2025-01-27,7,Late,No Return,Unknown,0.0
510003,2024-06-17,2,Late,Returned,Quality Issue,1758.66
510004,2025-04-21,5,On Time,No Return,Unknown,0.0
510005,2024-05-23,4,Late,No Return,Unknown,0.0
510006,2024-08-22,6,On Time,No Return,Unknown,0.0
510007,2024-03-21,8,Late,No Return,Unknown,0.0
510008,2025-03-08,5,Late,No Return,Unknown,0.0
510009,2024-11-01,7,Late,No Return,Unknown,0.0
510010,2024-08-26,3,On Time,No Return,Unknown,0.0
510011,2025-12-11,4,On Time,No Return,Unknown,0.0
510012,2025-08-29,7,Late,No Return,Unknown,0.0
510013,2024-04-09,3,On Time,No Return,Unknown,0.0
510014,2025-04-28,6,On Time,No Return,Unknown,0.0
510015,2025-11-11,3,On Time,No Return,Unknown,0.0
510016,2025-05-12,7,Late,No Return,Unknown,0.0
510017,2024-10-26,4,On Time,No Return,Unknown,0.0
510018,2025-02-14,5,Late,No Return,Unknown,0.0
510019,2025-12-22,7,Late,No Return,Unknown,0.0
510020,2025-03-29,7,Late,No Return,Unknown,0.0
510021,2025-12-04,5,On Time,No Return,Unknown,0.0
510022,2024-10-06,5,On Time,No Return,Unknown,0.0
510023,2024-01-24,4,On Time,No Return,Unknown,0.0
510024,2025-08-11,4,On Time,Returned,Damaged,4997.86
510025,2025-03-05,3,On Time,No Return,Unknown,0.0
510026,2024-12-31,5,On Time,No Return,Unknown,0.0
510027,2024-11-12,7,Late,No Return,Unknown,0.0
510028,2025-08-20,4,Late,No Return,Unknown,0.0
510029,2024-12-23,2,Not Delivered,No Return,Unknown,0.0
510030,2024-02-01,5,On Time,No Return,Unknown,0.0
510031,2025-10-20,6,On Time,No Return,Unknown,0.0
510032,2024-02-24,8,Late,No Return,Unknown,0.0
510033,2025-04-05,5,On Time,No Return,Unknown,0.0
510034,2024-04-29,8,Late,No Return,Unknown,0.0
510035,2025-10-31,7,Late,No Return,Unknown,0.0
510036,2025-01-15,6,On Time,No Return,Unknown,0.0
510037,2024-11-14,4,Late,No Return,Unknown,0.0
510038,2024-05-13,8,Late,No Return,Unknown,0.0
510039,2024-01-10,3,Late,No Return,Unknown,0.0
510040,2025-07-19,4,Late,No Return,Unknown,0.0
510041,2024-12-27,2,Late,No Return,Unknown,0.0
510042,2025-08-04,4,On Time,No Return,Unknown,0.0
510043,2025-01-01,5,Late,No Return,Unknown,0.0
510044,2025-11-13,4,On Time,No Return,Unknown,0.0
510045,2025-12-09,1,On Time,No Return,Unknown,0.0
510046,2025-11-30,5,On Time,No Return,Unknown,0.0
510047,2024-09-27,7,Late,No Return,Unknown,0.0
510048,2024-10-05,4,Late,No Return,Unknown,0.0
510049,2025-09-27,6,On Time,No Return,Unknown,0.0
510050,2025-02-05,6,On Time,No Return,Unknown,0.0
510051,2024-11-14,6,On Time,No Return,Unknown,0.0
510052,2025-05-08,2,Late,No Return,Unknown,0.0
510053,2025-02-11,4,Late,No Return,Unknown,0.0
510054,2025-01-15,4,Late,No Return,Unknown,0.0
510055,2025-10-12,7,Late,No Return,Unknown,0.0
510056,2025-10-25,5,On Time,No Return,Unknown,0.0
510057,2025-06-26,2,On Time,No Return,Unknown,0.0
510058,2024-11-18,3,On Time,No Return,Unknown,0.0
510059,2024-08-20,8,Late,No Return,Unknown,0.0
510060,2025-04-06,6,On Time,No Return,Unknown,0.0
510061,2025-10-16,4,On Time,No Return,Unknown,0.0
510062,2024-10-17,2,On Time,No Return,Unknown,0.0
510063,2024-10-11,4,Late,No Return,Unknown,0.0
510064,2025-02-25,5,On Time,No Return,Unknown,0.0
510065,2025-05-06,8,Late,No Return,Unknown,0.0
510066,2025-06-26,5,On Time,No Return,Unknown,0.0
510067,2024-11-13,5,On Time,No Return,Unknown,0.0
510068,2025-09-04,4,Late,No Return,Unknown,0.0
510069,2025-10-15,4,On Time,Returned,Quality Issue,4886.46
510070,2025-09-04,5,On Time,No Return,Unknown,0.0
510071,2024-02-29,3,On Time,No Return,Unknown,0.0
510072,2024-05-08,6,On Time,No Return,Unknown,0.0
510073,2024-10-23,7,Late,No Return,Unknown,0.0
510074,2025-08-28,8,Not Delivered,No Return,Unknown,0.0
510075,2024-11-09,4,On Time,No Return,Unknown,0.0
510076,2025-07-22,6,On Time,No Return,Unknown,0.0
510077,2024-08-18,3,Late,No Return,Unknown,0.0
510078,2024-01-15,9,Late,No Return,Unknown,0.0
510079,2025-03-21,3,On Time,No Return,Unknown,0.0
510080,2024-11-10,5,On Time,No Return,Unknown,0.0
510081,2024-01-06,4,On Time,No Return,Unknown,0.0
510082,2025-08-28,3,On Time,No Return,Unknown,0.0
510083,2025-01-13,4,Late,No Return,Unknown,0.0
510084,2024-09-06,4,On Time,Returned,Quality Issue,403.08
510085,2025-04-20,4,Late,No Return,Unknown,0.0
510086,2025-08-20,7,Late,No Return,Unknown,0.0
510087,2024-10-31,1,On Time,No Return,Unknown,0.0
510088,2024-03-06,8,Late,No Return,Unknown,0.0
510089,2024-08-15,3,On Time,No Return,Unknown,0.0
510090,2025-03-08,7,Late,No Return,Unknown,0.0
510091,2024-07-24,4,Late,No Return,Unknown,0.0
510092,2025-06-05,4,Late,No Return,Unknown,0.0
510093,2024-02-05,6,On Time,No Return,Unknown,0.0
510094,2024-06-02,3,On Time,No Return,Unknown,0.0
510095,2025-07-09,8,Late,No Return,Unknown,0.0
510096,2024-04-22,3,Late,No Return,Unknown,0.0
510097,2024-05-08,8,Late,No Return,Unknown,0.0
510098,2024-09-02,5,Late,No Return,Unknown,0.0
510099,2025-08-29,5,On Time,No Return,Unknown,0.0
510100,2024-02-03,4,Late,No Return,Unknown,0.0
510101,2025-04-14,4,Not Delivered,No Return,Unknown,0.0
510102,2025-04-13,4,Late,No Return,Unknown,0.0
510103,2024-08-29,5,On Time,No Return,Unknown,0.0
510104,2025-01-10,5,On Time,No Return,Unknown,0.0
510105,2025-11-15,3,On Time,No Return,Unknown,0.0
510106,2024-06-01,4,Late,No Return,Unknown,0.0
510107,2025-01-10,2,On Time,No Return,Unknown,0.0
510108,2025-08-30,8,Late,No Return,Unknown,0.0
510109,2025-06-04,5,On Time,No Return,Unknown,0.0
510110,2025-03-13,5,On Time,No Return,Unknown,0.0
510111,2024-09-10,2,Late,No Return,Unknown,0.0
510112,2025-04-23,6,On Time,No Return,Unknown,0.0
510113,2025-07-21,5,On Time,No Return,Unknown,0.0
510114,2025-06-25,6,On Time,No Return,Unknown,0.0
510115,2024-02-21,6,On Time,No Return,Unknown,0.0
510116,2025-09-21,2,Late,No Return,Unknown,0.0
510117,2025-06-24,2,Late,No Return,Unknown,0.0
510118,2025-09-04,6,Not Delivered,No Return,Unknown,0.0
510119,2025-03-18,8,Late,No Return,Unknown,0.0
510120,2025-09-07,5,On Time,No Return,Unknown,0.0
510121,2025-09-25,6,On Time,No Return,Unknown,0.0
510122,2024-10-06,4,On Time,No Return,Unknown,0.0
510123,2025-05-26,4,On Time,No Return,Unknown,0.0
510124,2024-04-09,5,On Time,No Return,Unknown,0.0
510125,2025-12-15,4,On Time,No Return,Unknown,0.0
510126,2024-05-30,5,On Time,No Return,Unknown,0.0
510127,2025-10-30,2,Late,No Return,Unknown,0.0
510128,2025-02-10,5,On Time,No Return,Unknown,0.0
510129,2025-05-21,3,On Time,Returned,Damaged,8658.63
510130,2025-02-24,6,On Time,No Return,Unknown,0.0
510131,2024-10-08,6,On Time,No Return,Unknown,0.0
510132,2024-11-27,6,On Time,No Return,Unknown,0.0
510133,2024-09-17,5,On Time,No Return,Unknown,0.0
510134,2025-07-16,6,Not Delivered,No Return,Unknown,0.0
510135,2025-06-03,7,Late,No Return,Unknown,0.0
510136,2024-05-30,4,Late,No Return,Unknown,0.0
510137,2024-10-26,5,Late,No Return,Unknown,0.0
510138,2025-01-12,3,Late,No Return,Unknown,0.0
510139,2025-10-30,2,On Time,No Return,Unknown,0.0
510140,2024-03-02,6,On Time,No Return,Unknown,0.0
510141,2024-08-17,4,Late,No Return,Unknown,0.0
510142,2025-06-04,2,On Time,No Return,Unknown,0.0
510143,2024-01-25,5,On Time,No Return,Unknown,0.0
510144,2024-06-11,4,Late,No Return,Unknown,0.0
510145,2025-04-18,4,Late,No Return,Unknown,0.0
510146,2025-08-19,6,On Time,No Return,Unknown,0.0
510147,2025-01-05,5,On Time,No Return,Unknown,0.0
510148,2024-01-07,6,On Time,Returned,Late Delivery,6149.1
510149,2024-08-22,6,On Time,No Return,Unknown,0.0
510150,2025-12-30,5,Late,No Return,Unknown,0.0
510151,2024-10-14,5,On Time,No Return,Unknown,0.0
510152,2024-05-04,6,On Time,No Return,Unknown,0.0
510153,2024-08-18,4,On Time,No Return,Unknown,0.0
510154,2024-01-28,4,Late,No Return,Unknown,0.0
510155,2025-12-06,4,On Time,Returned,Changed Mind,4677.04
510156,2024-11-06,3,On Time,No Return,Unknown,0.0
510157,2024-11-07,5,On Time,No Return,Unknown,0.0
510158,2025-07-26,4,On Time,No Return,Unknown,0.0
510159,2025-05-16,8,Late,No Return,Unknown,0.0
510160,2025-05-27,5,On Time,No Return,Unknown,0.0
510161,2024-11-10,4,Late,No Return,Unknown,0.0
510162,2024-04-05,7,Late,No Return,Unknown,0.0
510163,2024-10-08,7,Late,No Return,Unknown,0.0
510164,2025-09-16,4,Late,No Return,Unknown,0.0
510165,2025-10-21,7,Late,No Return,Unknown,0.0
510166,2025-04-26,2,Late,No Return,Unknown,0.0
510167,2025-04-04,3,On Time,No Return,Unknown,0.0
510168,2025-08-15,7,Late,No Return,Unknown,0.0
510169,2024-12-28,8,Late,No Return,Unknown,0.0
510170,2024-09-24,6,On Time,No Return,Unknown,0.0
510171,2024-06-30,6,On Time,No Return,Unknown,0.0
510172,2025-02-11,4,On Time,No Return,Unknown,0.0
510173,2024-08-25,8,Late,No Return,Unknown,0.0
510174,2025-08-15,5,On Time,No Return,Unknown,0.0
510175,2024-11-22,4,On Time,No Return,Unknown,0.0
510176,2025-12-02,7,Late,No Return,Unknown,0.0
510177,2024-10-10,7,Late,No Return,Unknown,0.0
510178,2025-11-12,5,On Time,No Return,Unknown,0.0
510179,2024-10-07,6,On Time,No Return,Unknown,0.0
510180,2024-08-13,9,Late,No Return,Unknown,0.0
510181,2024-07-13,5,On Time,No Return,Unknown,0.0
510182,2024-01-25,7,Late,No Return,Unknown,0.0
510183,2025-02-20,3,Late,No Return,Unknown,0.0
510184,2024-07-06,4,Late,No Return,Unknown,0.0
510185,2025-09-14,5,Late,No Return,Unknown,0.0
510186,2024-09-03,4,On Time,No Return,Unknown,0.0
510187,2025-03-06,5,Not Delivered,No Return,Unknown,0.0
510188,2024-02-26,4,On Time,No Return,Unknown,0.0
510189,2024-08-18,5,Late,No Return,Unknown,0.0
510190,2025-12-16,2,Late,No Return,Unknown,0.0
510191,2025-08-22,2,Late,No Return,Unknown,0.0
510192,2025-07-21,6,On Time,No Return,Unknown,0.0
510193,2024-11-15,1,On Time,No Return,Unknown,0.0
510194,2025-12-14,7,Late,No Return,Unknown,0.0
510195,2025-01-06,3,On Time,No Return,Unknown,0.0
510196,2024-09-06,2,On Time,No Return,Unknown,0.0
510197,2025-07-24,3,On Time,No Return,Unknown,0.0
510198,2024-07-01,6,On Time,Returned,Damaged,9757.1
510199,2025-04-24,4,On Time,No Return,Unknown,0.0
510200,2025-10-29,6,Late,No Return,Unknown,0.0
510201,2024-01-18,5,Not Delivered,No Return,Unknown,0.0
510202,2024-12-30,4,On Time,No Return,Unknown,0.0
510203,2024-10-19,4,On Time,No Return,Unknown,0.0
510204,2025-03-12,6,On Time,No Return,Unknown,0.0
510205,2025-08-02,4,Late,No Return,Unknown,0.0
510206,2024-12-08,4,On Time,No Return,Unknown,0.0
510207,2025-09-14,6,On Time,No Return,Unknown,0.0
510208,2024-02-08,5,Late,No Return,Unknown,0.0
510209,2024-11-25,6,On Time,No Return,Unknown,0.0
510210,2025-07-08,4,On Time,No Return,Unknown,0.0
510211,2025-04-03,3,On Time,No Return,Unknown,0.0
510212,2024-08-17,5,On Time,No Return,Unknown,0.0
510213,2025-10-05,3,On Time,No Return,Unknown,0.0
510214,2024-05-14,2,Not Delivered,No Return,Unknown,0.0
510215,2025-04-28,4,Late,No Return,Unknown,0.0
510216,2025-07-09,4,Late,No Return,Unknown,0.0
510217,2024-08-14,6,On Time,No Return,Unknown,0.0
510218,2025-02-10,6,On Time,No Return,Unknown,0.0
510219,2025-09-04,7,Late,No Return,Unknown,0.0
510220,2025-09-07,5,On Time,No Return,Unknown,0.0
510221,2024-03-05,5,On Time,No Return,Unknown,0.0
510222,2025-10-08,6,On Time,No Return,Unknown,0.0
510223,2024-05-13,2,Late,No Return,Unknown,0.0
510224,2025-02-03,7,Late,No Return,Unknown,0.0
510225,2025-08-07,4,Late,No Return,Unknown,0.0
510226,2024-01-18,4,On Time,No Return,Unknown,0.0
510227,2025-03-14,4,On Time,No Return,Unknown,0.0
510228,2025-04-20,2,Late,Returned,Damaged,947.89
510229,2024-06-07,8,Late,No Return,Unknown,0.0
510230,2025-11-23,7,Late,No Return,Unknown,0.0
510231,2025-04-16,2,On Time,No Return,Unknown,0.0
510232,2025-02-20,6,On Time,No Return,Unknown,0.0
510233,2024-12-13,3,On Time,No Return,Unknown,0.0
510234,2024-07-19,5,Late,No Return,Unknown,0.0
510235,2025-07-03,6,On Time,No Return,Unknown,0.0
510236,2024-03-17,4,On Time,No Return,Unknown,0.0
510237,2024-07-17,5,On Time,No Return,Unknown,0.0
510238,2025-07-22,7,Late,No Return,Unknown,0.0
510239,2025-07-29,7,Late,No Return,Unknown,0.0
510240,2025-09-27,7,Late,No Return,Unknown,0.0
510241,2024-07-14,4,Late,No Return,Unknown,0.0
510242,2025-03-08,3,Not Delivered,No Return,Unknown,0.0
510243,2025-05-20,5,Not Delivered,No Return,Unknown,0.0
510244,2024-08-12,8,Late,No Return,Unknown,0.0
510245,2025-09-17,3,On Time,Returned,Quality Issue,6355.32
510246,2025-05-05,6,Not Delivered,No Return,Unknown,0.0
510247,2025-08-30,7,Late,No Return,Unknown,0.0
510248,2024-12-30,5,On Time,No Return,Unknown,0.0
510249,2024-11-11,7,Not Delivered,No Return,Unknown,0.0
510250,2025-11-07,8,Late,No Return,Unknown,0.0
510251,2025-02-28,4,On Time,No Return,Unknown,0.0
510252,2025-08-07,4,Late,No Return,Unknown,0.0
510253,2025-02-23,9,Late,No Return,Unknown,0.0
510254,2025-06-06,6,Late,No Return,Unknown,0.0
510255,2024-09-07,8,Late,No Return,Unknown,0.0
510256,2025-09-27,6,On Time,No Return,Unknown,0.0
510257,2024-06-24,4,On Time,Returned,Quality Issue,325.31
510258,2025-10-24,8,Late,No Return,Unknown,0.0
510259,2025-04-06,2,Late,No Return,Unknown,0.0
510260,2025-01-03,4,Late,No Return,Unknown,0.0
510261,2024-03-24,6,On Time,No Return,Unknown,0.0
510262,2025-07-29,7,Late,No Return,Unknown,0.0
510263,2025-05-08,4,Late,No Return,Unknown,0.0
510264,2025-06-19,4,On Time,No Return,Unknown,0.0
510265,2025-06-14,5,On Time,No Return,Unknown,0.0
510266,2024-07-28,4,On Time,No Return,Unknown,0.0
510267,2025-11-26,3,On Time,No Return,Unknown,0.0
510268,2024-10-22,5,On Time,No Return,Unknown,0.0
510269,2025-12-05,4,On Time,No Return,Unknown,0.0
510270,2025-05-21,3,Late,No Return,Unknown,0.0
510271,2025-10-23,3,On Time,No Return,Unknown,0.0
510272,2025-07-11,4,Late,No Return,Unknown,0.0
510273,2025-03-07,4,Late,No Return,Unknown,0.0
510274,2025-04-20,5,Late,No Return,Unknown,0.0
510275,2025-06-03,7,Late,No Return,Unknown,0.0
510276,2024-11-26,7,Late,No Return,Unknown,0.0
510277,2025-09-12,5,On Time,No Return,Unknown,0.0
510278,2024-09-19,8,Late,No Return,Unknown,0.0
510279,2025-12-26,5,On Time,No Return,Unknown,0.0
510280,2026-01-04,5,On Time,No Return,Unknown,0.0
510281,2025-08-17,5,On Time,No Return,Unknown,0.0
510282,2024-02-25,5,On Time,No Return,Unknown,0.0
510283,2024-04-13,4,Late,No Return,Unknown,0.0
510284,2025-12-26,2,On Time,Returned,Quality Issue,373.33
510285,2025-04-13,5,On Time,No Return,Unknown,0.0
510286,2025-05-18,5,On Time,No Return,Unknown,0.0
510287,2024-08-30,6,On Time,No Return,Unknown,0.0
510288,2025-04-24,8,Late,No Return,Unknown,0.0
510289,2025-02-05,4,On Time,No Return,Unknown,0.0
510290,2024-06-07,2,Late,Returned,Damaged,359.55
510291,2024-10-30,6,On Time,Returned,Damaged,1333.2
510292,2024-01-18,4,Late,No Return,Unknown,0.0
510293,2024-04-30,5,Late,No Return,Unknown,0.0
510294,2024-05-21,3,On Time,No Return,Unknown,0.0
510295,2024-03-18,3,On Time,No Return,Unknown,0.0
510296,2025-01-02,8,Late,No Return,Unknown,0.0
510297,2024-01-29,5,On Time,No Return,Unknown,0.0
510298,2025-02-12,3,On Time,No Return,Unknown,0.0
510299,2025-11-23,4,Late,No Return,Unknown,0.0
510300,2025-07-24,4,Late,No Return,Unknown,0.0
510301,2025-12-30,5,On Time,No Return,Unknown,0.0
510302,2024-11-26,5,Late,No Return,Unknown,0.0
510303,2024-11-30,1,On Time,No Return,Unknown,0.0
510304,2024-11-28,4,Late,Returned,Quality Issue,5441.71
510305,2025-11-10,5,On Time,Returned,Damaged,1247.81
510306,2024-10-30,4,On Time,No Return,Unknown,0.0
510307,2025-11-13,7,Late,No Return,Unknown,0.0
510308,2024-04-02,4,On Time,No Return,Unknown,0.0
510309,2024-01-19,4,On Time,No Return,Unknown,0.0
510310,2024-10-31,4,On Time,No Return,Unknown,0.0
510311,2025-09-30,5,On Time,Returned,Changed Mind,928.94
510312,2024-11-18,5,On Time,No Return,Unknown,0.0
510313,2024-06-27,1,On Time,No Return,Unknown,0.0
510314,2025-04-12,6,On Time,Returned,Damaged,1128.15
510315,2024-10-03,8,Late,No Return,Unknown,0.0
510316,2024-04-17,3,On Time,No Return,Unknown,0.0
510317,2025-11-04,3,On Time,No Return,Unknown,0.0
510318,2025-06-05,5,On Time,No Return,Unknown,0.0
510319,2024-12-06,2,Late,No Return,Unknown,0.0
510320,2025-02-01,6,On Time,No Return,Unknown,0.0
510321,2024-05-24,4,Late,No Return,Unknown,0.0
510322,2024-06-19,2,On Time,No Return,Unknown,0.0
510323,2024-01-21,4,On Time,Returned,Damaged,23397.65
510324,2025-06-30,3,On Time,No Return,Unknown,0.0
510325,2024-01-07,2,On Time,No Return,Unknown,0.0
510326,2024-05-21,5,On Time,No Return,Unknown,0.0
510327,2025-09-16,6,On Time,No Return,Unknown,0.0
510328,2024-06-15,5,On Time,No Return,Unknown,0.0
510329,2025-11-17,7,Late,No Return,Unknown,0.0
510330,2025-04-10,3,Not Delivered,No Return,Unknown,0.0
510331,2025-03-17,4,Late,No Return,Unknown,0.0
510332,2025-01-21,5,On Time,No Return,Unknown,0.0
510333,2025-01-21,5,On Time,No Return,Unknown,0.0
510334,2025-04-30,4,Not Delivered,No Return,Unknown,0.0
510335,2024-12-27,7,Late,No Return,Unknown,0.0
510336,2024-09-09,8,Late,No Return,Unknown,0.0
510337,2025-09-20,4,Late,No Return,Unknown,0.0
510338,2025-11-28,8,Late,No Return,Unknown,0.0
510339,2025-04-28,8,Late,No Return,Unknown,0.0
510340,2025-04-16,7,Late,No Return,Unknown,0.0
510341,2024-07-15,7,Late,No Return,Unknown,0.0
510342,2025-05-11,3,On Time,No Return,Unknown,0.0
510343,2025-06-13,7,Not Delivered,No Return,Unknown,0.0
510344,2025-06-23,5,On Time,No Return,Unknown,0.0
510345,2025-09-29,7,Late,No Return,Unknown,0.0
510346,2024-10-14,6,Not Delivered,No Return,Unknown,0.0
510347,2025-03-10,5,On Time,No Return,Unknown,0.0
510348,2025-08-09,6,On Time,No Return,Unknown,0.0
510349,2025-10-14,7,Late,No Return,Unknown,0.0
510350,2024-09-13,4,On Time,No Return,Unknown,0.0
510351,2025-07-19,3,Late,No Return,Unknown,0.0
510352,2024-02-16,4,On Time,No Return,Unknown,0.0
510353,2025-04-30,4,Late,No Return,Unknown,0.0
510354,2024-05-23,3,Late,No Return,Unknown,0.0
510355,2025-05-29,4,Late,No Return,Unknown,0.0
510356,2025-06-21,1,On Time,No Return,Unknown,0.0
510357,2024-09-29,3,On Time,No Return,Unknown,0.0
510358,2025-01-01,6,On Time,No Return,Unknown,0.0
510359,2025-09-13,6,On Time,No Return,Unknown,0.0
510360,2024-10-26,5,Late,No Return,Unknown,0.0
510361,2025-10-30,4,On Time,No Return,Unknown,0.0
510362,2025-04-26,7,Late,No Return,Unknown,0.0
510363,2025-04-21,5,On Time,No Return,Unknown,0.0
510364,2024-06-13,4,Late,No Return,Unknown,0.0
510365,2024-02-17,3,On Time,No Return,Unknown,0.0
510366,2025-11-10,2,On Time,No Return,Unknown,0.0
510367,2024-08-01,7,Late,No Return,Unknown,0.0
510368,2024-04-23,6,On Time,No Return,Unknown,0.0
510369,2025-05-20,2,Late,No Return,Unknown,0.0
510370,2025-03-22,5,Late,No Return,Unknown,0.0
510371,2024-03-11,6,On Time,No Return,Unknown,0.0
510372,2024-09-29,6,On Time,No Return,Unknown,0.0
510373,2025-02-08,6,On Time,No Return,Unknown,0.0
510374,2025-12-01,4,Late,No Return,Unknown,0.0
510375,2024-08-18,7,Late,No Return,Unknown,0.0
510376,2025-10-31,5,Late,No Return,Unknown,0.0
510377,2024-10-19,4,On Time,No Return,Unknown,0.0
510378,2024-10-15,4,On Time,No Return,Unknown,0.0
510379,2024-07-11,7,Late,No Return,Unknown,0.0
510380,2024-08-18,5,On Time,No Return,Unknown,0.0
510381,2024-07-24,6,On Time,No Return,Unknown,0.0
510382,2025-05-23,5,On Time,Returned,Quality Issue,4920.55
510383,2024-01-17,6,On Time,No Return,Unknown,0.0
510384,2025-05-20,8,Late,No Return,Unknown,0.0
510385,2024-10-06,3,On Time,No Return,Unknown,0.0
510386,2024-01-09,6,On Time,No Return,Unknown,0.0
510387,2025-08-03,7,Late,No Return,Unknown,0.0
510388,2024-01-07,2,On Time,No Return,Unknown,0.0
510389,2025-06-08,4,Late,No Return,Unknown,0.0
510390,2025-07-28,5,On Time,No Return,Unknown,0.0
510391,2024-10-09,3,On Time,Returned,Late Delivery,1223.83
510392,2025-03-04,6,On Time,No Return,Unknown,0.0
510393,2024-08-31,6,On Time,No Return,Unknown,0.0
510394,2024-11-17,5,On Time,No Return,Unknown,0.0
510395,2024-05-09,3,On Time,No Return,Unknown,0.0
510396,2024-11-04,5,On Time,No Return,Unknown,0.0
510397,2026-01-03,3,On Time,No Return,Unknown,0.0
510398,2024-06-30,4,Late,No Return,Unknown,0.0
510399,2025-05-11,7,Late,No Return,Unknown,0.0
510400,2025-03-16,4,Late,No Return,Unknown,0.0
510401,2025-10-26,4,On Time,No Return,Unknown,0.0
510402,2024-02-14,7,Late,No Return,Unknown,0.0
510403,2025-09-26,5,On Time,No Return,Unknown,0.0
510404,2025-05-03,6,Late,No Return,Unknown,0.0
510405,2024-11-12,2,On Time,No Return,Unknown,0.0
510406,2025-05-01,3,Late,No Return,Unknown,0.0
510407,2024-04-11,5,On Time,No Return,Unknown,0.0
510408,2024-01-24,7,Late,No Return,Unknown,0.0
510409,2025-03-29,7,Not Delivered,No Return,Unknown,0.0
510410,2024-10-12,7,Late,No Return,Unknown,0.0
510411,2025-03-31,4,Late,No Return,Unknown,0.0
510412,2025-11-02,6,On Time,No Return,Unknown,0.0
510413,2025-09-03,6,On Time,No Return,Unknown,0.0
510414,2025-11-18,1,On Time,No Return,Unknown,0.0
510415,2024-02-05,7,Late,No Return,Unknown,0.0
510416,2025-07-04,5,Late,No Return,Unknown,0.0
510417,2024-01-15,5,On Time,No Return,Unknown,0.0
510418,2024-04-16,6,On Time,No Return,Unknown,0.0
510419,2025-10-21,7,Late,No Return,Unknown,0.0
510420,2024-04-02,6,On Time,No Return,Unknown,0.0
510421,2025-04-22,8,Late,No Return,Unknown,0.0
510422,2024-10-31,4,On Time,No Return,Unknown,0.0
510423,2025-10-06,5,On Time,No Return,Unknown,0.0
510424,2024-07-30,6,Not Delivered,No Return,Unknown,0.0
510425,2025-08-27,4,On Time,No Return,Unknown,0.0
510426,2024-03-28,6,On Time,No Return,Unknown,0.0
510427,2024-08-04,5,On Time,No Return,Unknown,0.0
510428,2024-05-02,4,Late,No Return,Unknown,0.0
510429,2024-05-19,4,Late,No Return,Unknown,0.0
510430,2025-01-18,7,Late,No Return,Unknown,0.0
510431,2025-03-05,2,Late,No Return,Unknown,0.0
510432,2025-12-27,7,Late,No Return,Unknown,0.0
510433,2024-11-16,7,Late,Returned,Changed Mind,4482.75
510434,2025-02-10,3,On Time,No Return,Unknown,0.0
510435,2024-09-05,6,On Time,Returned,Quality Issue,3602.5
510436,2024-12-18,8,Late,No Return,Unknown,0.0
510437,2025-09-07,4,Late,No Return,Unknown,0.0
510438,2025-09-21,3,On Time,No Return,Unknown,0.0
510439,2025-03-04,5,On Time,No Return,Unknown,0.0
510440,2024-01-23,7,Late,No Return,Unknown,0.0
510441,2025-06-02,3,On Time,No Return,Unknown,0.0
510442,2024-09-25,3,On Time,No Return,Unknown,0.0
510443,2025-07-16,3,On Time,No Return,Unknown,0.0
510444,2025-12-23,7,Late,No Return,Unknown,0.0
510445,2024-01-26,6,On Time,No Return,Unknown,0.0
510446,2025-12-12,6,On Time,No Return,Unknown,0.0
510447,2024-01-17,6,On Time,No Return,Unknown,0.0
510448,2024-01-26,6,On Time,No Return,Unknown,0.0
510449,2024-10-07,2,Late,No Return,Unknown,0.0
510450,2024-12-02,4,On Time,No Return,Unknown,0.0
510451,2025-07-09,9,Late,No Return,Unknown,0.0
510452,2025-02-08,4,Late,No Return,Unknown,0.0
510453,2024-02-11,4,On Time,No Return,Unknown,0.0
510454,2024-03-27,4,Late,No Return,Unknown,0.0
510455,2024-02-06,5,Late,No Return,Unknown,0.0
510456,2024-02-28,5,On Time,No Return,Unknown,0.0
510457,2025-09-16,6,On Time,No Return,Unknown,0.0
510458,2025-06-27,7,Late,No Return,Unknown,0.0
510459,2024-02-21,7,Late,No Return,Unknown,0.0
510460,2025-09-27,6,On Time,No Return,Unknown,0.0
510461,2024-10-24,4,On Time,No Return,Unknown,0.0
510462,2024-05-08,4,Late,No Return,Unknown,0.0
510463,2025-07-04,3,Late,No Return,Unknown,0.0
510464,2024-12-17,8,Late,No Return,Unknown,0.0
510465,2025-03-03,5,On Time,No Return,Unknown,0.0
510466,2024-06-24,9,Late,Returned,Changed Mind,2864.97
510467,2024-10-02,7,Late,No Return,Unknown,0.0
510468,2024-07-18,6,On Time,No Return,Unknown,0.0
510469,2024-05-07,4,Late,Returned,Late Delivery,140.67
510470,2024-10-03,6,On Time,No Return,Unknown,0.0
510471,2024-03-04,6,On Time,No Return,Unknown,0.0
510472,2024-03-03,4,On Time,No Return,Unknown,0.0
510473,2025-03-29,4,Late,No Return,Unknown,0.0
510474,2024-08-08,4,On Time,No Return,Unknown,0.0
510475,2025-08-08,5,On Time,No Return,Unknown,0.0
510476,2025-05-03,7,Late,No Return,Unknown,0.0
510477,2024-09-05,5,On Time,No Return,Unknown,0.0
510478,2024-04-16,4,On Time,No Return,Unknown,0.0
510479,2025-06-03,3,Late,No Return,Unknown,0.0
510480,2024-09-24,4,On Time,No Return,Unknown,0.0
510481,2024-09-05,8,Late,No Return,Unknown,0.0
510482,2024-08-20,4,Late,No Return,Unknown,0.0
510483,2025-03-30,3,On Time,No Return,Unknown,0.0
510484,2025-04-06,7,Late,No Return,Unknown,0.0
510485,2025-07-05,8,Late,No Return,Unknown,0.0
510486,2025-01-14,6,On Time,No Return,Unknown,0.0
510487,2024-01-30,6,Late,No Return,Unknown,0.0
510488,2024-11-06,5,On Time,No Return,Unknown,0.0
510489,2025-01-16,8,Not Delivered,No Return,Unknown,0.0
510490,2024-07-10,5,Late,Returned,Damaged,1248.73
510491,2025-10-05,4,Late,No Return,Unknown,0.0
510492,2024-04-28,7,Late,No Return,Unknown,0.0
510493,2025-05-11,4,On Time,No Return,Unknown,0.0
510494,2024-10-24,4,Late,No Return,Unknown,0.0
510495,2025-03-03,6,Late,No Return,Unknown,0.0
510496,2024-06-04,7,Late,No Return,Unknown,0.0
510497,2024-06-04,5,Late,No Return,Unknown,0.0
510498,2024-06-29,7,Late,No Return,Unknown,0.0
510499,2024-07-22,7,Late,Returned,Changed Mind,1120.78
510500,2024-09-15,4,Late,No Return,Unknown,0.0
510501,2025-02-22,5,Late,No Return,Unknown,0.0
510502,2024-06-21,5,On Time,Returned,Wrong Item,559.65
510503,2024-03-27,5,On Time,No Return,Unknown,0.0
510504,2024-03-15,5,On Time,No Return,Unknown,0.0
510505,2025-03-05,4,Late,No Return,Unknown,0.0
510506,2025-02-10,5,On Time,Returned,Changed Mind,6045.49
510507,2025-06-14,6,On Time,No Return,Unknown,0.0
510508,2025-09-25,3,On Time,No Return,Unknown,0.0
510509,2024-08-06,7,Late,No Return,Unknown,0.0
510510,2024-04-14,3,On Time,No Return,Unknown,0.0
510511,2025-12-11,3,On Time,No Return,Unknown,0.0
510512,2025-08-14,3,On Time,No Return,Unknown,0.0
510513,2024-12-10,7,Late,No Return,Unknown,0.0
510514,2024-12-04,6,On Time,No Return,Unknown,0.0
510515,2024-07-28,5,On Time,No Return,Unknown,0.0
510516,2025-05-06,5,Late,No Return,Unknown,0.0
510517,2024-08-21,5,On Time,No Return,Unknown,0.0
510518,2024-07-12,5,On Time,No Return,Unknown,0.0
510519,2024-04-12,4,Late,No Return,Unknown,0.0
510520,2025-02-20,6,On Time,Returned,Quality Issue,11673.04
510521,2026-01-04,5,On Time,No Return,Unknown,0.0
510522,2025-04-08,4,On Time,No Return,Unknown,0.0
510523,2024-07-19,7,Late,No Return,Unknown,0.0
510524,2025-07-13,5,On Time,No Return,Unknown,0.0
510525,2025-09-30,3,On Time,No Return,Unknown,0.0
510526,2024-01-25,5,On Time,No Return,Unknown,0.0
510527,2024-11-10,4,Late,No Return,Unknown,0.0
510528,2025-11-16,6,On Time,No Return,Unknown,0.0
510529,2025-07-17,6,On Time,No Return,Unknown,0.0
510530,2024-03-24,5,On Time,No Return,Unknown,0.0
510531,2024-06-25,7,Late,No Return,Unknown,0.0
510532,2024-09-03,1,On Time,No Return,Unknown,0.0
510533,2025-04-21,5,On Time,No Return,Unknown,0.0
510534,2024-04-14,6,On Time,No Return,Unknown,0.0
510535,2024-11-23,6,On Time,No Return,Unknown,0.0
510536,2024-05-26,6,On Time,No Return,Unknown,0.0
510537,2024-04-25,7,Late,No Return,Unknown,0.0
510538,2024-11-15,7,Late,No Return,Unknown,0.0
510539,2025-10-16,6,On Time,No Return,Unknown,0.0
510540,2024-05-05,5,On Time,No Return,Unknown,0.0
510541,2024-04-13,5,On Time,No Return,Unknown,0.0
510542,2025-08-07,7,Late,No Return,Unknown,0.0
510543,2025-05-15,7,Late,No Return,Unknown,0.0
510544,2024-05-27,4,Late,Returned,Quality Issue,917.76
510545,2024-04-21,2,Not Delivered,No Return,Unknown,0.0
510546,2025-05-04,6,On Time,No Return,Unknown,0.0
510547,2024-05-15,6,On Time,No Return,Unknown,0.0
510548,2025-02-11,8,Late,No Return,Unknown,0.0
510549,2025-05-24,4,Late,Returned,Quality Issue,2808.38
510550,2024-07-31,3,On Time,No Return,Unknown,0.0
510551,2024-12-29,3,Late,Returned,Wrong Item,1031.77
510552,2024-06-08,6,On Time,No Return,Unknown,0.0
510553,2025-10-10,4,On Time,No Return,Unknown,0.0
510554,2025-06-19,3,On Time,No Return,Unknown,0.0
510555,2025-07-05,5,On Time,No Return,Unknown,0.0
510556,2025-01-01,7,Not Delivered,No Return,Unknown,0.0
510557,2024-11-11,6,On Time,No Return,Unknown,0.0
510558,2025-04-22,4,On Time,Returned,Damaged,2956.11
510559,2025-10-03,6,On Time,No Return,Unknown,0.0
510560,2024-10-31,5,On Time,No Return,Unknown,0.0
510561,2024-12-11,5,On Time,No Return,Unknown,0.0
510562,2024-01-11,7,Late,No Return,Unknown,0.0
510563,2025-10-02,6,On Time,No Return,Unknown,0.0
510564,2025-07-14,7,Late,Returned,Late Delivery,1778.74
510565,2024-06-23,6,On Time,No Return,Unknown,0.0
510566,2025-02-27,4,On Time,No Return,Unknown,0.0
510567,2024-10-11,5,On Time,No Return,Unknown,0.0
510568,2025-01-26,3,On Time,No Return,Unknown,0.0
510569,2024-07-08,5,On Time,No Return,Unknown,0.0
510570,2024-11-25,7,Late,No Return,Unknown,0.0
510571,2024-01-17,6,On Time,No Return,Unknown,0.0
510572,2025-11-20,5,Late,No Return,Unknown,0.0
510573,2025-09-01,2,Late,No Return,Unknown,0.0
510574,2024-10-08,4,Late,No Return,Unknown,0.0
510575,2024-05-25,7,Late,No Return,Unknown,0.0
510576,2025-11-13,5,On Time,No Return,Unknown,0.0
510577,2025-12-04,5,On Time,No Return,Unknown,0.0
510578,2024-04-01,6,On Time,No Return,Unknown,0.0
510579,2024-08-23,5,Late,No Return,Unknown,0.0
510580,2025-03-31,5,Late,No Return,Unknown,0.0
510581,2024-05-20,3,On Time,No Return,Unknown,0.0
510582,2025-06-19,5,On Time,No Return,Unknown,0.0
510583,2024-12-10,7,Late,No Return,Unknown,0.0
510584,2024-06-07,3,On Time,Returned,Damaged,1606.66
510585,2025-09-03,5,On Time,No Return,Unknown,0.0
510586,2024-01-23,6,On Time,No Return,Unknown,0.0
510587,2024-09-22,5,Late,No Return,Unknown,0.0
510588,2024-06-16,8,Late,No Return,Unknown,0.0
510589,2024-11-08,4,On Time,Returned,Late Delivery,1937.74
510590,2024-03-23,2,On Time,No Return,Unknown,0.0
510591,2025-12-04,7,Late,No Return,Unknown,0.0
510592,2024-08-02,2,Late,No Return,Unknown,0.0
510593,2025-03-06,4,Late,No Return,Unknown,0.0
510594,2024-12-12,5,On Time,No Return,Unknown,0.0
510595,2024-12-28,4,On Time,Returned,Changed Mind,1154.49
510596,2025-11-12,3,On Time,No Return,Unknown,0.0
510597,2024-07-30,6,On Time,No Return,Unknown,0.0
510598,2024-12-05,4,On Time,No Return,Unknown,0.0
510599,2024-09-24,7,Late,No Return,Unknown,0.0
510600,2024-09-03,4,On Time,No Return,Unknown,0.0
510601,2025-08-11,7,Late,No Return,Unknown,0.0
510602,2025-01-30,1,On Time,No Return,Unknown,0.0
510603,2025-12-27,2,On Time,No Return,Unknown,0.0
510604,2024-12-06,4,Not Delivered,No Return,Unknown,0.0
510605,2024-10-07,2,Late,No Return,Unknown,0.0
510606,2024-09-11,6,On Time,No Return,Unknown,0.0
510607,2025-12-15,7,Late,No Return,Unknown,0.0
510608,2024-02-05,6,On Time,No Return,Unknown,0.0
510609,2024-05-15,5,On Time,No Return,Unknown,0.0
510610,2025-06-14,7,Late,No Return,Unknown,0.0
510611,2025-04-06,2,On Time,No Return,Unknown,0.0
510612,2025-02-06,8,Late,No Return,Unknown,0.0
510613,2025-06-16,5,Late,No Return,Unknown,0.0
510614,2025-02-24,8,Late,No Return,Unknown,0.0
510615,2024-05-03,7,Late,No Return,Unknown,0.0
510616,2024-05-31,3,On Time,No Return,Unknown,0.0
510617,2024-04-24,6,On Time,No Return,Unknown,0.0
510618,2024-08-27,4,On Time,No Return,Unknown,0.0
510619,2025-03-05,3,On Time,No Return,Unknown,0.0
510620,2025-06-03,3,Late,No Return,Unknown,0.0
510621,2024-07-03,5,On Time,No Return,Unknown,0.0
510622,2025-02-06,7,Late,No Return,Unknown,0.0
510623,2024-01-09,8,Late,No Return,Unknown,0.0
510624,2024-01-14,6,On Time,No Return,Unknown,0.0
510625,2024-06-01,9,Late,No Return,Unknown,0.0
510626,2025-10-23,7,Late,No Return,Unknown,0.0
510627,2024-10-03,2,Not Delivered,No Return,Unknown,0.0
510628,2025-11-02,7,Late,No Return,Unknown,0.0
510629,2024-10-16,3,On Time,No Return,Unknown,0.0
510630,2025-05-08,4,Late,No Return,Unknown,0.0
510631,2025-10-06,3,Late,No Return,Unknown,0.0
510632,2025-09-29,5,On Time,No Return,Unknown,0.0
510633,2025-07-30,6,On Time,No Return,Unknown,0.0
510634,2026-01-03,5,On Time,No Return,Unknown,0.0
510635,2024-02-04,4,On Time,No Return,Unknown,0.0
510636,2025-03-31,4,On Time,No Return,Unknown,0.0
510637,2024-09-07,7,Late,No Return,Unknown,0.0
510638,2024-05-24,5,Late,No Return,Unknown,0.0
510639,2025-02-08,4,Late,No Return,Unknown,0.0
510640,2025-12-31,6,On Time,No Return,Unknown,0.0
510641,2025-06-29,5,On Time,No Return,Unknown,0.0
510642,2024-06-21,9,Late,No Return,Unknown,0.0
510643,2024-04-19,6,On Time,No Return,Unknown,0.0
510644,2024-03-08,5,Late,No Return,Unknown,0.0
510645,2024-01-22,7,Late,No Return,Unknown,0.0
510646,2025-05-12,4,On Time,No Return,Unknown,0.0
510647,2024-07-02,5,On Time,No Return,Unknown,0.0
510648,2025-06-13,7,Late,No Return,Unknown,0.0
510649,2025-03-22,6,On Time,No Return,Unknown,0.0
510650,2025-06-15,7,Late,No Return,Unknown,0.0
510651,2026-01-03,7,Late,No Return,Unknown,0.0
510652,2025-05-11,9,Late,No Return,Unknown,0.0
510653,2024-11-13,7,Late,No Return,Unknown,0.0
510654,2025-07-30,2,Late,No Return,Unknown,0.0
510655,2024-05-16,7,Late,No Return,Unknown,0.0
510656,2025-04-15,5,On Time,No Return,Unknown,0.0
510657,2025-05-18,2,On Time,No Return,Unknown,0.0
510658,2024-09-22,3,On Time,No Return,Unknown,0.0
510659,2024-06-23,4,On Time,No Return,Unknown,0.0
510660,2025-02-17,8,Late,No Return,Unknown,0.0
510661,2025-12-08,6,On Time,No Return,Unknown,0.0
510662,2024-01-31,6,On Time,No Return,Unknown,0.0
510663,2025-03-30,6,On Time,Returned,Late Delivery,761.12
510664,2024-06-15,7,Late,No Return,Unknown,0.0
510665,2024-08-12,8,Late,No Return,Unknown,0.0
510666,2025-11-26,8,Late,No Return,Unknown,0.0
510667,2025-05-07,3,On Time,No Return,Unknown,0.0
510668,2024-10-13,7,Late,No Return,Unknown,0.0
510669,2024-03-25,4,Late,No Return,Unknown,0.0
510670,2024-05-08,4,On Time,No Return,Unknown,0.0
510671,2024-06-22,4,Not Delivered,No Return,Unknown,0.0
510672,2025-08-07,3,On Time,No Return,Unknown,0.0
510673,2025-08-19,7,Late,No Return,Unknown,0.0
510674,2024-04-06,7,Late,No Return,Unknown,0.0
510675,2025-01-17,3,On Time,No Return,Unknown,0.0
510676,2024-04-21,1,On Time,No Return,Unknown,0.0
510677,2024-06-16,4,On Time,No Return,Unknown,0.0
510678,2025-02-23,5,On Time,No Return,Unknown,0.0
510679,2025-10-08,7,Late,No Return,Unknown,0.0
510680,2024-06-08,5,On Time,No Return,Unknown,0.0
510681,2024-07-18,6,On Time,No Return,Unknown,0.0
510682,2025-04-26,6,On Time,No Return,Unknown,0.0
510683,2025-11-23,8,Late,No Return,Unknown,0.0
510684,2024-01-26,5,Late,Returned,Quality Issue,2392.68
510685,2024-04-26,8,Late,No Return,Unknown,0.0
510686,2025-02-07,5,Late,No Return,Unknown,0.0
510687,2024-05-13,5,On Time,No Return,Unknown,0.0
510688,2025-05-26,3,On Time,No Return,Unknown,0.0
510689,2024-10-14,8,Late,No Return,Unknown,0.0
510690,2025-03-07,5,On Time,No Return,Unknown,0.0
510691,2024-01-30,3,Late,No Return,Unknown,0.0
510692,2024-12-16,7,Late,No Return,Unknown,0.0
510693,2025-02-10,6,On Time,No Return,Unknown,0.0
510694,2025-09-01,6,On Time,No Return,Unknown,0.0
510695,2024-10-25,4,On Time,No Return,Unknown,0.0
510696,2025-07-25,5,On Time,No Return,Unknown,0.0
510697,2024-07-16,2,Late,Returned,Wrong Item,3625.76
510698,2024-06-09,5,On Time,No Return,Unknown,0.0
510699,2025-03-16,1,On Time,No Return,Unknown,0.0
510700,2024-04-14,4,Late,No Return,Unknown,0.0
510701,2025-05-16,2,Not Delivered,No Return,Unknown,0.0
510702,2024-10-19,8,Late,No Return,Unknown,0.0
510703,2024-03-14,5,Late,No Return,Unknown,0.0
510704,2025-01-26,6,On Time,No Return,Unknown,0.0
510705,2025-03-31,4,Late,No Return,Unknown,0.0
510706,2024-05-20,3,On Time,No Return,Unknown,0.0
510707,2024-09-12,8,Late,No Return,Unknown,0.0
510708,2024-04-18,6,On Time,No Return,Unknown,0.0
510709,2025-09-16,5,On Time,No Return,Unknown,0.0
510710,2025-12-16,4,Late,No Return,Unknown,0.0
510711,2025-05-30,6,On Time,No Return,Unknown,0.0
510712,2025-01-11,2,Late,No Return,Unknown,0.0
510713,2026-01-02,6,On Time,No Return,Unknown,0.0
510714,2024-06-10,7,Late,No Return,Unknown,0.0
510715,2024-04-02,6,On Time,No Return,Unknown,0.0
510716,2025-05-01,5,On Time,No Return,Unknown,0.0
510717,2024-07-31,4,Late,No Return,Unknown,0.0
510718,2024-06-29,3,Late,No Return,Unknown,0.0
510719,2025-08-11,3,On Time,No Return,Unknown,0.0
510720,2024-09-19,5,On Time,No Return,Unknown,0.0
510721,2024-10-04,5,Not Delivered,No Return,Unknown,0.0
510722,2024-01-28,4,On Time,No Return,Unknown,0.0
510723,2025-08-08,3,On Time,No Return,Unknown,0.0
510724,2025-08-23,6,On Time,No Return,Unknown,0.0
510725,2025-02-07,4,Late,No Return,Unknown,0.0
510726,2024-12-23,5,On Time,Returned,Damaged,2433.01
510727,2024-11-01,5,On Time,No Return,Unknown,0.0
510728,2024-01-15,5,Late,No Return,Unknown,0.0
510729,2024-02-13,1,On Time,No Return,Unknown,0.0
510730,2024-02-23,3,On Time,No Return,Unknown,0.0
510731,2025-12-22,3,On Time,No Return,Unknown,0.0
510732,2024-04-21,5,Late,Returned,Late Delivery,817.95
510733,2025-12-11,5,On Time,No Return,Unknown,0.0
510734,2024-08-25,3,On Time,No Return,Unknown,0.0
510735,2025-05-09,5,On Time,No Return,Unknown,0.0
510736,2025-11-09,4,Late,No Return,Unknown,0.0
510737,2025-04-23,4,Late,No Return,Unknown,0.0
510738,2025-08-06,3,On Time,No Return,Unknown,0.0
510739,2024-10-22,4,Late,Returned,Quality Issue,1811.14
510740,2025-05-01,6,On Time,No Return,Unknown,0.0
510741,2025-04-08,4,Late,No Return,Unknown,0.0
510742,2025-03-06,6,On Time,No Return,Unknown,0.0
510743,2024-11-30,6,On Time,No Return,Unknown,0.0
510744,2024-07-07,4,Late,No Return,Unknown,0.0
510745,2025-05-27,7,Late,No Return,Unknown,0.0
510746,2025-09-27,8,Late,Returned,Changed Mind,15430.56
510747,2025-04-23,1,On Time,No Return,Unknown,0.0
510748,2024-01-19,5,On Time,No Return,Unknown,0.0
510749,2025-12-31,4,Late,No Return,Unknown,0.0
510750,2024-04-10,8,Not Delivered,No Return,Unknown,0.0
510751,2024-07-05,7,Late,No Return,Unknown,0.0
510752,2025-07-26,7,Late,No Return,Unknown,0.0
510753,2024-11-07,7,Late,No Return,Unknown,0.0
510754,2025-04-24,5,Late,Returned,Changed Mind,3583.58
510755,2025-06-30,5,On Time,No Return,Unknown,0.0
510756,2025-06-11,4,Late,No Return,Unknown,0.0
510757,2024-04-27,7,Late,No Return,Unknown,0.0
510758,2025-02-24,6,On Time,No Return,Unknown,0.0
510759,2025-03-02,6,On Time,No Return,Unknown,0.0
510760,2025-02-21,7,Late,No Return,Unknown,0.0
510761,2025-09-20,5,On Time,No Return,Unknown,0.0
510762,2025-11-16,5,Late,No Return,Unknown,0.0
510763,2025-09-11,4,Not Delivered,No Return,Unknown,0.0
510764,2025-06-08,2,On Time,No Return,Unknown,0.0
510765,2024-11-27,3,On Time,Returned,Late Delivery,1557.78
510766,2024-09-29,1,On Time,No Return,Unknown,0.0
510767,2024-01-19,5,On Time,No Return,Unknown,0.0
510768,2024-06-29,6,On Time,No Return,Unknown,0.0
510769,2024-06-10,4,Late,No Return,Unknown,0.0
510770,2025-09-19,6,On Time,No Return,Unknown,0.0
510771,2025-10-30,5,On Time,Returned,Wrong Item,1499.55
510772,2024-08-25,4,Late,No Return,Unknown,0.0
510773,2024-05-25,5,On Time,No Return,Unknown,0.0
510774,2025-04-28,3,On Time,No Return,Unknown,0.0
510775,2024-05-02,4,Late,No Return,Unknown,0.0
510776,2025-01-25,9,Late,No Return,Unknown,0.0
510777,2025-06-10,6,On Time,No Return,Unknown,0.0
510778,2025-11-22,3,Not Delivered,No Return,Unknown,0.0
510779,2025-02-19,6,On Time,Returned,Changed Mind,2065.15
510780,2024-02-21,3,On Time,No Return,Unknown,0.0
510781,2025-01-12,8,Not Delivered,No Return,Unknown,0.0
510782,2024-12-04,6,On Time,Returned,Late Delivery,506.5
510783,2024-05-31,3,On Time,No Return,Unknown,0.0
510784,2024-06-09,4,On Time,No Return,Unknown,0.0
510785,2025-09-02,7,Not Delivered,No Return,Unknown,0.0
510786,2024-06-04,4,On Time,No Return,Unknown,0.0
510787,2025-04-09,4,On Time,No Return,Unknown,0.0
510788,2025-01-18,8,Late,No Return,Unknown,0.0
510789,2025-11-19,7,Late,No Return,Unknown,0.0
510790,2025-08-22,4,On Time,No Return,Unknown,0.0
510791,2025-03-04,4,Late,No Return,Unknown,0.0
510792,2024-02-23,6,On Time,Returned,Damaged,696.82
510793,2024-12-05,5,Late,No Return,Unknown,0.0
510794,2026-01-03,5,On Time,No Return,Unknown,0.0
510795,2025-08-17,6,On Time,No Return,Unknown,0.0
510796,2025-07-15,7,Late,No Return,Unknown,0.0
510797,2025-04-15,2,Late,No Return,Unknown,0.0
510798,2025-08-03,6,On Time,No Return,Unknown,0.0
510799,2024-09-06,5,On Time,No Return,Unknown,0.0
510800,2025-09-29,6,On Time,No Return,Unknown,0.0
510801,2024-09-22,4,On Time,No Return,Unknown,0.0
510802,2024-09-11,5,On Time,No Return,Unknown,0.0
510803,2025-05-15,4,Late,No Return,Unknown,0.0
510804,2024-02-24,3,On Time,No Return,Unknown,0.0
510805,2025-05-06,3,On Time,No Return,Unknown,0.0
510806,2024-05-26,5,Late,No Return,Unknown,0.0
510807,2025-01-10,4,Late,No Return,Unknown,0.0
510808,2024-09-10,3,On Time,Returned,Damaged,1923.01
510809,2024-11-14,5,On Time,No Return,Unknown,0.0
510810,2024-08-17,5,On Time,No Return,Unknown,0.0
510811,2025-10-29,3,On Time,No Return,Unknown,0.0
510812,2024-03-04,8,Late,No Return,Unknown,0.0
510813,2024-12-08,4,Late,No Return,Unknown,0.0
510814,2025-06-06,2,On Time,No Return,Unknown,0.0
510815,2025-05-20,6,On Time,No Return,Unknown,0.0
510816,2025-05-03,5,On Time,No Return,Unknown,0.0
510817,2024-06-15,3,On Time,No Return,Unknown,0.0
510818,2025-03-23,7,Late,No Return,Unknown,0.0
510819,2024-05-17,5,On Time,No Return,Unknown,0.0
510820,2024-03-29,8,Late,No Return,Unknown,0.0
510821,2024-12-21,6,On Time,No Return,Unknown,0.0
510822,2025-10-13,5,On Time,No Return,Unknown,0.0
510823,2024-05-15,2,Not Delivered,No Return,Unknown,0.0
510824,2024-02-26,5,On Time,No Return,Unknown,0.0
510825,2025-05-14,6,On Time,No Return,Unknown,0.0
510826,2024-07-25,5,On Time,No Return,Unknown,0.0
510827,2025-12-15,5,Late,No Return,Unknown,0.0
510828,2025-09-18,9,Late,No Return,Unknown,0.0
510829,2025-05-28,6,On Time,No Return,Unknown,0.0
510830,2024-01-20,6,On Time,No Return,Unknown,0.0
510831,2025-01-23,4,On Time,No Return,Unknown,0.0
510832,2025-12-25,2,Late,No Return,Unknown,0.0
510833,2024-07-27,8,Late,No Return,Unknown,0.0
510834,2024-06-18,5,Late,No Return,Unknown,0.0
510835,2025-07-18,4,On Time,No Return,Unknown,0.0
510836,2024-05-19,7,Late,No Return,Unknown,0.0
510837,2025-08-08,4,On Time,No Return,Unknown,0.0
510838,2024-05-04,6,On Time,No Return,Unknown,0.0
510839,2025-10-16,4,Late,No Return,Unknown,0.0
510840,2025-11-30,7,Late,No Return,Unknown,0.0
510841,2025-05-01,1,On Time,Returned,Changed Mind,3188.68
510842,2024-07-06,5,On Time,No Return,Unknown,0.0
510843,2025-04-08,6,On Time,No Return,Unknown,0.0
510844,2024-12-01,1,On Time,Returned,Wrong Item,927.83
510845,2025-07-18,3,On Time,No Return,Unknown,0.0
510846,2025-11-27,4,On Time,No Return,Unknown,0.0
510847,2025-10-01,3,On Time,No Return,Unknown,0.0
510848,2024-08-24,6,On Time,No Return,Unknown,0.0
510849,2024-11-09,3,On Time,No Return,Unknown,0.0
510850,2024-01-09,6,On Time,No Return,Unknown,0.0
510851,2025-11-22,7,Late,No Return,Unknown,0.0
510852,2024-03-24,3,On Time,Returned,Quality Issue,934.54
510853,2024-10-05,4,Late,No Return,Unknown,0.0
510854,2025-01-29,7,Late,No Return,Unknown,0.0
510855,2024-12-14,4,On Time,No Return,Unknown,0.0
510856,2024-08-10,4,Late,No Return,Unknown,0.0
510857,2025-10-18,5,On Time,Returned,Late Delivery,612.1
510858,2024-03-11,8,Late,No Return,Unknown,0.0
510859,2025-03-19,4,Late,No Return,Unknown,0.0
510860,2024-02-05,9,Late,No Return,Unknown,0.0
510861,2025-12-10,2,On Time,No Return,Unknown,0.0
510862,2025-01-18,3,On Time,No Return,Unknown,0.0
510863,2025-10-30,5,Late,No Return,Unknown,0.0
510864,2024-09-11,7,Late,No Return,Unknown,0.0
510865,2024-06-06,4,Late,No Return,Unknown,0.0
510866,2024-08-02,5,On Time,No Return,Unknown,0.0
510867,2024-01-30,8,Late,No Return,Unknown,0.0
510868,2025-08-11,7,Late,No Return,Unknown,0.0
510869,2024-01-25,6,Late,No Return,Unknown,0.0
510870,2025-05-28,5,On Time,No Return,Unknown,0.0
510871,2025-09-12,8,Late,No Return,Unknown,0.0
510872,2025-11-11,7,Not Delivered,No Return,Unknown,0.0
510873,2025-10-17,5,Late,No Return,Unknown,0.0
510874,2025-08-25,3,On Time,No Return,Unknown,0.0
510875,2025-03-08,4,Late,No Return,Unknown,0.0
510876,2024-02-10,4,On Time,No Return,Unknown,0.0
510877,2025-02-16,6,On Time,No Return,Unknown,0.0
510878,2025-03-03,4,Late,No Return,Unknown,0.0
510879,2025-11-18,5,On Time,No Return,Unknown,0.0
510880,2024-12-06,3,On Time,No Return,Unknown,0.0
510881,2024-10-04,7,Late,No Return,Unknown,0.0
510882,2025-10-17,4,On Time,No Return,Unknown,0.0
510883,2025-08-08,6,On Time,No Return,Unknown,0.0
510884,2025-08-07,5,Late,No Return,Unknown,0.0
510885,2025-11-17,6,On Time,No Return,Unknown,0.0
510886,2025-09-13,5,On Time,No Return,Unknown,0.0
510887,2025-04-14,8,Late,No Return,Unknown,0.0
510888,2024-11-12,2,Late,No Return,Unknown,0.0
510889,2024-03-03,5,On Time,No Return,Unknown,0.0
510890,2025-01-13,3,Not Delivered,No Return,Unknown,0.0
510891,2025-12-04,5,On Time,No Return,Unknown,0.0
510892,2025-04-07,7,Not Delivered,No Return,Unknown,0.0
510893,2025-02-16,6,On Time,No Return,Unknown,0.0
510894,2025-01-24,5,On Time,No Return,Unknown,0.0
510895,2024-03-01,5,On Time,No Return,Unknown,0.0
510896,2025-04-08,5,Late,No Return,Unknown,0.0
510897,2025-04-20,1,On Time,No Return,Unknown,0.0
510898,2025-05-31,1,On Time,No Return,Unknown,0.0
510899,2024-01-23,6,On Time,No Return,Unknown,0.0
510900,2025-03-13,5,On Time,No Return,Unknown,0.0
510901,2024-08-29,5,On Time,No Return,Unknown,0.0
510902,2024-11-07,5,On Time,No Return,Unknown,0.0
510903,2025-03-13,5,On Time,No Return,Unknown,0.0
510904,2024-01-31,7,Late,No Return,Unknown,0.0
510905,2024-10-31,5,On Time,No Return,Unknown,0.0
510906,2025-09-22,3,On Time,No Return,Unknown,0.0
510907,2024-08-28,3,On Time,No Return,Unknown,0.0
510908,2025-11-14,3,On Time,No Return,Unknown,0.0
510909,2025-05-11,5,On Time,No Return,Unknown,0.0
510910,2024-10-19,5,On Time,No Return,Unknown,0.0
510911,2025-02-25,7,Late,No Return,Unknown,0.0
510912,2025-02-09,6,Not Delivered,No Return,Unknown,0.0
510913,2025-02-23,4,Late,No Return,Unknown,0.0
510914,2025-05-01,4,On Time,No Return,Unknown,0.0
510915,2024-09-14,7,Late,No Return,Unknown,0.0
510916,2025-11-12,5,On Time,No Return,Unknown,0.0
510917,2025-02-07,4,Late,No Return,Unknown,0.0
510918,2024-05-26,6,On Time,No Return,Unknown,0.0
510919,2025-01-14,2,Late,No Return,Unknown,0.0
510920,2024-05-04,5,On Time,Returned,Quality Issue,4588.05
510921,2024-12-05,2,Not Delivered,No Return,Unknown,0.0
510922,2025-03-31,6,On Time,No Return,Unknown,0.0
510923,2024-06-15,6,Not Delivered,No Return,Unknown,0.0
510924,2024-04-17,3,On Time,No Return,Unknown,0.0
510925,2024-04-08,7,Late,No Return,Unknown,0.0
510926,2025-05-04,5,On Time,No Return,Unknown,0.0
510927,2025-02-26,4,On Time,No Return,Unknown,0.0
510928,2025-03-02,6,On Time,No Return,Unknown,0.0
510929,2025-12-21,5,On Time,No Return,Unknown,0.0
510930,2025-07-08,3,Not Delivered,No Return,Unknown,0.0
510931,2024-02-29,6,Not Delivered,No Return,Unknown,0.0
510932,2025-08-30,7,Late,No Return,Unknown,0.0
510933,2025-10-13,5,On Time,No Return,Unknown,0.0
510934,2025-05-31,3,On Time,No Return,Unknown,0.0
510935,2024-04-11,5,On Time,No Return,Unknown,0.0
510936,2025-07-25,4,Late,No Return,Unknown,0.0
510937,2025-09-30,3,On Time,No Return,Unknown,0.0
510938,2024-07-08,5,On Time,No Return,Unknown,0.0
510939,2025-03-14,6,On Time,No Return,Unknown,0.0
510940,2025-04-20,5,On Time,No Return,Unknown,0.0
510941,2024-05-07,3,On Time,No Return,Unknown,0.0
510942,2024-12-01,2,Late,No Return,Unknown,0.0
510943,2024-09-24,4,On Time,No Return,Unknown,0.0
510944,2024-07-13,4,Not Delivered,No Return,Unknown,0.0
510945,2025-12-31,4,Late,No Return,Unknown,0.0
510946,2024-08-16,8,Late,No Return,Unknown,0.0
510947,2024-07-21,4,On Time,Returned,Damaged,658.49
510948,2024-12-13,4,On Time,No Return,Unknown,0.0
510949,2024-06-29,7,Late,No Return,Unknown,0.0
510950,2024-08-10,6,On Time,No Return,Unknown,0.0
510951,2024-07-30,6,On Time,Returned,Quality Issue,1247.73
510952,2025-08-06,5,On Time,No Return,Unknown,0.0
510953,2025-01-10,3,On Time,No Return,Unknown,0.0
510954,2024-06-24,2,Late,No Return,Unknown,0.0
510955,2024-03-23,5,On Time,No Return,Unknown,0.0
510956,2024-11-25,7,Late,No Return,Unknown,0.0
510957,2025-07-09,2,On Time,No Return,Unknown,0.0
510958,2025-08-02,4,On Time,No Return,Unknown,0.0
510959,2025-01-24,6,On Time,No Return,Unknown,0.0
510960,2025-03-17,5,On Time,No Return,Unknown,0.0
510961,2024-07-21,4,Late,No Return,Unknown,0.0
510962,2025-08-28,4,Not Delivered,No Return,Unknown,0.0
510963,2024-01-10,3,On Time,No Return,Unknown,0.0
510964,2024-09-23,4,On Time,No Return,Unknown,0.0
510965,2025-09-30,5,Late,No Return,Unknown,0.0
510966,2025-11-08,2,Late,No Return,Unknown,0.0
510967,2025-09-27,8,Late,No Return,Unknown,0.0
510968,2025-06-11,3,On Time,No Return,Unknown,0.0
510969,2024-01-25,5,On Time,No Return,Unknown,0.0
510970,2025-12-19,6,Late,Returned,Quality Issue,271.05
510971,2024-09-14,4,Late,Returned,Quality Issue,1306.06
510972,2025-08-27,7,Late,Returned,Changed Mind,1265.75
510973,2024-07-02,4,On Time,No Return,Unknown,0.0
510974,2024-12-23,5,Late,No Return,Unknown,0.0
510975,2025-07-31,5,On Time,No Return,Unknown,0.0
510976,2026-01-02,6,On Time,No Return,Unknown,0.0
510977,2024-08-06,4,Late,No Return,Unknown,0.0
510978,2024-12-27,4,On Time,No Return,Unknown,0.0
510979,2025-08-28,4,Late,No Return,Unknown,0.0
510980,2025-09-02,3,Late,No Return,Unknown,0.0
510981,2025-07-29,3,On Time,No Return,Unknown,0.0
510982,2025-07-26,5,On Time,No Return,Unknown,0.0
510983,2024-08-13,6,On Time,No Return,Unknown,0.0
510984,2025-09-02,5,On Time,No Return,Unknown,0.0
510985,2025-07-11,6,On Time,No Return,Unknown,0.0
510986,2024-12-06,4,Late,No Return,Unknown,0.0
510987,2024-11-18,4,On Time,No Return,Unknown,0.0
510988,2025-04-14,4,On Time,No Return,Unknown,0.0
510989,2026-01-05,7,Late,No Return,Unknown,0.0
510990,2024-06-09,7,Late,No Return,Unknown,0.0
510991,2024-12-18,2,On Time,No Return,Unknown,0.0
510992,2024-03-06,4,Late,No Return,Unknown,0.0
510993,2025-04-11,7,Late,No Return,Unknown,0.0
510994,2024-09-02,6,Late,No Return,Unknown,0.0
510995,2024-07-13,5,On Time,No Return,Unknown,0.0
510996,2024-05-27,2,Late,Returned,Wrong Item,2711.42
510997,2025-06-10,5,Late,Returned,Wrong Item,713.0
510998,2024-10-22,4,Late,No Return,Unknown,0.0
510999,2025-10-06,3,On Time,No Return,Unknown,0.0
511000,2024-03-06,6,On Time,No Return,Unknown,0.0
511001,2025-04-22,5,On Time,No Return,Unknown,0.0
511002,2025-11-23,6,On Time,No Return,Unknown,0.0
511003,2024-03-17,4,Late,No Return,Unknown,0.0
511004,2024-08-30,4,On Time,No Return,Unknown,0.0
511005,2025-02-21,2,Late,No Return,Unknown,0.0
511006,2024-07-02,5,On Time,No Return,Unknown,0.0
511007,2024-03-10,3,On Time,No Return,Unknown,0.0
511008,2025-08-19,4,Late,No Return,Unknown,0.0
511009,2024-03-20,3,On Time,No Return,Unknown,0.0
511010,2024-09-11,7,Late,No Return,Unknown,0.0
511011,2025-12-12,5,On Time,No Return,Unknown,0.0
511012,2024-03-14,6,On Time,No Return,Unknown,0.0
511013,2025-07-23,2,Late,No Return,Unknown,0.0
511014,2024-04-11,3,On Time,No Return,Unknown,0.0
511015,2025-08-15,5,On Time,No Return,Unknown,0.0
511016,2025-08-09,9,Late,No Return,Unknown,0.0
511017,2025-07-05,7,Late,No Return,Unknown,0.0
511018,2025-06-29,4,Late,No Return,Unknown,0.0
511019,2025-06-28,7,Late,Returned,Damaged,314.9
511020,2025-12-29,7,Late,No Return,Unknown,0.0
511021,2024-11-23,4,Late,No Return,Unknown,0.0
511022,2024-05-09,7,Late,No Return,Unknown,0.0
511023,2024-02-05,3,On Time,No Return,Unknown,0.0
511024,2025-10-22,6,On Time,No Return,Unknown,0.0
511025,2024-05-27,3,On Time,No Return,Unknown,0.0
511026,2025-06-04,4,Late,No Return,Unknown,0.0
511027,2025-11-08,5,On Time,No Return,Unknown,0.0
511028,2024-11-13,8,Late,Returned,Wrong Item,6611.57
511029,2024-05-28,5,On Time,No Return,Unknown,0.0
511030,2025-11-01,7,Late,No Return,Unknown,0.0
511031,2025-06-05,5,On Time,No Return,Unknown,0.0
511032,2024-07-21,8,Late,No Return,Unknown,0.0
511033,2025-05-01,4,On Time,No Return,Unknown,0.0
511034,2025-09-30,2,On Time,No Return,Unknown,0.0
511035,2025-04-24,5,On Time,No Return,Unknown,0.0
511036,2025-08-17,7,Late,Returned,Changed Mind,20253.17
511037,2024-06-21,4,On Time,No Return,Unknown,0.0
511038,2026-01-02,4,Late,No Return,Unknown,0.0
511039,2024-07-08,7,Late,No Return,Unknown,0.0
511040,2024-04-28,6,On Time,No Return,Unknown,0.0
511041,2024-10-07,5,On Time,No Return,Unknown,0.0
511042,2025-04-26,6,On Time,No Return,Unknown,0.0
511043,2024-06-28,2,On Time,Returned,Quality Issue,318.67
511044,2025-09-30,2,On Time,No Return,Unknown,0.0
511045,2024-10-25,8,Late,No Return,Unknown,0.0
511046,2025-03-13,4,Late,No Return,Unknown,0.0
511047,2025-04-09,2,On Time,No Return,Unknown,0.0
511048,2025-02-26,6,On Time,No Return,Unknown,0.0
511049,2025-12-15,4,Late,No Return,Unknown,0.0
511050,2024-05-20,3,On Time,No Return,Unknown,0.0
511051,2025-05-10,7,Late,No Return,Unknown,0.0
511052,2026-01-02,3,On Time,No Return,Unknown,0.0
511053,2024-06-18,2,Late,No Return,Unknown,0.0
511054,2024-05-19,6,On Time,No Return,Unknown,0.0
511055,2024-06-12,3,On Time,No Return,Unknown,0.0
511056,2025-01-17,6,On Time,Returned,Late Delivery,767.07
511057,2024-11-29,4,Late,No Return,Unknown,0.0
511058,2025-02-04,6,On Time,No Return,Unknown,0.0
511059,2024-06-24,4,On Time,No Return,Unknown,0.0
511060,2025-04-18,4,Late,No Return,Unknown,0.0
511061,2025-02-28,3,Not Delivered,No Return,Unknown,0.0
511062,2024-09-13,1,On Time,No Return,Unknown,0.0
511063,2025-11-14,4,Not Delivered,No Return,Unknown,0.0
511064,2024-05-02,3,On Time,No Return,Unknown,0.0
511065,2024-01-21,2,Late,Returned,Damaged,1144.93
511066,2024-09-09,6,On Time,No Return,Unknown,0.0
511067,2024-07-28,5,Late,No Return,Unknown,0.0
511068,2025-03-01,6,On Time,Returned,Late Delivery,1517.9
511069,2024-03-10,3,On Time,Returned,Changed Mind,479.99
511070,2024-12-11,4,Late,No Return,Unknown,0.0
511071,2024-12-17,7,Late,No Return,Unknown,0.0
511072,2025-12-01,4,Late,No Return,Unknown,0.0
511073,2025-01-26,5,On Time,No Return,Unknown,0.0
511074,2024-12-11,4,Late,Returned,Damaged,3146.37
511075,2024-04-25,8,Late,No Return,Unknown,0.0
511076,2025-11-14,7,Late,No Return,Unknown,0.0
511077,2025-10-01,7,Late,No Return,Unknown,0.0
511078,2025-02-09,4,On Time,No Return,Unknown,0.0
511079,2025-08-23,5,On Time,No Return,Unknown,0.0
511080,2024-11-05,8,Late,Returned,Damaged,460.21
511081,2024-04-19,3,On Time,No Return,Unknown,0.0
511082,2025-10-01,5,On Time,No Return,Unknown,0.0
511083,2025-08-11,4,Late,Returned,Late Delivery,2922.48
511084,2025-04-27,6,On Time,No Return,Unknown,0.0
511085,2024-12-08,6,On Time,No Return,Unknown,0.0
511086,2025-04-09,5,On Time,No Return,Unknown,0.0
511087,2024-11-13,5,On Time,No Return,Unknown,0.0
511088,2024-06-10,8,Late,No Return,Unknown,0.0
511089,2025-09-06,6,On Time,No Return,Unknown,0.0
511090,2024-12-22,8,Late,No Return,Unknown,0.0
511091,2025-08-19,3,Not Delivered,No Return,Unknown,0.0
511092,2025-06-18,6,On Time,No Return,Unknown,0.0
511093,2024-11-01,6,On Time,Returned,Late Delivery,302.27
511094,2025-11-28,6,On Time,No Return,Unknown,0.0
511095,2025-12-31,3,On Time,No Return,Unknown,0.0
511096,2025-06-22,5,On Time,No Return,Unknown,0.0
511097,2024-08-28,5,Late,No Return,Unknown,0.0
511098,2024-08-03,5,Late,No Return,Unknown,0.0
511099,2024-10-15,3,On Time,No Return,Unknown,0.0
511100,2025-03-04,6,On Time,No Return,Unknown,0.0
511101,2025-12-26,7,Late,No Return,Unknown,0.0
511102,2025-05-12,4,Late,No Return,Unknown,0.0
511103,2025-02-28,6,On Time,No Return,Unknown,0.0
511104,2024-12-15,5,On Time,No Return,Unknown,0.0
511105,2025-06-09,3,On Time,No Return,Unknown,0.0
511106,2024-11-22,8,Late,No Return,Unknown,0.0
511107,2024-12-13,6,On Time,No Return,Unknown,0.0
511108,2025-01-20,7,Late,Returned,Damaged,845.53
511109,2025-07-03,4,Late,No Return,Unknown,0.0
511110,2025-09-30,6,On Time,No Return,Unknown,0.0
511111,2025-11-29,4,On Time,No Return,Unknown,0.0
511112,2025-08-15,3,Late,No Return,Unknown,0.0
511113,2025-09-30,4,Late,No Return,Unknown,0.0
511114,2024-07-30,4,Late,No Return,Unknown,0.0
511115,2024-07-07,3,On Time,Returned,Damaged,1219.8
511116,2024-01-20,3,On Time,No Return,Unknown,0.0
511117,2024-10-21,5,On Time,No Return,Unknown,0.0
511118,2024-09-17,7,Late,No Return,Unknown,0.0
511119,2025-09-09,7,Late,No Return,Unknown,0.0
511120,2025-03-27,6,On Time,No Return,Unknown,0.0
511121,2025-04-06,6,On Time,No Return,Unknown,0.0
511122,2024-06-01,6,On Time,No Return,Unknown,0.0
511123,2024-04-30,7,Late,No Return,Unknown,0.0
511124,2024-04-10,4,Late,No Return,Unknown,0.0
511125,2025-01-25,9,Late,No Return,Unknown,0.0
511126,2025-01-16,6,On Time,Returned,Changed Mind,999.86
511127,2025-05-24,4,On Time,No Return,Unknown,0.0
511128,2024-11-23,6,On Time,No Return,Unknown,0.0
511129,2024-11-28,5,On Time,No Return,Unknown,0.0
511130,2024-12-20,6,On Time,No Return,Unknown,0.0
511131,2024-06-24,6,On Time,No Return,Unknown,0.0
511132,2024-11-07,5,On Time,No Return,Unknown,0.0
511133,2024-07-20,3,On Time,No Return,Unknown,0.0
511134,2024-07-02,7,Late,No Return,Unknown,0.0
511135,2024-05-06,3,On Time,No Return,Unknown,0.0
511136,2024-06-08,3,On Time,No Return,Unknown,0.0
511137,2025-09-05,7,Late,No Return,Unknown,0.0
511138,2024-10-18,6,On Time,No Return,Unknown,0.0
511139,2025-09-10,8,Late,No Return,Unknown,0.0
511140,2024-08-28,6,On Time,No Return,Unknown,0.0
511141,2025-12-10,8,Late,No Return,Unknown,0.0
511142,2024-10-27,7,Late,Returned,Wrong Item,16425.9
511143,2024-01-23,5,On Time,No Return,Unknown,0.0
511144,2024-06-25,3,On Time,No Return,Unknown,0.0
511145,2025-02-09,3,On Time,No Return,Unknown,0.0
511146,2025-01-19,4,Late,No Return,Unknown,0.0
511147,2024-05-06,7,Late,No Return,Unknown,0.0
511148,2024-04-12,7,Late,No Return,Unknown,0.0
511149,2024-02-04,4,On Time,No Return,Unknown,0.0
511150,2024-04-11,5,On Time,No Return,Unknown,0.0
511151,2025-04-20,6,On Time,No Return,Unknown,0.0
511152,2025-12-13,8,Late,No Return,Unknown,0.0
511153,2024-02-20,5,On Time,No Return,Unknown,0.0
511154,2024-08-29,6,On Time,No Return,Unknown,0.0
511155,2025-07-21,7,Late,No Return,Unknown,0.0
511156,2024-12-08,6,On Time,No Return,Unknown,0.0
511157,2025-11-11,7,Late,No Return,Unknown,0.0
511158,2024-10-14,3,Not Delivered,No Return,Unknown,0.0
511159,2024-05-19,6,On Time,No Return,Unknown,0.0
511160,2025-12-01,6,On Time,No Return,Unknown,0.0
511161,2025-07-01,9,Late,No Return,Unknown,0.0
511162,2025-10-19,6,On Time,No Return,Unknown,0.0
511163,2024-09-21,5,Late,No Return,Unknown,0.0
511164,2025-05-23,6,On Time,No Return,Unknown,0.0
511165,2025-08-21,7,Late,No Return,Unknown,0.0
511166,2024-07-02,4,On Time,No Return,Unknown,0.0
511167,2024-09-28,5,On Time,Returned,Damaged,580.27
511168,2025-07-21,4,Late,Returned,Damaged,1881.64
511169,2024-03-31,7,Late,No Return,Unknown,0.0
511170,2025-02-19,6,On Time,Returned,Changed Mind,2266.53
511171,2024-06-09,5,On Time,No Return,Unknown,0.0
511172,2025-05-10,6,On Time,No Return,Unknown,0.0
511173,2024-11-27,4,Late,No Return,Unknown,0.0
511174,2025-09-14,7,Late,Returned,Late Delivery,11945.18
511175,2024-12-18,7,Late,No Return,Unknown,0.0
511176,2024-04-11,5,On Time,No Return,Unknown,0.0
511177,2025-10-03,5,Not Delivered,No Return,Unknown,0.0
511178,2024-07-08,7,Late,No Return,Unknown,0.0
511179,2024-11-28,6,On Time,No Return,Unknown,0.0
511180,2025-07-25,6,Not Delivered,No Return,Unknown,0.0
511181,2025-11-13,7,Late,No Return,Unknown,0.0
511182,2025-10-28,6,Not Delivered,No Return,Unknown,0.0
511183,2025-01-16,4,Late,No Return,Unknown,0.0
511184,2024-03-31,4,Late,No Return,Unknown,0.0
511185,2025-11-09,5,On Time,No Return,Unknown,0.0
511186,2025-11-12,2,On Time,No Return,Unknown,0.0
511187,2024-05-20,6,On Time,No Return,Unknown,0.0
511188,2024-04-05,6,On Time,No Return,Unknown,0.0
511189,2025-05-08,6,On Time,No Return,Unknown,0.0
511190,2025-08-19,4,On Time,No Return,Unknown,0.0
511191,2024-04-02,4,On Time,No Return,Unknown,0.0
511192,2024-10-23,4,Late,No Return,Unknown,0.0
511193,2025-03-27,6,On Time,No Return,Unknown,0.0
511194,2025-02-06,4,Late,No Return,Unknown,0.0
511195,2025-05-30,2,On Time,Returned,Quality Issue,736.63
511196,2025-02-02,4,Late,No Return,Unknown,0.0
511197,2024-01-21,4,Late,No Return,Unknown,0.0
511198,2025-12-12,4,Late,No Return,Unknown,0.0
511199,2025-09-30,7,Late,No Return,Unknown,0.0
511200,2024-09-02,4,Late,No Return,Unknown,0.0
511201,2025-11-21,5,Late,No Return,Unknown,0.0
511202,2025-07-02,5,Late,No Return,Unknown,0.0
511203,2025-12-12,5,Late,No Return,Unknown,0.0
511204,2024-01-08,4,On Time,No Return,Unknown,0.0
511205,2024-10-13,6,Not Delivered,No Return,Unknown,0.0
511206,2025-06-19,3,On Time,No Return,Unknown,0.0
511207,2025-04-23,8,Late,No Return,Unknown,0.0
511208,2024-08-28,3,On Time,No Return,Unknown,0.0
511209,2025-09-03,7,Late,No Return,Unknown,0.0
511210,2025-04-25,3,On Time,Returned,Late Delivery,468.24
511211,2024-04-03,5,On Time,No Return,Unknown,0.0
511212,2024-04-28,6,On Time,No Return,Unknown,0.0
511213,2025-09-06,5,On Time,No Return,Unknown,0.0
511214,2024-05-27,6,Not Delivered,No Return,Unknown,0.0
511215,2025-10-28,5,On Time,No Return,Unknown,0.0
511216,2025-07-17,4,On Time,No Return,Unknown,0.0
511217,2024-02-25,5,On Time,No Return,Unknown,0.0
511218,2024-07-31,5,On Time,No Return,Unknown,0.0
511219,2025-06-08,2,Late,No Return,Unknown,0.0
511220,2025-05-27,5,On Time,No Return,Unknown,0.0
511221,2024-09-30,4,On Time,No Return,Unknown,0.0
511222,2024-09-24,5,On Time,No Return,Unknown,0.0
511223,2025-12-15,6,On Time,No Return,Unknown,0.0
511224,2024-07-11,7,Late,No Return,Unknown,0.0
511225,2024-08-12,4,On Time,No Return,Unknown,0.0
511226,2024-03-26,5,Late,No Return,Unknown,0.0
511227,2025-02-17,5,Late,No Return,Unknown,0.0
511228,2025-11-16,4,Late,No Return,Unknown,0.0
511229,2024-03-28,2,On Time,No Return,Unknown,0.0
511230,2025-07-17,8,Late,No Return,Unknown,0.0
511231,2024-04-17,4,Late,No Return,Unknown,0.0
511232,2024-10-15,5,On Time,No Return,Unknown,0.0
511233,2025-04-08,4,Late,No Return,Unknown,0.0
511234,2025-12-01,1,On Time,No Return,Unknown,0.0
511235,2025-04-11,6,On Time,Returned,Wrong Item,322.89
511236,2024-05-05,5,Late,Returned,Quality Issue,13451.5
511237,2025-10-27,5,On Time,No Return,Unknown,0.0
511238,2024-12-22,5,On Time,No Return,Unknown,0.0
511239,2025-03-19,4,Late,No Return,Unknown,0.0
511240,2025-07-26,4,Late,No Return,Unknown,0.0
511241,2024-07-10,3,On Time,No Return,Unknown,0.0
511242,2025-07-10,7,Late,No Return,Unknown,0.0
511243,2025-12-19,6,On Time,No Return,Unknown,0.0
511244,2024-08-18,2,Late,No Return,Unknown,0.0
511245,2025-01-25,5,Not Delivered,No Return,Unknown,0.0
511246,2024-05-14,4,On Time,No Return,Unknown,0.0
511247,2024-06-23,4,Late,No Return,Unknown,0.0
511248,2024-12-02,7,Late,No Return,Unknown,0.0
511249,2024-02-07,3,Not Delivered,No Return,Unknown,0.0
511250,2024-07-24,5,On Time,No Return,Unknown,0.0
511251,2024-06-21,5,Late,No Return,Unknown,0.0
511252,2025-05-26,3,On Time,No Return,Unknown,0.0
511253,2025-05-31,6,On Time,Returned,Damaged,496.02
511254,2024-09-08,6,On Time,No Return,Unknown,0.0
511255,2024-08-14,3,On Time,No Return,Unknown,0.0
511256,2024-12-11,5,Late,No Return,Unknown,0.0
511257,2025-07-28,5,On Time,No Return,Unknown,0.0
511258,2025-06-28,8,Late,No Return,Unknown,0.0
511259,2025-03-22,7,Late,No Return,Unknown,0.0
511260,2025-07-04,7,Late,No Return,Unknown,0.0
511261,2025-09-20,7,Late,No Return,Unknown,0.0
511262,2025-09-09,5,On Time,Returned,Quality Issue,4831.07
511263,2024-06-03,5,On Time,No Return,Unknown,0.0
511264,2025-12-09,4,Late,No Return,Unknown,0.0
511265,2025-09-17,5,Late,No Return,Unknown,0.0
511266,2024-12-27,6,On Time,No Return,Unknown,0.0
511267,2025-06-18,2,Late,No Return,Unknown,0.0
511268,2025-01-13,6,On Time,No Return,Unknown,0.0
511269,2025-02-20,5,On Time,No Return,Unknown,0.0
511270,2024-09-17,9,Late,No Return,Unknown,0.0
511271,2024-01-19,5,On Time,No Return,Unknown,0.0
511272,2024-08-07,5,Not Delivered,No Return,Unknown,0.0
511273,2025-06-22,3,Late,No Return,Unknown,0.0
511274,2024-01-25,5,On Time,No Return,Unknown,0.0
511275,2025-05-07,5,On Time,No Return,Unknown,0.0
511276,2025-12-19,5,On Time,No Return,Unknown,0.0
511277,2025-03-17,6,On Time,No Return,Unknown,0.0
511278,2024-11-20,4,On Time,No Return,Unknown,0.0
511279,2024-02-24,3,On Time,No Return,Unknown,0.0
511280,2024-12-27,5,On Time,No Return,Unknown,0.0
511281,2025-12-04,6,On Time,No Return,Unknown,0.0
511282,2025-12-23,4,On Time,No Return,Unknown,0.0
511283,2025-09-03,5,On Time,Returned,Wrong Item,576.48
511284,2024-12-19,6,On Time,No Return,Unknown,0.0
511285,2024-11-27,6,On Time,No Return,Unknown,0.0
511286,2025-06-14,4,On Time,Returned,Damaged,8019.37
511287,2025-11-22,5,On Time,No Return,Unknown,0.0
511288,2024-08-11,5,On Time,No Return,Unknown,0.0
511289,2025-06-10,5,On Time,No Return,Unknown,0.0
511290,2025-02-13,5,On Time,No Return,Unknown,0.0
511291,2024-01-25,6,On Time,No Return,Unknown,0.0
511292,2025-08-04,2,On Time,No Return,Unknown,0.0
511293,2024-10-26,6,On Time,No Return,Unknown,0.0
511294,2024-01-19,4,On Time,Returned,Quality Issue,1123.25
511295,2024-11-27,6,On Time,No Return,Unknown,0.0
511296,2025-09-21,4,Late,No Return,Unknown,0.0
511297,2024-06-12,6,On Time,No Return,Unknown,0.0
511298,2024-04-16,3,On Time,Returned,Changed Mind,865.01
511299,2025-08-22,2,On Time,No Return,Unknown,0.0
511300,2025-09-01,4,On Time,Returned,Damaged,1511.42
511301,2025-11-20,4,Late,No Return,Unknown,0.0
511302,2024-10-13,5,On Time,No Return,Unknown,0.0
511303,2024-05-30,4,On Time,No Return,Unknown,0.0
511304,2025-06-02,5,On Time,No Return,Unknown,0.0
511305,2024-03-14,6,On Time,No Return,Unknown,0.0
511306,2025-05-26,8,Late,No Return,Unknown,0.0
511307,2024-03-11,2,On Time,No Return,Unknown,0.0
511308,2025-07-16,4,Late,Returned,Changed Mind,7934.92
511309,2025-02-20,4,On Time,No Return,Unknown,0.0
511310,2024-03-09,5,On Time,No Return,Unknown,0.0
511311,2025-08-18,4,On Time,No Return,Unknown,0.0
511312,2024-08-31,7,Late,No Return,Unknown,0.0
511313,2025-02-06,7,Not Delivered,No Return,Unknown,0.0
511314,2024-05-27,9,Late,No Return,Unknown,0.0
511315,2024-11-17,6,On Time,Returned,Quality Issue,4371.1
511316,2025-10-31,4,Late,No Return,Unknown,0.0
511317,2025-03-01,3,On Time,No Return,Unknown,0.0
511318,2024-05-13,2,On Time,Returned,Damaged,1718.84
511319,2024-08-18,5,On Time,No Return,Unknown,0.0
511320,2025-09-02,7,Late,No Return,Unknown,0.0
511321,2025-04-21,4,On Time,No Return,Unknown,0.0
511322,2024-05-05,8,Late,No Return,Unknown,0.0
511323,2025-10-03,4,On Time,No Return,Unknown,0.0
511324,2024-12-08,4,Late,No Return,Unknown,0.0
511325,2025-02-27,5,On Time,No Return,Unknown,0.0
511326,2025-03-15,5,On Time,No Return,Unknown,0.0
511327,2024-07-01,4,Late,No Return,Unknown,0.0
511328,2025-04-14,8,Late,No Return,Unknown,0.0
511329,2025-08-20,1,On Time,No Return,Unknown,0.0
511330,2025-11-10,4,Late,No Return,Unknown,0.0
511331,2025-12-24,6,On Time,No Return,Unknown,0.0
511332,2024-04-16,3,On Time,No Return,Unknown,0.0
511333,2024-04-28,5,On Time,No Return,Unknown,0.0
511334,2025-12-06,6,On Time,No Return,Unknown,0.0
511335,2024-10-04,7,Late,No Return,Unknown,0.0
511336,2025-07-20,4,On Time,No Return,Unknown,0.0
511337,2024-11-07,6,On Time,No Return,Unknown,0.0
511338,2025-09-19,5,On Time,No Return,Unknown,0.0
511339,2024-03-02,7,Late,No Return,Unknown,0.0
511340,2025-06-09,2,Late,No Return,Unknown,0.0
511341,2025-03-14,5,On Time,Returned,Quality Issue,1567.58
511342,2024-07-09,1,Not Delivered,No Return,Unknown,0.0
511343,2025-01-27,4,Late,No Return,Unknown,0.0
511344,2025-11-03,6,On Time,No Return,Unknown,0.0
511345,2024-12-03,3,On Time,Returned,Wrong Item,2704.22
511346,2024-12-17,6,On Time,No Return,Unknown,0.0
511347,2024-09-24,3,On Time,No Return,Unknown,0.0
511348,2024-04-16,3,On Time,No Return,Unknown,0.0
511349,2025-11-09,4,On Time,No Return,Unknown,0.0
511350,2024-05-26,6,On Time,No Return,Unknown,0.0
511351,2025-07-13,4,Late,No Return,Unknown,0.0
511352,2024-09-04,9,Late,Returned,Late Delivery,356.4
511353,2025-03-11,6,On Time,No Return,Unknown,0.0
511354,2025-09-07,7,Late,No Return,Unknown,0.0
511355,2024-04-15,8,Late,No Return,Unknown,0.0
511356,2025-04-08,3,On Time,No Return,Unknown,0.0
511357,2025-07-23,5,On Time,No Return,Unknown,0.0
511358,2025-09-17,5,On Time,No Return,Unknown,0.0
511359,2024-09-18,5,On Time,No Return,Unknown,0.0
511360,2024-01-16,5,On Time,No Return,Unknown,0.0
511361,2024-06-29,3,On Time,No Return,Unknown,0.0
511362,2025-02-03,7,Late,No Return,Unknown,0.0
511363,2024-10-24,4,Late,No Return,Unknown,0.0
511364,2025-02-05,5,On Time,No Return,Unknown,0.0
511365,2025-01-27,4,Late,Returned,Late Delivery,2948.68
511366,2025-06-26,6,On Time,No Return,Unknown,0.0
511367,2025-10-07,8,Late,No Return,Unknown,0.0
511368,2024-09-27,5,Late,No Return,Unknown,0.0
511369,2024-05-17,5,On Time,No Return,Unknown,0.0
511370,2024-10-07,3,On Time,No Return,Unknown,0.0
511371,2025-07-14,7,Late,No Return,Unknown,0.0
511372,2024-04-17,7,Late,No Return,Unknown,0.0
511373,2025-02-12,5,Late,No Return,Unknown,0.0
511374,2024-10-14,4,Late,No Return,Unknown,0.0
511375,2024-10-08,5,On Time,Returned,Late Delivery,4945.28
511376,2024-05-23,5,Late,No Return,Unknown,0.0
511377,2024-08-12,4,Late,No Return,Unknown,0.0
511378,2024-03-13,4,Late,No Return,Unknown,0.0
511379,2024-06-30,5,Late,No Return,Unknown,0.0
511380,2025-01-10,3,Late,No Return,Unknown,0.0
511381,2025-12-15,6,On Time,No Return,Unknown,0.0
511382,2025-07-01,3,On Time,No Return,Unknown,0.0
511383,2024-10-31,4,On Time,No Return,Unknown,0.0
511384,2024-08-17,2,On Time,No Return,Unknown,0.0
511385,2025-10-15,6,On Time,No Return,Unknown,0.0
511386,2025-01-12,6,On Time,Returned,Late Delivery,488.04
511387,2025-10-15,8,Late,No Return,Unknown,0.0
511388,2025-02-04,2,Late,No Return,Unknown,0.0
511389,2024-05-28,6,On Time,No Return,Unknown,0.0
511390,2024-05-20,4,On Time,No Return,Unknown,0.0
511391,2025-08-01,6,On Time,No Return,Unknown,0.0
511392,2024-02-29,4,Late,No Return,Unknown,0.0
511393,2025-10-08,2,Late,No Return,Unknown,0.0
511394,2025-01-18,2,Late,Returned,Changed Mind,2830.23
511395,2025-04-21,6,On Time,No Return,Unknown,0.0
511396,2024-07-31,5,On Time,No Return,Unknown,0.0
511397,2025-10-04,5,On Time,No Return,Unknown,0.0
511398,2025-10-02,6,On Time,No Return,Unknown,0.0
511399,2024-02-08,4,Late,No Return,Unknown,0.0
511400,2024-09-27,5,Late,No Return,Unknown,0.0
511401,2025-08-29,4,Late,No Return,Unknown,0.0
511402,2024-01-25,4,Late,No Return,Unknown,0.0
511403,2024-05-23,4,On Time,No Return,Unknown,0.0
511404,2024-09-25,4,Late,No Return,Unknown,0.0
511405,2025-02-09,6,On Time,No Return,Unknown,0.0
511406,2025-04-09,8,Late,No Return,Unknown,0.0
511407,2024-05-05,6,On Time,No Return,Unknown,0.0
511408,2025-01-23,6,Not Delivered,No Return,Unknown,0.0
511409,2025-06-24,6,On Time,No Return,Unknown,0.0
511410,2024-02-13,5,On Time,No Return,Unknown,0.0
511411,2025-10-04,3,On Time,No Return,Unknown,0.0
511412,2024-01-25,3,On Time,No Return,Unknown,0.0
511413,2025-07-26,6,On Time,No Return,Unknown,0.0
511414,2024-02-21,5,On Time,No Return,Unknown,0.0
511415,2025-06-25,3,On Time,No Return,Unknown,0.0
511416,2025-01-23,5,Late,No Return,Unknown,0.0
511417,2025-05-01,5,On Time,No Return,Unknown,0.0
511418,2024-02-20,3,On Time,No Return,Unknown,0.0
511419,2025-11-14,5,Late,No Return,Unknown,0.0
511420,2024-03-23,2,Late,No Return,Unknown,0.0
511421,2025-09-26,5,On Time,No Return,Unknown,0.0
511422,2024-02-22,8,Late,No Return,Unknown,0.0
511423,2024-10-07,6,On Time,No Return,Unknown,0.0
511424,2025-11-26,3,On Time,No Return,Unknown,0.0
511425,2024-11-09,3,Late,No Return,Unknown,0.0
511426,2024-08-25,6,On Time,No Return,Unknown,0.0
511427,2024-03-31,5,On Time,No Return,Unknown,0.0
511428,2024-04-16,2,Late,No Return,Unknown,0.0
511429,2024-06-29,4,On Time,Returned,Changed Mind,5952.43
511430,2025-08-18,6,On Time,No Return,Unknown,0.0
511431,2025-10-05,6,On Time,No Return,Unknown,0.0
511432,2024-07-10,3,On Time,No Return,Unknown,0.0
511433,2024-03-06,6,On Time,Returned,Damaged,3373.5
511434,2024-08-12,5,On Time,No Return,Unknown,0.0
511435,2025-08-14,4,Late,No Return,Unknown,0.0
511436,2025-08-30,5,On Time,No Return,Unknown,0.0
511437,2024-04-29,4,On Time,No Return,Unknown,0.0
511438,2025-04-19,5,On Time,No Return,Unknown,0.0
511439,2024-06-18,3,On Time,No Return,Unknown,0.0
511440,2025-10-05,6,On Time,No Return,Unknown,0.0
511441,2025-03-25,5,On Time,No Return,Unknown,0.0
511442,2024-08-26,6,On Time,Returned,Quality Issue,379.18
511443,2024-04-28,5,On Time,No Return,Unknown,0.0
511444,2025-05-26,4,Late,No Return,Unknown,0.0
511445,2025-09-06,3,Late,No Return,Unknown,0.0
511446,2024-06-06,7,Late,No Return,Unknown,0.0
511447,2025-08-12,6,On Time,No Return,Unknown,0.0
511448,2025-01-08,4,On Time,No Return,Unknown,0.0
511449,2024-12-17,3,On Time,Returned,Damaged,2235.51
511450,2024-06-22,7,Late,No Return,Unknown,0.0
511451,2024-03-16,4,On Time,No Return,Unknown,0.0
511452,2024-12-24,6,On Time,No Return,Unknown,0.0
511453,2024-01-15,4,Late,No Return,Unknown,0.0
511454,2025-10-04,5,Late,Returned,Damaged,1552.45
511455,2024-06-08,7,Late,No Return,Unknown,0.0
511456,2024-06-12,2,On Time,No Return,Unknown,0.0
511457,2025-01-24,4,On Time,No Return,Unknown,0.0
511458,2025-11-25,4,Late,No Return,Unknown,0.0
511459,2024-05-28,5,On Time,No Return,Unknown,0.0
511460,2024-05-23,5,On Time,No Return,Unknown,0.0
511461,2024-08-01,8,Late,No Return,Unknown,0.0
511462,2024-04-10,5,On Time,No Return,Unknown,0.0
511463,2026-01-02,7,Late,No Return,Unknown,0.0
511464,2025-08-07,4,On Time,No Return,Unknown,0.0
511465,2024-12-27,6,On Time,No Return,Unknown,0.0
511466,2025-04-19,4,Late,No Return,Unknown,0.0
511467,2024-11-17,4,On Time,No Return,Unknown,0.0
511468,2025-05-30,4,On Time,No Return,Unknown,0.0
511469,2024-01-23,4,Late,No Return,Unknown,0.0
511470,2025-02-22,6,On Time,No Return,Unknown,0.0
511471,2025-02-16,6,On Time,Returned,Damaged,2078.55
511472,2025-02-11,6,On Time,No Return,Unknown,0.0
511473,2024-04-16,6,On Time,No Return,Unknown,0.0
511474,2025-08-21,6,On Time,No Return,Unknown,0.0
511475,2025-12-02,7,Late,No Return,Unknown,0.0
511476,2024-01-21,3,On Time,No Return,Unknown,0.0
511477,2024-06-08,5,On Time,No Return,Unknown,0.0
511478,2024-05-16,8,Late,No Return,Unknown,0.0
511479,2024-11-12,2,On Time,No Return,Unknown,0.0
511480,2025-01-05,5,Late,No Return,Unknown,0.0
511481,2025-04-13,7,Late,No Return,Unknown,0.0
511482,2024-06-15,6,On Time,No Return,Unknown,0.0
511483,2025-09-26,4,Late,Returned,Wrong Item,526.63
511484,2025-01-15,5,On Time,No Return,Unknown,0.0
511485,2024-12-02,5,Late,No Return,Unknown,0.0
511486,2025-11-21,6,On Time,No Return,Unknown,0.0
511487,2025-10-31,5,On Time,No Return,Unknown,0.0
511488,2024-01-22,2,On Time,No Return,Unknown,0.0
511489,2025-07-02,3,Late,No Return,Unknown,0.0
511490,2025-08-01,7,Late,Returned,Changed Mind,5736.08
511491,2025-04-12,6,On Time,No Return,Unknown,0.0
511492,2024-06-15,9,Late,No Return,Unknown,0.0
511493,2025-01-03,5,On Time,No Return,Unknown,0.0
511494,2025-12-23,5,Not Delivered,No Return,Unknown,0.0
511495,2025-08-31,4,Late,No Return,Unknown,0.0
511496,2026-01-06,7,Late,No Return,Unknown,0.0
511497,2024-11-25,7,Late,No Return,Unknown,0.0
511498,2024-04-04,6,On Time,No Return,Unknown,0.0
511499,2024-06-29,8,Late,No Return,Unknown,0.0
511500,2024-02-17,8,Late,No Return,Unknown,0.0
511501,2024-07-24,3,Not Delivered,No Return,Unknown,0.0
511502,2025-07-15,3,On Time,No Return,Unknown,0.0
511503,2024-09-04,5,On Time,No Return,Unknown,0.0
511504,2025-05-24,4,Late,No Return,Unknown,0.0
511505,2024-04-01,4,Late,No Return,Unknown,0.0
511506,2025-11-03,4,Late,No Return,Unknown,0.0
511507,2025-11-09,5,On Time,No Return,Unknown,0.0
511508,2025-06-21,6,On Time,No Return,Unknown,0.0
511509,2025-10-25,4,Late,No Return,Unknown,0.0
511510,2025-12-18,5,On Time,No Return,Unknown,0.0
511511,2024-06-04,5,On Time,No Return,Unknown,0.0
511512,2024-04-14,5,On Time,No Return,Unknown,0.0
511513,2024-09-08,5,Not Delivered,No Return,Unknown,0.0
511514,2025-09-20,4,Late,No Return,Unknown,0.0
511515,2026-01-07,7,Late,No Return,Unknown,0.0
511516,2025-06-23,3,On Time,No Return,Unknown,0.0
511517,2025-05-16,6,On Time,No Return,Unknown,0.0
511518,2024-10-19,4,Late,No Return,Unknown,0.0
511519,2025-02-21,3,Late,No Return,Unknown,0.0
511520,2025-09-13,7,Late,Returned,Quality Issue,1327.94
511521,2024-03-23,4,Late,No Return,Unknown,0.0
511522,2025-01-26,7,Late,No Return,Unknown,0.0
511523,2025-03-19,6,On Time,No Return,Unknown,0.0
511524,2025-06-13,2,Not Delivered,No Return,Unknown,0.0
511525,2024-12-11,5,On Time,Returned,Late Delivery,2281.94
511526,2024-03-04,5,On Time,No Return,Unknown,0.0
511527,2025-12-11,5,On Time,No Return,Unknown,0.0
511528,2025-10-01,3,On Time,No Return,Unknown,0.0
511529,2025-07-02,5,On Time,No Return,Unknown,0.0
511530,2025-11-27,7,Late,Returned,Wrong Item,913.74
511531,2024-08-13,7,Late,No Return,Unknown,0.0
511532,2024-04-13,4,Late,No Return,Unknown,0.0
511533,2024-04-18,6,On Time,No Return,Unknown,0.0
511534,2025-09-26,5,Late,No Return,Unknown,0.0
511535,2024-05-03,5,On Time,No Return,Unknown,0.0
511536,2024-01-12,5,On Time,No Return,Unknown,0.0
511537,2025-01-28,6,On Time,No Return,Unknown,0.0
511538,2025-04-27,5,On Time,No Return,Unknown,0.0
511539,2025-06-10,5,On Time,No Return,Unknown,0.0
511540,2024-10-12,5,On Time,No Return,Unknown,0.0
511541,2024-02-15,4,On Time,No Return,Unknown,0.0
511542,2025-07-17,5,On Time,No Return,Unknown,0.0
511543,2024-04-08,3,On Time,No Return,Unknown,0.0
511544,2025-05-23,5,On Time,No Return,Unknown,0.0
511545,2024-09-08,6,On Time,No Return,Unknown,0.0
511546,2024-08-17,6,On Time,No Return,Unknown,0.0
511547,2024-04-30,7,Late,No Return,Unknown,0.0
511548,2025-07-01,4,Late,Returned,Changed Mind,1850.55
511549,2024-11-30,5,Late,Returned,Late Delivery,1880.18
511550,2025-05-22,5,Late,No Return,Unknown,0.0
511551,2024-06-06,5,On Time,No Return,Unknown,0.0
511552,2024-08-08,4,On Time,No Return,Unknown,0.0
511553,2025-05-08,5,Late,No Return,Unknown,0.0
511554,2024-10-01,3,On Time,No Return,Unknown,0.0
511555,2025-02-06,3,On Time,No Return,Unknown,0.0
511556,2024-12-19,4,Not Delivered,No Return,Unknown,0.0
511557,2025-02-28,3,On Time,No Return,Unknown,0.0
511558,2024-09-24,7,Late,No Return,Unknown,0.0
511559,2025-06-08,6,On Time,No Return,Unknown,0.0
511560,2025-12-22,5,On Time,No Return,Unknown,0.0
511561,2024-09-25,5,On Time,No Return,Unknown,0.0
511562,2024-11-20,7,Late,No Return,Unknown,0.0
511563,2025-12-19,5,Late,No Return,Unknown,0.0
511564,2024-05-02,7,Late,No Return,Unknown,0.0
511565,2024-07-31,1,On Time,No Return,Unknown,0.0
511566,2024-06-13,5,On Time,No Return,Unknown,0.0
511567,2025-04-26,5,On Time,No Return,Unknown,0.0
511568,2025-10-06,4,Late,No Return,Unknown,0.0
511569,2024-06-01,5,On Time,No Return,Unknown,0.0
511570,2025-03-27,5,On Time,No Return,Unknown,0.0
511571,2024-03-24,6,On Time,No Return,Unknown,0.0
511572,2024-09-21,3,On Time,No Return,Unknown,0.0
511573,2024-02-25,4,On Time,No Return,Unknown,0.0
511574,2024-09-20,6,On Time,No Return,Unknown,0.0
511575,2025-07-07,3,On Time,No Return,Unknown,0.0
511576,2024-09-09,5,Late,No Return,Unknown,0.0
511577,2024-10-19,5,On Time,No Return,Unknown,0.0
511578,2024-09-15,5,On Time,No Return,Unknown,0.0
511579,2025-09-23,4,Late,No Return,Unknown,0.0
511580,2025-12-13,4,On Time,No Return,Unknown,0.0
511581,2024-08-06,5,Late,No Return,Unknown,0.0
511582,2024-04-05,4,Late,No Return,Unknown,0.0
511583,2025-06-30,3,On Time,Returned,Damaged,889.2
511584,2025-08-30,3,On Time,No Return,Unknown,0.0
511585,2024-08-25,6,On Time,No Return,Unknown,0.0
511586,2025-10-11,7,Late,No Return,Unknown,0.0
511587,2024-01-17,4,On Time,No Return,Unknown,0.0
511588,2025-06-22,6,On Time,No Return,Unknown,0.0
511589,2025-03-26,6,On Time,Returned,Changed Mind,750.53
511590,2025-05-20,3,On Time,No Return,Unknown,0.0
511591,2025-06-12,3,Late,No Return,Unknown,0.0
511592,2025-09-16,6,On Time,No Return,Unknown,0.0
511593,2025-02-16,7,Late,No Return,Unknown,0.0
511594,2025-10-05,4,Late,No Return,Unknown,0.0
511595,2025-07-02,5,On Time,No Return,Unknown,0.0
511596,2025-11-18,7,Late,Returned,Wrong Item,6812.41
511597,2024-10-16,2,Late,No Return,Unknown,0.0
511598,2025-03-05,4,Late,No Return,Unknown,0.0
511599,2025-03-16,5,On Time,No Return,Unknown,0.0
511600,2024-03-27,6,On Time,No Return,Unknown,0.0
511601,2025-05-09,7,Late,No Return,Unknown,0.0
511602,2024-07-04,4,Late,No Return,Unknown,0.0
511603,2024-12-28,5,On Time,No Return,Unknown,0.0
511604,2025-12-05,3,On Time,No Return,Unknown,0.0
511605,2024-09-16,5,On Time,No Return,Unknown,0.0
511606,2024-06-17,3,On Time,No Return,Unknown,0.0
511607,2025-04-14,5,On Time,No Return,Unknown,0.0
511608,2024-09-14,2,Late,Returned,Quality Issue,731.4
511609,2025-03-03,5,On Time,Returned,Wrong Item,2544.6
511610,2024-07-22,6,On Time,No Return,Unknown,0.0
511611,2024-08-06,6,On Time,No Return,Unknown,0.0
511612,2025-07-16,6,On Time,Returned,Changed Mind,850.16
511613,2025-06-14,6,On Time,No Return,Unknown,0.0
511614,2024-02-24,3,On Time,No Return,Unknown,0.0
511615,2024-09-26,5,On Time,No Return,Unknown,0.0
511616,2024-11-26,6,On Time,No Return,Unknown,0.0
511617,2025-07-14,6,On Time,No Return,Unknown,0.0
511618,2024-01-12,5,On Time,Returned,Wrong Item,230.93
511619,2024-02-18,5,On Time,Returned,Wrong Item,924.47
511620,2024-06-23,3,On Time,No Return,Unknown,0.0
511621,2024-04-12,1,On Time,No Return,Unknown,0.0
511622,2025-08-07,5,On Time,No Return,Unknown,0.0
511623,2025-10-01,6,On Time,No Return,Unknown,0.0
511624,2025-08-17,6,On Time,No Return,Unknown,0.0
511625,2024-10-30,8,Late,No Return,Unknown,0.0
511626,2024-07-27,4,On Time,No Return,Unknown,0.0
511627,2025-05-11,6,On Time,No Return,Unknown,0.0
511628,2024-11-20,7,Late,No Return,Unknown,0.0
511629,2024-06-25,6,On Time,No Return,Unknown,0.0
511630,2024-08-09,4,Late,No Return,Unknown,0.0
511631,2025-05-21,6,Late,No Return,Unknown,0.0
511632,2024-07-16,5,On Time,No Return,Unknown,0.0
511633,2024-12-02,4,Late,Returned,Quality Issue,9707.26
511634,2024-06-05,4,Late,Returned,Damaged,420.93
511635,2025-07-14,8,Late,No Return,Unknown,0.0
511636,2024-01-27,4,On Time,Returned,Wrong Item,442.97
511637,2025-12-04,6,On Time,No Return,Unknown,0.0
511638,2024-08-07,4,On Time,No Return,Unknown,0.0
511639,2024-02-17,5,On Time,No Return,Unknown,0.0
511640,2025-01-02,7,Late,Returned,Wrong Item,1194.4
511641,2025-09-20,4,On Time,Returned,Late Delivery,1037.53
511642,2025-02-22,5,On Time,No Return,Unknown,0.0
511643,2025-02-23,2,Late,No Return,Unknown,0.0
511644,2025-09-16,3,On Time,No Return,Unknown,0.0
511645,2025-10-15,4,On Time,Returned,Quality Issue,1627.92
511646,2025-09-14,6,On Time,No Return,Unknown,0.0
511647,2024-11-14,3,On Time,No Return,Unknown,0.0
511648,2025-10-19,6,On Time,No Return,Unknown,0.0
511649,2025-03-12,7,Late,Returned,Quality Issue,1751.29
511650,2025-05-16,3,On Time,No Return,Unknown,0.0
511651,2024-12-18,4,On Time,No Return,Unknown,0.0
511652,2024-03-18,3,On Time,No Return,Unknown,0.0
511653,2024-08-23,3,On Time,No Return,Unknown,0.0
511654,2025-12-29,5,On Time,No Return,Unknown,0.0
511655,2025-07-27,4,On Time,No Return,Unknown,0.0
511656,2024-02-15,8,Late,No Return,Unknown,0.0
511657,2024-09-23,5,Late,No Return,Unknown,0.0
511658,2025-03-25,4,Late,No Return,Unknown,0.0
511659,2024-08-04,5,On Time,No Return,Unknown,0.0
511660,2025-04-06,4,On Time,Returned,Quality Issue,259.32
511661,2025-10-15,4,On Time,No Return,Unknown,0.0
511662,2024-10-12,4,Late,No Return,Unknown,0.0
511663,2025-07-26,3,On Time,No Return,Unknown,0.0
511664,2025-07-25,7,Late,No Return,Unknown,0.0
511665,2024-07-30,6,On Time,No Return,Unknown,0.0
511666,2024-01-13,8,Late,No Return,Unknown,0.0
511667,2025-09-14,4,On Time,No Return,Unknown,0.0
511668,2024-09-02,3,On Time,No Return,Unknown,0.0
511669,2024-05-31,4,On Time,No Return,Unknown,0.0
511670,2025-11-28,7,Late,No Return,Unknown,0.0
511671,2025-11-20,4,Late,No Return,Unknown,0.0
511672,2024-11-23,5,On Time,No Return,Unknown,0.0
511673,2025-01-27,6,On Time,Returned,Changed Mind,4147.16
511674,2025-01-30,3,On Time,No Return,Unknown,0.0
511675,2025-10-20,8,Late,No Return,Unknown,0.0
511676,2025-11-23,6,On Time,No Return,Unknown,0.0
511677,2024-09-10,4,Late,No Return,Unknown,0.0
511678,2025-03-09,6,On Time,No Return,Unknown,0.0
511679,2025-01-07,4,On Time,No Return,Unknown,0.0
511680,2025-10-16,7,Late,Returned,Quality Issue,650.74
511681,2025-03-24,2,Late,No Return,Unknown,0.0
511682,2024-01-27,5,On Time,No Return,Unknown,0.0
511683,2025-07-09,6,On Time,No Return,Unknown,0.0
511684,2025-06-29,7,Late,No Return,Unknown,0.0
511685,2024-10-14,6,Late,No Return,Unknown,0.0
511686,2024-10-13,8,Late,No Return,Unknown,0.0
511687,2024-05-05,6,On Time,Returned,Quality Issue,1603.27
511688,2024-09-16,7,Late,Returned,Late Delivery,2788.51
511689,2025-04-24,3,On Time,No Return,Unknown,0.0
511690,2024-03-07,2,On Time,No Return,Unknown,0.0
511691,2025-08-14,6,On Time,Returned,Changed Mind,5651.23
511692,2024-11-01,3,On Time,No Return,Unknown,0.0
511693,2024-11-16,4,On Time,No Return,Unknown,0.0
511694,2024-06-29,7,Late,No Return,Unknown,0.0
511695,2025-02-23,5,On Time,Returned,Quality Issue,9881.9
511696,2024-09-24,8,Late,No Return,Unknown,0.0
511697,2024-10-17,6,On Time,No Return,Unknown,0.0
511698,2024-03-16,3,On Time,No Return,Unknown,0.0
511699,2024-03-24,5,On Time,Returned,Wrong Item,860.85
511700,2024-02-17,4,Late,Returned,Quality Issue,659.26
511701,2024-01-09,6,On Time,No Return,Unknown,0.0
511702,2025-03-22,4,On Time,No Return,Unknown,0.0
511703,2024-03-21,2,On Time,No Return,Unknown,0.0
511704,2025-01-17,6,On Time,No Return,Unknown,0.0
511705,2025-11-29,6,On Time,No Return,Unknown,0.0
511706,2024-05-22,4,Late,No Return,Unknown,0.0
511707,2024-01-13,6,On Time,No Return,Unknown,0.0
511708,2025-12-31,6,On Time,No Return,Unknown,0.0
511709,2025-05-31,4,Late,No Return,Unknown,0.0
511710,2025-11-30,4,Late,No Return,Unknown,0.0
511711,2025-12-31,4,On Time,No Return,Unknown,0.0
511712,2024-03-22,5,On Time,No Return,Unknown,0.0
511713,2024-02-19,7,Late,No Return,Unknown,0.0
511714,2024-06-13,8,Late,No Return,Unknown,0.0
511715,2025-06-21,8,Late,No Return,Unknown,0.0
511716,2024-08-12,5,On Time,No Return,Unknown,0.0
511717,2025-08-11,4,On Time,No Return,Unknown,0.0
511718,2024-07-12,4,Late,No Return,Unknown,0.0
511719,2024-09-23,5,On Time,No Return,Unknown,0.0
511720,2024-05-26,3,On Time,No Return,Unknown,0.0
511721,2025-05-02,3,On Time,No Return,Unknown,0.0
511722,2025-10-09,7,Late,No Return,Unknown,0.0
511723,2024-10-09,5,On Time,No Return,Unknown,0.0
511724,2025-12-08,6,On Time,No Return,Unknown,0.0
511725,2025-10-30,6,On Time,No Return,Unknown,0.0
511726,2024-11-07,5,On Time,No Return,Unknown,0.0
511727,2025-09-04,6,On Time,No Return,Unknown,0.0
511728,2025-07-09,6,On Time,No Return,Unknown,0.0
511729,2024-06-09,5,On Time,No Return,Unknown,0.0
511730,2024-11-02,7,Late,No Return,Unknown,0.0
511731,2024-12-18,6,On Time,No Return,Unknown,0.0
511732,2025-03-03,5,Late,No Return,Unknown,0.0
511733,2025-03-03,2,Late,No Return,Unknown,0.0
511734,2024-02-13,2,Late,No Return,Unknown,0.0
511735,2024-11-18,7,Late,No Return,Unknown,0.0
511736,2025-10-02,3,On Time,No Return,Unknown,0.0
511737,2024-03-20,3,On Time,No Return,Unknown,0.0
511738,2024-04-09,4,Late,No Return,Unknown,0.0
511739,2024-09-26,7,Late,No Return,Unknown,0.0
511740,2025-09-18,4,Late,No Return,Unknown,0.0
511741,2024-07-27,4,On Time,No Return,Unknown,0.0
511742,2024-10-17,3,On Time,No Return,Unknown,0.0
511743,2024-09-22,3,On Time,No Return,Unknown,0.0
511744,2025-08-13,3,On Time,No Return,Unknown,0.0
511745,2025-10-23,7,Late,No Return,Unknown,0.0
511746,2024-11-16,6,On Time,No Return,Unknown,0.0
511747,2025-01-09,6,On Time,No Return,Unknown,0.0
511748,2025-08-25,6,On Time,No Return,Unknown,0.0
511749,2024-09-11,3,On Time,No Return,Unknown,0.0
511750,2024-12-06,8,Late,No Return,Unknown,0.0
511751,2025-03-06,5,On Time,No Return,Unknown,0.0
511752,2024-10-26,5,On Time,Returned,Damaged,10613.69
511753,2025-10-09,6,On Time,No Return,Unknown,0.0
511754,2024-10-15,4,On Time,No Return,Unknown,0.0
511755,2024-11-19,7,Late,No Return,Unknown,0.0
511756,2025-06-01,6,On Time,No Return,Unknown,0.0
511757,2024-02-02,4,On Time,No Return,Unknown,0.0
511758,2024-10-24,4,Late,No Return,Unknown,0.0
511759,2024-01-12,5,On Time,No Return,Unknown,0.0
511760,2025-06-30,5,On Time,No Return,Unknown,0.0
511761,2024-08-11,9,Late,No Return,Unknown,0.0
511762,2025-09-21,3,Not Delivered,No Return,Unknown,0.0
511763,2024-08-06,4,Late,No Return,Unknown,0.0
511764,2024-06-15,3,On Time,No Return,Unknown,0.0
511765,2024-06-23,5,On Time,No Return,Unknown,0.0
511766,2024-08-12,4,Late,No Return,Unknown,0.0
511767,2024-09-21,5,Late,No Return,Unknown,0.0
511768,2025-12-30,6,On Time,No Return,Unknown,0.0
511769,2024-09-20,3,On Time,No Return,Unknown,0.0
511770,2025-10-10,7,Late,No Return,Unknown,0.0
511771,2025-09-14,6,On Time,No Return,Unknown,0.0
511772,2025-07-23,4,On Time,No Return,Unknown,0.0
511773,2025-09-14,3,On Time,Returned,Late Delivery,1623.12
511774,2025-04-20,4,Late,No Return,Unknown,0.0
511775,2024-09-15,4,On Time,No Return,Unknown,0.0
511776,2024-10-11,7,Late,No Return,Unknown,0.0
511777,2025-07-15,3,On Time,No Return,Unknown,0.0
511778,2025-10-13,6,On Time,No Return,Unknown,0.0
511779,2024-01-31,7,Late,No Return,Unknown,0.0
511780,2025-03-14,6,On Time,No Return,Unknown,0.0
511781,2025-09-26,6,On Time,No Return,Unknown,0.0
511782,2025-04-30,8,Late,No Return,Unknown,0.0
511783,2025-05-13,5,On Time,No Return,Unknown,0.0
511784,2025-01-23,7,Late,No Return,Unknown,0.0
511785,2025-01-13,5,Late,No Return,Unknown,0.0
511786,2025-07-13,7,Late,No Return,Unknown,0.0
511787,2024-11-23,5,On Time,No Return,Unknown,0.0
511788,2024-04-06,8,Late,No Return,Unknown,0.0
511789,2024-04-04,3,On Time,No Return,Unknown,0.0
511790,2025-01-13,2,Late,No Return,Unknown,0.0
511791,2024-03-27,6,On Time,No Return,Unknown,0.0
511792,2025-10-08,5,On Time,No Return,Unknown,0.0
511793,2025-08-29,4,Late,No Return,Unknown,0.0
511794,2024-04-13,4,On Time,No Return,Unknown,0.0
511795,2025-08-15,3,On Time,No Return,Unknown,0.0
511796,2025-07-13,5,On Time,No Return,Unknown,0.0
511797,2024-05-07,5,On Time,No Return,Unknown,0.0
511798,2025-02-06,7,Late,Returned,Damaged,1988.62
511799,2024-01-29,6,On Time,Returned,Wrong Item,3582.81
511800,2025-10-23,6,On Time,No Return,Unknown,0.0
511801,2025-06-05,3,On Time,No Return,Unknown,0.0
511802,2024-10-10,7,Late,No Return,Unknown,0.0
511803,2025-12-03,5,On Time,No Return,Unknown,0.0
511804,2024-04-09,5,Late,No Return,Unknown,0.0
511805,2025-01-21,5,Late,No Return,Unknown,0.0
511806,2025-01-17,6,Not Delivered,No Return,Unknown,0.0
511807,2024-01-31,6,On Time,No Return,Unknown,0.0
511808,2024-10-20,3,On Time,No Return,Unknown,0.0
511809,2024-08-18,4,On Time,No Return,Unknown,0.0
511810,2024-06-25,4,On Time,No Return,Unknown,0.0
511811,2025-10-11,3,On Time,No Return,Unknown,0.0
511812,2025-04-04,7,Late,Returned,Late Delivery,1909.79
511813,2024-10-17,3,On Time,No Return,Unknown,0.0
511814,2024-03-14,5,On Time,No Return,Unknown,0.0
511815,2024-10-13,6,On Time,No Return,Unknown,0.0
511816,2024-12-12,5,On Time,No Return,Unknown,0.0
511817,2024-12-01,3,On Time,No Return,Unknown,0.0
511818,2025-01-26,6,On Time,No Return,Unknown,0.0
511819,2024-12-13,6,On Time,No Return,Unknown,0.0
511820,2024-11-19,7,Late,No Return,Unknown,0.0
511821,2024-11-05,3,On Time,No Return,Unknown,0.0
511822,2024-06-25,4,Late,No Return,Unknown,0.0
511823,2025-06-30,3,On Time,No Return,Unknown,0.0
511824,2024-07-23,5,Late,No Return,Unknown,0.0
511825,2025-08-16,2,On Time,Returned,Late Delivery,3207.18
511826,2024-03-18,3,On Time,No Return,Unknown,0.0
511827,2025-08-22,3,On Time,No Return,Unknown,0.0
511828,2024-08-12,8,Late,No Return,Unknown,0.0
511829,2025-09-28,4,On Time,No Return,Unknown,0.0
511830,2025-06-18,3,On Time,No Return,Unknown,0.0
511831,2025-04-01,8,Late,No Return,Unknown,0.0
511832,2025-10-26,4,Late,No Return,Unknown,0.0
511833,2024-01-12,5,Not Delivered,No Return,Unknown,0.0
511834,2025-02-01,5,On Time,No Return,Unknown,0.0
511835,2025-08-26,6,On Time,No Return,Unknown,0.0
511836,2025-01-26,6,On Time,No Return,Unknown,0.0
511837,2025-05-18,3,Not Delivered,No Return,Unknown,0.0
511838,2024-05-30,4,Not Delivered,No Return,Unknown,0.0
511839,2024-11-14,3,Late,No Return,Unknown,0.0
511840,2025-04-05,7,Late,No Return,Unknown,0.0
511841,2024-07-09,4,Late,No Return,Unknown,0.0
511842,2024-11-24,4,On Time,No Return,Unknown,0.0
511843,2024-11-18,5,On Time,No Return,Unknown,0.0
511844,2025-02-01,4,Late,No Return,Unknown,0.0
511845,2025-01-17,4,Late,No Return,Unknown,0.0
511846,2025-12-10,5,On Time,No Return,Unknown,0.0
511847,2025-04-24,6,Not Delivered,No Return,Unknown,0.0
511848,2025-12-06,6,On Time,No Return,Unknown,0.0
511849,2024-01-22,4,On Time,No Return,Unknown,0.0
511850,2024-06-06,9,Late,No Return,Unknown,0.0
511851,2025-07-15,4,Late,No Return,Unknown,0.0
511852,2024-01-15,3,On Time,No Return,Unknown,0.0
511853,2025-04-12,6,On Time,No Return,Unknown,0.0
511854,2025-09-20,4,On Time,No Return,Unknown,0.0
511855,2024-06-13,5,Late,No Return,Unknown,0.0
511856,2025-11-26,1,On Time,No Return,Unknown,0.0
511857,2025-07-26,6,On Time,No Return,Unknown,0.0
511858,2024-09-25,3,On Time,No Return,Unknown,0.0
511859,2025-07-03,3,On Time,Returned,Damaged,1768.88
511860,2024-03-25,5,Late,No Return,Unknown,0.0
511861,2025-06-03,2,Late,No Return,Unknown,0.0
511862,2025-10-07,7,Late,No Return,Unknown,0.0
511863,2024-03-14,6,On Time,No Return,Unknown,0.0
511864,2025-12-06,4,On Time,No Return,Unknown,0.0
511865,2024-09-01,1,On Time,No Return,Unknown,0.0
511866,2024-01-14,5,On Time,No Return,Unknown,0.0
511867,2024-06-11,6,On Time,No Return,Unknown,0.0
511868,2025-08-12,7,Late,No Return,Unknown,0.0
511869,2025-04-13,5,On Time,No Return,Unknown,0.0
511870,2025-10-11,4,Late,No Return,Unknown,0.0
511871,2024-11-01,6,On Time,No Return,Unknown,0.0
511872,2024-11-21,6,On Time,No Return,Unknown,0.0
511873,2024-09-10,5,On Time,No Return,Unknown,0.0
511874,2024-11-19,1,On Time,No Return,Unknown,0.0
511875,2025-07-12,3,On Time,No Return,Unknown,0.0
511876,2025-09-20,1,On Time,No Return,Unknown,0.0
511877,2025-04-13,7,Late,No Return,Unknown,0.0
511878,2025-02-07,6,On Time,No Return,Unknown,0.0
511879,2025-01-30,3,On Time,No Return,Unknown,0.0
511880,2024-08-20,5,On Time,No Return,Unknown,0.0
511881,2025-07-29,7,Late,No Return,Unknown,0.0
511882,2024-09-06,6,On Time,No Return,Unknown,0.0
511883,2024-02-29,3,On Time,No Return,Unknown,0.0
511884,2024-05-27,5,On Time,Returned,Quality Issue,313.69
511885,2024-07-16,6,On Time,No Return,Unknown,0.0
511886,2025-06-09,7,Late,No Return,Unknown,0.0
511887,2025-02-12,5,On Time,No Return,Unknown,0.0
511888,2024-10-05,4,On Time,No Return,Unknown,0.0
511889,2025-10-11,4,Late,No Return,Unknown,0.0
511890,2024-02-16,8,Late,No Return,Unknown,0.0
511891,2024-07-16,5,Late,No Return,Unknown,0.0
511892,2024-11-30,8,Not Delivered,No Return,Unknown,0.0
511893,2025-05-03,6,On Time,No Return,Unknown,0.0
511894,2024-01-29,4,Late,No Return,Unknown,0.0
511895,2024-04-16,5,Late,No Return,Unknown,0.0
511896,2025-10-30,6,On Time,No Return,Unknown,0.0
511897,2024-08-09,5,On Time,No Return,Unknown,0.0
511898,2024-09-25,2,Late,No Return,Unknown,0.0
511899,2024-06-16,6,Late,No Return,Unknown,0.0
511900,2024-10-15,2,Late,No Return,Unknown,0.0
511901,2025-11-11,3,On Time,No Return,Unknown,0.0
511902,2024-09-06,3,On Time,No Return,Unknown,0.0
511903,2024-06-26,4,Late,No Return,Unknown,0.0
511904,2025-02-02,3,On Time,No Return,Unknown,0.0
511905,2024-01-14,5,On Time,No Return,Unknown,0.0
511906,2025-03-29,6,On Time,Returned,Quality Issue,2969.24
511907,2025-07-30,6,On Time,No Return,Unknown,0.0
511908,2025-08-22,3,On Time,No Return,Unknown,0.0
511909,2025-10-26,3,On Time,No Return,Unknown,0.0
511910,2024-11-22,6,On Time,No Return,Unknown,0.0
511911,2025-08-01,7,Late,No Return,Unknown,0.0
511912,2024-05-10,6,On Time,No Return,Unknown,0.0
511913,2024-02-14,4,Late,No Return,Unknown,0.0
511914,2024-12-06,4,On Time,No Return,Unknown,0.0
511915,2025-11-21,6,On Time,No Return,Unknown,0.0
511916,2024-11-25,4,Late,Returned,Quality Issue,1871.51
511917,2025-11-18,3,On Time,No Return,Unknown,0.0
511918,2024-07-09,5,Not Delivered,No Return,Unknown,0.0
511919,2024-09-05,8,Late,No Return,Unknown,0.0
511920,2024-12-08,4,On Time,No Return,Unknown,0.0
511921,2024-04-08,5,On Time,No Return,Unknown,0.0
511922,2025-02-23,4,On Time,No Return,Unknown,0.0
511923,2024-03-08,5,Late,No Return,Unknown,0.0
511924,2025-06-10,7,Late,No Return,Unknown,0.0
511925,2025-12-31,6,On Time,Returned,Changed Mind,4149.18
511926,2024-08-05,9,Late,No Return,Unknown,0.0
511927,2024-08-02,6,On Time,No Return,Unknown,0.0
511928,2025-01-16,6,On Time,Returned,Damaged,1083.83
511929,2024-03-30,5,On Time,No Return,Unknown,0.0
511930,2024-07-30,5,On Time,No Return,Unknown,0.0
511931,2024-12-15,3,Late,No Return,Unknown,0.0
511932,2025-10-28,2,Late,No Return,Unknown,0.0
511933,2024-06-14,5,On Time,No Return,Unknown,0.0
511934,2025-03-30,5,Late,No Return,Unknown,0.0
511935,2024-04-30,5,Not Delivered,No Return,Unknown,0.0
511936,2024-12-30,3,Late,No Return,Unknown,0.0
511937,2024-09-09,2,On Time,No Return,Unknown,0.0
511938,2024-07-05,4,Late,No Return,Unknown,0.0
511939,2025-11-10,4,On Time,No Return,Unknown,0.0
511940,2024-11-25,2,On Time,No Return,Unknown,0.0
511941,2025-08-18,4,On Time,No Return,Unknown,0.0
511942,2024-01-13,6,On Time,No Return,Unknown,0.0
511943,2025-08-25,4,Late,No Return,Unknown,0.0
511944,2025-06-09,6,On Time,No Return,Unknown,0.0
511945,2025-01-24,3,Late,No Return,Unknown,0.0
511946,2025-01-12,8,Late,No Return,Unknown,0.0
511947,2025-07-03,2,On Time,Returned,Damaged,13632.1
511948,2025-09-10,7,Late,No Return,Unknown,0.0
511949,2024-03-23,4,Late,No Return,Unknown,0.0
511950,2024-08-13,5,On Time,No Return,Unknown,0.0
511951,2025-12-12,4,On Time,No Return,Unknown,0.0
511952,2025-08-27,6,On Time,No Return,Unknown,0.0
511953,2025-07-28,5,On Time,No Return,Unknown,0.0
511954,2025-02-23,8,Not Delivered,No Return,Unknown,0.0
511955,2025-04-27,4,On Time,Returned,Changed Mind,878.68
511956,2025-11-17,5,On Time,No Return,Unknown,0.0
511957,2024-04-10,4,On Time,No Return,Unknown,0.0
511958,2025-10-25,6,On Time,No Return,Unknown,0.0
511959,2025-01-31,4,Late,Returned,Quality Issue,5615.29
511960,2025-04-18,6,On Time,No Return,Unknown,0.0
511961,2025-01-07,2,Late,No Return,Unknown,0.0
511962,2025-02-01,5,On Time,No Return,Unknown,0.0
511963,2024-01-20,2,Late,No Return,Unknown,0.0
511964,2024-07-09,7,Late,No Return,Unknown,0.0
511965,2024-05-24,2,On Time,No Return,Unknown,0.0
511966,2025-04-12,5,On Time,No Return,Unknown,0.0
511967,2025-05-23,2,On Time,No Return,Unknown,0.0
511968,2024-12-06,7,Late,No Return,Unknown,0.0
511969,2024-03-09,7,Not Delivered,No Return,Unknown,0.0
511970,2024-06-18,7,Late,No Return,Unknown,0.0
511971,2025-07-11,6,Not Delivered,No Return,Unknown,0.0
511972,2024-06-29,2,On Time,No Return,Unknown,0.0
511973,2024-08-27,5,Late,No Return,Unknown,0.0
511974,2024-03-04,4,On Time,No Return,Unknown,0.0
511975,2024-08-21,6,On Time,No Return,Unknown,0.0
511976,2024-08-29,3,On Time,No Return,Unknown,0.0
511977,2025-07-24,3,On Time,No Return,Unknown,0.0
511978,2024-03-27,3,On Time,Returned,Damaged,3190.35
511979,2025-12-20,5,On Time,No Return,Unknown,0.0
511980,2024-02-16,6,On Time,No Return,Unknown,0.0
511981,2025-03-17,4,Late,No Return,Unknown,0.0
511982,2025-06-16,4,On Time,No Return,Unknown,0.0
511983,2024-04-17,3,On Time,No Return,Unknown,0.0
511984,2025-06-25,5,On Time,Returned,Damaged,2019.91
511985,2025-01-20,4,Late,No Return,Unknown,0.0
511986,2024-04-06,4,Not Delivered,No Return,Unknown,0.0
511987,2024-08-09,7,Late,Returned,Quality Issue,942.32
511988,2025-11-29,3,Late,No Return,Unknown,0.0
511989,2024-08-12,8,Late,No Return,Unknown,0.0
511990,2025-05-08,5,On Time,No Return,Unknown,0.0
511991,2024-06-04,5,On Time,No Return,Unknown,0.0
511992,2025-01-14,6,On Time,Returned,Quality Issue,21660.33
511993,2025-10-01,9,Late,No Return,Unknown,0.0
511994,2025-03-28,4,On Time,No Return,Unknown,0.0
511995,2025-03-04,7,Late,No Return,Unknown,0.0
511996,2025-10-12,5,On Time,No Return,Unknown,0.0
511997,2024-07-28,3,Late,No Return,Unknown,0.0
511998,2025-12-06,4,On Time,Returned,Changed Mind,56421.19
511999,2025-11-04,4,Late,Returned,Changed Mind,372.14
512000,2025-04-25,4,On Time,No Return,Unknown,0.0
