order_id,order_date,customer_id,product_id,quantity,discount_pct,shipping_mode,payment_method,sales_amount,shipping_cost,profit,order_status
500001,2025-10-12,12636,20001,1,0.25,Standard,Credit Card,1135.36,45,160.38,Delivered
500002,2025-06-09,14322,20235,2,0.15,Express,Upi,8721.73,115,2785.37,Delivered
500003,2024-01-13,10804,20284,2,0.15,Standard,Debit Card,557.14,45,188.7,Delivered
500004,2024-06-20,13488,20285,1,0.0,Express,Cash On Delivery,632.2,90,166.47,Delivered
500005,2025-05-03,13587,20156,1,0.1,Standard,Upi,1735.21,45,437.95,Delivered
500006,2024-12-24,14612,20091,4,0.15,Standard,Upi,18713.4,70,3929.92,Delivered
500007,2024-04-15,12292,20210,2,0.2,Standard,Credit Card,1071.94,45,133.2,Delivered
500008,2024-07-07,14283,20230,2,0.15,Standard,Upi,1297.86,45,219.34,Delivered
500009,2025-06-12,10751,20253,1,0.3,Same Day,Debit Card,408.07,140,-17.9,Delivered
500010,2024-02-19,10371,20243,4,0.0,Express,Cash On Delivery,1908.84,90,501.12,Delivered
500011,2024-09-05,12587,20041,1,0.1,Standard,Upi,135.0,45,6.51,Delivered
500012,2025-02-13,14897,20123,1,0.0,Standard,Credit Card,5718.95,70,2187.32,Delivered
500013,2025-01-25,12066,20197,1,0.2,Standard,Net Banking,2427.76,45,218.21,Delivered
500014,2025-01-13,14381,20150,1,0.1,Standard,Upi,421.63,45,81.29,Delivered
500015,2024-08-14,12980,20240,1,0.05,Express,Debit Card,995.45,90,278.65,Delivered
500016,2025-08-13,13971,20278,2,0.1,Express,Upi,12635.44,115,2296.78,Delivered
500017,2024-07-31,14794,20043,1,0.25,Express,Debit Card,396.52,90,-26.05,Delivered
500018,2025-06-12,13997,20034,1,0.15,Standard,Debit Card,899.45,45,242.34,Delivered
500019,2024-12-11,11344,20114,1,0.1,Standard,Cash On Delivery,372.61,45,62.67,Delivered
500020,2025-02-22,12692,20002,1,0.2,Standard,Credit Card,1852.09,45,156.95,Delivered
500021,2024-03-24,11968,20238,1,0.0,Standard,Credit Card,635.47,45,141.9,Delivered
500022,2024-07-15,13778,20247,1,0.2,Same Day,Credit Card,1714.36,140,120.74,Delivered
500023,2025-06-13,12760,20059,2,0.15,Standard,Debit Card,10006.73,70,1457.35,Delivered
500024,2024-08-08,12656,20036,2,0.2,Express,Cash On Delivery,3739.34,90,1196.92,Delivered
500025,2024-06-24,11837,20232,1,0.1,Standard,Upi,1420.99,45,608.3,Delivered
500026,2025-08-06,11536,20008,1,0.15,Standard,Credit Card,495.01,45,149.5,Delivered
500027,2025-08-25,14184,20161,4,0.15,Express,Credit Card,8899.67,115,2427.55,Delivered
500028,2024-11-17,14941,20289,1,0.2,Standard,Cash On Delivery,1399.59,45,361.83,Delivered
500029,2025-06-18,14698,20018,2,0.15,Standard,Net Banking,4249.03,45,1889.59,Delivered
500030,2025-12-25,14675,20064,1,0.1,Standard,Net Banking,1874.6,45,780.25,Delivered
500031,2025-01-28,12745,20061,2,0.0,Same Day,Upi,3827.96,140,1866.1,Delivered
500032,2025-10-01,10054,20083,3,0.3,Same Day,Net Banking,2056.05,140,442.81,Delivered
500033,2025-07-24,10321,20010,3,0.1,Standard,Debit Card,2624.0,45,763.88,Delivered
500034,2024-11-19,12523,20106,4,0.15,Express,Credit Card,4142.87,90,1422.91,Delivered
500035,2024-03-25,10758,20233,1,0.15,Express,Upi,2252.09,90,259.35,Delivered
500036,2025-03-02,10713,20222,1,0.3,Standard,Credit Card,262.92,45,-11.31,Delivered
500037,2024-09-24,10332,20278,3,0.25,Standard,Debit Card,15794.3,70,388.81,Delivered
500038,2024-04-21,10566,20039,2,0.1,Express,Upi,5523.7,115,1283.94,Delivered
500039,2025-09-19,13544,20286,1,0.2,Standard,Upi,1948.42,45,643.26,Cancelled
500040,2025-02-01,10187,20133,1,0.05,Standard,Debit Card,1372.92,45,572.44,Cancelled
500041,2024-02-21,11421,20243,1,0.05,Express,Upi,453.35,90,33.92,Delivered
500042,2024-03-24,13189,20282,1,0.1,Standard,Net Banking,648.68,45,200.13,Delivered
500043,2025-09-14,12918,20120,1,0.05,Standard,Debit Card,2316.94,45,459.23,Delivered
500044,2025-12-12,11416,20063,3,0.0,Standard,Credit Card,791.07,45,157.2,Delivered
500045,2025-12-31,11363,20174,1,0.05,Standard,Net Banking,1694.38,45,723.42,Delivered
500046,2025-02-28,10148,20031,1,0.1,Standard,Upi,762.44,45,327.48,Delivered
500047,2024-01-21,11771,20231,2,0.3,Same Day,Net Banking,775.57,140,116.27,Delivered
500048,2025-11-18,12629,20169,1,0.0,Standard,Upi,1218.82,45,468.97,Delivered
500049,2024-02-25,11084,20140,2,0.0,Same Day,Debit Card,1880.98,140,474.74,Delivered
500050,2024-10-17,14019,20273,1,0.0,Standard,Debit Card,1430.98,45,706.36,Delivered
500051,2025-10-16,11620,20146,1,0.05,Express,Debit Card,846.96,90,90.12,Delivered
500052,2025-01-07,12677,20194,2,0.0,Express,Credit Card,10405.68,115,2182.0,Delivered
500053,2024-01-08,13344,20244,1,0.0,Standard,Net Banking,427.0,45,138.88,Delivered
500054,2024-05-03,14397,20295,1,0.1,Standard,Debit Card,2139.75,45,365.11,Delivered
500055,2024-04-10,10821,20074,1,0.2,Standard,Credit Card,793.46,45,96.3,Delivered
500056,2024-04-02,11878,20136,1,0.0,Standard,Net Banking,315.13,45,92.68,Delivered
500057,2025-01-19,14053,20091,4,0.0,Standard,Upi,22015.76,70,7232.28,Delivered
500058,2024-03-20,11979,20026,1,0.2,Standard,Credit Card,1739.06,45,374.04,Delivered
500059,2024-10-24,13811,20076,4,0.1,Standard,Net Banking,6275.66,70,1431.46,Delivered
500060,2024-01-31,13874,20035,3,0.1,Standard,Cash On Delivery,6394.25,70,2562.16,Delivered
500061,2025-01-12,13301,20207,1,0.15,Standard,Cash On Delivery,633.65,45,189.79,Delivered
500062,2024-11-25,13323,20277,2,0.1,Express,Upi,11453.53,115,5150.19,Delivered
500063,2024-10-25,13957,20165,1,0.0,Standard,Net Banking,345.11,45,142.26,Delivered
500064,2024-10-08,12707,20124,2,0.1,Same Day,Credit Card,3360.89,140,894.85,Cancelled
500065,2024-01-12,11645,20222,1,0.2,Standard,Credit Card,300.48,45,26.25,Delivered
500066,2025-09-30,14962,20273,1,0.05,Same Day,Credit Card,1359.43,140,539.81,Delivered
500067,2025-11-29,12268,20097,2,0.15,Standard,Debit Card,843.81,45,168.23,Delivered
500068,2024-03-09,10195,20082,1,0.1,Express,Credit Card,1841.23,90,158.35,Delivered
500069,2025-06-06,12953,20025,2,0.1,Standard,Upi,6123.89,70,782.87,Delivered
500070,2024-01-23,13026,20061,1,0.2,Same Day,Upi,1531.18,140,480.25,Delivered
500071,2024-12-02,13148,20094,1,0.15,Express,Credit Card,2229.54,90,699.32,Delivered
500072,2025-03-02,12538,20293,1,0.3,Standard,Credit Card,1477.18,45,-140.83,Delivered
500073,2024-07-27,12613,20246,5,0.05,Standard,Net Banking,1702.88,45,709.33,Delivered
500074,2024-08-02,13721,20141,1,0.05,Standard,Upi,1165.48,45,268.23,Delivered
500075,2025-09-26,13646,20253,1,0.15,Standard,Credit Card,495.52,45,164.55,Delivered
500076,2025-02-26,12668,20296,2,0.2,Standard,Debit Card,653.66,45,30.68,Delivered
500077,2024-03-13,10972,20170,1,0.2,Standard,Upi,1165.03,45,183.91,Delivered
500078,2025-12-22,11272,20238,2,0.1,Express,Upi,1143.85,90,156.71,Delivered
500079,2025-08-28,12691,20170,4,0.0,Express,Debit Card,5825.16,115,1965.68,Delivered
500080,2025-10-27,11435,20299,1,0.1,Express,Upi,1287.13,90,123.26,Delivered
500081,2024-09-30,11903,20196,5,0.05,Standard,Upi,5116.18,70,1367.68,Delivered
500082,2025-12-25,13024,20156,1,0.1,Express,Upi,1735.21,90,392.95,Delivered
500083,2025-10-01,13892,20099,1,0.05,Express,Debit Card,2203.71,90,569.31,Delivered
500084,2024-08-20,12594,20297,2,0.15,Same Day,Debit Card,528.73,140,-76.43,Delivered
500085,2024-02-10,11224,20133,1,0.25,Express,Cash On Delivery,1083.88,90,238.4,Delivered
500086,2024-10-15,14394,20139,3,0.15,Express,Credit Card,840.35,90,193.82,Delivered
500087,2025-07-08,14392,20264,2,0.3,Standard,Upi,1003.42,45,-59.76,Delivered
500088,2024-09-26,13599,20149,3,0.15,Standard,Credit Card,899.87,45,41.18,Delivered
500089,2025-03-14,11867,20261,2,0.15,Standard,Credit Card,255.0,45,-12.26,Delivered
500090,2024-11-09,12359,20034,5,0.1,Standard,Upi,4761.81,45,1656.26,Delivered
500091,2025-05-24,12927,20009,2,0.25,Same Day,Debit Card,1125.46,140,-93.62,Cancelled
500092,2025-01-28,13214,20294,1,0.1,Standard,Upi,1749.96,45,789.65,Delivered
500093,2024-01-28,12667,20043,4,0.15,Express,Upi,1797.55,90,377.27,Delivered
500094,2024-09-26,14470,20096,1,0.0,Standard,Upi,1635.09,45,580.14,Delivered
500095,2025-04-11,11026,20012,1,0.2,Standard,Upi,4917.83,45,838.33,Delivered
500096,2024-03-14,10786,20140,2,0.05,Standard,Upi,1786.93,45,475.69,Delivered
500097,2025-10-18,14998,20287,1,0.0,Standard,Upi,1947.55,45,476.46,Delivered
500098,2025-11-04,11801,20267,1,0.15,Standard,Debit Card,499.23,45,9.2,Delivered
500099,2024-09-02,12483,20283,1,0.1,Standard,Debit Card,1218.15,45,284.23,Delivered
500100,2025-02-13,10361,20021,3,0.05,Express,Upi,35284.71,115,11476.34,Delivered
500101,2025-05-12,14390,20269,2,0.15,Standard,Upi,762.36,45,301.34,Delivered
500102,2025-02-21,13398,20250,2,0.1,Standard,Debit Card,4965.44,45,2014.74,Delivered
500103,2024-07-29,13329,20045,2,0.1,Standard,Upi,1501.39,45,248.99,Delivered
500104,2024-08-10,12641,20175,1,0.3,Standard,Credit Card,179.32,45,-42.69,Delivered
500105,2024-12-25,13650,20281,1,0.0,Express,Credit Card,1390.38,90,566.86,Delivered
500106,2025-08-04,14357,20077,3,0.2,Standard,Credit Card,4468.58,45,798.38,Delivered
500107,2024-01-20,13251,20233,1,0.1,Standard,Credit Card,2384.57,45,436.83,Delivered
500108,2025-02-26,11801,20198,2,0.1,Standard,Credit Card,3575.57,45,1249.79,Delivered
500109,2024-04-30,14205,20255,4,0.25,Standard,Debit Card,2466.03,45,578.87,Delivered
500110,2024-06-21,14281,20156,2,0.25,Express,Upi,2892.02,90,297.5,Delivered
500111,2024-02-03,13805,20004,3,0.0,Standard,Credit Card,1024.08,45,271.62,Delivered
500112,2024-03-11,10336,20084,1,0.15,Standard,Debit Card,1352.93,45,213.16,Delivered
500113,2025-06-28,10646,20197,1,0.15,Express,Unknown,2579.5,90,324.95,Delivered
500114,2025-09-12,11962,20214,1,0.15,Same Day,Credit Card,1504.21,140,516.1,Delivered
500115,2025-06-18,10844,20280,2,0.25,Standard,Upi,1740.69,45,632.05,Delivered
500116,2025-10-19,11641,20145,2,0.3,Standard,Upi,8736.67,70,2012.61,Delivered
500117,2024-01-14,14141,20057,2,0.05,Standard,Credit Card,3106.8,45,615.16,Delivered
500118,2024-11-01,11125,20154,1,0.05,Standard,Upi,660.59,45,105.24,Delivered
500119,2025-07-01,14712,20100,5,0.15,Standard,Net Banking,5253.0,70,448.55,Delivered
500120,2024-09-27,12013,20200,2,0.15,Standard,Credit Card,2955.77,45,233.79,Delivered
500121,2024-02-22,14078,20008,4,0.05,Standard,Upi,2212.97,45,965.93,Delivered
500122,2025-05-08,14520,20010,1,0.25,Express,Cash On Delivery,728.89,90,33.85,Delivered
500123,2025-07-13,12340,20124,5,0.2,Standard,Debit Card,7468.64,70,1583.54,Delivered
500124,2025-04-07,13728,20270,2,0.1,Express,Debit Card,1564.99,90,254.81,Delivered
500125,2025-06-06,10560,20027,4,0.1,Standard,Net Banking,3581.42,45,1634.98,Delivered
500126,2025-12-22,11093,20005,2,0.15,Standard,Upi,717.32,45,206.96,Delivered
500127,2024-11-19,11605,20133,1,0.2,Standard,Credit Card,1156.14,45,355.66,Delivered
500128,2025-06-07,13301,20140,1,0.3,Standard,Credit Card,658.34,45,-19.78,Delivered
500129,2025-03-18,12108,20264,1,0.15,Standard,Upi,609.22,45,55.13,Delivered
500130,2024-09-07,14333,20227,1,0.1,Standard,Upi,2221.78,45,390.36,Delivered
500131,2024-06-08,13063,20060,5,0.25,Standard,Upi,13220.1,70,2297.85,Delivered
500132,2024-02-05,11326,20080,3,0.1,Standard,Net Banking,7679.93,70,3357.43,Delivered
500133,2025-10-22,14078,20055,3,0.05,Standard,Upi,8033.01,70,1418.81,Delivered
500134,2024-07-16,12513,20094,1,0.0,Express,Unknown,2622.99,90,1092.77,Delivered
500135,2025-03-25,11253,20041,1,0.05,Standard,Upi,142.5,45,14.01,Delivered
500136,2025-01-12,10533,20010,2,0.15,Express,Credit Card,1652.14,90,352.06,Delivered
500137,2024-09-02,12430,20226,1,0.15,Standard,Net Banking,1320.82,45,231.23,Delivered
500138,2025-01-27,14223,20116,1,0.15,Same Day,Credit Card,379.0,140,-1.3,Delivered
500139,2024-07-22,10658,20107,1,0.05,Same Day,Upi,553.25,140,72.61,Delivered
500140,2024-02-13,11865,20007,2,0.1,Standard,Upi,13328.03,70,3657.57,Delivered
500141,2024-11-10,13446,20021,2,0.2,Standard,Cash On Delivery,19808.96,70,3943.38,Delivered
500142,2025-02-11,11587,20252,1,0.05,Express,Credit Card,597.69,90,169.96,Delivered
500143,2024-07-24,10641,20101,1,0.2,Standard,Net Banking,1536.51,45,559.81,Delivered
500144,2024-08-28,12456,20215,1,0.05,Standard,Credit Card,538.47,45,223.47,Delivered
500145,2024-02-10,12844,20044,2,0.1,Standard,Net Banking,4039.13,45,1764.37,Delivered
500146,2025-08-10,12637,20223,2,0.05,Standard,Upi,2487.76,45,975.06,Delivered
500147,2025-12-14,13812,20210,1,0.05,Standard,Credit Card,636.46,45,144.59,Delivered
500148,2024-12-28,10652,20214,1,0.15,Standard,Credit Card,1504.21,45,611.1,Delivered
500149,2024-04-04,10165,20293,3,0.2,Standard,Cash On Delivery,5064.6,70,275.57,Delivered
500150,2025-06-23,10081,20239,4,0.1,Standard,Credit Card,1960.49,45,747.01,Delivered
500151,2024-05-23,13334,20065,2,0.2,Express,Upi,3458.58,90,387.96,Delivered
500152,2024-02-28,10565,20254,1,0.15,Standard,Cash On Delivery,385.12,45,110.86,Delivered
500153,2025-10-02,13686,20006,1,0.1,Express,Cash On Delivery,519.98,90,119.8,Delivered
500154,2025-05-23,13001,20294,2,0.2,Express,Credit Card,3111.04,90,1190.42,Cancelled
500155,2025-05-27,11392,20221,2,0.2,Standard,Net Banking,2639.33,45,784.41,Delivered
500156,2024-01-22,11191,20203,3,0.15,Express,Upi,4700.31,90,1234.65,Delivered
500157,2024-07-22,12208,20070,3,0.1,Same Day,Credit Card,5550.96,165,2246.73,Delivered
500158,2025-11-29,14874,20065,1,0.15,Standard,Credit Card,1837.37,45,302.06,Delivered
500159,2025-04-15,14754,20252,3,0.1,Express,Net Banking,1698.7,90,595.51,Delivered
500160,2024-10-10,14331,20183,1,0.1,Standard,Upi,1163.73,45,511.45,Delivered
500161,2025-01-06,10989,20112,2,0.15,Express,Credit Card,4292.92,90,406.1,Delivered
500162,2025-05-12,13546,20252,1,0.1,Express,Credit Card,566.24,90,138.51,Delivered
500163,2024-11-27,11424,20291,1,0.15,Same Day,Debit Card,720.9,140,-56.31,Delivered
500164,2024-01-27,10334,20280,1,0.1,Standard,Upi,1044.41,45,467.59,Delivered
500165,2024-05-08,10122,20294,1,0.15,Standard,Upi,1652.74,45,692.43,Delivered
500166,2025-01-14,10054,20003,1,0.15,Standard,Upi,435.4,45,47.66,Delivered
500167,2025-05-21,12475,20179,2,0.1,Standard,Upi,1249.43,45,276.27,Delivered
500168,2024-04-04,12992,20189,2,0.05,Express,Credit Card,2393.64,90,578.86,Delivered
500169,2025-07-31,13932,20168,2,0.1,Standard,Upi,3986.5,45,729.44,Delivered
500170,2024-06-25,11253,20054,2,0.2,Express,Credit Card,4442.21,90,1538.65,Delivered
500171,2025-04-17,12070,20066,1,0.0,Standard,Net Banking,626.14,45,207.42,Delivered
500172,2025-04-30,11885,20115,2,0.15,Standard,Credit Card,1898.19,45,761.93,Delivered
500173,2024-10-01,14057,20271,1,0.1,Express,Debit Card,5434.32,115,1846.02,Delivered
500174,2025-10-29,14155,20214,2,0.15,Express,Debit Card,3008.42,90,1222.2,Delivered
500175,2025-02-26,14024,20110,1,0.05,Express,Credit Card,543.7,90,53.46,Delivered
500176,2025-06-14,11645,20183,2,0.2,Standard,Upi,2068.85,45,809.29,Delivered
500177,2024-11-15,14897,20260,1,0.1,Express,Net Banking,1114.24,90,136.13,Delivered
500178,2024-02-27,12161,20024,1,0.1,Same Day,Credit Card,2058.25,140,309.02,Delivered
500179,2024-09-29,12523,20094,2,0.2,Standard,Credit Card,4196.78,45,1271.34,Delivered
500180,2024-07-16,12320,20256,1,0.25,Express,Credit Card,956.26,90,118.31,Delivered
500181,2024-03-19,10007,20214,1,0.0,Standard,Debit Card,1769.66,45,876.55,Delivered
500182,2024-02-10,11893,20040,2,0.1,Standard,Net Banking,1762.72,45,598.28,Delivered
500183,2024-09-01,13093,20283,3,0.1,Standard,Credit Card,3654.45,45,942.69,Delivered
500184,2024-01-23,13932,20037,1,0.25,Standard,Cash On Delivery,1276.53,45,189.43,Delivered
500185,2025-12-09,11490,20257,2,0.15,Standard,Upi,587.57,45,25.35,Delivered
500186,2024-08-23,12053,20204,1,0.1,Standard,Upi,1676.8,45,792.5,Delivered
500187,2024-05-05,14010,20211,2,0.15,Standard,Cash On Delivery,1204.08,45,137.6,Cancelled
500188,2024-05-19,11901,20123,1,0.2,Express,Upi,4575.16,90,1023.53,Delivered
500189,2025-01-28,13066,20295,2,0.1,Standard,Credit Card,4279.5,45,775.22,Delivered
500190,2024-05-06,12911,20286,1,0.05,Standard,Upi,2313.74,45,1008.58,Delivered
500191,2024-04-23,13426,20276,1,0.2,Express,Net Banking,1381.02,90,-0.37,Delivered
500192,2025-06-08,11273,20244,1,0.05,Standard,Upi,405.65,45,117.53,Delivered
500193,2024-08-15,11887,20250,1,0.3,Standard,Upi,1931.01,45,433.16,Delivered
500194,2025-06-04,13857,20143,1,0.1,Standard,Upi,1816.72,45,679.46,Delivered
500195,2024-05-25,11445,20249,4,0.25,Express,Upi,5653.38,115,-263.18,Delivered
500196,2024-06-11,10697,20067,1,0.15,Standard,Net Banking,1402.58,45,204.53,Delivered
500197,2025-12-28,14837,20122,2,0.2,Express,Net Banking,6089.95,115,605.77,Delivered
500198,2024-06-17,10592,20235,2,0.25,Standard,Upi,7695.64,70,1804.28,Delivered
500199,2025-06-21,14870,20282,5,0.15,Standard,Credit Card,3063.19,45,1000.44,Delivered
500200,2024-05-04,13093,20220,1,0.15,Standard,Debit Card,3925.95,45,953.49,Delivered
500201,2024-10-26,11770,20126,1,0.05,Standard,Credit Card,4652.4,45,1422.07,Cancelled
500202,2024-09-06,12216,20262,4,0.1,Standard,Cash On Delivery,7640.96,70,1146.48,Delivered
500203,2025-06-05,12250,20238,1,0.1,Standard,Credit Card,571.92,45,78.35,Delivered
500204,2024-04-14,11713,20032,3,0.05,Standard,Credit Card,1305.58,45,296.92,Delivered
500205,2025-09-09,10134,20203,1,0.1,Express,Debit Card,1658.93,90,443.71,Delivered
500206,2025-05-27,13493,20273,1,0.15,Express,Net Banking,1216.33,90,446.71,Delivered
500207,2025-11-24,11118,20174,4,0.05,Standard,Upi,6777.53,70,3003.69,Delivered
500208,2025-05-20,13164,20238,2,0.15,Standard,Cash On Delivery,1080.3,45,138.16,Delivered
500209,2024-10-28,10813,20110,3,0.2,Standard,Upi,1373.57,45,127.85,Delivered
500210,2025-10-14,14652,20071,1,0.0,Standard,Debit Card,2043.96,45,761.47,Delivered
500211,2024-08-17,14576,20144,2,0.2,Express,Debit Card,300.19,90,-21.65,Delivered
500212,2024-03-04,14339,20206,2,0.05,Standard,Cash On Delivery,1982.29,45,801.21,Delivered
500213,2025-08-12,13720,20241,1,0.0,Express,Debit Card,214.46,90,17.22,Delivered
500214,2024-08-19,14632,20091,1,0.2,Standard,Cash On Delivery,4403.15,45,679.78,Delivered
500215,2025-08-21,13947,20158,1,0.15,Standard,Debit Card,1021.28,45,177.77,Delivered
500216,2024-07-01,14065,20207,2,0.0,Standard,Net Banking,1490.94,45,648.22,Delivered
500217,2024-11-14,10881,20057,2,0.0,Same Day,Net Banking,3270.32,140,683.68,Cancelled
500218,2025-10-19,10187,20056,1,0.25,Express,Debit Card,3517.22,90,865.2,Delivered
500219,2024-04-01,11798,20167,1,0.2,Express,Net Banking,906.45,90,-12.29,Delivered
500220,2025-09-26,10175,20127,1,0.1,Standard,Upi,4236.15,45,1238.62,Cancelled
500221,2024-03-04,11713,20018,2,0.2,Express,Upi,3999.09,90,1594.65,Delivered
500222,2024-08-06,12748,20075,1,0.05,Express,Upi,3235.6,90,1599.36,Delivered
500223,2025-12-04,13064,20278,2,0.05,Express,Credit Card,13337.41,115,2998.75,Delivered
500224,2025-09-10,11703,20259,2,0.3,Standard,Cash On Delivery,1936.33,45,-240.51,Delivered
500225,2024-09-03,10694,20024,2,0.1,Standard,Credit Card,4116.49,45,853.03,Delivered
500226,2025-04-17,12431,20067,3,0.05,Standard,Net Banking,4702.76,45,1198.61,Cancelled
500227,2024-02-26,11123,20123,1,0.1,Express,Upi,5147.06,115,1570.43,Delivered
500228,2024-02-14,13298,20287,1,0.15,Standard,Debit Card,1655.42,45,184.33,Delivered
500229,2024-03-26,13987,20053,1,0.1,Express,Cash On Delivery,1210.51,90,408.84,Delivered
500230,2024-02-07,12886,20121,2,0.15,Standard,Credit Card,1852.81,45,821.39,Delivered
500231,2024-06-30,14430,20186,1,0.0,Express,Net Banking,2448.83,90,998.03,Delivered
500232,2024-06-12,11402,20287,2,0.05,Standard,Credit Card,3700.34,45,803.16,Cancelled
500233,2024-05-05,10784,20244,1,0.05,Express,Net Banking,405.65,90,72.53,Delivered
500234,2024-07-25,13990,20076,1,0.15,Express,Credit Card,1481.75,90,198.2,Delivered
500235,2024-09-23,14833,20084,1,0.2,Standard,Upi,1273.34,45,133.57,Delivered
500236,2024-12-19,14548,20292,4,0.15,Standard,Upi,1121.22,45,104.78,Delivered
500237,2025-02-14,12877,20147,1,0.1,Express,Credit Card,926.55,90,112.91,Delivered
500238,2025-08-21,10094,20005,3,0.05,Standard,Cash On Delivery,1202.56,45,459.52,Delivered
500239,2025-10-18,11411,20101,3,0.1,Express,Debit Card,5185.73,115,2275.63,Delivered
500240,2024-05-01,11762,20100,1,0.1,Standard,Credit Card,1112.4,45,120.51,Delivered
500241,2025-05-22,14803,20173,1,0.15,Same Day,Credit Card,631.7,140,-34.78,Delivered
500242,2025-09-01,12743,20108,1,0.15,Standard,Net Banking,1977.66,45,328.23,Delivered
500243,2025-04-13,11097,20270,1,0.1,Same Day,Upi,782.5,140,32.41,Delivered
500244,2024-05-12,12104,20028,2,0.05,Standard,Credit Card,14100.7,70,2671.1,Delivered
500245,2025-01-13,10624,20245,1,0.1,Express,Upi,749.55,90,69.1,Delivered
500246,2024-11-13,14730,20265,2,0.1,Express,Credit Card,453.26,90,63.86,Delivered
500247,2025-07-30,11751,20038,2,0.0,Standard,Net Banking,3322.54,45,1595.02,Delivered
500248,2025-12-11,13002,20093,2,0.05,Express,Upi,1352.08,90,440.04,Delivered
500249,2024-05-04,12845,20153,1,0.1,Express,Upi,1686.45,90,416.99,Delivered
500250,2025-03-26,10016,20048,2,0.1,Standard,Credit Card,1139.29,45,449.29,Delivered
500251,2025-12-20,13735,20130,2,0.1,Express,Debit Card,1069.24,90,418.4,Delivered
500252,2024-07-26,10619,20006,1,0.05,Express,Upi,548.86,90,148.68,Delivered
500253,2024-10-26,12145,20061,2,0.05,Standard,Credit Card,3636.56,45,1769.7,Delivered
500254,2025-05-03,14669,20258,1,0.15,Standard,Upi,572.36,45,180.88,Delivered
500255,2025-09-24,10561,20269,2,0.1,Standard,Debit Card,807.21,45,346.19,Delivered
500256,2024-05-21,13927,20245,2,0.05,Express,Debit Card,1582.38,90,311.48,Delivered
500257,2025-04-18,10806,20008,1,0.1,Express,Net Banking,524.12,90,133.61,Delivered
500258,2025-07-22,13251,20265,3,0.1,Standard,Cash On Delivery,679.89,45,185.79,Delivered
500259,2024-10-30,14629,20151,3,0.05,Standard,Net Banking,12105.83,70,4919.95,Delivered
500260,2025-10-18,14838,20200,2,0.1,Standard,Credit Card,3129.64,45,407.66,Delivered
500261,2025-07-09,13718,20268,1,0.15,Standard,Upi,3003.19,45,927.24,Delivered
500262,2025-10-05,10081,20217,1,0.05,Standard,Debit Card,503.78,45,213.85,Delivered
500263,2025-08-15,11645,20210,2,0.1,Standard,Cash On Delivery,1205.93,45,267.19,Delivered
500264,2024-01-30,10175,20171,1,0.0,Standard,Net Banking,5670.78,70,1353.77,Delivered
500265,2025-01-11,13536,20101,1,0.05,Standard,Credit Card,1824.61,45,847.91,Delivered
500266,2024-12-06,10348,20060,1,0.1,Express,Cash On Delivery,3172.82,90,912.37,Delivered
500267,2024-07-27,14820,20029,1,0.3,Same Day,Credit Card,1559.78,140,414.04,Delivered
500268,2024-08-30,11391,20153,2,0.15,Standard,Credit Card,3185.51,45,781.59,Delivered
500269,2025-11-25,11559,20066,5,0.25,Standard,Credit Card,2348.02,45,434.42,Delivered
500270,2024-06-06,11439,20239,1,0.0,Standard,Credit Card,544.58,45,207.46,Delivered
500271,2024-05-25,12926,20005,1,0.25,Same Day,Cash On Delivery,316.46,140,-56.22,Delivered
500272,2024-12-05,11041,20124,1,0.1,Standard,Upi,1680.44,45,472.42,Delivered
500273,2024-04-01,14704,20095,1,0.05,Express,Upi,1096.51,90,126.19,Delivered
500274,2024-11-24,11013,20005,1,0.2,Standard,Upi,337.56,45,59.88,Delivered
500275,2024-06-20,10358,20085,3,0.15,Same Day,Upi,6489.14,165,1062.02,Delivered
500276,2025-12-02,13398,20240,4,0.0,Standard,Credit Card,4191.36,45,1639.16,Delivered
500277,2024-01-31,13063,20049,3,0.1,Standard,Net Banking,2070.06,45,412.8,Delivered
500278,2025-09-12,10293,20026,1,0.15,Standard,Upi,1847.76,45,482.74,Delivered
500279,2024-09-28,10991,20098,2,0.0,Express,Upi,731.14,90,83.1,Delivered
500280,2024-04-04,11113,20270,2,0.1,Standard,Credit Card,1564.99,45,299.81,Delivered
500281,2024-03-17,12577,20274,2,0.1,Standard,Debit Card,1971.97,45,491.79,Delivered
500282,2024-05-30,10564,20236,2,0.1,Standard,Upi,6332.44,70,2758.86,Delivered
500283,2024-05-21,13491,20209,1,0.0,Express,Debit Card,1173.24,90,447.66,Delivered
500284,2024-08-18,14226,20025,1,0.1,Express,Credit Card,3061.94,90,336.43,Delivered
500285,2024-05-07,13621,20133,1,0.3,Express,Upi,1011.63,90,166.15,Delivered
500286,2025-11-26,12140,20181,2,0.15,Standard,Credit Card,3275.83,45,508.51,Delivered
500287,2025-05-11,12508,20085,1,0.25,Standard,Upi,1908.57,45,109.53,Delivered
500288,2024-10-06,14689,20246,4,0.05,Express,Credit Card,1362.3,90,513.46,Delivered
500289,2025-06-24,12990,20039,1,0.1,Standard,Debit Card,2761.85,45,654.47,Delivered
500290,2025-06-13,10161,20251,4,0.15,Standard,Cash On Delivery,2488.49,45,1035.53,Delivered
500291,2024-05-10,14710,20114,1,0.15,Standard,Debit Card,351.91,45,41.97,Delivered
500292,2025-04-05,14635,20267,2,0.05,Standard,Upi,1115.93,45,180.87,Delivered
500293,2024-09-25,14357,20102,2,0.1,Express,Debit Card,9065.54,115,1603.52,Delivered
500294,2025-09-09,12550,20227,2,0.05,Express,Debit Card,4690.42,90,1027.58,Delivered
500295,2025-10-30,12387,20254,1,0.15,Standard,Credit Card,385.12,45,110.86,Cancelled
500296,2025-07-24,12657,20227,3,0.1,Standard,Debit Card,6665.33,70,1236.07,Delivered
500297,2025-08-26,13488,20249,3,0.05,Express,Credit Card,5370.71,115,904.54,Delivered
500298,2024-09-16,11251,20281,3,0.15,Standard,Upi,3545.47,45,1299.91,Delivered
500299,2024-02-20,11413,20158,1,0.0,Express,Upi,1201.5,90,312.99,Delivered
500300,2024-05-12,11843,20002,2,0.25,Standard,Credit Card,3472.66,45,127.38,Delivered
500301,2025-11-09,10228,20212,1,0.15,Express,Debit Card,867.82,90,51.39,Delivered
500302,2024-01-05,13899,20036,1,0.15,Standard,Credit Card,1986.53,45,715.32,Delivered
500303,2025-10-09,12306,20037,1,0.15,Standard,Credit Card,1446.73,45,359.63,Delivered
500304,2025-05-16,12874,20258,1,0.05,Standard,Credit Card,639.69,45,248.21,Delivered
500305,2024-07-02,13292,20240,1,0.05,Standard,Upi,995.45,45,323.65,Delivered
500306,2025-02-12,11097,20091,1,0.1,Express,Credit Card,4953.55,90,1185.18,Delivered
500307,2024-03-31,13461,20096,1,0.25,Standard,Upi,1226.32,45,171.37,Delivered
500308,2025-03-11,13571,20187,1,0.05,Standard,Debit Card,2781.16,45,460.72,Delivered
500309,2024-07-07,11806,20260,1,0.15,Standard,Debit Card,1052.33,45,119.22,Delivered
500310,2025-04-24,12515,20219,3,0.3,Standard,Debit Card,7203.61,70,1162.05,Delivered
500311,2025-01-17,14285,20195,2,0.1,Standard,Upi,9407.27,70,3047.65,Delivered
500312,2024-11-17,13440,20046,1,0.1,Standard,Credit Card,3800.72,45,624.89,Delivered
500313,2025-03-18,13170,20065,2,0.15,Standard,Debit Card,3674.74,45,649.12,Delivered
500314,2025-05-04,10665,20227,2,0.05,Standard,Net Banking,4690.42,45,1072.58,Delivered
500315,2024-05-12,14117,20056,1,0.0,Express,Cash On Delivery,4689.63,90,2037.61,Delivered
500316,2025-11-14,13787,20204,1,0.1,Standard,Cash On Delivery,1676.8,45,792.5,Delivered
500317,2025-03-01,14525,20035,1,0.2,Express,Upi,1894.59,90,550.56,Delivered
500318,2024-09-06,13840,20119,2,0.0,Express,Net Banking,6494.34,115,3456.74,Delivered
500319,2024-03-01,12139,20238,4,0.15,Express,Debit Card,2160.6,90,276.32,Delivered
500320,2025-07-15,10718,20101,1,0.1,Express,Upi,1920.64,90,898.94,Delivered
500321,2025-02-25,10938,20279,5,0.1,Standard,Cash On Delivery,7161.66,70,3278.31,Delivered
500322,2025-04-20,14319,20225,4,0.05,Same Day,Credit Card,42674.15,165,12669.11,Delivered
500323,2024-08-10,10960,20044,2,0.15,Standard,Net Banking,3814.73,45,1539.97,Delivered
500324,2025-03-13,12572,20001,1,0.05,Express,Credit Card,1438.12,90,418.14,Delivered
500325,2025-11-14,11590,20219,2,0.1,Standard,Upi,6174.52,70,2123.48,Delivered
500326,2025-01-18,13589,20216,3,0.0,Standard,Credit Card,18768.51,70,8352.68,Delivered
500327,2024-11-14,13175,20140,4,0.15,Express,Net Banking,3197.67,90,575.19,Delivered
500328,2024-08-12,12209,20276,2,0.15,Standard,Upi,2934.68,45,306.9,Delivered
500329,2025-02-26,11454,20112,1,0.1,Same Day,Credit Card,2272.72,140,234.31,Cancelled
500330,2024-07-09,14541,20243,1,0.15,Express,Debit Card,405.63,90,-13.8,Delivered
500331,2024-03-19,10105,20006,1,0.15,Express,Credit Card,491.09,90,90.91,Delivered
500332,2024-12-30,13339,20277,1,0.1,Express,Credit Card,5726.76,115,2517.59,Delivered
500333,2024-01-22,12830,20103,1,0.05,Standard,Upi,919.53,45,331.82,Delivered
500334,2025-07-01,11092,20070,3,0.05,Express,Upi,5859.34,115,2605.11,Delivered
500335,2024-11-25,10538,20187,1,0.2,Standard,Credit Card,2342.03,45,21.59,Delivered
500336,2024-06-04,11936,20158,1,0.05,Same Day,Upi,1141.42,140,202.91,Delivered
500337,2024-02-25,14897,20138,1,0.1,Standard,Debit Card,2144.77,45,574.82,Delivered
500338,2024-09-04,13537,20257,1,0.15,Standard,Upi,293.79,45,-9.82,Delivered
500339,2024-09-17,11572,20083,5,0.1,Express,Upi,4405.82,90,1860.42,Delivered
500340,2025-03-10,12603,20074,4,0.1,Standard,Credit Card,3570.59,45,916.95,Delivered
500341,2025-06-10,13447,20014,2,0.2,Standard,Upi,13724.19,70,5469.57,Delivered
500342,2025-04-22,13863,20131,3,0.1,Standard,Debit Card,504.12,45,194.82,Delivered
500343,2025-11-30,10242,20196,1,0.1,Express,Net Banking,969.38,90,143.68,Delivered
500344,2025-06-21,14538,20168,2,0.05,Standard,Credit Card,4207.97,45,950.91,Delivered
500345,2025-06-18,10216,20212,5,0.15,Same Day,Debit Card,4339.08,140,566.93,Delivered
500346,2025-01-15,11879,20207,1,0.05,Standard,Upi,708.2,45,264.34,Delivered
500347,2024-04-12,12889,20135,5,0.1,Standard,Upi,12833.73,70,4858.83,Delivered
500348,2024-01-29,10301,20108,1,0.2,Standard,Upi,1861.33,45,211.9,Delivered
500349,2025-04-27,14261,20259,2,0.0,Express,Upi,2766.18,90,544.34,Delivered
500350,2024-02-26,12829,20119,2,0.05,Express,Credit Card,6169.62,115,3132.02,Delivered
500351,2024-03-02,13763,20219,2,0.05,Standard,Debit Card,6517.55,70,2466.51,Delivered
500352,2024-02-17,13329,20165,1,0.05,Standard,Upi,327.85,45,125.0,Delivered
500353,2025-01-01,13811,20154,3,0.25,Standard,Credit Card,1564.56,45,-11.49,Delivered
500354,2025-06-30,13117,20025,1,0.15,Express,Credit Card,2891.84,90,166.33,Delivered
500355,2025-07-11,11021,20043,1,0.1,Standard,Upi,475.82,45,98.25,Delivered
500356,2025-06-28,11550,20115,1,0.05,Express,Net Banking,1060.75,90,425.12,Delivered
500357,2024-11-22,12919,20044,1,0.0,Standard,Credit Card,2243.96,45,1084.08,Delivered
500358,2024-09-22,10878,20212,1,0.0,Same Day,Upi,1020.96,140,154.53,Delivered
500359,2025-12-28,13081,20285,1,0.15,Same Day,Debit Card,537.37,140,21.64,Delivered
500360,2025-12-29,13535,20238,2,0.1,Standard,Cash On Delivery,1143.85,45,201.71,Delivered
500361,2024-06-24,13608,20226,1,0.15,Express,Upi,1320.82,90,186.23,Delivered
500362,2024-02-13,11321,20218,2,0.05,Express,Cash On Delivery,1174.2,90,323.88,Delivered
500363,2024-08-06,12681,20246,3,0.1,Express,Debit Card,967.95,90,308.82,Delivered
500364,2024-05-05,14527,20137,1,0.05,Standard,Credit Card,304.68,45,101.4,Delivered
500365,2025-01-13,14666,20278,3,0.0,Standard,Credit Card,21059.07,70,5653.58,Delivered
500366,2024-11-14,10270,20070,1,0.2,Standard,Upi,1644.73,45,553.32,Delivered
500367,2024-10-31,13869,20006,4,0.2,Standard,Upi,1848.8,45,563.08,Delivered
500368,2024-07-18,13161,20155,1,0.1,Express,Credit Card,252.19,90,-44.05,Delivered
500369,2024-03-25,11771,20256,3,0.25,Standard,Credit Card,2868.8,45,579.95,Delivered
500370,2024-02-10,13128,20122,2,0.15,Standard,Cash On Delivery,6470.57,70,1031.39,Delivered
500371,2025-12-23,11991,20118,2,0.05,Express,Credit Card,2292.58,90,728.76,Delivered
500372,2025-07-04,12592,20209,1,0.25,Express,Debit Card,879.93,90,154.35,Delivered
500373,2024-12-28,10190,20081,2,0.1,Standard,Debit Card,1227.46,45,451.0,Delivered
500374,2024-09-25,14767,20107,2,0.3,Standard,Net Banking,815.32,45,89.04,Delivered
500375,2024-12-27,11765,20136,1,0.15,Standard,Credit Card,267.86,45,45.41,Delivered
500376,2025-01-01,13380,20014,3,0.05,Express,Upi,24446.22,115,12054.29,Delivered
500377,2024-06-29,14118,20031,2,0.1,Standard,Upi,1524.87,45,699.95,Delivered
500378,2024-08-18,13558,20179,1,0.15,Standard,Credit Card,590.01,45,80.93,Delivered
500379,2024-03-10,11570,20094,1,0.15,Standard,Upi,2229.54,45,744.32,Delivered
500380,2025-08-10,13926,20082,1,0.1,Express,Net Banking,1841.23,90,158.35,Delivered
500381,2025-05-03,11488,20180,1,0.15,Express,Credit Card,2365.76,90,462.81,Delivered
500382,2024-08-21,10568,20249,4,0.1,Standard,Credit Card,6784.06,70,912.5,Delivered
500383,2025-03-04,12849,20241,2,0.05,Standard,Credit Card,407.47,45,147.99,Delivered
500384,2025-10-09,13505,20165,1,0.15,Standard,Upi,293.34,45,90.49,Delivered
500385,2025-10-27,12623,20286,2,0.2,Standard,Upi,3896.83,45,1331.51,Delivered
500386,2024-10-20,14902,20030,3,0.05,Express,Debit Card,1483.68,90,290.91,Delivered
500387,2024-12-13,11454,20167,1,0.1,Standard,Debit Card,1019.75,45,146.01,Delivered
500388,2024-04-08,14864,20283,5,0.1,Standard,Upi,6090.75,70,1576.15,Delivered
500389,2024-12-26,10048,20202,3,0.05,Standard,Upi,1549.03,45,589.87,Delivered
500390,2024-12-23,14331,20094,3,0.15,Standard,Credit Card,6688.62,70,2297.96,Delivered
500391,2024-05-09,12734,20015,2,0.1,Standard,Debit Card,2460.42,45,1086.56,Delivered
500392,2025-06-02,14637,20300,1,0.05,Express,Upi,826.6,90,229.44,Delivered
500393,2025-01-17,14477,20048,1,0.1,Standard,Credit Card,569.65,45,202.15,Delivered
500394,2025-09-08,13857,20151,1,0.15,Standard,Net Banking,3610.51,45,1193.55,Delivered
500395,2025-07-15,11004,20114,3,0.1,Standard,Credit Card,1117.83,45,278.01,Delivered
500396,2024-03-04,14826,20014,1,0.0,Express,Net Banking,8577.62,115,4370.31,Delivered
500397,2025-01-30,11207,20171,2,0.0,Standard,Credit Card,11341.56,70,2777.54,Delivered
500398,2024-06-29,10184,20061,4,0.3,Standard,Debit Card,5359.14,70,1645.42,Delivered
500399,2025-08-09,11853,20018,4,0.1,Express,Credit Card,8997.95,115,4254.07,Delivered
500400,2024-07-07,10686,20230,1,0.15,Standard,Upi,648.93,45,87.17,Delivered
500401,2024-07-01,14735,20086,2,0.15,Standard,Upi,552.35,45,68.47,Delivered
500402,2025-05-06,14690,20201,2,0.05,Standard,Debit Card,1135.8,45,540.04,Cancelled
500403,2025-08-02,14825,20146,2,0.1,Standard,Debit Card,1604.77,45,226.09,Delivered
500404,2024-06-18,12907,20057,2,0.15,Express,Credit Card,2779.77,90,243.13,Delivered
500405,2024-11-17,10343,20085,1,0.1,Standard,Credit Card,2290.28,45,491.24,Delivered
500406,2024-06-20,13577,20271,2,0.1,Standard,Credit Card,9781.78,70,2765.18,Delivered
500407,2024-10-10,13997,20201,1,0.1,Standard,Debit Card,538.01,45,217.63,Cancelled
500408,2025-09-10,11714,20106,1,0.05,Express,Credit Card,1157.57,90,410.08,Delivered
500409,2024-12-31,10593,20130,1,0.0,Standard,Debit Card,594.02,45,268.6,Delivered
500410,2024-04-20,13601,20014,1,0.1,Express,Credit Card,7719.86,115,3512.55,Delivered
500411,2024-03-18,11210,20021,3,0.1,Standard,Upi,33427.62,70,9664.25,Delivered
500412,2025-11-28,10441,20045,3,0.1,Standard,Net Banking,2384.56,45,528.46,Delivered
500413,2024-09-09,13808,20034,2,0.0,Standard,Credit Card,2116.36,45,847.14,Delivered
500414,2024-08-23,14735,20071,4,0.1,Express,Upi,7358.26,115,2293.3,Delivered
500415,2024-04-02,10474,20252,2,0.0,Express,Cash On Delivery,1258.3,90,492.84,Delivered
500416,2025-10-03,10905,20231,2,0.1,Express,Debit Card,997.16,90,387.86,Delivered
500417,2025-11-25,12780,20012,3,0.1,Standard,Cash On Delivery,16597.68,70,4424.18,Delivered
500418,2024-02-03,14756,20123,1,0.0,Standard,Upi,5718.95,70,2187.32,Delivered
500419,2025-04-25,14388,20263,1,0.05,Standard,Debit Card,3475.14,45,874.74,Cancelled
500420,2025-02-07,14616,20069,2,0.05,Standard,Credit Card,3815.75,45,1928.03,Delivered
500421,2024-08-09,10650,20111,1,0.05,Standard,Upi,1235.84,45,558.02,Delivered
500422,2025-05-04,14284,20246,1,0.15,Standard,Credit Card,304.72,45,70.01,Delivered
500423,2024-12-05,11547,20098,3,0.0,Express,Credit Card,1096.71,90,169.65,Cancelled
500424,2025-05-27,13356,20281,5,0.1,Same Day,Upi,6256.71,165,2424.11,Delivered
500425,2025-08-31,10557,20201,1,0.2,Express,Debit Card,478.23,90,112.85,Delivered
500426,2025-08-21,11175,20162,1,0.05,Express,Credit Card,1530.56,90,353.69,Delivered
500427,2024-09-08,12529,20160,1,0.15,Standard,Upi,509.39,45,113.31,Delivered
500428,2024-12-29,12099,20140,1,0.25,Standard,Upi,705.37,45,27.25,Delivered
500429,2025-06-10,13646,20253,3,0.15,Standard,Cash On Delivery,1486.55,45,583.64,Delivered
500430,2024-05-21,11827,20166,3,0.2,Standard,Debit Card,1558.9,45,557.05,Delivered
500431,2024-11-06,14306,20249,1,0.1,Standard,Cash On Delivery,1696.01,45,200.62,Delivered
500432,2025-01-19,11600,20266,2,0.0,Standard,Credit Card,1206.26,45,415.26,Delivered
500433,2025-08-04,14459,20041,1,0.1,Express,Net Banking,135.0,90,-38.49,Delivered
500434,2024-11-07,11590,20055,1,0.0,Standard,Credit Card,2818.6,45,592.2,Delivered
500435,2024-10-05,11413,20229,1,0.1,Express,Credit Card,5485.25,115,1210.77,Delivered
500436,2025-07-19,12045,20224,2,0.1,Standard,Upi,631.13,45,225.39,Delivered
500437,2024-12-11,12470,20248,1,0.2,Express,Net Banking,402.42,90,-35.12,Cancelled
500438,2025-01-21,11152,20199,3,0.1,Standard,Credit Card,2072.2,45,643.75,Delivered
500439,2024-10-28,12875,20115,2,0.0,Standard,Upi,2233.16,45,1096.9,Delivered
500440,2025-05-21,12656,20253,4,0.1,Standard,Credit Card,2098.66,45,909.78,Delivered
500441,2024-09-03,13344,20202,4,0.15,Standard,Credit Card,1847.97,45,584.09,Delivered
500442,2025-10-07,14631,20043,1,0.0,Standard,Upi,528.69,45,151.12,Delivered
500443,2025-05-02,12675,20166,1,0.1,Standard,Debit Card,584.59,45,220.64,Delivered
500444,2024-08-26,14821,20155,1,0.1,Express,Upi,252.19,90,-44.05,Delivered
500445,2025-06-12,14060,20288,1,0.25,Express,Credit Card,802.58,90,215.15,Delivered
500446,2024-12-14,10646,20115,1,0.15,Standard,Debit Card,949.09,45,358.46,Delivered
500447,2024-12-17,13282,20176,2,0.05,Express,Upi,485.79,90,148.61,Delivered
500448,2024-06-02,12100,20282,4,0.2,Standard,Upi,2306.4,45,647.2,Delivered
500449,2025-05-24,11344,20058,2,0.1,Standard,Net Banking,2930.65,45,1228.81,Delivered
500450,2024-07-04,10193,20182,3,0.1,Standard,Upi,3023.14,45,855.16,Delivered
500451,2025-08-17,14614,20114,1,0.1,Same Day,Credit Card,372.61,140,-32.33,Delivered
500452,2025-07-20,12747,20174,1,0.0,Standard,Upi,1783.56,45,812.6,Delivered
500453,2025-02-28,13705,20256,1,0.3,Express,Cash On Delivery,892.51,90,54.56,Delivered
500454,2024-03-02,13225,20090,3,0.0,Standard,Upi,3110.61,45,1474.65,Delivered
500455,2025-02-04,11688,20141,1,0.0,Standard,Credit Card,1226.82,45,329.57,Delivered
500456,2024-02-28,14786,20006,1,0.0,Express,Credit Card,577.75,90,177.57,Delivered
500457,2024-05-21,14575,20230,1,0.05,Standard,Debit Card,725.28,45,163.52,Delivered
500458,2025-04-10,14893,20219,5,0.1,Express,Upi,15436.3,115,5368.7,Delivered
500459,2024-05-28,14496,20067,1,0.15,Standard,Credit Card,1402.58,45,204.53,Delivered
500460,2025-03-22,12188,20152,1,0.15,Standard,Cash On Delivery,251.32,45,63.95,Delivered
500461,2024-06-22,11131,20271,4,0.1,Express,Upi,19563.55,115,5555.35,Delivered
500462,2024-11-06,14728,20226,3,0.2,Standard,Upi,3729.38,45,550.61,Delivered
500463,2024-03-02,11723,20063,3,0.0,Express,Cash On Delivery,791.07,90,112.2,Delivered
500464,2024-06-15,10958,20021,4,0.0,Express,Credit Card,49522.4,115,17816.24,Delivered
500465,2025-11-12,13234,20001,3,0.15,Same Day,Upi,3860.22,140,930.28,Delivered
500466,2024-04-12,14364,20255,5,0.1,Standard,Upi,3699.04,45,1351.34,Delivered
500467,2024-01-28,10650,20225,2,0.1,Standard,Debit Card,20214.07,70,5224.05,Delivered
500468,2025-08-18,11808,20126,1,0.05,Express,Debit Card,4652.4,90,1377.07,Delivered
500469,2025-05-22,10849,20267,1,0.2,Standard,Upi,469.86,45,-20.17,Delivered
500470,2024-05-13,11770,20202,2,0.1,Standard,Upi,978.34,45,323.9,Delivered
500471,2024-02-28,14616,20108,1,0.05,Standard,Net Banking,2210.33,45,560.9,Delivered
500472,2024-03-30,11395,20088,1,0.05,Express,Debit Card,629.76,90,194.39,Delivered
500473,2024-03-10,10672,20177,3,0.3,Standard,Debit Card,2233.6,45,-188.6,Delivered
500474,2024-07-03,10001,20129,1,0.15,Standard,Credit Card,3065.97,45,1114.37,Delivered
500475,2025-03-13,12096,20273,1,0.1,Standard,Upi,1287.88,45,563.26,Delivered
500476,2025-07-25,12806,20139,2,0.1,Express,Credit Card,593.19,90,132.17,Delivered
500477,2025-04-18,13988,20125,1,0.0,Express,Debit Card,863.08,90,325.38,Delivered
500478,2025-10-18,12184,20010,3,0.15,Standard,Debit Card,2478.22,45,618.1,Cancelled
500479,2024-06-16,12566,20066,5,0.25,Standard,Credit Card,2348.02,45,434.42,Delivered
500480,2025-07-31,13618,20288,1,0.2,Standard,Debit Card,856.09,45,313.66,Delivered
500481,2024-05-03,12957,20016,1,0.15,Standard,Credit Card,2423.32,45,301.48,Delivered
500482,2024-07-31,13020,20251,1,0.15,Standard,Upi,622.12,45,225.13,Delivered
500483,2024-06-30,11863,20282,2,0.05,Express,Upi,1369.42,90,472.32,Delivered
500484,2024-03-11,11714,20231,1,0.1,Standard,Credit Card,498.58,45,193.93,Cancelled
500485,2025-07-09,10055,20253,2,0.2,Express,Credit Card,932.74,90,270.8,Delivered
500486,2024-07-13,12871,20100,2,0.15,Standard,Credit Card,2101.2,45,162.42,Delivered
500487,2025-07-22,11721,20094,1,0.3,Standard,Credit Card,1836.09,45,350.87,Delivered
500488,2024-10-18,10724,20005,1,0.0,Standard,Debit Card,421.95,45,144.27,Delivered
500489,2024-02-26,12413,20007,1,0.1,Express,Upi,6664.01,115,1748.78,Delivered
500490,2025-11-13,10767,20065,1,0.2,Standard,Credit Card,1729.29,45,193.98,Delivered
500491,2024-10-26,10211,20219,4,0.0,Express,Upi,13721.16,115,5644.08,Delivered
500492,2024-11-13,13382,20268,1,0.1,Express,Debit Card,3179.84,90,1058.89,Delivered
500493,2025-01-05,10287,20208,1,0.3,Standard,Credit Card,1927.31,45,-102.01,Delivered
500494,2024-03-23,11294,20176,2,0.1,Standard,Debit Card,460.22,45,168.04,Delivered
500495,2024-04-03,12368,20200,2,0.05,Standard,Net Banking,3303.51,45,581.53,Delivered
500496,2024-09-23,11802,20281,1,0.25,Express,Upi,1042.79,90,219.27,Delivered
500497,2025-01-10,14271,20010,1,0.1,Standard,Net Banking,874.67,45,224.63,Delivered
500498,2024-06-09,10686,20254,2,0.05,Standard,Upi,860.85,45,357.33,Delivered
500499,2025-09-05,12871,20168,3,0.1,Express,Debit Card,5979.74,115,1046.65,Delivered
500500,2025-05-16,10995,20289,3,0.15,Standard,Upi,4461.2,45,1437.92,Delivered
500501,2025-01-11,12986,20103,2,0.0,Standard,Debit Card,1935.86,45,805.44,Delivered
500502,2024-04-21,12977,20016,2,0.15,Standard,Upi,4846.65,45,647.97,Delivered
500503,2025-07-31,10772,20033,4,0.1,Standard,Net Banking,3921.98,45,567.18,Cancelled
500504,2025-09-13,13571,20035,1,0.05,Standard,Net Banking,2249.83,45,950.8,Delivered
500505,2025-09-23,14011,20183,1,0.15,Same Day,Credit Card,1099.08,140,351.8,Cancelled
500506,2024-10-05,14295,20102,1,0.05,Express,Cash On Delivery,4784.59,90,1021.08,Delivered
500507,2025-03-08,12496,20079,1,0.05,Standard,Credit Card,2048.96,45,389.51,Delivered
500508,2025-10-21,14629,20017,1,0.0,Same Day,Cash On Delivery,1222.2,140,488.01,Delivered
500509,2024-08-29,11477,20283,1,0.1,Standard,Upi,1218.15,45,284.23,Delivered
500510,2024-08-09,14878,20021,2,0.15,Standard,Credit Card,21047.02,70,5181.44,Cancelled
500511,2024-10-12,13488,20017,2,0.3,Standard,Upi,1711.08,45,477.7,Delivered
500512,2024-01-04,13252,20076,1,0.1,Standard,Upi,1568.92,45,330.37,Delivered
500513,2024-11-15,10818,20044,1,0.15,Standard,Credit Card,1907.37,45,747.49,Delivered
500514,2024-11-16,14143,20028,1,0.0,Standard,Debit Card,7421.42,70,1671.62,Delivered
500515,2024-01-08,12949,20025,1,0.25,Standard,Upi,2551.62,45,-128.89,Delivered
500516,2024-02-21,14610,20201,1,0.15,Express,Upi,508.12,90,142.74,Delivered
500517,2024-05-21,14807,20101,3,0.15,Same Day,Net Banking,4897.63,140,1962.53,Delivered
500518,2024-10-06,12377,20279,1,0.1,Standard,Upi,1432.33,45,624.66,Delivered
500519,2024-03-28,13676,20075,1,0.1,Standard,Net Banking,3065.31,45,1474.07,Delivered
500520,2024-06-08,13402,20065,2,0.1,Express,Upi,3890.9,90,820.28,Delivered
500521,2024-01-28,12521,20255,5,0.0,Express,Upi,4110.05,90,1717.35,Delivered
500522,2025-06-11,11667,20272,1,0.0,Standard,Cash On Delivery,1387.08,45,344.9,Delivered
500523,2024-09-28,11247,20124,1,0.05,Standard,Credit Card,1773.8,45,565.78,Delivered
500524,2024-04-09,11084,20050,1,0.05,Express,Upi,1877.41,90,778.41,Delivered
500525,2024-07-22,10260,20013,2,0.0,Standard,Upi,507.84,45,75.94,Delivered
500526,2024-07-08,12997,20246,3,0.1,Standard,Debit Card,967.95,45,353.82,Delivered
500527,2025-06-29,10756,20208,2,0.1,Standard,Net Banking,4955.94,45,942.3,Delivered
500528,2024-10-20,11806,20035,1,0.15,Express,Credit Card,2013.0,90,668.97,Delivered
500529,2024-12-09,10066,20114,2,0.15,Express,Upi,703.82,90,83.94,Delivered
500530,2024-02-22,13911,20032,1,0.25,Standard,Upi,343.58,45,-22.64,Delivered
500531,2025-12-04,12779,20253,1,0.25,Express,Upi,437.22,90,61.25,Delivered
500532,2025-11-14,11957,20248,1,0.2,Express,Upi,402.42,90,-35.12,Delivered
500533,2024-02-16,14354,20156,1,0.15,Standard,Credit Card,1638.81,45,341.55,Delivered
500534,2025-02-25,11590,20118,3,0.15,Standard,Credit Card,3076.88,45,821.15,Delivered
500535,2025-12-03,10660,20035,5,0.0,Standard,Debit Card,11841.2,70,5501.05,Delivered
500536,2025-04-09,14996,20218,1,0.15,Standard,Upi,525.3,45,100.14,Delivered
500537,2025-07-06,14134,20268,2,0.05,Standard,Upi,6713.0,70,2581.1,Delivered
500538,2025-03-04,13542,20181,2,0.15,Standard,Credit Card,3275.83,45,508.51,Delivered
500539,2025-01-31,10361,20044,2,0.05,Express,Net Banking,4263.52,90,1943.76,Delivered
500540,2024-07-12,13798,20174,2,0.15,Standard,Debit Card,3032.05,45,1135.13,Delivered
500541,2024-03-06,12074,20267,1,0.0,Standard,Upi,587.33,45,97.3,Delivered
500542,2025-07-08,11459,20198,3,0.05,Standard,Credit Card,5661.33,70,2170.16,Delivered
500543,2025-12-02,12119,20099,1,0.1,Standard,Upi,2087.72,45,498.32,Delivered
500544,2025-08-23,11057,20210,4,0.05,Standard,Upi,2545.85,45,713.37,Delivered
500545,2025-04-20,11338,20200,2,0.05,Same Day,Net Banking,3303.51,140,486.53,Delivered
500546,2025-11-18,10177,20147,1,0.1,Standard,Upi,926.55,45,157.91,Delivered
500547,2024-01-26,11901,20212,3,0.2,Standard,Debit Card,2450.3,45,226.01,Delivered
500548,2024-04-08,11313,20032,3,0.2,Standard,Credit Card,1099.44,45,90.78,Delivered
500549,2025-04-20,13002,20156,4,0.0,Standard,Upi,7712.04,70,2633.0,Delivered
500550,2025-07-26,14670,20076,3,0.05,Express,Cash On Delivery,4968.23,90,1297.58,Delivered
500551,2024-03-22,13048,20202,1,0.05,Express,Net Banking,516.34,90,121.62,Delivered
500552,2025-02-01,10531,20227,3,0.15,Standard,Upi,6295.03,70,865.77,Delivered
500553,2025-11-24,13556,20289,2,0.1,Same Day,Credit Card,3149.08,140,1023.56,Delivered
500554,2025-11-30,13063,20142,1,0.1,Standard,Debit Card,601.41,45,126.77,Delivered
500555,2025-01-27,14589,20104,1,0.15,Express,Net Banking,829.55,90,39.35,Delivered
500556,2024-02-13,14496,20215,2,0.15,Standard,Credit Card,963.58,45,378.58,Delivered
500557,2025-04-22,10198,20108,3,0.1,Express,Cash On Delivery,6281.98,115,1353.69,Delivered
500558,2025-09-01,11262,20298,2,0.1,Express,Credit Card,2741.63,90,967.59,Delivered
500559,2024-03-31,12887,20292,1,0.05,Standard,Upi,313.28,45,25.42,Delivered
500560,2024-11-24,10133,20025,1,0.0,Standard,Cash On Delivery,3402.16,45,721.65,Delivered
500561,2025-10-14,10669,20229,2,0.1,Standard,Cash On Delivery,10970.5,70,2581.54,Delivered
500562,2025-02-17,10256,20115,1,0.15,Express,Net Banking,949.09,90,313.46,Cancelled
500563,2025-12-20,11779,20208,1,0.2,Standard,Net Banking,2202.64,45,173.32,Delivered
500564,2025-11-21,10227,20190,2,0.2,Standard,Debit Card,1024.22,45,180.72,Delivered
500565,2025-11-29,14361,20215,2,0.05,Standard,Credit Card,1076.94,45,491.94,Delivered
500566,2024-04-19,13792,20009,2,0.25,Express,Credit Card,1125.46,90,-43.62,Cancelled
500567,2024-08-06,13088,20107,2,0.1,Standard,Upi,1048.27,45,321.99,Delivered
500568,2025-04-07,13331,20227,1,0.2,Standard,Debit Card,1974.91,45,143.49,Delivered
500569,2025-05-29,11824,20221,1,0.15,Standard,Upi,1402.14,45,452.18,Delivered
500570,2025-07-06,13618,20206,2,0.2,Express,Credit Card,1669.3,90,443.22,Delivered
500571,2025-09-28,11175,20181,1,0.0,Express,Credit Card,1926.96,90,475.8,Delivered
500572,2024-09-13,13723,20129,2,0.1,Express,Credit Card,6492.64,115,2564.44,Delivered
500573,2024-07-11,11148,20287,1,0.15,Standard,Upi,1655.42,45,184.33,Delivered
500574,2025-09-18,13949,20173,1,0.1,Express,Credit Card,668.86,90,52.38,Delivered
500575,2024-03-10,14794,20156,2,0.15,Standard,Credit Card,3277.62,45,728.1,Delivered
500576,2025-04-03,12099,20102,1,0.15,Express,Credit Card,4280.95,90,517.44,Delivered
500577,2025-01-16,14841,20116,2,0.1,Express,Net Banking,802.58,90,231.98,Delivered
500578,2025-05-08,10874,20168,1,0.1,Standard,Credit Card,1993.25,45,342.22,Cancelled
500579,2024-04-06,10374,20004,2,0.1,Express,Debit Card,614.45,90,52.81,Delivered
500580,2025-12-28,11195,20198,2,0.1,Express,Cash On Delivery,3575.57,90,1204.79,Delivered
500581,2024-08-11,11815,20204,2,0.05,Standard,Cash On Delivery,3539.91,45,1816.31,Delivered
500582,2024-10-07,10007,20062,2,0.05,Standard,Cash On Delivery,649.95,45,131.45,Delivered
500583,2024-11-28,12374,20071,1,0.0,Standard,Net Banking,2043.96,45,761.47,Delivered
500584,2025-10-02,13329,20092,3,0.05,Same Day,Credit Card,9877.33,165,3343.69,Delivered
500585,2025-09-02,12150,20176,1,0.1,Express,Debit Card,230.11,90,16.52,Delivered
500586,2025-02-08,12058,20185,1,0.15,Standard,Upi,2190.67,45,660.03,Delivered
500587,2025-05-10,13113,20056,4,0.15,Standard,Upi,15944.74,70,5626.66,Delivered
500588,2024-07-04,12418,20067,2,0.1,Same Day,Cash On Delivery,2970.16,140,524.06,Delivered
500589,2024-02-07,14716,20063,2,0.15,Standard,Upi,448.27,45,10.69,Delivered
500590,2025-10-06,12833,20041,2,0.25,Standard,Upi,225.0,45,13.02,Delivered
500591,2025-05-02,14479,20231,1,0.3,Standard,Upi,387.79,45,83.14,Delivered
500592,2025-07-09,13879,20151,4,0.2,Express,Credit Card,13592.51,115,3989.67,Delivered
500593,2025-12-05,14619,20175,1,0.25,Standard,Upi,192.13,45,-29.88,Delivered
500594,2025-05-20,11010,20226,1,0.05,Standard,Upi,1476.21,45,386.62,Delivered
500595,2025-05-03,14437,20097,1,0.05,Standard,Upi,471.54,45,111.25,Delivered
500596,2024-02-26,10692,20228,1,0.25,Same Day,Credit Card,644.93,140,-130.26,Delivered
500597,2025-05-26,11637,20036,2,0.05,Standard,Credit Card,4440.47,45,1943.05,Cancelled
500598,2024-09-04,14826,20014,1,0.2,Standard,Upi,6862.1,70,2699.79,Delivered
500599,2024-04-13,14212,20165,3,0.1,Standard,Cash On Delivery,931.8,45,413.25,Delivered
500600,2025-07-10,10502,20181,1,0.3,Standard,Net Banking,1348.87,45,-57.29,Delivered
500601,2024-02-29,13819,20193,1,0.15,Express,Credit Card,556.1,90,29.82,Delivered
500602,2025-07-31,13792,20199,1,0.1,Standard,Upi,690.73,45,184.58,Delivered
500603,2025-07-12,11181,20246,1,0.0,Standard,Net Banking,358.5,45,123.79,Delivered
500604,2024-08-25,12320,20014,3,0.05,Standard,Upi,24446.22,70,12099.29,Delivered
500605,2025-01-05,13954,20079,1,0.15,Standard,Debit Card,1833.28,45,173.83,Delivered
500606,2024-01-26,14937,20001,1,0.1,Express,Debit Card,1362.43,90,342.45,Delivered
500607,2025-01-27,11197,20275,1,0.25,Standard,Net Banking,2169.63,45,586.38,Delivered
500608,2025-08-28,13175,20135,1,0.1,Standard,Upi,2566.75,45,940.77,Delivered
500609,2024-04-19,11057,20115,3,0.1,Express,Upi,3014.77,90,1287.88,Delivered
500610,2025-01-26,14807,20064,2,0.2,Express,Credit Card,3332.62,90,1143.92,Delivered
500611,2024-09-10,14909,20274,1,0.2,Standard,Net Banking,876.43,45,113.84,Delivered
500612,2025-07-05,13049,20196,1,0.15,Standard,Upi,915.53,45,134.83,Delivered
500613,2024-04-06,13123,20091,1,0.25,Standard,Cash On Delivery,4127.96,45,404.59,Delivered
500614,2025-06-21,11907,20272,2,0.1,Standard,Debit Card,2496.74,45,457.38,Delivered
500615,2024-04-13,10633,20078,1,0.2,Standard,Upi,1037.71,45,102.77,Delivered
500616,2025-09-06,11601,20237,3,0.1,Express,Debit Card,1748.74,90,659.23,Delivered
500617,2025-08-09,14698,20014,2,0.15,Express,Credit Card,14581.95,115,6282.33,Delivered
500618,2025-08-19,10518,20170,3,0.05,Standard,Debit Card,4150.43,45,1297.07,Delivered
500619,2025-05-10,14229,20109,3,0.2,Standard,Credit Card,2325.38,45,877.34,Delivered
500620,2024-08-01,10424,20043,1,0.1,Standard,Net Banking,475.82,45,98.25,Delivered
500621,2024-04-22,12013,20075,2,0.15,Same Day,Net Banking,5790.03,165,2532.55,Delivered
500622,2024-11-07,10592,20241,1,0.1,Express,Credit Card,193.01,90,-4.23,Delivered
500623,2025-07-22,13401,20080,1,0.25,Standard,Upi,2133.32,45,670.82,Delivered
500624,2024-04-10,11753,20172,1,0.05,Standard,Credit Card,1115.41,45,188.86,Delivered
500625,2025-10-08,14870,20259,1,0.1,Express,Upi,1244.78,90,88.86,Delivered
500626,2025-10-14,13678,20114,2,0.1,Express,Upi,745.22,90,125.34,Delivered
500627,2024-03-24,14462,20111,1,0.1,Standard,Credit Card,1170.79,45,492.97,Delivered
500628,2025-12-19,10848,20002,2,0.05,Express,Cash On Delivery,4398.71,90,1008.43,Delivered
500629,2024-10-28,14114,20029,1,0.1,Standard,Upi,2005.42,45,954.68,Delivered
500630,2025-07-26,13502,20272,2,0.05,Standard,Net Banking,2635.45,45,596.09,Delivered
500631,2024-08-04,11350,20247,1,0.05,Express,Upi,2035.8,90,492.18,Delivered
500632,2025-07-21,12892,20221,2,0.15,Express,Upi,2804.29,90,904.37,Delivered
500633,2025-06-24,11184,20095,5,0.1,Express,Net Banking,5193.99,115,677.39,Cancelled
500634,2025-09-14,11243,20234,2,0.1,Standard,Credit Card,14671.89,70,6012.73,Delivered
500635,2024-04-01,12137,20243,2,0.25,Standard,Cash On Delivery,715.82,45,11.96,Cancelled
500636,2025-10-15,13859,20024,4,0.05,Standard,Upi,8690.37,70,2183.45,Delivered
500637,2025-03-27,12280,20160,1,0.1,Express,Upi,539.35,90,98.27,Delivered
500638,2025-09-05,13488,20182,1,0.1,Standard,Credit Card,1007.71,45,255.05,Delivered
500639,2024-03-11,12942,20241,2,0.1,Standard,Debit Card,386.03,45,126.55,Delivered
500640,2025-06-08,14266,20184,1,0.2,Standard,Unknown,655.15,45,50.87,Cancelled
500641,2025-02-04,11389,20094,2,0.1,Express,Net Banking,4721.38,90,1750.94,Delivered
500642,2025-10-30,11479,20208,1,0.2,Standard,Debit Card,2202.64,45,173.32,Delivered
500643,2024-03-21,13400,20053,2,0.2,Standard,Cash On Delivery,2152.02,45,683.68,Delivered
500644,2024-04-09,10652,20094,2,0.0,Standard,Net Banking,5245.98,70,2295.54,Delivered
500645,2025-08-17,14778,20098,2,0.25,Standard,Cash On Delivery,548.36,45,-54.68,Delivered
500646,2024-08-05,13719,20118,1,0.15,Standard,Debit Card,1025.63,45,243.72,Delivered
500647,2024-05-04,11011,20290,1,0.1,Standard,Upi,4189.17,45,1079.78,Cancelled
500648,2024-07-19,10343,20061,4,0.2,Standard,Credit Card,6124.74,70,2411.02,Delivered
500649,2024-01-02,10426,20252,1,0.05,Standard,Credit Card,597.69,45,214.96,Delivered
500650,2025-07-27,14025,20248,2,0.2,Same Day,Credit Card,804.85,140,-30.23,Delivered
500651,2024-01-20,13344,20264,2,0.1,Standard,Credit Card,1290.11,45,226.93,Delivered
500652,2025-12-22,13430,20054,2,0.1,Express,Cash On Delivery,4997.48,90,2093.92,Delivered
500653,2024-06-28,12612,20181,1,0.1,Standard,Debit Card,1734.26,45,328.1,Delivered
500654,2025-02-12,10186,20148,1,0.15,Standard,Debit Card,11519.28,70,3146.02,Delivered
500655,2024-03-02,13471,20046,1,0.05,Standard,Cash On Delivery,4011.87,45,836.04,Delivered
500656,2024-09-29,12187,20118,1,0.0,Same Day,Upi,1206.62,140,329.71,Delivered
500657,2024-01-10,14344,20093,1,0.2,Express,Debit Card,569.3,90,68.28,Delivered
500658,2025-11-29,11768,20031,1,0.25,Standard,Debit Card,635.36,45,200.4,Delivered
500659,2025-09-13,11978,20213,3,0.15,Express,Credit Card,7904.41,115,1205.1,Delivered
500660,2025-06-23,13281,20154,3,0.1,Standard,Upi,1877.47,45,301.42,Delivered
500661,2025-04-04,13890,20278,1,0.0,Express,Upi,7019.69,115,1792.86,Delivered
500662,2024-03-01,11185,20104,3,0.1,Standard,Cash On Delivery,2635.04,45,489.44,Delivered
500663,2024-02-27,12382,20154,2,0.1,Standard,Credit Card,1251.65,45,185.95,Delivered
500664,2024-10-26,13869,20273,1,0.1,Standard,Upi,1287.88,45,563.26,Delivered
500665,2025-05-11,13609,20155,1,0.15,Standard,Debit Card,238.18,45,-13.06,Delivered
500666,2024-12-04,13767,20056,2,0.1,Standard,Net Banking,8441.33,70,3247.29,Delivered
500667,2024-09-08,10667,20280,1,0.2,Express,Cash On Delivery,928.37,90,306.55,Delivered
500668,2025-02-10,14327,20025,2,0.3,Standard,Credit Card,4763.02,45,-553.0,Delivered
500669,2024-09-12,13728,20266,1,0.1,Express,Net Banking,542.82,90,79.82,Delivered
500670,2025-01-15,10735,20292,3,0.05,Standard,Net Banking,939.84,45,166.26,Delivered
500671,2024-05-24,10158,20234,1,0.25,Express,Upi,6113.29,115,1703.71,Delivered
500672,2025-08-13,11342,20210,2,0.15,Express,Credit Card,1138.93,90,155.19,Delivered
500673,2024-12-06,12983,20125,1,0.05,Standard,Debit Card,819.93,45,327.23,Delivered
500674,2025-02-06,13255,20173,3,0.3,Standard,Credit Card,1560.68,45,-63.76,Delivered
500675,2024-10-14,11076,20118,1,0.0,Standard,Cash On Delivery,1206.62,45,424.71,Delivered
500676,2024-08-01,11862,20083,4,0.1,Express,Credit Card,3524.65,90,1470.33,Cancelled
500677,2025-06-15,11771,20082,2,0.15,Standard,Net Banking,3477.88,45,247.12,Delivered
500678,2025-07-29,11087,20023,2,0.05,Standard,Upi,883.18,45,139.68,Delivered
500679,2025-07-01,12965,20136,3,0.0,Standard,Cash On Delivery,945.39,45,368.04,Delivered
500680,2024-07-29,10889,20089,2,0.0,Standard,Upi,1243.78,45,365.58,Delivered
500681,2024-06-19,13383,20299,1,0.25,Express,Debit Card,1072.6,90,-91.27,Delivered
500682,2025-06-21,13373,20211,2,0.1,Standard,Credit Card,1274.9,45,208.42,Delivered
500683,2024-09-19,14279,20082,1,0.05,Standard,Upi,1943.52,45,305.64,Delivered
500684,2025-11-06,13260,20096,2,0.15,Same Day,Net Banking,2779.65,140,619.75,Delivered
500685,2025-01-24,12957,20046,1,0.0,Express,Debit Card,4223.02,90,1002.19,Delivered
500686,2025-02-24,12507,20271,1,0.1,Express,Debit Card,4890.89,90,1327.59,Delivered
500687,2024-03-02,10121,20049,1,0.15,Standard,Debit Card,651.69,45,69.27,Delivered
500688,2024-03-26,10055,20149,1,0.0,Express,Cash On Delivery,352.89,90,-8.34,Delivered
500689,2025-08-07,14509,20075,1,0.15,Standard,Net Banking,2895.02,45,1303.78,Delivered
500690,2025-05-05,13212,20221,2,0.05,Standard,Upi,3134.2,45,1279.28,Delivered
500691,2024-02-29,13723,20224,1,0.0,Standard,Credit Card,350.63,45,125.26,Delivered
500692,2025-04-21,13156,20006,2,0.2,Standard,Upi,924.4,45,259.04,Delivered
500693,2024-11-15,10421,20055,1,0.1,Standard,Upi,2536.74,45,310.34,Cancelled
500694,2025-11-20,13373,20015,3,0.2,Express,Net Banking,3280.56,90,1197.27,Delivered
500695,2024-02-21,12836,20011,1,0.25,Standard,Upi,652.83,45,150.93,Delivered
500696,2025-10-18,13840,20167,1,0.05,Standard,Credit Card,1076.41,45,202.67,Delivered
500697,2024-03-17,12086,20074,1,0.05,Standard,Debit Card,942.24,45,245.08,Delivered
500698,2024-04-28,12386,20165,2,0.3,Express,Debit Card,483.15,90,77.45,Delivered
500699,2025-12-21,12957,20185,1,0.05,Express,Net Banking,2448.4,90,872.76,Delivered
500700,2024-06-30,13868,20088,2,0.1,Standard,Net Banking,1193.22,45,457.48,Delivered
500701,2025-05-20,14295,20243,2,0.2,Standard,Debit Card,763.54,45,59.68,Delivered
500702,2025-10-11,10603,20065,1,0.05,Express,Upi,2053.53,90,473.22,Delivered
500703,2025-09-28,14196,20273,1,0.15,Express,Net Banking,1216.33,90,446.71,Delivered
500704,2024-06-01,11456,20191,2,0.15,Express,Upi,1754.84,90,211.24,Delivered
500705,2024-01-18,10989,20142,3,0.1,Standard,Upi,1804.22,45,470.3,Delivered
500706,2024-03-04,13668,20038,1,0.1,Standard,Upi,1495.14,45,608.88,Delivered
500707,2025-05-11,11891,20153,2,0.05,Standard,Credit Card,3560.28,45,1156.36,Delivered
500708,2024-03-19,14457,20037,1,0.15,Express,Cash On Delivery,1446.73,90,314.63,Delivered
500709,2024-02-28,10650,20227,3,0.05,Standard,Credit Card,7035.62,70,1606.36,Delivered
500710,2025-02-14,11829,20252,2,0.05,Standard,Debit Card,1195.38,45,474.92,Delivered
500711,2024-03-01,12429,20135,2,0.15,Same Day,Credit Card,4848.3,140,1546.34,Delivered
500712,2025-04-11,14675,20011,1,0.05,Standard,Upi,826.92,45,325.02,Delivered
500713,2025-09-21,12650,20202,1,0.1,Standard,Upi,489.17,45,139.45,Delivered
500714,2024-03-19,10047,20238,1,0.25,Standard,Cash On Delivery,476.6,45,-16.97,Delivered
500715,2025-11-13,14461,20069,1,0.15,Standard,Upi,1707.05,45,740.69,Delivered
500716,2025-05-02,12116,20170,1,0.15,Express,Credit Card,1237.85,90,211.73,Delivered
500717,2024-08-31,14070,20071,1,0.15,Standard,Credit Card,1737.37,45,454.88,Delivered
500718,2024-07-26,10073,20271,1,0.25,Standard,Debit Card,4075.74,45,557.44,Delivered
500719,2024-03-27,13458,20149,3,0.0,Standard,Credit Card,1058.67,45,199.98,Delivered
500720,2025-10-12,12023,20082,1,0.05,Standard,Credit Card,1943.52,45,305.64,Delivered
500721,2025-08-22,14086,20001,1,0.15,Standard,Debit Card,1286.74,45,311.76,Delivered
500722,2025-10-06,12078,20010,2,0.2,Standard,Debit Card,1554.96,45,299.88,Delivered
500723,2024-02-08,14824,20147,1,0.15,Standard,Credit Card,875.08,45,106.44,Delivered
500724,2024-06-24,12747,20298,1,0.05,Standard,Credit Card,1446.97,45,559.95,Delivered
500725,2025-04-22,14617,20094,1,0.15,Standard,Credit Card,2229.54,45,744.32,Delivered
500726,2025-08-14,12586,20297,1,0.15,Standard,Credit Card,264.37,45,-13.21,Delivered
500727,2024-01-20,12037,20233,1,0.1,Express,Credit Card,2384.57,90,391.83,Delivered
500728,2024-08-08,10933,20148,1,0.1,Standard,Cash On Delivery,12196.88,70,3823.62,Delivered
500729,2024-10-01,10427,20124,3,0.15,Express,Upi,4761.26,90,1182.2,Delivered
500730,2025-11-30,14081,20268,1,0.05,Standard,Debit Card,3356.5,45,1280.55,Delivered
500731,2024-06-02,14504,20248,1,0.1,Express,Upi,452.73,90,15.19,Delivered
500732,2025-04-07,12992,20098,1,0.15,Standard,Credit Card,310.73,45,-13.29,Delivered
500733,2025-02-12,11507,20106,2,0.0,Standard,Upi,2436.98,45,1077.0,Delivered
500734,2025-10-16,10539,20166,2,0.15,Standard,Debit Card,1104.22,45,421.32,Delivered
500735,2024-09-07,13986,20113,1,0.15,Express,Upi,359.35,90,40.56,Delivered
500736,2024-07-30,13565,20058,1,0.05,Standard,Debit Card,1546.73,45,673.31,Delivered
500737,2025-04-22,10256,20246,1,0.05,Standard,Credit Card,340.58,45,105.87,Delivered
500738,2025-10-22,13879,20267,1,0.05,Same Day,Credit Card,557.96,140,-27.07,Delivered
500739,2025-11-17,10902,20176,2,0.05,Express,Credit Card,485.79,90,148.61,Delivered
500740,2025-02-22,12022,20296,4,0.1,Standard,Debit Card,1470.74,45,269.78,Cancelled
500741,2024-06-20,12087,20114,2,0.15,Express,Credit Card,703.82,90,83.94,Delivered
500742,2025-05-21,10140,20094,1,0.1,Standard,Upi,2360.69,45,875.47,Delivered
500743,2025-10-07,14823,20250,1,0.1,Express,Debit Card,2482.72,90,939.87,Delivered
500744,2025-09-19,12652,20068,3,0.05,Standard,Debit Card,1503.52,45,373.45,Delivered
500745,2024-07-21,11447,20149,1,0.15,Express,Credit Card,299.96,90,-61.27,Delivered
500746,2025-05-06,12919,20005,1,0.3,Same Day,Upi,295.36,140,-77.32,Delivered
500747,2024-10-21,13904,20246,2,0.15,Standard,Upi,609.45,45,185.03,Delivered
500748,2025-04-01,12220,20164,1,0.1,Standard,Credit Card,686.11,45,99.06,Delivered
500749,2024-05-25,11295,20250,1,0.1,Standard,Debit Card,2482.72,45,984.87,Delivered
500750,2024-08-25,13096,20135,2,0.25,Express,Upi,4277.91,90,1025.95,Delivered
500751,2025-02-27,12883,20184,2,0.1,Standard,Debit Card,1474.09,45,310.53,Delivered
500752,2024-10-18,14609,20287,2,0.15,Standard,Credit Card,3310.84,45,413.66,Delivered
500753,2024-06-04,11417,20212,4,0.15,Standard,Upi,3471.26,45,520.54,Delivered
500754,2024-12-15,12979,20025,1,0.15,Standard,Credit Card,2891.84,45,211.33,Delivered
500755,2025-03-17,10816,20184,5,0.0,Express,Upi,4094.7,90,1208.3,Delivered
500756,2024-08-30,14964,20217,1,0.15,Express,Debit Card,450.75,90,115.82,Delivered
500757,2024-07-25,14874,20162,1,0.15,Standard,Upi,1369.45,45,237.58,Delivered
500758,2025-03-03,13155,20172,3,0.15,Standard,Upi,2994.01,45,304.36,Delivered
500759,2024-09-14,10359,20007,1,0.15,Standard,Upi,6293.79,70,1423.56,Delivered
500760,2025-08-07,13989,20103,1,0.2,Standard,Debit Card,774.34,45,186.63,Delivered
500761,2024-02-04,12258,20153,1,0.3,Standard,Upi,1311.68,45,87.22,Delivered
500762,2024-05-08,10815,20238,1,0.05,Standard,Credit Card,603.7,45,110.13,Delivered
500763,2025-03-05,10596,20170,2,0.2,Standard,Upi,2330.06,45,412.82,Delivered
500764,2025-11-30,11528,20294,2,0.05,Express,Upi,3694.36,90,1773.74,Delivered
500765,2024-11-14,10062,20056,2,0.05,Standard,Net Banking,8910.3,70,3716.26,Delivered
500766,2024-04-04,10010,20092,1,0.05,Express,Debit Card,3292.44,90,1079.56,Delivered
500767,2024-08-07,14913,20162,3,0.1,Express,Upi,4350.02,90,999.41,Delivered
500768,2024-10-27,14947,20157,1,0.1,Standard,Credit Card,1781.75,45,588.84,Delivered
500769,2025-09-28,14571,20176,1,0.2,Standard,Upi,204.54,45,35.95,Delivered
500770,2024-07-03,12646,20072,1,0.1,Express,Net Banking,1460.74,90,140.34,Cancelled
500771,2024-02-06,12749,20077,3,0.15,Standard,Debit Card,4747.87,45,1077.67,Delivered
500772,2025-09-13,11365,20046,3,0.3,Standard,Cash On Delivery,8868.34,70,-594.15,Delivered
500773,2025-02-03,11716,20293,1,0.05,Standard,Credit Card,2004.74,45,386.73,Delivered
500774,2025-11-20,14631,20247,1,0.0,Express,Credit Card,2142.95,90,599.33,Delivered
500775,2024-05-21,10267,20003,2,0.1,Express,Debit Card,922.03,90,146.55,Delivered
500776,2024-05-13,11271,20224,1,0.25,Standard,Debit Card,262.97,45,37.6,Delivered
500777,2025-03-20,13678,20249,4,0.15,Express,Credit Card,6407.16,115,490.6,Delivered
500778,2025-10-22,14882,20215,1,0.1,Standard,Credit Card,510.13,45,195.13,Delivered
500779,2024-10-14,10068,20077,1,0.0,Standard,Upi,1861.91,45,608.51,Delivered
500780,2024-09-14,10971,20231,3,0.05,Standard,Credit Card,1578.84,45,754.89,Delivered
500781,2024-02-08,14137,20050,3,0.2,Express,Upi,4742.93,90,1625.93,Delivered
500782,2024-10-31,11451,20149,2,0.05,Standard,Upi,670.49,45,83.03,Delivered
500783,2024-10-09,10683,20107,1,0.15,Standard,Upi,495.01,45,109.37,Delivered
500784,2025-06-09,12955,20186,1,0.15,Same Day,Credit Card,2081.51,140,580.71,Delivered
500785,2025-02-10,13139,20287,2,0.05,Standard,Credit Card,3700.34,45,803.16,Delivered
500786,2024-12-24,11332,20007,3,0.15,Standard,Upi,18881.37,70,4410.68,Delivered
500787,2025-01-12,13191,20292,1,0.15,Express,Debit Card,280.3,90,-52.56,Delivered
500788,2025-04-13,14726,20280,5,0.0,Same Day,Upi,5802.3,165,2978.2,Delivered
500789,2024-10-07,13059,20024,2,0.2,Same Day,Credit Card,3659.1,140,300.64,Delivered
500790,2025-07-18,10757,20213,3,0.1,Express,Debit Card,8369.38,115,1670.07,Delivered
500791,2024-01-11,10027,20189,2,0.05,Express,Upi,2393.64,90,578.86,Delivered
500792,2025-11-05,12267,20077,1,0.1,Express,Credit Card,1675.72,90,377.32,Delivered
500793,2025-11-25,11308,20124,1,0.0,Express,Cash On Delivery,1867.16,90,614.14,Delivered
500794,2024-07-04,11163,20284,1,0.2,Standard,Upi,262.18,45,55.46,Delivered
500795,2025-07-02,11219,20160,1,0.3,Standard,Cash On Delivery,419.5,45,23.42,Delivered
500796,2024-01-09,12805,20224,2,0.15,Express,Net Banking,596.07,90,145.33,Delivered
500797,2024-01-28,14684,20246,2,0.05,Standard,Credit Card,681.15,45,256.73,Delivered
500798,2025-11-16,14094,20078,5,0.2,Express,Upi,5188.56,115,623.86,Delivered
500799,2025-04-08,13218,20096,1,0.05,Standard,Debit Card,1553.34,45,498.39,Delivered
500800,2025-09-30,14018,20045,2,0.1,Express,Debit Card,1589.71,90,292.31,Delivered
500801,2025-05-25,10282,20069,3,0.25,Same Day,Debit Card,4518.65,140,1614.57,Delivered
500802,2025-05-16,10758,20099,1,0.15,Standard,Upi,1971.74,45,382.34,Delivered
500803,2025-08-04,12399,20068,1,0.1,Express,Credit Card,474.79,90,23.1,Delivered
500804,2025-10-24,10223,20078,1,0.1,Standard,Debit Card,1167.43,45,232.49,Cancelled
500805,2025-10-22,14176,20146,4,0.15,Standard,Credit Card,3031.24,45,318.88,Delivered
500806,2024-08-05,14922,20075,2,0.15,Express,Debit Card,5790.03,115,2582.55,Delivered
500807,2025-03-04,14955,20002,1,0.1,Express,Credit Card,2083.6,90,343.46,Delivered
500808,2025-09-29,13465,20157,5,0.0,Standard,Credit Card,9898.6,70,4089.05,Delivered
500809,2024-01-03,12382,20087,1,0.1,Standard,Upi,407.19,45,124.64,Delivered
500810,2024-07-05,12937,20250,1,0.15,Standard,Net Banking,2344.79,45,846.94,Delivered
500811,2024-02-12,11352,20048,2,0.05,Standard,Debit Card,1202.59,45,512.59,Delivered
500812,2025-09-02,12188,20254,2,0.2,Express,Debit Card,724.93,90,176.41,Delivered
500813,2025-02-14,13439,20065,3,0.1,Standard,Upi,5836.35,70,1295.42,Delivered
500814,2024-07-08,14257,20042,2,0.05,Standard,Debit Card,15241.88,70,5509.74,Delivered
500815,2024-02-11,10167,20134,2,0.1,Standard,Upi,2020.5,45,461.72,Delivered
500816,2024-04-06,14551,20081,1,0.05,Express,Debit Card,647.82,90,192.09,Delivered
500817,2025-12-30,11671,20019,1,0.1,Express,Debit Card,461.65,90,81.93,Delivered
500818,2025-10-09,10638,20180,1,0.0,Standard,Upi,2783.25,45,925.3,Delivered
500819,2025-10-18,14562,20120,1,0.1,Express,Credit Card,2194.99,90,292.28,Delivered
500820,2025-05-31,14348,20019,2,0.15,Standard,Debit Card,872.0,45,247.56,Delivered
500821,2024-05-15,14596,20070,1,0.05,Express,Net Banking,1953.11,90,816.7,Delivered
500822,2025-05-24,10012,20189,3,0.3,Standard,Credit Card,2645.6,45,13.43,Delivered
500823,2025-06-02,13634,20094,3,0.05,Standard,Upi,7475.52,70,3084.86,Delivered
500824,2024-02-06,12389,20150,5,0.1,Standard,Debit Card,2108.16,45,586.46,Delivered
500825,2025-08-01,12786,20124,2,0.1,Standard,Upi,3360.89,45,989.85,Delivered
500826,2025-05-31,12869,20133,1,0.2,Standard,Upi,1156.14,45,355.66,Delivered
500827,2024-02-27,12161,20222,2,0.1,Standard,Net Banking,676.08,45,172.62,Delivered
500828,2024-06-03,11515,20067,1,0.15,Express,Credit Card,1402.58,90,159.53,Delivered
500829,2024-04-22,12187,20295,4,0.0,Standard,Credit Card,9510.0,70,2521.44,Delivered
500830,2025-04-04,13809,20231,2,0.0,Standard,Credit Card,1107.96,45,543.66,Delivered
500831,2025-08-26,10780,20156,2,0.0,Express,Cash On Delivery,3856.02,90,1261.5,Delivered
500832,2025-08-23,12263,20150,2,0.0,Standard,Credit Card,936.96,45,301.28,Delivered
500833,2025-03-17,14732,20109,4,0.05,Standard,Credit Card,3681.86,45,1766.14,Delivered
500834,2025-11-20,11413,20103,1,0.15,Standard,Upi,822.74,45,235.03,Delivered
500835,2024-08-15,12281,20081,1,0.2,Standard,Credit Card,545.54,45,134.81,Delivered
500836,2025-08-01,14798,20106,1,0.1,Standard,Credit Card,1096.64,45,394.15,Delivered
500837,2024-05-01,13175,20028,2,0.0,Standard,Debit Card,14842.84,70,3413.24,Delivered
500838,2025-11-01,13509,20250,2,0.15,Standard,Debit Card,4689.59,45,1738.89,Delivered
500839,2024-12-22,10088,20286,2,0.1,Express,Upi,4383.94,90,1773.62,Delivered
500840,2024-09-24,13784,20008,1,0.05,Standard,Cash On Delivery,553.24,45,207.73,Delivered
500841,2025-11-25,12878,20254,2,0.05,Standard,Debit Card,860.85,45,357.33,Delivered
500842,2025-04-29,11583,20041,1,0.0,Express,Upi,150.0,90,-23.49,Delivered
500843,2024-01-04,14861,20153,1,0.1,Standard,Debit Card,1686.45,45,461.99,Delivered
500844,2025-04-22,13446,20059,1,0.2,Standard,Debit Card,4709.05,45,424.36,Delivered
500845,2024-04-30,10227,20205,2,0.0,Standard,Debit Card,27116.64,70,6798.32,Delivered
500846,2025-04-30,10687,20290,2,0.0,Express,Net Banking,9309.26,115,3065.48,Delivered
500847,2024-08-06,14784,20167,1,0.05,Express,Debit Card,1076.41,90,157.67,Delivered
500848,2025-11-24,12571,20214,3,0.1,Standard,Upi,4778.08,45,2188.75,Delivered
500849,2024-10-04,13808,20225,1,0.3,Standard,Debit Card,7861.03,70,331.02,Delivered
500850,2024-09-13,13565,20294,1,0.1,Standard,Net Banking,1749.96,45,789.65,Delivered
500851,2024-10-30,13526,20109,1,0.2,Express,Credit Card,775.13,90,217.45,Delivered
500852,2024-02-12,12268,20244,1,0.05,Standard,Upi,405.65,45,117.53,Delivered
500853,2025-06-13,13392,20278,4,0.2,Standard,Debit Card,22463.01,70,1945.69,Delivered
500854,2025-12-10,11514,20191,4,0.15,Standard,Upi,3509.68,45,557.48,Delivered
500855,2025-11-19,12223,20155,1,0.1,Standard,Credit Card,252.19,45,0.95,Delivered
500856,2025-08-10,10112,20021,1,0.15,Standard,Credit Card,10523.51,70,2555.72,Delivered
500857,2025-11-23,13380,20163,5,0.2,Standard,Cash On Delivery,11507.36,70,803.21,Delivered
500858,2024-05-29,14823,20250,1,0.1,Standard,Upi,2482.72,45,984.87,Delivered
500859,2025-08-16,14221,20047,1,0.2,Standard,Credit Card,404.0,45,85.42,Delivered
500860,2024-01-10,11945,20050,3,0.1,Standard,Debit Card,5335.79,70,2238.79,Delivered
500861,2024-07-30,12475,20138,1,0.15,Standard,Upi,2025.62,45,455.67,Delivered
500862,2025-10-13,12069,20111,2,0.05,Same Day,Cash On Delivery,2471.67,140,1066.03,Delivered
500863,2024-09-16,14069,20284,2,0.15,Express,Debit Card,557.14,90,143.7,Delivered
500864,2025-01-16,12907,20232,2,0.2,Standard,Debit Card,2526.21,45,945.83,Delivered
500865,2025-01-23,10186,20293,1,0.1,Express,Debit Card,1899.22,90,236.21,Delivered
500866,2024-12-01,11577,20169,2,0.15,Standard,Upi,2071.99,45,617.29,Delivered
500867,2024-01-05,11247,20189,2,0.1,Express,Cash On Delivery,2267.66,90,452.88,Delivered
500868,2024-03-23,14078,20051,2,0.2,Standard,Credit Card,2346.82,45,941.8,Delivered
500869,2024-01-06,10051,20008,4,0.05,Standard,Credit Card,2212.97,45,965.93,Delivered
500870,2024-05-31,11170,20229,1,0.0,Standard,Upi,6094.72,70,1865.24,Delivered
500871,2024-06-29,14451,20233,1,0.15,Standard,Upi,2252.09,45,304.35,Delivered
500872,2024-06-15,14588,20019,1,0.15,Express,Net Banking,436.0,90,56.28,Delivered
500873,2025-04-14,10277,20030,4,0.0,Standard,Credit Card,2082.36,45,567.0,Delivered
500874,2024-03-18,12465,20142,1,0.15,Standard,Credit Card,568.0,45,93.36,Delivered
500875,2025-02-15,14013,20292,2,0.05,Standard,Upi,626.56,45,95.84,Delivered
500876,2025-07-07,10404,20116,1,0.3,Express,Credit Card,312.12,90,-18.18,Delivered
500877,2025-07-27,11392,20107,1,0.15,Standard,Upi,495.01,45,109.37,Delivered
500878,2025-01-15,12614,20034,1,0.05,Express,Cash On Delivery,1005.27,90,303.16,Delivered
500879,2024-11-08,13834,20178,1,0.1,Standard,Debit Card,466.42,45,162.7,Delivered
500880,2025-01-29,10530,20032,1,0.15,Express,Upi,389.38,90,-21.84,Delivered
500881,2025-06-26,13040,20298,1,0.1,Standard,Net Banking,1370.82,45,483.8,Delivered
500882,2024-01-04,11536,20161,2,0.3,Standard,Upi,3664.57,45,441.01,Delivered
500883,2024-04-18,13728,20270,2,0.1,Standard,Upi,1564.99,45,299.81,Delivered
500884,2024-04-02,14610,20114,1,0.2,Standard,Upi,331.21,45,21.27,Delivered
500885,2024-04-08,11445,20094,1,0.0,Standard,Cash On Delivery,2622.99,45,1137.77,Delivered
500886,2024-07-10,10290,20031,1,0.1,Same Day,Upi,762.44,140,232.48,Delivered
500887,2024-11-28,12229,20152,1,0.3,Standard,Credit Card,206.97,45,19.6,Delivered
500888,2024-07-30,11051,20243,2,0.15,Express,Debit Card,811.26,90,62.4,Delivered
500889,2025-08-17,14179,20265,2,0.05,Standard,Net Banking,478.44,45,134.04,Delivered
500890,2024-07-25,11885,20024,3,0.15,Same Day,Debit Card,5831.7,165,839.01,Delivered
500891,2025-09-18,13988,20218,3,0.1,Standard,Debit Card,1668.6,45,483.12,Delivered
500892,2025-07-26,11965,20065,2,0.15,Standard,Debit Card,3674.74,45,649.12,Delivered
500893,2024-12-21,10055,20215,1,0.1,Express,Credit Card,510.13,90,150.13,Delivered
500894,2024-09-09,12247,20100,1,0.1,Standard,Credit Card,1112.4,45,120.51,Delivered
500895,2025-08-13,13009,20250,1,0.05,Standard,Net Banking,2620.65,45,1122.8,Delivered
500896,2024-07-14,13096,20276,1,0.05,Standard,Debit Card,1639.97,45,303.58,Delivered
500897,2024-09-18,11166,20090,1,0.05,Standard,Credit Card,985.03,45,409.71,Delivered
500898,2024-11-17,13489,20251,1,0.15,Standard,Net Banking,622.12,45,225.13,Delivered
500899,2025-02-23,12918,20065,1,0.2,Standard,Upi,1729.29,45,193.98,Delivered
500900,2025-05-12,12779,20236,2,0.1,Standard,Net Banking,6332.44,70,2758.86,Delivered
500901,2024-11-27,14957,20077,4,0.05,Standard,Upi,7075.26,70,2171.66,Delivered
500902,2024-10-22,10019,20058,1,0.2,Standard,Upi,1302.51,45,429.09,Delivered
500903,2024-08-23,13602,20100,3,0.2,Express,Upi,2966.4,90,35.73,Delivered
500904,2025-11-11,14729,20300,1,0.0,Standard,Upi,870.11,45,317.95,Delivered
500905,2024-01-07,13095,20245,2,0.1,Standard,Upi,1499.09,45,273.19,Delivered
500906,2025-06-17,13479,20052,2,0.1,Standard,Upi,3592.31,45,935.49,Cancelled
500907,2024-03-12,14907,20162,1,0.2,Express,Credit Card,1288.9,90,112.03,Delivered
500908,2025-05-14,10011,20191,1,0.15,Standard,Debit Card,877.42,45,105.62,Delivered
500909,2025-09-09,11546,20122,2,0.1,Standard,Credit Card,6851.2,70,1412.02,Delivered
500910,2024-05-18,11302,20268,3,0.1,Standard,Debit Card,9539.53,70,3376.68,Delivered
500911,2025-01-20,10817,20294,1,0.1,Standard,Upi,1749.96,45,789.65,Delivered
500912,2025-06-25,12872,20246,1,0.05,Standard,Debit Card,340.58,45,105.87,Delivered
500913,2024-11-19,12391,20184,5,0.15,Standard,Cash On Delivery,3480.5,45,639.1,Delivered
500914,2025-08-23,12923,20168,2,0.0,Standard,Debit Card,4429.44,45,1172.38,Delivered
500915,2025-10-26,12103,20104,1,0.15,Standard,Upi,829.55,45,84.35,Delivered
500916,2024-03-13,12890,20089,1,0.05,Express,Upi,590.8,90,84.2,Delivered
500917,2025-01-23,14300,20012,1,0.1,Express,Debit Card,5532.56,115,1383.06,Cancelled
500918,2024-08-25,13628,20089,2,0.05,Standard,Upi,1181.59,45,303.39,Delivered
500919,2024-11-17,13592,20154,1,0.15,Standard,Credit Card,591.06,45,35.71,Delivered
500920,2024-12-06,11304,20036,2,0.2,Standard,Upi,3739.34,45,1241.92,Delivered
500921,2024-10-31,11931,20016,2,0.15,Standard,Upi,4846.65,45,647.97,Delivered
500922,2024-01-08,12201,20206,1,0.1,Express,Upi,938.98,90,280.94,Delivered
500923,2024-07-25,10529,20162,1,0.25,Express,Net Banking,1208.34,90,31.47,Delivered
500924,2025-02-14,14351,20200,1,0.05,Same Day,Upi,1651.76,140,173.27,Delivered
500925,2024-09-14,12798,20205,2,0.05,Standard,Credit Card,25760.81,70,5442.49,Delivered
500926,2025-10-12,14310,20157,1,0.15,Standard,Upi,1682.76,45,489.85,Cancelled
500927,2024-02-15,10564,20299,1,0.25,Standard,Upi,1072.6,45,-46.27,Delivered
500928,2024-05-05,13131,20019,2,0.15,Standard,Upi,872.0,45,247.56,Delivered
500929,2024-01-21,13893,20138,1,0.1,Express,Upi,2144.77,90,529.82,Delivered
500930,2024-06-18,11454,20056,5,0.05,Standard,Net Banking,22275.74,70,9395.64,Delivered
500931,2025-06-27,10931,20188,3,0.1,Standard,Cash On Delivery,7583.76,70,2080.16,Delivered
500932,2025-02-19,12599,20043,2,0.15,Standard,Cash On Delivery,898.77,45,188.63,Delivered
500933,2025-03-30,14194,20296,1,0.05,Standard,Upi,388.11,45,54.12,Delivered
500934,2025-10-23,14005,20290,3,0.2,Express,Upi,11171.11,115,1862.94,Delivered
500935,2024-07-24,12470,20113,3,0.15,Standard,Debit Card,1078.04,45,346.67,Delivered
500936,2024-11-28,10001,20129,3,0.1,Standard,Upi,9738.95,70,3949.15,Delivered
500937,2024-01-21,14176,20275,1,0.0,Express,Upi,2892.84,90,1264.59,Delivered
500938,2025-10-11,10237,20257,2,0.1,Express,Credit Card,622.13,90,14.91,Delivered
500939,2024-03-05,14824,20088,3,0.05,Same Day,Upi,1889.26,140,713.15,Delivered
500940,2025-07-30,14833,20216,1,0.1,Express,Upi,5630.55,115,2066.94,Delivered
500941,2024-03-28,12615,20284,2,0.15,Express,Debit Card,557.14,90,143.7,Delivered
500942,2025-04-23,13151,20107,1,0.05,Express,Debit Card,553.25,90,122.61,Delivered
500943,2024-02-12,14306,20024,2,0.2,Express,Upi,3659.1,90,350.64,Delivered
500944,2024-05-20,12706,20232,3,0.2,Standard,Upi,3789.31,45,1441.24,Delivered
500945,2025-01-08,13616,20044,1,0.05,Standard,Net Banking,2131.76,45,971.88,Delivered
500946,2025-05-30,12578,20078,4,0.0,Standard,Upi,5188.56,70,1558.8,Delivered
500947,2025-05-14,10461,20143,1,0.05,Standard,Credit Card,1917.65,45,780.39,Delivered
500948,2024-10-05,14306,20215,1,0.1,Standard,Net Banking,510.13,45,195.13,Delivered
500949,2024-11-21,14051,20004,1,0.15,Standard,Upi,290.16,45,9.34,Delivered
500950,2025-02-21,12165,20212,2,0.15,Express,Net Banking,1735.63,90,192.77,Cancelled
500951,2025-07-06,10403,20287,3,0.1,Standard,Credit Card,5258.38,70,910.11,Delivered
500952,2025-08-24,14496,20199,3,0.05,Same Day,Upi,2187.32,140,663.87,Delivered
500953,2024-11-03,11947,20001,4,0.05,Same Day,Debit Card,5752.48,165,1867.56,Delivered
500954,2025-10-18,11169,20014,2,0.0,Standard,Upi,17155.24,70,8900.62,Delivered
500955,2024-11-02,14357,20222,1,0.1,Express,Upi,338.04,90,18.81,Delivered
500956,2025-04-14,13646,20279,2,0.05,Standard,Credit Card,3023.81,45,1453.47,Delivered
500957,2024-07-02,13488,20108,3,0.1,Standard,Debit Card,6281.98,70,1398.69,Delivered
500958,2025-09-22,12378,20118,1,0.15,Express,Upi,1025.63,90,198.72,Delivered
500959,2025-09-16,10550,20119,1,0.05,Standard,Upi,3084.81,45,1578.51,Delivered
500960,2024-10-17,11113,20238,2,0.1,Express,Debit Card,1143.85,90,156.71,Delivered
500961,2024-09-05,14551,20254,1,0.15,Express,Credit Card,385.12,90,65.86,Cancelled
500962,2024-11-19,14527,20045,3,0.2,Same Day,Upi,2119.61,140,168.51,Delivered
500963,2025-03-18,13658,20126,3,0.05,Express,Debit Card,13957.19,115,4286.2,Delivered
500964,2025-08-26,10451,20135,1,0.1,Standard,Credit Card,2566.75,45,940.77,Delivered
500965,2024-02-28,13816,20064,5,0.05,Standard,Debit Card,9893.73,70,4576.98,Delivered
500966,2024-09-25,13381,20258,1,0.05,Standard,Net Banking,639.69,45,248.21,Delivered
500967,2024-11-13,14157,20006,4,0.1,Standard,Upi,2079.9,45,794.18,Delivered
500968,2024-04-03,12165,20017,1,0.25,Standard,Credit Card,916.65,45,277.46,Delivered
500969,2024-09-10,10590,20282,2,0.2,Same Day,Credit Card,1153.2,140,206.1,Delivered
500970,2025-11-17,14332,20041,2,0.1,Standard,Net Banking,270.0,45,58.02,Delivered
500971,2025-04-04,12923,20232,2,0.1,Standard,Cash On Delivery,2841.98,45,1261.6,Delivered
500972,2025-05-29,12352,20090,2,0.1,Standard,Debit Card,1866.37,45,760.73,Delivered
500973,2025-06-16,10276,20150,2,0.05,Express,Credit Card,890.11,90,209.43,Delivered
500974,2024-04-13,11421,20072,1,0.15,Standard,Credit Card,1379.58,45,104.18,Delivered
500975,2025-02-05,14117,20257,3,0.05,Standard,Debit Card,985.05,45,164.22,Delivered
500976,2024-11-28,11435,20045,2,0.0,Express,Debit Card,1766.34,90,468.94,Delivered
500977,2025-12-21,14046,20040,1,0.1,Standard,Net Banking,881.36,45,276.64,Delivered
500978,2025-08-30,13785,20192,2,0.1,Standard,Debit Card,2399.04,45,492.96,Delivered
500979,2024-04-02,11816,20011,2,0.15,Standard,Upi,1479.75,45,520.95,Delivered
500980,2025-07-10,11278,20135,2,0.1,Standard,Net Banking,5133.49,70,1901.53,Delivered
500981,2025-07-27,12370,20179,1,0.0,Standard,Upi,694.13,45,185.05,Delivered
500982,2025-06-25,12877,20221,4,0.15,Standard,Debit Card,5608.57,70,1918.73,Delivered
500983,2025-03-12,14770,20222,4,0.15,Standard,Upi,1277.04,45,315.12,Delivered
500984,2024-01-10,14988,20039,1,0.0,Standard,Upi,3068.72,45,961.34,Cancelled
500985,2025-03-31,14772,20044,2,0.15,Standard,Debit Card,3814.73,45,1539.97,Delivered
500986,2025-02-18,13316,20297,2,0.15,Standard,Cash On Delivery,528.73,45,18.57,Delivered
500987,2025-06-01,14515,20295,1,0.1,Express,Credit Card,2139.75,90,320.11,Delivered
500988,2025-01-09,10062,20148,2,0.2,Standard,Upi,21683.34,70,5006.82,Delivered
500989,2025-06-14,12431,20022,2,0.15,Standard,Net Banking,11416.67,70,3054.01,Delivered
500990,2025-06-07,10538,20157,1,0.1,Standard,Net Banking,1781.75,45,588.84,Cancelled
500991,2025-01-07,11341,20003,1,0.15,Standard,Credit Card,435.4,45,47.66,Delivered
500992,2025-12-04,12499,20201,2,0.1,Express,Upi,1076.02,90,435.26,Delivered
500993,2025-09-06,10818,20097,2,0.15,Standard,Upi,843.81,45,168.23,Delivered
500994,2025-03-14,13108,20109,3,0.0,Express,Credit Card,2906.73,90,1413.69,Delivered
500995,2024-07-13,10975,20228,3,0.1,Same Day,Cash On Delivery,2321.76,140,276.19,Delivered
500996,2024-09-21,13879,20242,1,0.15,Standard,Upi,3485.86,45,677.94,Delivered
500997,2025-05-21,13653,20297,3,0.0,Standard,Credit Card,933.06,45,190.32,Delivered
500998,2025-10-07,12244,20029,2,0.1,Standard,Net Banking,4010.85,45,1954.37,Delivered
500999,2025-03-01,11712,20109,2,0.1,Standard,Cash On Delivery,1744.04,45,763.68,Delivered
501000,2025-11-19,10039,20011,1,0.1,Express,Upi,783.4,90,236.5,Delivered
501001,2024-04-08,12081,20095,3,0.1,Standard,Credit Card,3116.39,45,430.43,Delivered
501002,2024-01-30,11383,20132,5,0.2,Standard,Debit Card,2002.8,45,819.85,Delivered
501003,2024-10-17,12627,20093,1,0.25,Express,Credit Card,533.72,90,32.7,Delivered
501004,2025-07-28,10352,20054,2,0.0,Standard,Upi,5552.76,70,2669.2,Delivered
501005,2025-05-01,12303,20242,1,0.25,Standard,Upi,3075.76,45,267.84,Delivered
501006,2025-02-09,11333,20195,1,0.1,Standard,Credit Card,4703.63,45,1513.82,Delivered
501007,2024-01-28,12032,20258,1,0.05,Standard,Credit Card,639.69,45,248.21,Delivered
501008,2024-05-25,14369,20068,1,0.05,Standard,Cash On Delivery,501.17,45,94.48,Delivered
501009,2024-10-14,11883,20300,3,0.15,Express,Upi,2218.78,90,607.3,Cancelled
501010,2025-08-03,14346,20190,2,0.15,Standard,Upi,1088.24,45,244.74,Delivered
501011,2024-09-08,11261,20128,3,0.0,Standard,Upi,4522.17,45,2197.11,Delivered
501012,2024-06-10,10232,20019,3,0.25,Standard,Credit Card,1154.12,45,239.96,Cancelled
501013,2024-04-19,10957,20172,1,0.0,Express,Net Banking,1174.12,90,202.57,Delivered
501014,2025-10-05,10432,20062,2,0.1,Standard,Debit Card,615.74,45,97.24,Delivered
501015,2025-02-01,14338,20067,1,0.15,Standard,Net Banking,1402.58,45,204.53,Delivered
501016,2024-09-27,12182,20211,1,0.2,Standard,Cash On Delivery,566.62,45,10.88,Delivered
501017,2024-07-06,11095,20175,1,0.05,Standard,Upi,243.36,45,21.35,Delivered
501018,2025-06-15,13930,20007,3,0.05,Express,Credit Card,21102.71,115,6587.02,Delivered
501019,2024-10-02,13537,20233,1,0.15,Express,Debit Card,2252.09,90,259.35,Delivered
501020,2025-11-19,13493,20199,5,0.1,Standard,Credit Card,3453.66,45,1102.91,Delivered
501021,2025-09-02,10564,20022,1,0.05,Standard,Credit Card,6379.91,70,2163.58,Delivered
501022,2024-09-03,14841,20229,1,0.0,Standard,Upi,6094.72,70,1865.24,Delivered
501023,2024-11-19,11816,20125,2,0.15,Same Day,Upi,1467.24,140,431.84,Delivered
501024,2024-01-18,10697,20073,4,0.0,Standard,Upi,3683.64,45,1565.16,Delivered
501025,2025-02-11,14859,20186,2,0.15,Express,Debit Card,4163.01,90,1351.41,Delivered
501026,2025-02-14,14945,20283,1,0.1,Standard,Upi,1218.15,45,284.23,Delivered
501027,2024-05-04,13537,20038,1,0.15,Standard,Credit Card,1412.08,45,525.82,Delivered
501028,2024-11-15,13475,20248,5,0.15,Express,Cash On Delivery,2137.88,90,310.18,Delivered
501029,2024-06-01,13723,20076,1,0.15,Standard,Upi,1481.75,45,243.2,Delivered
501030,2025-08-03,13677,20141,1,0.1,Standard,Credit Card,1104.14,45,206.89,Delivered
501031,2025-10-19,13399,20097,1,0.2,Standard,Debit Card,397.09,45,36.8,Delivered
501032,2025-07-10,13766,20143,3,0.0,Standard,Upi,6055.74,70,2708.96,Delivered
501033,2024-01-20,14430,20080,3,0.0,Standard,Upi,8533.26,70,4210.76,Delivered
501034,2024-09-03,14816,20256,1,0.1,Express,Net Banking,1147.52,90,309.57,Delivered
501035,2025-01-24,10408,20015,1,0.05,Standard,Debit Card,1298.56,45,589.13,Delivered
501036,2024-12-12,11424,20296,3,0.1,Express,Cash On Delivery,1103.06,90,146.09,Delivered
501037,2025-04-20,14702,20286,1,0.05,Standard,Debit Card,2313.74,45,1008.58,Delivered
501038,2024-07-21,14738,20023,3,0.05,Standard,Upi,1324.77,45,232.02,Delivered
501039,2024-01-09,13934,20265,1,0.25,Standard,Upi,188.86,45,-5.84,Cancelled
501040,2025-11-22,12093,20160,1,0.05,Standard,Upi,569.32,45,173.24,Delivered
501041,2025-10-29,10137,20291,1,0.0,Express,Debit Card,848.12,90,120.91,Delivered
501042,2025-06-14,13146,20096,1,0.05,Express,Unknown,1553.34,90,453.39,Delivered
501043,2024-04-12,10979,20272,1,0.1,Express,Net Banking,1248.37,90,161.19,Delivered
501044,2024-09-02,14916,20288,1,0.05,Express,Upi,1016.6,90,429.17,Delivered
501045,2025-08-19,11485,20281,2,0.0,Standard,Cash On Delivery,2780.76,45,1268.72,Delivered
501046,2024-11-14,12415,20293,3,0.05,Standard,Upi,6014.21,70,1225.18,Delivered
501047,2024-12-16,10843,20037,2,0.2,Express,Net Banking,2723.26,90,549.06,Delivered
501048,2024-08-21,14825,20163,2,0.15,Same Day,Net Banking,4890.63,140,496.97,Delivered
501049,2025-10-08,13330,20136,2,0.05,Express,Debit Card,598.75,90,153.85,Delivered
501050,2024-02-06,10975,20241,2,0.15,Express,Cash On Delivery,364.58,90,60.1,Delivered
501051,2024-12-10,14719,20175,2,0.2,Standard,Upi,409.87,45,10.85,Delivered
501052,2025-08-26,14273,20292,1,0.3,Express,Credit Card,230.84,90,-102.02,Delivered
501053,2024-10-18,14611,20118,1,0.0,Standard,Upi,1206.62,45,424.71,Delivered
501054,2024-01-17,12652,20257,2,0.05,Standard,Credit Card,656.7,45,94.48,Delivered
501055,2024-03-30,14854,20218,2,0.25,Standard,Upi,927.0,45,121.68,Delivered
501056,2024-12-13,11016,20203,1,0.2,Express,Credit Card,1474.61,90,259.39,Delivered
501057,2025-11-07,12013,20143,2,0.05,Standard,Upi,3835.3,45,1605.78,Delivered
501058,2025-03-19,13372,20255,1,0.05,Same Day,Credit Card,780.91,140,180.37,Delivered
501059,2024-09-09,10685,20096,1,0.2,Standard,Debit Card,1308.07,45,253.12,Delivered
501060,2025-08-15,12405,20207,1,0.0,Standard,Net Banking,745.47,45,301.61,Delivered
501061,2024-07-02,14310,20087,2,0.15,Standard,Cash On Delivery,769.13,45,249.03,Delivered
501062,2024-10-16,10369,20131,1,0.2,Standard,Credit Card,149.37,45,16.27,Delivered
501063,2024-08-02,10566,20115,1,0.05,Express,Net Banking,1060.75,90,425.12,Delivered
501064,2024-06-06,14614,20288,1,0.05,Standard,Net Banking,1016.6,45,474.17,Delivered
501065,2025-11-21,11345,20255,2,0.15,Standard,Cash On Delivery,1397.42,45,431.34,Delivered
501066,2025-01-27,14466,20148,1,0.15,Standard,Credit Card,11519.28,70,3146.02,Delivered
501067,2024-01-20,12962,20056,1,0.0,Standard,Net Banking,4689.63,45,2082.61,Delivered
501068,2025-04-15,12756,20099,1,0.1,Express,Upi,2087.72,90,453.32,Delivered
501069,2025-03-06,11133,20298,3,0.25,Standard,Debit Card,3427.04,45,855.98,Delivered
501070,2025-10-20,11480,20060,2,0.05,Standard,Net Banking,6698.18,70,2287.28,Delivered
501071,2024-03-08,11816,20184,2,0.1,Express,Net Banking,1474.09,90,265.53,Delivered
501072,2024-03-17,14029,20175,1,0.1,Standard,Net Banking,230.55,45,8.54,Delivered
501073,2024-04-11,13225,20152,1,0.2,Standard,Net Banking,236.54,45,49.17,Delivered
501074,2025-10-13,12412,20297,1,0.1,Standard,Debit Card,279.92,45,2.34,Delivered
501075,2025-08-07,11921,20004,3,0.1,Standard,Upi,921.67,45,169.21,Delivered
501076,2024-07-25,12473,20076,1,0.2,Standard,Credit Card,1394.59,45,156.04,Delivered
501077,2024-07-31,10959,20001,2,0.15,Standard,Upi,2573.48,45,668.52,Delivered
501078,2024-03-19,13677,20270,1,0.1,Standard,Credit Card,782.5,45,127.41,Delivered
501079,2024-04-22,11481,20164,2,0.3,Standard,Cash On Delivery,1067.28,45,-61.82,Delivered
501080,2024-05-12,10641,20298,1,0.25,Standard,Debit Card,1142.35,45,255.33,Delivered
501081,2024-07-15,14768,20048,5,0.05,Standard,Upi,3006.46,45,1348.96,Delivered
501082,2024-01-25,11934,20018,3,0.0,Standard,Upi,7498.29,70,3956.63,Delivered
501083,2025-04-16,12017,20089,3,0.05,Express,Net Banking,1772.39,90,432.59,Delivered
501084,2025-09-04,12168,20156,1,0.05,Standard,Credit Card,1831.61,45,534.35,Delivered
501085,2025-06-26,13938,20181,1,0.15,Standard,Upi,1637.92,45,231.76,Delivered
501086,2024-10-16,11636,20009,4,0.1,Standard,Net Banking,2701.12,45,497.96,Delivered
501087,2024-09-12,13146,20152,1,0.1,Standard,Upi,266.1,45,78.73,Delivered
501088,2024-07-24,14909,20148,3,0.1,Standard,Upi,36590.64,70,11610.86,Delivered
501089,2025-04-19,11400,20027,1,0.05,Standard,Debit Card,945.1,45,424.74,Delivered
501090,2024-03-08,10893,20101,2,0.05,Standard,Credit Card,3649.22,45,1740.82,Delivered
501091,2024-08-02,11771,20199,2,0.1,Standard,Credit Card,1381.46,45,414.16,Delivered
501092,2025-09-25,12923,20083,2,0.1,Standard,Upi,1762.33,45,735.17,Cancelled
501093,2025-02-25,10879,20054,4,0.15,Express,Upi,9439.69,115,3697.57,Delivered
501094,2025-07-11,13792,20082,1,0.05,Same Day,Upi,1943.52,140,210.64,Delivered
501095,2025-08-03,14972,20143,3,0.1,Express,Debit Card,5450.17,115,2058.39,Delivered
501096,2025-06-22,14214,20253,2,0.0,Express,Cash On Delivery,1165.92,90,503.98,Delivered
501097,2025-11-13,13734,20097,1,0.15,Standard,Credit Card,421.91,45,61.62,Delivered
501098,2025-04-06,10871,20040,1,0.1,Express,Debit Card,881.36,90,231.64,Delivered
501099,2025-03-30,11405,20229,1,0.0,Standard,Cash On Delivery,6094.72,70,1865.24,Delivered
501100,2024-10-27,12690,20197,1,0.1,Standard,Upi,2731.23,45,521.68,Delivered
501101,2024-10-14,12260,20171,2,0.05,Standard,Upi,10774.48,70,2210.46,Delivered
501102,2024-01-02,14582,20002,1,0.05,Standard,Credit Card,2199.35,45,504.21,Delivered
501103,2024-01-20,13868,20286,1,0.0,Standard,Upi,2435.52,45,1130.36,Delivered
501104,2025-04-21,11578,20052,1,0.3,Standard,Upi,1397.01,45,46.1,Delivered
501105,2025-05-05,11968,20103,3,0.25,Standard,Credit Card,2177.84,45,504.71,Delivered
501106,2024-09-13,11253,20033,1,0.2,Standard,Debit Card,871.55,45,-0.9,Delivered
501107,2025-03-28,14945,20265,1,0.05,Standard,Upi,239.22,45,44.52,Delivered
501108,2025-03-13,13050,20011,1,0.2,Standard,Debit Card,696.35,45,194.45,Delivered
501109,2025-02-01,13678,20076,2,0.2,Express,Upi,2789.18,90,312.08,Delivered
501110,2024-06-01,10566,20054,5,0.0,Standard,Credit Card,13881.9,70,6778.0,Delivered
501111,2025-10-10,11667,20097,1,0.1,Standard,Upi,446.72,45,86.43,Delivered
501112,2024-08-09,11087,20148,1,0.0,Standard,Credit Card,13552.09,70,5178.83,Delivered
501113,2025-12-23,14728,20005,2,0.1,Express,Credit Card,759.51,90,204.15,Cancelled
501114,2025-12-01,12754,20280,1,0.2,Same Day,Credit Card,928.37,140,256.55,Delivered
501115,2025-03-11,12742,20287,1,0.15,Standard,Net Banking,1655.42,45,184.33,Delivered
501116,2024-05-15,12440,20106,3,0.0,Same Day,Credit Card,3655.47,140,1543.0,Delivered
501117,2025-06-11,14117,20044,1,0.0,Same Day,Upi,2243.96,140,989.08,Delivered
501118,2025-09-17,13914,20206,1,0.0,Standard,Net Banking,1043.31,45,430.27,Delivered
501119,2024-10-05,13786,20280,1,0.2,Standard,Credit Card,928.37,45,351.55,Delivered
501120,2025-08-07,14669,20118,4,0.3,Standard,Cash On Delivery,3378.54,45,385.9,Delivered
501121,2025-04-29,10467,20268,3,0.1,Standard,Credit Card,9539.53,70,3376.68,Delivered
501122,2025-06-29,13830,20178,1,0.1,Express,Net Banking,466.42,90,117.7,Cancelled
501123,2024-09-01,12978,20228,3,0.1,Standard,Upi,2321.76,45,371.19,Delivered
501124,2024-01-18,12694,20281,2,0.1,Standard,Upi,2502.68,45,990.64,Delivered
501125,2025-07-09,13104,20117,1,0.1,Standard,Upi,342.5,45,75.52,Delivered
501126,2024-05-22,12445,20142,1,0.15,Express,Credit Card,568.0,90,48.36,Delivered
501127,2025-05-15,13089,20072,1,0.1,Standard,Credit Card,1460.74,45,185.34,Delivered
501128,2025-06-10,11459,20029,1,0.0,Standard,Debit Card,2228.25,45,1177.51,Delivered
501129,2024-04-02,10164,20025,1,0.0,Standard,Upi,3402.16,45,721.65,Delivered
501130,2025-01-17,12399,20087,1,0.0,Standard,Net Banking,452.43,45,169.88,Delivered
501131,2024-10-05,12758,20187,2,0.1,Standard,Upi,5269.57,70,648.69,Delivered
501132,2025-12-27,12012,20100,2,0.05,Express,Net Banking,2348.4,90,364.62,Delivered
501133,2025-03-24,14932,20255,1,0.1,Standard,Credit Card,739.81,45,234.27,Delivered
501134,2025-08-05,13001,20178,4,0.0,Standard,Upi,2073.0,45,993.12,Delivered
501135,2025-09-12,12553,20140,1,0.2,Standard,Upi,752.39,45,74.27,Delivered
501136,2024-10-14,14988,20082,3,0.2,Express,Net Banking,4909.94,90,41.3,Delivered
501137,2025-04-20,11052,20019,1,0.1,Standard,Upi,461.65,45,126.93,Delivered
501138,2025-11-02,14433,20255,2,0.1,Standard,Cash On Delivery,1479.62,45,513.54,Delivered
501139,2024-06-19,10287,20053,5,0.1,Standard,Cash On Delivery,6052.54,70,2424.19,Delivered
501140,2025-06-08,12679,20035,3,0.05,Standard,Net Banking,6749.48,70,2917.39,Delivered
501141,2025-01-06,11796,20155,1,0.15,Standard,Debit Card,238.18,45,-13.06,Delivered
501142,2025-01-27,13559,20067,1,0.0,Standard,Debit Card,1650.09,45,452.04,Delivered
501143,2024-07-03,10107,20230,4,0.1,Standard,Upi,2748.42,45,636.38,Delivered
501144,2025-05-24,12554,20051,2,0.1,Standard,Upi,2640.17,45,1235.15,Delivered
501145,2025-03-07,13485,20043,3,0.0,Standard,Credit Card,1586.07,45,543.36,Delivered
501146,2024-07-27,14267,20035,2,0.1,Same Day,Cash On Delivery,4262.83,140,1614.77,Delivered
501147,2024-11-24,11269,20015,1,0.15,Standard,Upi,1161.86,45,452.43,Delivered
501148,2024-12-26,10265,20144,1,0.0,Standard,Net Banking,187.62,45,26.7,Delivered
501149,2025-03-19,11475,20069,1,0.05,Standard,Credit Card,1907.88,45,941.52,Delivered
501150,2025-03-16,10361,20199,2,0.05,Standard,Upi,1458.21,45,490.91,Delivered
501151,2025-01-03,14094,20085,1,0.0,Standard,Upi,2544.76,45,745.72,Delivered
501152,2024-04-15,14796,20169,2,0.0,Standard,Cash On Delivery,2437.64,45,982.94,Delivered
501153,2025-12-24,11451,20193,4,0.05,Standard,Net Banking,2486.07,45,695.95,Delivered
501154,2024-11-20,10217,20030,1,0.15,Standard,Net Banking,442.5,45,29.91,Delivered
501155,2024-08-19,10165,20147,2,0.25,Standard,Credit Card,1544.25,45,51.97,Delivered
501156,2025-12-25,13203,20088,3,0.15,Standard,Upi,1690.39,45,609.28,Delivered
501157,2025-12-08,13429,20079,3,0.3,Express,Net Banking,4529.28,90,-404.07,Delivered
501158,2024-09-05,10743,20227,1,0.25,Standard,Credit Card,1851.48,45,20.06,Delivered
501159,2024-11-12,13141,20024,2,0.1,Standard,Debit Card,4116.49,45,853.03,Delivered
501160,2024-09-20,10196,20177,1,0.05,Standard,Debit Card,1010.44,45,173.04,Delivered
501161,2025-12-29,12021,20187,3,0.25,Standard,Upi,6586.96,70,-309.36,Delivered
501162,2025-05-17,13531,20270,1,0.1,Standard,Upi,782.5,45,127.41,Delivered
501163,2024-09-19,12507,20214,1,0.05,Standard,Net Banking,1681.18,45,788.07,Delivered
501164,2025-11-12,13556,20295,1,0.1,Express,Credit Card,2139.75,90,320.11,Delivered
501165,2025-02-19,13615,20264,1,0.1,Standard,Upi,645.06,45,90.97,Delivered
501166,2025-10-29,14410,20176,1,0.1,Express,Cash On Delivery,230.11,90,16.52,Delivered
501167,2024-03-10,14721,20080,1,0.0,Same Day,Debit Card,2844.42,140,1286.92,Delivered
501168,2024-08-21,10729,20238,1,0.1,Standard,Credit Card,571.92,45,78.35,Delivered
501169,2025-03-07,12778,20081,1,0.1,Standard,Cash On Delivery,613.73,45,203.0,Delivered
501170,2024-02-23,10309,20197,1,0.2,Standard,Upi,2427.76,45,218.21,Delivered
501171,2024-06-18,13188,20297,2,0.0,Express,Cash On Delivery,622.04,90,66.88,Delivered
501172,2024-02-05,10606,20291,1,0.2,Same Day,Upi,678.5,140,-98.71,Delivered
501173,2024-09-15,14909,20181,2,0.15,Standard,Credit Card,3275.83,45,508.51,Delivered
501174,2024-09-07,11243,20054,2,0.25,Same Day,Net Banking,4164.57,140,1211.01,Delivered
501175,2024-01-13,13791,20165,2,0.2,Standard,Upi,552.18,45,191.48,Delivered
501176,2025-11-01,13239,20018,1,0.1,Standard,Upi,2249.49,45,1047.27,Delivered
501177,2025-06-24,14060,20277,2,0.15,Standard,Debit Card,10817.22,70,4558.88,Delivered
501178,2024-02-26,12141,20256,2,0.25,Standard,Upi,1912.53,45,371.63,Delivered
501179,2024-06-09,11900,20298,2,0.1,Standard,Debit Card,2741.63,45,1012.59,Delivered
501180,2025-03-12,13744,20136,1,0.05,Express,Upi,299.37,90,31.92,Delivered
501181,2024-08-17,11834,20212,5,0.1,Express,Cash On Delivery,4594.32,90,872.17,Delivered
501182,2024-07-11,14745,20241,5,0.1,Standard,Upi,965.07,45,383.87,Delivered
501183,2025-09-11,13637,20114,3,0.15,Standard,Cash On Delivery,1055.73,45,215.91,Delivered
501184,2024-12-22,14200,20197,1,0.1,Express,Upi,2731.23,90,476.68,Delivered
501185,2024-12-17,10037,20187,2,0.15,Standard,Credit Card,4976.82,45,380.94,Delivered
501186,2024-09-14,10710,20266,1,0.0,Standard,Debit Card,603.13,45,185.13,Cancelled
501187,2025-09-13,13307,20191,3,0.1,Standard,Upi,2787.1,45,561.7,Delivered
501188,2025-10-03,13400,20263,1,0.15,Standard,Debit Card,3109.33,45,508.93,Delivered
501189,2025-09-26,10408,20035,1,0.0,Same Day,Cash On Delivery,2368.24,140,974.21,Delivered
501190,2025-09-19,13618,20042,2,0.05,Standard,Cash On Delivery,15241.88,70,5509.74,Cancelled
501191,2024-10-19,14611,20213,1,0.15,Standard,Cash On Delivery,2634.8,45,395.03,Delivered
501192,2025-01-20,13593,20088,1,0.15,Standard,Upi,563.46,45,173.09,Delivered
501193,2024-08-21,14310,20285,3,0.1,Express,Debit Card,1706.94,90,489.75,Delivered
501194,2024-10-22,11789,20155,3,0.3,Standard,Net Banking,588.44,45,-75.28,Delivered
501195,2025-12-03,13960,20294,1,0.05,Express,Net Banking,1847.18,90,841.87,Delivered
501196,2025-06-20,11491,20258,1,0.05,Standard,Credit Card,639.69,45,248.21,Delivered
501197,2025-01-13,13585,20025,2,0.1,Standard,Upi,6123.89,70,782.87,Delivered
501198,2025-11-08,12131,20194,3,0.15,Express,Debit Card,13267.24,115,989.22,Delivered
501199,2024-07-28,11142,20294,3,0.0,Same Day,Cash On Delivery,5833.2,165,2922.27,Delivered
501200,2025-06-22,11482,20059,2,0.05,Standard,Upi,11183.99,70,2634.61,Delivered
501201,2024-06-26,11281,20106,1,0.15,Standard,Upi,1035.72,45,333.23,Delivered
501202,2025-07-09,13943,20007,3,0.2,Same Day,Net Banking,17770.7,165,3205.01,Delivered
501203,2024-03-12,13429,20177,3,0.1,Standard,Net Banking,2871.77,45,449.57,Delivered
501204,2025-05-22,10875,20196,1,0.1,Express,Upi,969.38,90,143.68,Delivered
501205,2024-08-09,10112,20232,2,0.1,Standard,Debit Card,2841.98,45,1261.6,Delivered
501206,2024-08-15,12652,20297,1,0.0,Standard,Net Banking,311.02,45,33.44,Delivered
501207,2024-08-20,14714,20202,1,0.25,Standard,Upi,407.64,45,57.92,Delivered
501208,2024-09-24,14862,20220,1,0.0,Standard,Credit Card,4618.76,45,1646.3,Delivered
501209,2024-09-10,10995,20280,1,0.1,Standard,Credit Card,1044.41,45,467.59,Delivered
501210,2025-11-05,12693,20292,1,0.1,Express,Credit Card,263.82,90,-69.04,Delivered
501211,2024-01-06,14753,20277,1,0.2,Standard,Upi,5090.46,70,1926.29,Delivered
501212,2024-02-16,10211,20283,2,0.05,Standard,Cash On Delivery,2571.65,45,748.81,Delivered
501213,2025-02-10,11390,20085,1,0.0,Express,Credit Card,2544.76,90,700.72,Delivered
501214,2025-08-02,10531,20219,2,0.15,Standard,Debit Card,5831.49,70,1780.45,Delivered
501215,2024-09-10,11618,20227,1,0.0,Standard,Upi,2468.64,45,637.22,Delivered
501216,2025-03-24,10232,20290,1,0.1,Express,Credit Card,4189.17,90,1034.78,Delivered
501217,2024-02-28,11416,20052,1,0.1,Standard,Net Banking,1796.16,45,445.25,Delivered
501218,2025-01-27,13372,20142,2,0.05,Express,Debit Card,1269.64,90,320.36,Delivered
501219,2025-09-22,11708,20059,3,0.1,Standard,Upi,15893.04,70,3103.97,Delivered
501220,2025-11-28,10027,20057,2,0.05,Standard,Net Banking,3106.8,45,615.16,Delivered
501221,2025-07-13,10884,20120,1,0.15,Standard,Upi,2073.05,45,215.34,Delivered
501222,2024-07-09,12830,20037,2,0.2,Standard,Cash On Delivery,2723.26,45,594.06,Delivered
501223,2024-09-21,10899,20186,2,0.05,Standard,Debit Card,4652.78,45,1886.18,Delivered
501224,2025-11-14,14445,20288,1,0.15,Same Day,Cash On Delivery,909.59,140,272.16,Delivered
501225,2025-07-11,13096,20276,2,0.15,Express,Net Banking,2934.68,90,261.9,Delivered
501226,2024-05-22,12343,20126,1,0.05,Express,Net Banking,4652.4,90,1377.07,Delivered
501227,2024-09-02,13363,20213,4,0.05,Same Day,Credit Card,11779.13,165,2835.05,Delivered
501228,2024-08-03,11065,20189,1,0.2,Express,Net Banking,1007.85,90,55.46,Delivered
501229,2025-03-12,13669,20185,3,0.05,Standard,Upi,7345.19,70,2818.27,Delivered
501230,2025-11-18,10985,20109,1,0.0,Standard,Upi,968.91,45,456.23,Delivered
501231,2025-04-20,12159,20052,3,0.05,Express,Net Banking,5687.83,115,1655.1,Delivered
501232,2025-01-18,11096,20101,2,0.2,Standard,Debit Card,3073.02,45,1164.62,Delivered
501233,2025-10-18,13373,20146,1,0.1,Standard,Upi,802.39,45,90.55,Delivered
501234,2025-06-30,11037,20205,1,0.15,Express,Credit Card,11524.57,115,1285.41,Delivered
501235,2025-02-18,14619,20175,3,0.05,Express,Debit Card,730.08,90,109.05,Delivered
501236,2024-05-11,13174,20231,4,0.1,Standard,Net Banking,1994.33,45,910.73,Delivered
501237,2025-02-01,12138,20126,3,0.2,Express,Net Banking,11753.42,115,2082.43,Delivered
501238,2025-05-21,10568,20268,3,0.1,Standard,Upi,9539.53,70,3376.68,Delivered
501239,2024-06-01,13615,20251,1,0.15,Standard,Upi,622.12,45,225.13,Delivered
501240,2025-07-13,13297,20112,1,0.1,Standard,Upi,2272.72,45,329.31,Delivered
501241,2024-06-16,11043,20040,3,0.1,Standard,Credit Card,2644.08,45,919.92,Delivered
501242,2025-11-20,14610,20218,1,0.1,Standard,Cash On Delivery,556.2,45,131.04,Delivered
501243,2025-08-29,12521,20236,2,0.15,Express,Upi,5980.63,115,2362.05,Cancelled
501244,2024-08-17,13686,20192,1,0.15,Standard,Net Banking,1132.88,45,157.34,Delivered
501245,2025-12-03,12045,20275,3,0.2,Standard,Debit Card,6942.82,70,2258.07,Delivered
501246,2025-02-07,11330,20087,1,0.1,Standard,Cash On Delivery,407.19,45,124.64,Delivered
501247,2024-05-23,14255,20240,3,0.1,Standard,Upi,2829.17,45,903.77,Delivered
501248,2025-11-06,11788,20155,1,0.15,Express,Debit Card,238.18,90,-58.06,Delivered
501249,2025-06-14,11081,20180,4,0.1,Standard,Upi,10019.7,70,2697.9,Delivered
501250,2024-03-08,13606,20080,2,0.15,Standard,Upi,4835.51,45,1955.51,Delivered
501251,2024-04-07,13669,20007,1,0.15,Standard,Debit Card,6293.79,70,1423.56,Delivered
501252,2024-01-07,13620,20251,2,0.25,Express,Cash On Delivery,1097.86,90,303.88,Delivered
501253,2024-06-25,13582,20191,2,0.2,Express,Credit Card,1651.62,90,108.02,Delivered
501254,2024-07-24,12116,20077,1,0.15,Standard,Debit Card,1582.62,45,329.22,Delivered
501255,2024-10-25,11197,20055,1,0.0,Standard,Upi,2818.6,45,592.2,Delivered
501256,2024-08-16,10048,20204,1,0.15,Standard,Upi,1583.64,45,699.34,Delivered
501257,2025-09-22,11901,20159,2,0.1,Standard,Upi,13905.56,70,2996.86,Delivered
501258,2024-09-26,13736,20139,1,0.2,Standard,Credit Card,263.64,45,33.13,Delivered
501259,2024-03-21,10945,20230,1,0.0,Standard,Net Banking,763.45,45,201.69,Delivered
501260,2025-11-02,13269,20067,2,0.0,Standard,Credit Card,3300.18,45,949.08,Delivered
501261,2024-07-06,13642,20098,1,0.15,Standard,Debit Card,310.73,45,-13.29,Delivered
501262,2025-11-30,14839,20114,1,0.05,Express,Credit Card,393.31,90,38.37,Delivered
501263,2025-05-15,11984,20013,1,0.05,Standard,Net Banking,241.22,45,2.77,Delivered
501264,2025-12-06,10355,20147,2,0.1,Standard,Upi,1853.1,45,360.82,Delivered
501265,2025-05-01,10755,20222,1,0.05,Express,Credit Card,356.82,90,37.59,Delivered
501266,2025-05-02,14533,20021,1,0.2,Standard,Cash On Delivery,9904.48,70,1936.69,Cancelled
501267,2025-04-22,10881,20215,1,0.0,Express,Upi,566.81,90,206.81,Delivered
501268,2025-12-03,11918,20144,1,0.05,Express,Upi,178.24,90,-27.68,Delivered
501269,2024-10-15,14186,20112,1,0.1,Standard,Upi,2272.72,45,329.31,Delivered
501270,2024-04-15,10686,20078,2,0.1,Express,Debit Card,2334.85,90,464.97,Delivered
501271,2025-10-02,12987,20154,2,0.0,Express,Net Banking,1390.72,90,280.02,Delivered
501272,2025-08-31,14344,20086,1,0.1,Express,Debit Card,292.42,90,-17.02,Delivered
501273,2025-07-29,10392,20076,2,0.15,Express,Credit Card,2963.51,90,486.41,Delivered
501274,2025-10-01,11620,20031,1,0.2,Standard,Upi,677.72,45,242.76,Delivered
501275,2024-08-10,14117,20168,1,0.05,Standard,Cash On Delivery,2103.98,45,452.95,Delivered
501276,2025-01-16,11897,20283,1,0.15,Same Day,Upi,1150.47,140,121.55,Delivered
501277,2024-04-13,12548,20220,1,0.25,Standard,Debit Card,3464.07,45,491.61,Delivered
501278,2025-10-25,11585,20272,2,0.05,Standard,Upi,2635.45,45,596.09,Delivered
501279,2024-04-23,10028,20200,4,0.2,Same Day,Credit Card,5563.81,165,44.85,Delivered
501280,2025-05-22,14983,20113,1,0.05,Standard,Upi,401.62,45,127.83,Delivered
501281,2024-02-24,13033,20013,2,0.2,Standard,Upi,406.27,45,-25.63,Delivered
501282,2024-04-30,10112,20060,1,0.1,Express,Upi,3172.82,90,912.37,Delivered
501283,2024-08-04,14073,20188,1,0.2,Standard,Net Banking,2247.04,45,390.84,Delivered
501284,2025-09-26,11064,20288,4,0.05,Standard,Upi,4066.42,45,2031.7,Delivered
501285,2024-01-03,10605,20055,1,0.0,Express,Upi,2818.6,90,547.2,Delivered
501286,2024-04-01,11393,20243,1,0.15,Express,Upi,405.63,90,-13.8,Delivered
501287,2025-02-10,11198,20153,1,0.05,Standard,Debit Card,1780.14,45,555.68,Delivered
501288,2025-11-06,11281,20169,1,0.2,Standard,Credit Card,975.06,45,225.21,Delivered
501289,2025-03-16,11921,20282,3,0.2,Express,Credit Card,1729.8,90,429.15,Delivered
501290,2025-09-22,12862,20109,1,0.15,Standard,Cash On Delivery,823.57,45,310.89,Delivered
501291,2025-03-07,14292,20036,2,0.1,Standard,Upi,4206.76,45,1709.34,Delivered
501292,2024-03-01,14833,20212,2,0.25,Express,Upi,1531.44,90,-11.42,Delivered
501293,2025-12-26,11575,20131,1,0.1,Standard,Upi,168.04,45,34.94,Delivered
501294,2025-04-17,13307,20059,1,0.05,Express,Debit Card,5591.99,115,1237.3,Delivered
501295,2024-09-03,14601,20162,2,0.1,Standard,Net Banking,2900.02,45,681.28,Delivered
501296,2025-01-06,11541,20262,1,0.1,Standard,Debit Card,1910.24,45,259.12,Delivered
501297,2024-10-15,10661,20159,1,0.15,Standard,Cash On Delivery,6566.51,70,1077.16,Delivered
501298,2025-08-12,14054,20227,1,0.0,Express,Debit Card,2468.64,90,592.22,Delivered
501299,2024-01-24,13281,20160,1,0.15,Express,Cash On Delivery,509.39,90,68.31,Delivered
501300,2025-02-09,13879,20298,2,0.1,Express,Credit Card,2741.63,90,967.59,Delivered
501301,2024-11-03,11406,20046,1,0.15,Standard,Cash On Delivery,3589.57,45,413.74,Delivered
501302,2025-09-04,12603,20123,1,0.25,Standard,Credit Card,4289.21,45,782.58,Delivered
501303,2025-01-06,10448,20214,1,0.1,Standard,Upi,1592.69,45,699.58,Delivered
501304,2025-09-26,10422,20158,1,0.1,Standard,Net Banking,1081.35,45,237.84,Delivered
501305,2024-08-02,13868,20164,1,0.15,Express,Net Banking,647.99,90,15.94,Delivered
501306,2024-09-18,10755,20282,1,0.05,Express,Credit Card,684.71,90,191.16,Delivered
501307,2024-12-11,10034,20050,1,0.1,Standard,Upi,1778.6,45,724.6,Delivered
501308,2025-02-16,14627,20130,2,0.05,Standard,Cash On Delivery,1128.64,45,522.8,Delivered
501309,2024-05-02,12912,20263,1,0.2,Same Day,Cash On Delivery,2926.43,140,231.03,Cancelled
501310,2024-11-15,10849,20155,1,0.15,Express,Upi,238.18,90,-58.06,Delivered
501311,2024-12-02,12359,20046,1,0.05,Standard,Upi,4011.87,45,836.04,Delivered
501312,2024-06-06,10728,20248,1,0.0,Standard,Upi,503.03,45,110.49,Delivered
501313,2024-11-22,11603,20221,2,0.1,Standard,Upi,2969.24,45,1114.32,Delivered
501314,2025-10-22,14686,20213,1,0.0,Express,Net Banking,3099.77,90,815.0,Delivered
501315,2024-03-05,14538,20002,1,0.05,Standard,Credit Card,2199.35,45,504.21,Delivered
501316,2025-01-03,13713,20206,1,0.05,Express,Credit Card,991.14,90,333.1,Delivered
501317,2024-01-04,13603,20230,2,0.05,Standard,Net Banking,1450.56,45,372.04,Delivered
501318,2025-11-16,14097,20192,3,0.15,Express,Credit Card,3398.64,90,517.02,Delivered
501319,2025-10-09,11900,20253,1,0.15,Standard,Credit Card,495.52,45,164.55,Delivered
501320,2024-02-29,11280,20089,1,0.15,Same Day,Cash On Delivery,528.61,140,-27.99,Delivered
501321,2024-02-14,13131,20015,4,0.2,Express,Upi,4374.08,90,1626.36,Delivered
501322,2025-08-06,10686,20165,1,0.2,Standard,Debit Card,276.09,45,73.24,Delivered
501323,2025-08-29,10050,20262,1,0.15,Express,Upi,1804.12,90,108.0,Delivered
501324,2025-06-26,11254,20045,1,0.05,Standard,Credit Card,839.01,45,190.31,Delivered
501325,2024-06-04,11775,20180,1,0.1,Express,Net Banking,2504.93,90,601.98,Delivered
501326,2024-03-04,13589,20106,1,0.1,Standard,Upi,1096.64,45,394.15,Delivered
501327,2025-02-24,14047,20148,1,0.15,Standard,Upi,11519.28,70,3146.02,Delivered
501328,2024-11-18,10066,20190,2,0.1,Standard,Net Banking,1152.25,45,308.75,Delivered
501329,2024-04-18,14224,20129,2,0.15,Standard,Upi,6131.93,70,2248.73,Delivered
501330,2025-04-07,12745,20205,3,0.05,Standard,Cash On Delivery,38641.21,70,8198.73,Delivered
501331,2025-08-02,11901,20030,1,0.05,Express,Debit Card,494.56,90,36.97,Delivered
501332,2025-06-30,14674,20010,1,0.0,Standard,Upi,971.85,45,321.81,Delivered
501333,2024-09-07,14040,20109,1,0.1,Express,Net Banking,872.02,90,314.34,Delivered
501334,2025-05-24,12268,20150,1,0.25,Express,Upi,351.36,90,-33.98,Delivered
501335,2025-07-01,14858,20285,3,0.1,Standard,Upi,1706.94,45,534.75,Delivered
501336,2025-03-16,12017,20139,3,0.05,Express,Debit Card,939.22,90,292.69,Delivered
501337,2025-03-29,10933,20154,1,0.15,Standard,Debit Card,591.06,45,35.71,Delivered
501338,2025-10-05,11971,20147,2,0.15,Same Day,Net Banking,1750.15,140,162.87,Delivered
501339,2025-11-09,13853,20036,1,0.1,Standard,Credit Card,2103.38,45,832.17,Delivered
501340,2024-09-30,14141,20184,2,0.1,Standard,Debit Card,1474.09,45,310.53,Delivered
501341,2024-02-29,11716,20265,1,0.2,Standard,Credit Card,201.45,45,6.75,Delivered
501342,2024-12-07,10618,20135,3,0.1,Express,Credit Card,7700.24,115,2842.3,Delivered
501343,2025-01-28,14859,20018,1,0.3,Standard,Debit Card,1749.6,45,547.38,Delivered
501344,2024-04-22,12213,20137,1,0.05,Express,Cash On Delivery,304.68,90,56.4,Delivered
501345,2024-08-08,14179,20198,2,0.05,Standard,Debit Card,3774.22,45,1448.44,Cancelled
501346,2024-03-08,13994,20045,2,0.0,Standard,Credit Card,1766.34,45,513.94,Delivered
501347,2024-11-10,12445,20079,1,0.1,Standard,Cash On Delivery,1941.12,45,281.67,Delivered
501348,2025-04-11,12323,20087,1,0.05,Same Day,Net Banking,429.81,140,52.26,Delivered
501349,2024-09-19,11368,20209,1,0.2,Standard,Upi,938.59,45,258.01,Delivered
501350,2024-05-10,11351,20224,1,0.1,Express,Upi,315.57,90,45.2,Delivered
501351,2025-02-27,12831,20253,1,0.0,Express,Credit Card,582.96,90,206.99,Delivered
501352,2024-09-23,10977,20160,1,0.1,Same Day,Credit Card,539.35,140,48.27,Delivered
501353,2025-12-20,14803,20229,2,0.15,Express,Cash On Delivery,10361.02,115,1927.06,Delivered
501354,2024-07-30,14134,20195,1,0.1,Express,Upi,4703.63,90,1468.82,Delivered
501355,2025-07-16,13835,20144,2,0.1,Standard,Cash On Delivery,337.72,45,60.88,Delivered
501356,2024-10-14,12078,20130,3,0.05,Standard,Upi,1692.96,45,806.7,Delivered
501357,2025-02-28,14955,20041,2,0.15,Standard,Cash On Delivery,255.0,45,43.02,Delivered
501358,2025-07-07,11821,20179,2,0.05,Standard,Debit Card,1318.85,45,345.69,Delivered
501359,2025-12-07,10769,20014,2,0.2,Express,Credit Card,13724.19,115,5424.57,Delivered
501360,2024-08-31,13410,20232,1,0.3,Same Day,Cash On Delivery,1105.22,140,197.53,Delivered
501361,2025-12-12,11671,20027,3,0.1,Standard,Cash On Delivery,2686.07,45,1214.99,Delivered
501362,2025-09-24,12390,20010,3,0.0,Standard,Credit Card,2915.55,45,1055.43,Delivered
501363,2024-11-29,10168,20085,1,0.15,Standard,Upi,2163.05,45,364.01,Delivered
501364,2024-11-23,14780,20002,1,0.05,Express,Credit Card,2199.35,90,459.21,Delivered
501365,2025-12-15,13257,20207,1,0.2,Express,Net Banking,596.38,90,107.52,Delivered
501366,2024-04-15,12480,20089,1,0.1,Standard,Debit Card,559.7,45,98.1,Delivered
501367,2024-03-19,14135,20121,5,0.2,Standard,Upi,4359.56,45,1848.51,Delivered
501368,2024-06-13,10980,20030,1,0.15,Standard,Upi,442.5,45,29.91,Delivered
501369,2025-09-22,12435,20009,2,0.1,Standard,Credit Card,1350.56,45,226.48,Delivered
501370,2024-02-26,14023,20129,1,0.1,Express,Cash On Delivery,3246.32,90,1249.72,Delivered
501371,2024-07-06,12817,20204,3,0.15,Express,Debit Card,4750.93,90,2143.03,Delivered
501372,2024-02-21,11563,20138,1,0.2,Standard,Upi,1906.46,45,336.51,Delivered
501373,2024-03-12,12981,20145,3,0.05,Standard,Credit Card,17785.37,70,7734.28,Delivered
501374,2024-11-19,11475,20174,4,0.0,Standard,Cash On Delivery,7134.24,70,3360.4,Delivered
501375,2025-09-03,13187,20049,2,0.0,Express,Credit Card,1533.38,90,368.54,Delivered
501376,2024-12-03,14002,20243,1,0.2,Standard,Upi,381.77,45,7.34,Delivered
501377,2024-06-03,12449,20090,1,0.05,Standard,Debit Card,985.03,45,409.71,Delivered
501378,2024-02-28,14167,20100,2,0.15,Standard,Debit Card,2101.2,45,162.42,Delivered
501379,2024-10-01,13381,20203,2,0.05,Standard,Debit Card,3502.19,45,1206.75,Delivered
501380,2024-07-19,13869,20208,1,0.1,Express,Upi,2477.97,90,403.65,Delivered
501381,2024-10-21,11751,20093,1,0.0,Standard,Debit Card,711.62,45,255.6,Delivered
501382,2024-11-17,14198,20237,2,0.1,Express,Upi,1165.82,90,409.48,Delivered
501383,2024-11-24,13646,20274,1,0.2,Standard,Credit Card,876.43,45,113.84,Delivered
501384,2025-01-24,13162,20267,2,0.05,Express,Upi,1115.93,90,135.87,Delivered
501385,2024-10-10,10327,20201,1,0.1,Standard,Debit Card,538.01,45,217.63,Delivered
501386,2024-06-24,13318,20250,1,0.05,Standard,Credit Card,2620.65,45,1122.8,Delivered
501387,2025-09-01,10716,20096,1,0.05,Express,Debit Card,1553.34,90,453.39,Delivered
501388,2024-12-14,13339,20226,2,0.0,Standard,Cash On Delivery,3107.82,45,973.64,Cancelled
501389,2025-03-07,14415,20104,1,0.15,Standard,Upi,829.55,45,84.35,Delivered
501390,2025-11-24,13861,20144,2,0.1,Standard,Net Banking,337.72,45,60.88,Delivered
501391,2025-01-16,14729,20137,1,0.1,Standard,Upi,288.65,45,85.37,Delivered
501392,2024-09-28,12392,20068,5,0.1,Standard,Upi,2373.98,45,520.53,Delivered
501393,2025-05-06,12700,20173,2,0.15,Standard,Upi,1263.41,45,165.45,Cancelled
501394,2025-06-30,12001,20002,1,0.15,Standard,Upi,1967.84,45,272.7,Delivered
501395,2024-11-26,12039,20119,4,0.15,Standard,Upi,11040.38,70,5125.18,Delivered
501396,2025-08-21,12677,20120,1,0.15,Standard,Debit Card,2073.05,45,215.34,Delivered
501397,2024-06-06,14869,20278,1,0.1,Express,Debit Card,6317.72,115,1090.89,Cancelled
501398,2025-03-07,14692,20149,1,0.0,Standard,Cash On Delivery,352.89,45,36.66,Delivered
501399,2024-11-20,12016,20219,2,0.1,Express,Upi,6174.52,115,2078.48,Delivered
501400,2024-04-25,11131,20183,1,0.05,Standard,Upi,1228.38,45,576.1,Delivered
501401,2025-06-03,13936,20004,5,0.1,Express,Net Banking,1536.12,90,267.02,Delivered
501402,2025-09-10,10350,20058,2,0.05,Standard,Credit Card,3093.47,45,1391.63,Delivered
501403,2025-09-10,10031,20198,1,0.05,Standard,Credit Card,1887.11,45,701.72,Delivered
501404,2025-09-17,12208,20026,1,0.1,Standard,Net Banking,1956.45,45,591.43,Delivered
501405,2025-03-10,12176,20113,1,0.3,Express,Credit Card,295.93,90,-22.86,Delivered
501406,2025-06-05,12827,20197,2,0.0,Express,Upi,6069.4,115,1625.3,Delivered
501407,2025-07-25,12571,20229,2,0.05,Standard,Net Banking,11579.97,70,3191.01,Delivered
501408,2024-09-22,13479,20098,1,0.25,Standard,Upi,274.18,45,-49.84,Delivered
501409,2025-02-01,10792,20200,1,0.1,Standard,Credit Card,1564.82,45,181.33,Delivered
501410,2024-04-11,10509,20021,1,0.15,Express,Credit Card,10523.51,115,2510.72,Delivered
501411,2024-03-03,14841,20186,1,0.05,Express,Credit Card,2326.39,90,875.59,Delivered
501412,2025-11-17,14836,20175,1,0.1,Standard,Upi,230.55,45,8.54,Delivered
501413,2025-12-09,12208,20279,3,0.05,Express,Cash On Delivery,4535.72,90,2157.71,Delivered
501414,2025-05-25,11013,20208,2,0.1,Standard,Upi,4955.94,45,942.3,Delivered
501415,2024-08-09,13025,20091,2,0.1,Same Day,Net Banking,9907.09,165,2385.35,Delivered
501416,2025-03-11,10292,20263,1,0.2,Express,Credit Card,2926.43,90,281.03,Delivered
501417,2024-07-08,14159,20216,2,0.2,Express,Upi,10009.87,115,2997.65,Delivered
501418,2025-10-01,10469,20253,1,0.05,Standard,Credit Card,553.81,45,222.84,Delivered
501419,2024-11-29,11197,20031,1,0.25,Express,Credit Card,635.36,90,155.4,Delivered
501420,2025-07-11,14484,20125,2,0.1,Express,Upi,1553.54,90,568.14,Delivered
501421,2025-08-03,12514,20196,1,0.0,Standard,Credit Card,1077.09,45,296.39,Delivered
501422,2024-10-27,14750,20291,1,0.0,Express,Cash On Delivery,848.12,90,120.91,Delivered
501423,2024-12-16,13868,20034,2,0.1,Standard,Debit Card,1904.72,45,635.5,Delivered
501424,2025-07-23,14478,20231,3,0.2,Standard,Net Banking,1329.55,45,505.6,Delivered
501425,2025-12-28,10048,20015,1,0.05,Express,Credit Card,1298.56,90,544.13,Delivered
501426,2024-04-24,10912,20170,2,0.1,Standard,Upi,2621.32,45,704.08,Delivered
501427,2025-06-05,13546,20146,3,0.1,Standard,Credit Card,2407.16,45,361.64,Delivered
501428,2025-01-01,14389,20206,1,0.2,Standard,Credit Card,834.65,45,221.61,Delivered
501429,2024-09-25,10266,20038,3,0.0,Standard,Upi,4983.81,45,2415.03,Delivered
501430,2024-03-26,14437,20029,1,0.2,Express,Debit Card,1782.6,90,686.86,Delivered
501431,2025-01-12,10719,20010,1,0.05,Standard,Net Banking,923.26,45,273.22,Delivered
501432,2024-05-26,13005,20273,1,0.2,Express,Credit Card,1144.78,90,375.16,Delivered
501433,2024-04-27,11374,20115,1,0.1,Express,Credit Card,1004.92,90,369.29,Delivered
501434,2024-05-14,11511,20084,2,0.1,Standard,Debit Card,2865.02,45,630.48,Delivered
501435,2025-06-10,13682,20081,1,0.3,Standard,Credit Card,477.34,45,66.61,Delivered
501436,2024-07-24,12810,20071,2,0.15,Standard,Upi,3474.73,45,954.75,Delivered
501437,2024-08-20,13220,20056,2,0.1,Standard,Credit Card,8441.33,70,3247.29,Delivered
501438,2024-03-06,12614,20300,1,0.1,Express,Cash On Delivery,783.1,90,185.94,Delivered
501439,2024-01-04,11957,20222,1,0.05,Standard,Upi,356.82,45,82.59,Cancelled
501440,2024-01-03,12266,20104,2,0.15,Express,Upi,1659.1,90,168.7,Delivered
501441,2024-09-15,14061,20233,1,0.1,Standard,Net Banking,2384.57,45,436.83,Delivered
501442,2025-12-15,12985,20178,2,0.15,Express,Upi,881.02,90,273.58,Delivered
501443,2024-11-20,12797,20074,2,0.1,Standard,Cash On Delivery,1785.29,45,435.97,Delivered
501444,2024-08-27,14932,20288,2,0.1,Standard,Debit Card,1926.2,45,886.34,Delivered
501445,2025-08-27,13927,20053,1,0.1,Standard,Credit Card,1210.51,45,453.84,Delivered
501446,2025-06-18,13809,20257,1,0.25,Standard,Upi,259.22,45,-44.39,Delivered
501447,2024-11-13,13260,20118,1,0.15,Express,Upi,1025.63,90,198.72,Delivered
501448,2025-08-21,12259,20218,1,0.15,Express,Upi,525.3,90,55.14,Delivered
501449,2024-02-20,13537,20030,3,0.15,Standard,Debit Card,1327.5,45,179.73,Delivered
501450,2025-04-14,10451,20265,2,0.05,Same Day,Upi,478.44,140,39.04,Delivered
501451,2024-02-12,11251,20108,3,0.25,Express,Net Banking,5234.98,115,306.69,Delivered
501452,2024-07-22,13961,20289,1,0.0,Express,Unknown,1749.49,90,666.73,Delivered
501453,2024-12-12,12248,20282,4,0.05,Standard,Upi,2738.85,45,1079.65,Delivered
501454,2024-02-27,10992,20298,2,0.0,Standard,Upi,3046.26,45,1317.22,Delivered
501455,2024-02-28,10400,20202,1,0.1,Express,Credit Card,489.17,90,94.45,Delivered
501456,2025-11-10,12184,20298,1,0.05,Standard,Upi,1446.97,45,559.95,Delivered
501457,2025-11-16,10799,20096,3,0.2,Standard,Cash On Delivery,3924.22,45,849.37,Delivered
501458,2025-05-25,11829,20039,1,0.15,Standard,Credit Card,2608.41,45,501.03,Delivered
501459,2024-11-13,11568,20248,5,0.2,Standard,Debit Card,2012.12,45,229.42,Delivered
501460,2025-03-08,14224,20240,2,0.05,Express,Credit Card,1990.9,90,647.3,Delivered
501461,2025-01-06,13189,20180,2,0.1,Standard,Net Banking,5009.85,70,1313.95,Delivered
501462,2024-07-25,11126,20161,1,0.1,Standard,Upi,2355.8,45,721.52,Delivered
501463,2024-04-20,13324,20155,1,0.1,Standard,Debit Card,252.19,45,0.95,Delivered
501464,2024-01-23,12604,20157,3,0.3,Standard,Debit Card,4157.41,45,668.68,Delivered
501465,2025-03-03,13500,20210,1,0.1,Same Day,Credit Card,602.96,140,16.09,Delivered
501466,2025-11-14,10451,20111,1,0.0,Express,Upi,1300.88,90,578.06,Delivered
501467,2024-01-11,10919,20284,1,0.0,Standard,Debit Card,327.73,45,121.01,Delivered
501468,2025-07-25,14620,20266,1,0.2,Standard,Upi,482.5,45,64.5,Cancelled
501469,2025-05-29,14622,20144,3,0.0,Standard,Credit Card,562.86,45,170.1,Delivered
501470,2024-05-23,13868,20100,1,0.25,Standard,Net Banking,927.0,45,-64.89,Delivered
501471,2025-06-04,10207,20257,1,0.05,Express,Net Banking,328.35,90,-20.26,Delivered
501472,2024-10-20,11655,20118,2,0.2,Same Day,Credit Card,1930.59,140,316.77,Cancelled
501473,2024-11-20,10467,20213,1,0.2,Express,Upi,2479.82,90,195.05,Delivered
501474,2024-07-11,11614,20132,1,0.05,Standard,Credit Card,475.66,45,203.07,Delivered
501475,2024-10-17,13427,20115,1,0.2,Standard,Debit Card,893.26,45,302.63,Delivered
501476,2025-09-30,14299,20291,3,0.1,Standard,Credit Card,2289.92,45,333.29,Cancelled
501477,2025-02-22,12384,20116,1,0.05,Standard,Upi,423.59,45,138.29,Delivered
501478,2025-04-04,10951,20057,1,0.05,Express,Upi,1553.4,90,240.08,Delivered
501479,2024-02-17,11562,20152,2,0.2,Express,Debit Card,473.07,90,98.33,Delivered
501480,2024-04-16,10024,20276,2,0.0,Standard,Debit Card,3452.56,45,824.78,Delivered
501481,2024-09-20,14306,20166,1,0.15,Standard,Debit Card,552.11,45,188.16,Delivered
501482,2024-09-09,11007,20152,2,0.2,Standard,Cash On Delivery,473.07,45,143.33,Delivered
501483,2025-06-22,13032,20212,2,0.1,Standard,Net Banking,1837.73,45,339.87,Delivered
501484,2025-06-04,12040,20280,1,0.15,Standard,Upi,986.39,45,409.57,Delivered
501485,2024-06-06,13646,20102,1,0.2,Standard,Upi,4029.13,45,310.62,Delivered
501486,2025-06-09,12277,20253,2,0.1,Standard,Cash On Delivery,1049.33,45,432.39,Delivered
501487,2024-01-29,11475,20281,2,0.15,Express,Upi,2363.65,90,806.61,Delivered
501488,2025-06-21,13315,20081,1,0.15,Standard,Cash On Delivery,579.63,45,168.9,Delivered
501489,2025-12-26,14122,20273,1,0.25,Express,Upi,1073.24,90,303.62,Delivered
501490,2024-05-22,13992,20058,1,0.1,Standard,Upi,1465.33,45,591.91,Delivered
501491,2025-09-18,12602,20002,3,0.1,Standard,Credit Card,6250.8,70,1230.38,Delivered
501492,2024-08-05,11235,20009,1,0.1,Standard,Cash On Delivery,675.28,45,90.74,Cancelled
501493,2025-08-15,11832,20191,1,0.05,Same Day,Debit Card,980.65,140,113.85,Delivered
501494,2025-12-13,12159,20123,3,0.25,Standard,Debit Card,12867.64,70,2412.75,Delivered
501495,2024-03-07,10528,20104,3,0.1,Express,Debit Card,2635.04,90,444.44,Delivered
501496,2024-05-23,11412,20083,2,0.25,Express,Credit Card,1468.6,90,396.44,Delivered
501497,2024-05-20,13351,20109,1,0.3,Express,Upi,678.24,90,120.56,Delivered
501498,2024-12-11,14198,20120,1,0.2,Standard,Credit Card,1951.1,45,93.39,Delivered
501499,2025-04-09,10390,20228,3,0.05,Standard,Credit Card,2450.74,45,500.17,Delivered
501500,2024-04-05,10216,20267,1,0.0,Express,Debit Card,587.33,90,52.3,Delivered
501501,2025-02-11,13639,20106,2,0.1,Standard,Upi,2193.28,45,833.3,Delivered
501502,2024-04-27,13793,20217,1,0.1,Standard,Credit Card,477.27,45,187.34,Delivered
501503,2025-11-27,12806,20128,1,0.15,Express,Upi,1281.28,90,431.26,Delivered
501504,2025-03-19,11378,20286,2,0.0,Express,Upi,4871.04,90,2260.72,Delivered
501505,2025-01-14,10235,20149,1,0.05,Express,Upi,335.25,90,-25.98,Delivered
501506,2025-12-13,10114,20151,2,0.1,Standard,Upi,7645.79,70,2831.87,Delivered
501507,2024-10-04,13139,20061,1,0.1,Standard,Net Banking,1722.58,45,766.65,Cancelled
501508,2024-12-26,14160,20158,1,0.25,Standard,Upi,901.12,45,57.61,Delivered
501509,2025-01-04,12151,20174,3,0.25,Standard,Debit Card,4013.01,45,1190.13,Delivered
501510,2025-09-13,12156,20274,1,0.2,Standard,Credit Card,876.43,45,113.84,Delivered
501511,2024-07-30,11319,20244,3,0.05,Standard,Credit Card,1216.95,45,442.59,Delivered
501512,2024-09-15,12039,20173,4,0.15,Standard,Upi,2526.81,45,375.89,Delivered
501513,2025-11-06,14904,20059,1,0.05,Standard,Credit Card,5591.99,70,1282.3,Delivered
501514,2024-04-06,11588,20110,2,0.25,Standard,Credit Card,858.48,45,13.0,Delivered
501515,2024-07-28,11061,20215,1,0.1,Standard,Upi,510.13,45,195.13,Delivered
501516,2025-07-01,14611,20065,2,0.2,Standard,Cash On Delivery,3458.58,45,432.96,Delivered
501517,2025-09-03,12254,20252,2,0.1,Express,Upi,1132.47,90,367.01,Delivered
501518,2024-01-21,10341,20298,2,0.1,Standard,Net Banking,2741.63,45,1012.59,Delivered
501519,2025-12-29,13978,20148,1,0.0,Standard,Net Banking,13552.09,70,5178.83,Delivered
501520,2025-03-08,12474,20228,1,0.1,Standard,Net Banking,773.92,45,93.73,Delivered
501521,2025-09-07,11725,20299,3,0.15,Standard,Upi,3646.86,45,380.25,Delivered
501522,2025-01-05,14305,20208,2,0.05,Standard,Credit Card,5231.27,70,1192.63,Delivered
501523,2025-01-27,12011,20197,3,0.05,Same Day,Upi,8648.89,165,1990.24,Delivered
501524,2025-09-15,10737,20243,1,0.3,Standard,Debit Card,334.05,45,-40.38,Delivered
501525,2024-08-06,10369,20191,1,0.15,Standard,Upi,877.42,45,105.62,Delivered
501526,2025-05-18,11763,20171,2,0.2,Standard,Upi,9073.25,70,509.23,Delivered
501527,2025-09-23,13847,20242,3,0.1,Standard,Upi,11072.73,70,2713.97,Delivered
501528,2024-04-05,10082,20258,1,0.05,Standard,Cash On Delivery,639.69,45,248.21,Delivered
501529,2025-03-07,12419,20151,1,0.05,Standard,Upi,4035.28,45,1618.32,Delivered
501530,2024-07-06,10377,20300,1,0.1,Express,Upi,783.1,90,185.94,Delivered
501531,2025-05-15,10003,20237,1,0.15,Standard,Debit Card,550.53,45,172.36,Delivered
501532,2025-01-09,12838,20153,3,0.25,Standard,Upi,4216.12,45,632.74,Delivered
501533,2025-03-09,13190,20291,1,0.1,Standard,Credit Card,763.31,45,81.1,Delivered
501534,2025-02-26,11450,20065,2,0.1,Express,Debit Card,3890.9,90,820.28,Delivered
501535,2024-05-23,10764,20250,1,0.25,Standard,Upi,2068.94,45,571.09,Delivered
501536,2025-06-23,14839,20190,2,0.1,Standard,Credit Card,1152.25,45,308.75,Delivered
501537,2025-05-13,10542,20159,1,0.1,Standard,Upi,6952.78,70,1463.43,Delivered
501538,2024-01-06,14143,20032,1,0.1,Express,Debit Card,412.29,90,1.07,Delivered
501539,2024-11-12,10725,20060,2,0.15,Standard,Cash On Delivery,5993.11,70,1582.21,Delivered
501540,2024-08-17,11333,20179,2,0.0,Standard,Upi,1388.26,45,415.1,Cancelled
501541,2024-05-01,14060,20236,1,0.2,Standard,Credit Card,2814.42,45,1017.63,Delivered
501542,2025-05-09,13429,20187,1,0.1,Standard,Credit Card,2634.79,45,314.35,Delivered
501543,2025-12-06,10043,20205,2,0.25,Standard,Credit Card,20337.48,70,19.16,Delivered
501544,2025-09-08,13561,20115,1,0.05,Standard,Credit Card,1060.75,45,470.12,Delivered
501545,2025-12-11,10474,20254,1,0.1,Standard,Debit Card,407.77,45,133.51,Delivered
501546,2025-04-19,13427,20068,1,0.1,Standard,Credit Card,474.79,45,68.1,Delivered
501547,2025-07-27,12157,20223,3,0.2,Standard,Debit Card,3142.44,45,895.89,Delivered
501548,2025-05-22,10335,20172,1,0.15,Standard,Upi,998.0,45,71.45,Delivered
501549,2025-08-14,12983,20210,2,0.15,Express,Net Banking,1138.93,90,155.19,Delivered
501550,2024-06-23,14947,20127,2,0.15,Same Day,Net Banking,8001.61,165,1931.55,Delivered
501551,2025-06-04,12323,20158,4,0.25,Express,Debit Card,3604.5,90,320.46,Delivered
501552,2025-11-22,10047,20088,3,0.1,Express,Upi,1789.83,90,663.72,Delivered
501553,2024-09-27,12165,20054,4,0.15,Express,Credit Card,9439.69,115,3697.57,Delivered
501554,2025-11-04,10546,20048,1,0.15,Standard,Debit Card,538.0,45,170.5,Delivered
501555,2025-12-18,12565,20291,1,0.2,Standard,Net Banking,678.5,45,-3.71,Delivered
501556,2025-07-25,13326,20026,3,0.05,Standard,Net Banking,6195.42,70,2165.36,Delivered
501557,2024-07-04,14928,20088,1,0.2,Standard,Credit Card,530.32,45,139.95,Delivered
501558,2025-08-09,11937,20107,1,0.1,Express,Credit Card,524.13,90,93.49,Delivered
501559,2024-04-03,10756,20237,4,0.0,Standard,Debit Card,2590.72,45,1213.04,Delivered
501560,2025-08-01,13245,20204,1,0.05,Standard,Credit Card,1769.95,45,885.65,Delivered
501561,2025-05-28,14896,20069,1,0.2,Standard,Debit Card,1606.63,45,640.27,Delivered
501562,2024-06-26,10905,20080,1,0.05,Standard,Cash On Delivery,2702.2,45,1239.7,Delivered
501563,2025-10-15,12455,20157,3,0.05,Standard,Net Banking,5642.2,70,2128.47,Delivered
501564,2025-07-09,11232,20126,2,0.15,Standard,Upi,8325.34,70,1884.68,Delivered
501565,2025-11-16,14061,20025,5,0.15,Standard,Credit Card,14459.18,70,1211.63,Delivered
501566,2024-10-21,13764,20027,1,0.1,Standard,Credit Card,895.36,45,375.0,Delivered
501567,2024-08-18,10779,20022,1,0.15,Standard,Debit Card,5708.34,70,1492.01,Delivered
501568,2024-08-23,11821,20228,1,0.15,Standard,Upi,730.92,45,50.73,Delivered
501569,2024-04-02,14928,20204,1,0.05,Express,Cash On Delivery,1769.95,90,840.65,Delivered
501570,2025-05-01,11602,20265,1,0.05,Standard,Cash On Delivery,239.22,45,44.52,Delivered
501571,2024-02-13,14740,20054,2,0.0,Standard,Upi,5552.76,70,2669.2,Delivered
501572,2025-06-22,13579,20099,2,0.15,Standard,Cash On Delivery,3943.47,45,809.67,Delivered
501573,2025-04-19,13844,20083,3,0.0,Standard,Credit Card,2937.21,45,1418.97,Delivered
501574,2024-02-08,13676,20220,2,0.15,Standard,Credit Card,7851.89,70,1926.97,Delivered
501575,2025-01-19,13858,20008,1,0.1,Standard,Upi,524.12,45,178.61,Delivered
501576,2025-03-10,11006,20112,1,0.1,Standard,Upi,2272.72,45,329.31,Delivered
501577,2024-10-15,12651,20253,1,0.15,Express,Upi,495.52,90,119.55,Delivered
501578,2024-09-04,10232,20224,2,0.15,Standard,Net Banking,596.07,45,190.33,Delivered
501579,2025-07-15,13654,20213,1,0.1,Express,Credit Card,2789.79,90,505.02,Delivered
501580,2024-12-24,13040,20138,1,0.15,Express,Cash On Delivery,2025.62,90,410.67,Delivered
501581,2025-03-13,10266,20144,3,0.15,Standard,Debit Card,478.43,45,85.67,Delivered
501582,2024-07-27,13837,20011,2,0.1,Standard,Upi,1566.79,45,607.99,Delivered
501583,2024-05-03,14005,20019,2,0.2,Standard,Upi,820.7,45,196.26,Delivered
501584,2025-02-06,11224,20052,1,0.3,Express,Upi,1397.01,90,1.1,Delivered
501585,2024-10-10,11137,20205,2,0.15,Standard,Debit Card,23049.14,70,2730.82,Delivered
501586,2025-10-24,13793,20143,1,0.15,Same Day,Debit Card,1715.79,140,483.53,Delivered
501587,2025-07-29,10898,20042,2,0.1,Same Day,Upi,14439.67,165,4612.53,Delivered
501588,2024-08-28,11870,20096,1,0.1,Standard,Upi,1471.58,45,416.63,Delivered
501589,2024-06-15,10161,20166,2,0.2,Standard,Cash On Delivery,1039.26,45,356.36,Delivered
501590,2025-07-14,11352,20086,2,0.1,Standard,Upi,617.33,45,133.45,Delivered
501591,2025-11-29,10172,20084,4,0.15,Standard,Upi,5411.71,70,962.63,Delivered
501592,2024-05-27,14117,20199,1,0.05,Express,Credit Card,729.11,90,177.96,Delivered
501593,2025-12-01,14858,20150,1,0.15,Express,Credit Card,398.21,90,12.87,Delivered
501594,2025-09-14,13455,20050,3,0.05,Standard,Cash On Delivery,5632.23,70,2535.23,Delivered
501595,2024-09-21,13200,20124,2,0.15,Express,Cash On Delivery,3174.17,90,758.13,Cancelled
501596,2025-05-15,11748,20019,2,0.05,Express,Upi,974.59,90,305.15,Delivered
501597,2024-10-05,11360,20072,1,0.0,Standard,Net Banking,1623.04,45,347.64,Delivered
501598,2024-06-07,10693,20146,1,0.15,Standard,Cash On Delivery,757.81,45,45.97,Cancelled
501599,2024-02-29,10100,20266,1,0.2,Express,Net Banking,482.5,90,19.5,Delivered
501600,2025-05-13,12227,20050,1,0.2,Express,Credit Card,1580.98,90,481.98,Delivered
501601,2024-11-12,14753,20049,2,0.05,Standard,Upi,1456.71,45,336.87,Delivered
501602,2025-08-09,11921,20099,1,0.05,Express,Cash On Delivery,2203.71,90,569.31,Delivered
501603,2025-05-02,14098,20023,2,0.2,Express,Credit Card,743.73,90,-44.77,Delivered
501604,2025-04-09,10587,20076,3,0.1,Standard,Upi,5229.72,70,1579.07,Delivered
501605,2024-08-15,13225,20113,1,0.1,Standard,Unknown,380.48,45,106.69,Delivered
501606,2025-10-27,13205,20283,2,0.2,Standard,Credit Card,2165.6,45,342.76,Delivered
501607,2024-12-21,10256,20006,2,0.05,Standard,Credit Card,1097.72,45,432.36,Delivered
501608,2025-04-10,12362,20280,3,0.05,Express,Upi,3307.31,90,1621.85,Delivered
501609,2024-08-14,10721,20086,1,0.05,Standard,Credit Card,308.66,45,44.22,Delivered
501610,2024-06-17,12001,20070,5,0.15,Standard,Credit Card,8737.62,70,3435.57,Delivered
501611,2024-10-10,12248,20298,2,0.25,Standard,Credit Card,2284.7,45,555.66,Delivered
501612,2024-09-18,13025,20176,1,0.05,Standard,Debit Card,242.9,45,74.31,Delivered
501613,2024-12-29,13485,20231,1,0.0,Standard,Upi,553.98,45,249.33,Delivered
501614,2025-06-04,12290,20087,3,0.05,Express,Upi,1289.43,90,486.78,Delivered
501615,2024-04-07,13766,20108,1,0.0,Standard,Upi,2326.66,45,677.23,Delivered
501616,2024-01-12,14460,20207,1,0.0,Standard,Credit Card,745.47,45,301.61,Delivered
501617,2025-08-05,14902,20222,2,0.1,Standard,Upi,676.08,45,172.62,Delivered
501618,2025-02-20,14676,20225,1,0.15,Express,Credit Card,9545.53,115,1970.52,Delivered
501619,2025-05-15,11581,20182,1,0.05,Standard,Credit Card,1063.7,45,311.04,Delivered
501620,2024-05-14,13227,20147,1,0.1,Standard,Upi,926.55,45,157.91,Delivered
501621,2024-09-15,10994,20201,5,0.05,Standard,Upi,2839.5,45,1417.6,Delivered
501622,2025-05-31,13546,20071,1,0.05,Express,Upi,1941.76,90,614.27,Delivered
501623,2024-10-20,14591,20024,1,0.0,Standard,Debit Card,2286.94,45,632.71,Delivered
501624,2025-09-02,11392,20138,2,0.1,Standard,Debit Card,4289.54,45,1194.64,Delivered
501625,2025-03-15,11246,20149,2,0.15,Standard,Upi,599.91,45,12.45,Delivered
501626,2024-05-30,13851,20064,1,0.1,Express,Net Banking,1874.6,90,735.25,Delivered
501627,2025-04-25,13297,20141,1,0.2,Standard,Upi,981.46,45,84.21,Delivered
501628,2024-09-14,12717,20242,3,0.1,Standard,Upi,11072.73,70,2713.97,Delivered
501629,2024-05-28,10323,20247,1,0.0,Standard,Credit Card,2142.95,45,644.33,Delivered
501630,2024-05-21,11744,20071,2,0.15,Express,Upi,3474.73,90,909.75,Delivered
501631,2024-09-07,13113,20248,1,0.15,Standard,Cash On Delivery,427.58,45,35.04,Delivered
501632,2025-10-05,12917,20105,2,0.05,Express,Cash On Delivery,11200.63,115,2451.01,Delivered
501633,2024-02-16,14922,20052,3,0.1,Standard,Upi,5388.47,70,1400.74,Cancelled
501634,2025-01-06,11248,20258,1,0.05,Standard,Credit Card,639.69,45,248.21,Delivered
501635,2024-04-03,13919,20119,3,0.25,Express,Net Banking,7306.13,115,2807.23,Delivered
501636,2024-12-21,14662,20004,2,0.05,Standard,Debit Card,648.58,45,131.94,Delivered
501637,2025-06-15,12758,20052,1,0.15,Standard,Net Banking,1696.37,45,345.46,Delivered
501638,2025-11-22,13677,20007,1,0.05,Express,Credit Card,7034.24,115,2119.01,Delivered
501639,2024-09-28,10579,20001,2,0.1,Standard,Credit Card,2724.86,45,819.9,Delivered
501640,2025-03-04,10892,20186,2,0.2,Standard,Debit Card,3918.13,45,1151.53,Delivered
501641,2025-10-09,10162,20190,5,0.3,Standard,Upi,2240.49,45,199.24,Delivered
501642,2025-12-02,13646,20114,2,0.05,Standard,Upi,786.62,45,211.74,Delivered
501643,2025-12-24,10057,20194,3,0.1,Express,Net Banking,14047.67,115,1769.65,Delivered
501644,2024-03-04,14503,20055,1,0.15,Same Day,Cash On Delivery,2395.81,140,74.41,Delivered
501645,2024-06-12,11429,20117,2,0.1,Standard,Debit Card,684.99,45,196.03,Delivered
501646,2025-01-23,10546,20269,1,0.05,Standard,Debit Card,426.03,45,173.02,Delivered
501647,2025-04-13,13493,20284,4,0.0,Standard,Debit Card,1310.92,45,619.04,Delivered
501648,2025-07-03,14907,20270,1,0.0,Standard,Credit Card,869.44,45,214.35,Delivered
501649,2025-12-27,11935,20272,1,0.1,Standard,Debit Card,1248.37,45,206.19,Delivered
501650,2025-06-14,11414,20098,1,0.1,Standard,Credit Card,329.01,45,4.99,Cancelled
501651,2025-08-08,10237,20169,1,0.3,Standard,Upi,853.17,45,103.32,Delivered
501652,2025-10-14,14084,20157,1,0.25,Same Day,Upi,1484.79,140,196.88,Delivered
501653,2024-01-17,12419,20275,1,0.15,Standard,Upi,2458.91,45,875.66,Delivered
501654,2025-08-29,13204,20148,1,0.1,Standard,Upi,12196.88,70,3823.62,Delivered
501655,2024-10-27,11413,20277,1,0.1,Same Day,Credit Card,5726.76,165,2467.59,Delivered
501656,2024-03-28,13777,20148,2,0.1,Standard,Upi,24393.76,70,7717.24,Delivered
501657,2025-07-16,10572,20091,2,0.1,Standard,Credit Card,9907.09,70,2480.35,Delivered
501658,2024-09-01,11741,20044,5,0.15,Standard,Net Banking,9536.83,70,3892.43,Delivered
501659,2025-04-11,13928,20238,3,0.25,Standard,Upi,1429.81,45,39.1,Delivered
501660,2025-03-17,10432,20114,1,0.1,Standard,Net Banking,351.91,45,41.97,Delivered
501661,2024-04-22,12035,20089,2,0.05,Express,Net Banking,1181.59,90,258.39,Delivered
501662,2025-03-17,12666,20002,2,0.1,Standard,Upi,4167.2,45,821.92,Delivered
501663,2024-01-08,14593,20171,1,0.05,Standard,Credit Card,5387.24,70,1070.23,Delivered
501664,2025-07-02,14792,20088,1,0.0,Standard,Credit Card,662.9,45,272.53,Delivered
501665,2025-07-12,13591,20225,1,0.1,Express,Upi,10107.04,115,2532.03,Delivered
501666,2024-04-09,12500,20147,1,0.05,Standard,Upi,978.02,45,209.38,Delivered
501667,2024-12-10,10543,20090,1,0.25,Standard,Credit Card,777.65,45,202.33,Delivered
501668,2025-11-15,10216,20169,2,0.0,Standard,Credit Card,2437.64,45,982.94,Delivered
501669,2025-04-25,11901,20091,2,0.25,Express,Credit Card,8255.91,115,784.17,Delivered
501670,2025-12-03,12004,20014,4,0.2,Standard,Debit Card,27448.38,70,11009.14,Delivered
501671,2024-12-07,11370,20148,1,0.05,Express,Credit Card,12874.49,115,4456.23,Delivered
501672,2024-08-21,13945,20291,1,0.0,Standard,Net Banking,848.12,45,165.91,Delivered
501673,2024-08-22,13060,20057,1,0.1,Express,Debit Card,1471.64,90,158.32,Delivered
501674,2024-05-05,14222,20002,2,0.05,Standard,Upi,4398.71,45,1053.43,Delivered
501675,2025-11-20,10051,20066,1,0.05,Same Day,Net Banking,594.83,140,81.11,Delivered
501676,2025-04-21,11726,20087,4,0.1,Express,Net Banking,1628.75,90,588.55,Delivered
501677,2025-11-15,13764,20245,1,0.1,Express,Credit Card,749.55,90,69.1,Delivered
501678,2025-01-06,11400,20237,2,0.1,Express,Upi,1165.82,90,409.48,Delivered
501679,2024-04-29,13437,20089,1,0.05,Express,Net Banking,590.8,90,84.2,Delivered
501680,2025-06-25,13304,20052,1,0.1,Express,Upi,1796.16,90,400.25,Delivered
501681,2025-07-13,14122,20203,1,0.3,Standard,Credit Card,1290.28,45,120.06,Delivered
501682,2024-06-27,12806,20209,1,0.1,Standard,Credit Card,1055.92,45,375.34,Delivered
501683,2024-04-03,10813,20143,2,0.05,Standard,Debit Card,3835.3,45,1605.78,Delivered
501684,2025-07-20,13323,20115,2,0.15,Standard,Upi,1898.19,45,761.93,Delivered
501685,2024-10-28,11991,20287,1,0.15,Standard,Credit Card,1655.42,45,184.33,Delivered
501686,2025-02-21,11037,20062,1,0.05,Express,Cash On Delivery,324.98,90,-1.77,Delivered
501687,2025-08-08,14528,20034,4,0.0,Standard,Net Banking,4232.72,45,1739.28,Delivered
501688,2025-03-27,10524,20292,1,0.05,Express,Credit Card,313.28,90,-19.58,Delivered
501689,2025-02-20,13798,20121,1,0.1,Standard,Cash On Delivery,980.9,45,442.69,Delivered
501690,2024-05-01,12684,20104,1,0.1,Standard,Upi,878.35,45,133.15,Delivered
501691,2024-02-26,14495,20044,1,0.05,Standard,Upi,2131.76,45,971.88,Delivered
501692,2024-05-18,13658,20191,1,0.0,Standard,Debit Card,1032.26,45,260.46,Delivered
501693,2024-07-17,10603,20247,1,0.1,Standard,Debit Card,1928.66,45,430.04,Delivered
501694,2025-12-21,12109,20018,1,0.2,Standard,Credit Card,1999.54,45,797.32,Delivered
501695,2024-12-26,11939,20108,4,0.15,Standard,Net Banking,7910.64,70,1422.92,Delivered
501696,2025-10-11,11205,20026,2,0.2,Express,Cash On Delivery,3478.13,90,748.09,Delivered
501697,2025-02-13,13877,20206,1,0.15,Standard,Debit Card,886.81,45,273.77,Delivered
501698,2025-10-07,13785,20096,2,0.1,Standard,Credit Card,2943.16,45,878.26,Delivered
501699,2025-06-11,14063,20280,3,0.1,Express,Debit Card,3133.24,90,1447.78,Delivered
501700,2025-09-06,11013,20223,1,0.2,Standard,Credit Card,1047.48,45,268.63,Delivered
501701,2024-08-30,13335,20232,1,0.15,Standard,Debit Card,1342.05,45,529.36,Cancelled
501702,2024-03-30,10712,20200,3,0.1,Express,Debit Card,4694.46,90,588.99,Delivered
501703,2025-05-30,11013,20039,2,0.25,Standard,Cash On Delivery,4603.08,45,433.32,Delivered
501704,2024-03-02,13469,20200,2,0.0,Express,Credit Card,3477.38,90,710.4,Delivered
501705,2024-07-30,11446,20159,2,0.2,Standard,Debit Card,12360.5,70,1451.8,Delivered
501706,2024-09-04,11302,20167,1,0.05,Standard,Cash On Delivery,1076.41,45,202.67,Delivered
501707,2025-12-04,10332,20224,3,0.15,Express,Upi,894.11,90,263.0,Delivered
501708,2025-05-11,12795,20277,1,0.25,Standard,Credit Card,4772.3,45,1633.13,Delivered
501709,2024-02-25,13370,20279,1,0.1,Standard,Credit Card,1432.33,45,624.66,Delivered
501710,2025-04-03,10152,20054,1,0.1,Standard,Credit Card,2498.74,45,1046.96,Delivered
501711,2024-10-15,10716,20164,2,0.1,Standard,Debit Card,1372.21,45,243.11,Delivered
501712,2025-06-26,10421,20143,3,0.15,Express,Upi,5147.38,115,1755.6,Delivered
501713,2025-04-14,10729,20076,2,0.05,Standard,Cash On Delivery,3312.16,45,880.06,Delivered
501714,2025-01-23,10999,20230,1,0.15,Standard,Credit Card,648.93,45,87.17,Delivered
501715,2025-02-24,10834,20065,2,0.15,Express,Cash On Delivery,3674.74,90,604.12,Delivered
501716,2025-05-27,14637,20230,2,0.0,Standard,Cash On Delivery,1526.9,45,448.38,Delivered
501717,2025-12-10,13323,20117,4,0.1,Standard,Upi,1369.98,45,437.06,Delivered
501718,2025-07-10,12689,20240,1,0.15,Express,Credit Card,890.66,90,173.86,Delivered
501719,2025-07-12,11448,20257,1,0.0,Express,Debit Card,345.63,90,-2.98,Delivered
501720,2024-03-21,14482,20021,1,0.2,Express,Upi,9904.48,115,1891.69,Delivered
501721,2025-03-19,11445,20057,1,0.15,Express,Credit Card,1389.89,90,76.57,Delivered
501722,2024-10-13,14392,20147,2,0.1,Standard,Credit Card,1853.1,45,360.82,Delivered
501723,2024-10-10,12368,20029,2,0.0,Standard,Debit Card,4456.5,45,2400.02,Cancelled
501724,2025-05-05,10923,20218,1,0.0,Standard,Credit Card,618.0,45,192.84,Delivered
501725,2025-01-22,12855,20034,2,0.05,Standard,Debit Card,2010.54,45,741.32,Delivered
501726,2025-12-01,14015,20054,1,0.2,Standard,Credit Card,2221.1,45,769.32,Delivered
501727,2025-07-04,10525,20032,1,0.2,Standard,Credit Card,366.48,45,0.26,Delivered
501728,2025-08-17,10565,20030,1,0.05,Standard,Credit Card,494.56,45,81.97,Delivered
501729,2025-02-11,11663,20029,1,0.05,Standard,Upi,2116.84,45,1066.1,Delivered
501730,2024-11-22,10999,20271,4,0.05,Express,Upi,20650.42,115,6642.22,Delivered
501731,2024-06-24,14182,20079,2,0.15,Standard,Credit Card,3666.56,45,392.66,Delivered
501732,2025-06-04,14303,20235,2,0.0,Express,Net Banking,10260.86,115,4324.5,Delivered
501733,2025-01-17,13947,20146,2,0.25,Express,Credit Card,1337.31,90,-86.37,Delivered
501734,2024-09-14,12525,20166,2,0.05,Standard,Upi,1234.13,45,551.23,Delivered
501735,2024-12-12,10131,20086,1,0.15,Standard,Upi,276.17,45,11.73,Delivered
501736,2024-09-28,14232,20166,1,0.25,Standard,Debit Card,487.16,45,123.21,Delivered
501737,2024-09-17,12976,20055,4,0.05,Standard,Upi,10710.68,70,1915.08,Delivered
501738,2025-01-30,10772,20253,1,0.05,Standard,Upi,553.81,45,222.84,Delivered
501739,2025-11-22,13017,20053,1,0.05,Standard,Upi,1277.76,45,521.09,Delivered
501740,2024-06-02,14615,20142,1,0.1,Standard,Debit Card,601.41,45,126.77,Delivered
501741,2025-06-10,13948,20047,1,0.0,Standard,Net Banking,505.0,45,186.42,Delivered
501742,2024-03-07,12391,20095,1,0.15,Standard,Upi,981.09,45,55.77,Delivered
501743,2025-11-29,12813,20211,2,0.1,Same Day,Cash On Delivery,1274.9,140,113.42,Delivered
501744,2024-12-13,11518,20140,1,0.0,Standard,Upi,940.49,45,262.37,Delivered
501745,2024-03-03,11051,20263,1,0.1,Express,Credit Card,3292.24,90,646.84,Delivered
501746,2024-12-21,14644,20142,1,0.2,Standard,Credit Card,534.58,45,59.94,Delivered
501747,2024-10-07,10006,20142,1,0.05,Standard,Upi,634.82,45,160.18,Delivered
501748,2024-02-10,12611,20179,4,0.2,Standard,Upi,2221.22,45,319.9,Delivered
501749,2025-06-23,10012,20243,1,0.1,Standard,Debit Card,429.49,45,55.06,Delivered
501750,2025-01-01,12151,20142,2,0.2,Standard,Upi,1069.17,45,164.89,Delivered
501751,2024-10-03,11714,20100,2,0.1,Standard,Credit Card,2224.8,45,286.02,Delivered
501752,2024-08-08,11175,20108,1,0.2,Standard,Debit Card,1861.33,45,211.9,Delivered
501753,2025-12-29,10718,20293,4,0.25,Standard,Upi,6330.75,70,-31.29,Delivered
501754,2024-03-01,14185,20196,1,0.0,Standard,Net Banking,1077.09,45,296.39,Delivered
501755,2024-04-12,13419,20272,2,0.1,Express,Upi,2496.74,90,412.38,Delivered
501756,2024-07-03,13946,20243,1,0.2,Standard,Cash On Delivery,381.77,45,7.34,Delivered
501757,2024-05-26,13928,20224,1,0.0,Standard,Net Banking,350.63,45,125.26,Delivered
501758,2024-03-15,13605,20112,1,0.0,Standard,Upi,2525.25,45,581.84,Delivered
501759,2025-04-17,13088,20288,2,0.1,Standard,Upi,1926.2,45,886.34,Delivered
501760,2024-01-01,13597,20158,3,0.3,Standard,Upi,2523.15,45,82.62,Delivered
501761,2025-02-19,13983,20148,4,0.25,Same Day,Net Banking,40656.27,165,7278.23,Delivered
501762,2025-04-13,13117,20186,4,0.1,Standard,Credit Card,8815.79,70,3302.59,Delivered
501763,2024-12-30,14553,20029,1,0.05,Standard,Upi,2116.84,45,1066.1,Delivered
501764,2025-11-04,14514,20235,2,0.15,Standard,Upi,8721.73,70,2830.37,Delivered
501765,2024-01-17,10554,20027,1,0.1,Standard,Credit Card,895.36,45,375.0,Delivered
501766,2025-05-24,13390,20251,1,0.15,Standard,Upi,622.12,45,225.13,Delivered
501767,2025-03-14,10242,20021,1,0.05,Express,Debit Card,11761.57,115,3748.78,Delivered
501768,2025-06-14,13324,20092,1,0.15,Express,Cash On Delivery,2945.87,90,732.99,Delivered
501769,2024-02-28,11380,20172,2,0.15,Express,Credit Card,1996.0,90,142.9,Delivered
501770,2025-12-13,11597,20114,3,0.15,Standard,Net Banking,1055.73,45,215.91,Delivered
501771,2024-04-24,11184,20098,4,0.3,Standard,Upi,1023.6,45,-137.48,Delivered
501772,2024-07-21,12523,20255,2,0.0,Standard,Upi,1644.02,45,677.94,Delivered
501773,2025-06-26,10042,20022,2,0.0,Express,Upi,13431.38,115,5023.72,Delivered
501774,2024-07-12,10881,20042,1,0.15,Standard,Upi,6818.73,70,1917.66,Delivered
501775,2025-04-16,13090,20121,2,0.1,Standard,Upi,1961.8,45,930.38,Delivered
501776,2024-04-15,14670,20211,2,0.15,Standard,Debit Card,1204.08,45,137.6,Delivered
501777,2024-05-05,13426,20190,1,0.15,Standard,Net Banking,544.12,45,99.87,Delivered
501778,2025-02-17,14918,20136,1,0.0,Standard,Credit Card,315.13,45,92.68,Delivered
501779,2025-09-06,13785,20284,1,0.1,Standard,Debit Card,294.96,45,88.24,Delivered
501780,2025-11-05,11789,20053,3,0.1,Standard,Upi,3631.53,45,1451.52,Delivered
501781,2025-05-24,14288,20129,2,0.15,Standard,Debit Card,6131.93,70,2248.73,Delivered
501782,2025-05-15,10751,20079,2,0.1,Standard,Upi,3882.24,45,608.34,Delivered
501783,2024-04-30,13806,20223,1,0.0,Standard,Upi,1309.35,45,530.5,Delivered
501784,2025-08-29,13945,20209,3,0.1,Standard,Credit Card,3167.75,45,1216.01,Delivered
501785,2024-07-26,13778,20213,4,0.05,Standard,Upi,11779.13,70,2930.05,Delivered
501786,2025-10-22,13067,20024,1,0.15,Standard,Net Banking,1943.9,45,289.67,Delivered
501787,2024-12-15,10733,20190,1,0.2,Standard,Credit Card,512.11,45,67.86,Delivered
501788,2024-07-11,10043,20184,1,0.05,Standard,Upi,777.99,45,173.71,Delivered
501789,2025-10-15,11007,20214,4,0.15,Standard,Upi,6016.84,70,2554.4,Delivered
501790,2025-01-27,11459,20093,1,0.05,Standard,Upi,676.04,45,220.02,Delivered
501791,2025-05-11,11378,20108,2,0.2,Same Day,Debit Card,3722.66,140,373.8,Delivered
501792,2025-01-26,12145,20204,1,0.15,Standard,Net Banking,1583.64,45,699.34,Delivered
501793,2025-12-13,13667,20276,3,0.1,Standard,Debit Card,4660.96,45,741.79,Delivered
501794,2025-11-04,14436,20034,1,0.05,Express,Credit Card,1005.27,90,303.16,Delivered
501795,2024-04-18,12770,20271,1,0.3,Standard,Upi,3804.02,45,285.72,Delivered
501796,2025-04-14,10480,20245,1,0.15,Standard,Credit Card,707.91,45,72.46,Delivered
501797,2024-12-15,12425,20127,2,0.15,Standard,Upi,8001.61,70,2026.55,Delivered
501798,2025-12-22,13991,20260,2,0.2,Standard,Credit Card,1980.86,45,159.64,Delivered
501799,2024-05-28,12725,20142,1,0.2,Standard,Upi,534.58,45,59.94,Delivered
501800,2024-09-12,10714,20193,3,0.2,Standard,Net Banking,1570.15,45,216.31,Delivered
501801,2025-01-23,10086,20050,1,0.05,Standard,Credit Card,1877.41,45,823.41,Delivered
501802,2024-07-17,11579,20239,1,0.05,Same Day,Credit Card,517.35,140,85.23,Delivered
501803,2025-03-18,14472,20235,1,0.1,Standard,Credit Card,4617.39,45,1661.71,Delivered
501804,2024-07-04,13487,20050,3,0.25,Standard,Debit Card,4446.5,45,1374.5,Cancelled
501805,2024-12-09,13428,20093,1,0.0,Standard,Credit Card,711.62,45,255.6,Delivered
501806,2025-11-07,10533,20248,1,0.05,Express,Debit Card,477.88,90,40.34,Delivered
501807,2024-04-17,10615,20242,2,0.1,Same Day,Net Banking,7381.82,165,1690.98,Delivered
501808,2025-08-17,11272,20097,3,0.15,Standard,Net Banking,1265.72,45,274.85,Delivered
501809,2024-03-20,13814,20100,2,0.05,Same Day,Credit Card,2348.4,140,314.62,Delivered
501810,2024-09-09,13251,20227,2,0.1,Same Day,Credit Card,4443.55,140,730.71,Delivered
501811,2024-01-25,12409,20155,2,0.1,Express,Debit Card,504.38,90,1.9,Delivered
501812,2024-10-09,14970,20030,2,0.05,Express,Credit Card,989.12,90,163.94,Delivered
501813,2025-07-16,12385,20160,1,0.0,Express,Cash On Delivery,599.28,90,158.2,Delivered
501814,2025-09-11,11398,20211,2,0.2,Standard,Credit Card,1133.25,45,66.77,Delivered
501815,2024-08-25,11966,20278,2,0.15,Express,Cash On Delivery,11933.47,115,1594.81,Delivered
501816,2024-11-11,11150,20213,2,0.05,Standard,Net Banking,5889.56,70,1430.02,Delivered
501817,2025-04-07,13536,20069,2,0.1,Standard,Credit Card,3614.92,45,1727.2,Delivered
501818,2025-11-28,10555,20149,1,0.1,Standard,Debit Card,317.6,45,1.37,Delivered
501819,2025-08-14,10775,20256,4,0.1,Standard,Debit Card,4590.07,45,1553.27,Cancelled
501820,2025-08-30,12372,20056,5,0.05,Standard,Credit Card,22275.74,70,9395.64,Delivered
501821,2025-01-16,10116,20230,2,0.05,Standard,Debit Card,1450.56,45,372.04,Delivered
501822,2025-04-09,11844,20159,1,0.2,Standard,Upi,6180.25,70,690.9,Delivered
501823,2024-05-29,11751,20095,1,0.1,Express,Upi,1038.8,90,68.48,Delivered
501824,2024-12-17,13025,20239,2,0.1,Standard,Debit Card,980.24,45,351.0,Delivered
501825,2025-03-17,12848,20171,1,0.1,Standard,Credit Card,5103.7,70,786.69,Delivered
501826,2025-01-29,10627,20216,2,0.15,Standard,Credit Card,10635.49,70,3668.27,Delivered
501827,2024-12-30,14619,20246,1,0.2,Express,Upi,286.8,90,7.09,Delivered
501828,2024-01-06,11640,20146,4,0.15,Express,Cash On Delivery,3031.24,90,273.88,Delivered
501829,2025-06-17,12223,20285,3,0.1,Standard,Upi,1706.94,45,534.75,Delivered
501830,2024-08-07,11636,20124,3,0.05,Express,Debit Card,5321.41,115,1717.35,Delivered
501831,2024-01-12,12422,20189,2,0.1,Standard,Net Banking,2267.66,45,497.88,Delivered
501832,2025-01-19,14728,20268,1,0.15,Standard,Credit Card,3003.19,45,927.24,Delivered
501833,2025-12-04,10237,20093,1,0.1,Standard,Credit Card,640.46,45,184.44,Delivered
501834,2025-04-02,13058,20189,2,0.3,Standard,Credit Card,1763.73,45,-6.05,Delivered
501835,2024-08-12,10968,20071,2,0.25,Standard,Debit Card,3065.94,45,545.96,Delivered
501836,2024-12-01,14539,20144,2,0.25,Express,Credit Card,281.43,90,-40.41,Delivered
501837,2024-06-15,13117,20128,2,0.15,Standard,Credit Card,2562.56,45,997.52,Delivered
501838,2024-11-11,10667,20012,2,0.1,Standard,Cash On Delivery,11065.12,70,2926.12,Delivered
501839,2024-04-25,11169,20213,1,0.1,Standard,Credit Card,2789.79,45,550.02,Delivered
501840,2025-05-12,12007,20060,4,0.1,Express,Credit Card,12691.3,115,3894.5,Delivered
501841,2024-05-27,12683,20284,1,0.05,Standard,Upi,311.34,45,104.62,Delivered
501842,2024-02-05,11563,20095,1,0.2,Standard,Net Banking,923.38,45,-1.94,Delivered
501843,2025-02-10,12681,20072,2,0.2,Standard,Net Banking,2596.86,45,91.06,Delivered
501844,2025-01-19,14731,20110,1,0.15,Standard,Debit Card,486.47,45,41.23,Delivered
501845,2025-02-14,13356,20282,4,0.15,Standard,Net Banking,2450.55,45,791.35,Delivered
501846,2024-11-03,10813,20112,1,0.1,Express,Upi,2272.72,90,284.31,Delivered
501847,2025-10-03,13900,20159,1,0.3,Standard,Upi,5407.72,70,-81.63,Delivered
501848,2024-08-27,10239,20211,1,0.1,Express,Cash On Delivery,637.45,90,36.71,Delivered
501849,2025-01-01,13198,20251,1,0.05,Standard,Upi,695.31,45,298.32,Delivered
501850,2024-10-30,12705,20113,1,0.1,Standard,Net Banking,380.48,45,106.69,Delivered
501851,2025-09-08,11065,20005,1,0.15,Standard,Net Banking,358.66,45,80.98,Delivered
501852,2024-06-15,14077,20141,1,0.05,Standard,Credit Card,1165.48,45,268.23,Delivered
501853,2025-07-07,12509,20243,1,0.15,Standard,Upi,405.63,45,31.2,Cancelled
501854,2024-10-27,13297,20119,3,0.15,Standard,Upi,8280.28,70,3826.38,Delivered
501855,2024-07-23,11344,20128,3,0.2,Standard,Upi,3617.74,45,1292.68,Delivered
501856,2024-07-13,14632,20084,2,0.1,Standard,Net Banking,2865.02,45,630.48,Delivered
501857,2024-06-19,11473,20244,2,0.1,Standard,Credit Card,768.6,45,237.36,Delivered
501858,2025-09-07,10699,20113,2,0.0,Standard,Cash On Delivery,845.52,45,342.94,Delivered
501859,2025-02-05,12046,20164,1,0.05,Express,Credit Card,724.22,90,92.17,Delivered
501860,2024-02-08,10137,20115,4,0.05,Standard,Upi,4243.0,45,2015.48,Delivered
501861,2025-10-07,10280,20104,1,0.25,Standard,Upi,731.96,45,-13.24,Delivered
501862,2024-09-08,14364,20180,2,0.15,Standard,Credit Card,4731.52,45,1060.62,Delivered
501863,2025-11-12,10451,20289,3,0.2,Express,Credit Card,4198.78,90,1130.5,Delivered
501864,2024-10-09,13493,20232,3,0.05,Express,Upi,4499.81,90,2106.74,Delivered
501865,2024-07-25,11688,20158,4,0.1,Express,Upi,4325.4,90,1041.36,Delivered
501866,2025-05-14,12097,20096,2,0.1,Standard,Cash On Delivery,2943.16,45,878.26,Delivered
501867,2024-05-22,11374,20231,2,0.15,Express,Net Banking,941.77,90,332.47,Delivered
501868,2024-01-19,12457,20278,1,0.05,Standard,Upi,6668.71,70,1486.88,Delivered
501869,2025-12-02,14257,20264,1,0.05,Standard,Debit Card,680.89,45,126.8,Delivered
501870,2025-07-29,13803,20037,2,0.2,Standard,Credit Card,2723.26,45,594.06,Delivered
501871,2025-11-17,12517,20099,1,0.2,Express,Debit Card,1855.75,90,221.35,Delivered
501872,2024-01-20,13723,20229,1,0.0,Same Day,Upi,6094.72,165,1770.24,Delivered
501873,2025-03-23,13840,20189,1,0.15,Standard,Credit Card,1070.84,45,163.45,Delivered
501874,2024-08-13,14708,20086,2,0.1,Same Day,Credit Card,584.84,140,5.96,Delivered
501875,2024-04-10,11539,20065,2,0.1,Standard,Upi,3890.9,45,865.28,Delivered
501876,2024-10-20,11435,20103,2,0.1,Express,Cash On Delivery,1742.27,90,566.85,Delivered
501877,2025-07-03,10219,20112,1,0.15,Standard,Upi,2146.46,45,203.05,Delivered
501878,2024-03-05,14165,20068,2,0.25,Standard,Upi,791.32,45,22.94,Delivered
501879,2025-05-13,10602,20137,1,0.0,Standard,Credit Card,320.72,45,117.44,Delivered
501880,2024-03-16,14614,20136,2,0.05,Standard,Upi,598.75,45,198.85,Delivered
501881,2025-12-04,12256,20214,1,0.1,Standard,Cash On Delivery,1592.69,45,699.58,Delivered
501882,2025-09-26,13907,20241,1,0.0,Standard,Upi,214.46,45,62.22,Delivered
501883,2024-05-04,10546,20085,2,0.0,Standard,Debit Card,5089.52,70,1511.44,Delivered
501884,2024-01-27,10184,20048,3,0.3,Standard,Credit Card,1329.17,45,316.67,Delivered
501885,2025-09-06,10595,20156,1,0.15,Standard,Upi,1638.81,45,341.55,Delivered
501886,2024-10-02,11893,20101,3,0.05,Standard,Net Banking,5473.82,70,2608.72,Delivered
501887,2025-07-25,10678,20081,1,0.1,Standard,Credit Card,613.73,45,203.0,Delivered
501888,2025-11-10,11942,20128,2,0.15,Standard,Debit Card,2562.56,45,997.52,Delivered
501889,2024-03-23,12414,20159,2,0.05,Express,Net Banking,14678.09,115,3724.39,Delivered
501890,2025-04-30,10306,20237,1,0.1,Standard,Credit Card,582.91,45,204.74,Delivered
501891,2025-04-07,12801,20059,1,0.2,Express,Upi,4709.05,90,379.36,Delivered
501892,2024-01-06,13304,20237,2,0.05,Standard,Upi,1230.59,45,519.25,Delivered
501893,2025-11-06,12771,20289,1,0.05,Express,Net Banking,1662.02,90,579.26,Delivered
501894,2025-01-02,11454,20095,2,0.2,Express,Net Banking,1846.75,90,-3.89,Delivered
501895,2025-04-15,13063,20122,2,0.25,Express,Upi,5709.33,115,225.15,Delivered
501896,2025-12-14,13287,20121,1,0.2,Standard,Credit Card,871.91,45,333.7,Delivered
501897,2025-03-24,12156,20036,2,0.25,Standard,Debit Card,3505.64,45,1008.22,Delivered
501898,2025-11-19,11712,20213,2,0.1,Express,Upi,5579.59,115,1075.05,Delivered
501899,2025-01-04,10781,20226,5,0.1,Standard,Debit Card,6992.6,70,1699.65,Delivered
501900,2024-12-05,11029,20290,2,0.15,Standard,Credit Card,7912.87,70,1714.09,Delivered
501901,2025-10-29,13728,20061,1,0.0,Standard,Upi,1913.98,45,958.05,Delivered
501902,2024-10-04,13097,20188,1,0.15,Express,Debit Card,2387.48,90,486.28,Delivered
501903,2024-12-05,11863,20240,2,0.1,Standard,Upi,1886.11,45,587.51,Cancelled
501904,2025-09-05,11636,20003,1,0.25,Express,Upi,384.18,90,-48.56,Delivered
501905,2024-03-20,13670,20006,1,0.1,Standard,Credit Card,519.98,45,164.8,Delivered
501906,2025-12-06,11069,20260,1,0.3,Standard,Debit Card,866.63,45,-66.48,Delivered
501907,2025-08-25,10284,20101,1,0.25,Standard,Credit Card,1440.48,45,463.78,Delivered
501908,2024-03-07,13546,20166,2,0.1,Standard,Cash On Delivery,1169.17,45,486.27,Delivered
501909,2024-08-02,14678,20164,1,0.0,Standard,Cash On Delivery,762.34,45,175.29,Delivered
501910,2025-02-19,13489,20290,1,0.2,Standard,Credit Card,3723.7,45,614.31,Delivered
501911,2024-05-24,13657,20006,3,0.2,Express,Upi,1386.6,90,366.06,Delivered
501912,2025-07-05,13213,20027,1,0.1,Express,Cash On Delivery,895.36,90,330.0,Delivered
501913,2025-12-24,10917,20039,2,0.15,Standard,Credit Card,5216.82,70,1022.06,Delivered
501914,2024-10-12,12550,20275,5,0.1,Standard,Upi,13017.78,70,5256.53,Cancelled
501915,2025-07-24,10849,20096,3,0.15,Standard,Cash On Delivery,4169.48,45,1094.63,Delivered
501916,2025-06-23,10716,20162,3,0.1,Standard,Credit Card,4350.02,45,1044.41,Delivered
501917,2024-02-16,12958,20089,1,0.1,Standard,Net Banking,559.7,45,98.1,Delivered
501918,2024-08-24,10403,20247,2,0.2,Standard,Upi,3428.72,45,476.48,Delivered
501919,2024-04-26,11567,20024,5,0.05,Standard,Upi,10862.96,70,2746.81,Delivered
501920,2024-05-30,10621,20153,1,0.1,Standard,Credit Card,1686.45,45,461.99,Delivered
501921,2024-03-23,14773,20243,1,0.15,Standard,Debit Card,405.63,45,31.2,Delivered
501922,2024-02-26,13847,20198,1,0.3,Standard,Credit Card,1390.5,45,205.11,Delivered
501923,2025-12-29,11620,20030,4,0.1,Standard,Credit Card,1874.12,45,358.76,Delivered
501924,2025-01-19,13348,20207,1,0.1,Standard,Upi,670.92,45,227.06,Delivered
501925,2024-08-07,11857,20221,1,0.1,Express,Credit Card,1484.62,90,489.66,Delivered
501926,2024-10-11,10081,20054,1,0.0,Standard,Net Banking,2776.38,45,1324.6,Delivered
501927,2025-03-09,13699,20078,2,0.15,Standard,Debit Card,2205.14,45,380.26,Delivered
501928,2024-11-15,12405,20120,3,0.25,Standard,Upi,5487.48,70,-20.65,Delivered
501929,2025-09-02,14238,20281,1,0.15,Express,Debit Card,1181.82,90,358.3,Delivered
501930,2024-08-29,13170,20237,3,0.05,Express,Debit Card,1845.89,90,756.38,Delivered
501931,2025-04-09,12505,20261,1,0.15,Express,Upi,127.5,90,-73.63,Delivered
501932,2024-07-21,11158,20002,2,0.1,Standard,Net Banking,4167.2,45,821.92,Delivered
501933,2025-07-02,13344,20080,2,0.15,Express,Upi,4835.51,90,1910.51,Delivered
501934,2025-03-20,10102,20191,1,0.3,Standard,Upi,722.58,45,-49.22,Delivered
501935,2025-10-01,10377,20124,1,0.15,Standard,Net Banking,1587.09,45,379.07,Delivered
501936,2024-05-14,10206,20182,3,0.0,Express,Debit Card,3359.04,90,1146.06,Delivered
501937,2025-07-29,13725,20124,3,0.05,Express,Upi,5321.41,115,1717.35,Delivered
501938,2025-06-24,14666,20017,1,0.1,Standard,Debit Card,1099.98,45,460.79,Delivered
501939,2025-05-01,12058,20031,2,0.0,Express,Net Banking,1694.3,90,824.38,Delivered
501940,2025-07-25,13664,20134,1,0.1,Standard,Upi,1010.25,45,208.36,Delivered
501941,2025-04-30,11635,20223,3,0.1,Standard,Upi,3535.24,45,1288.69,Delivered
501942,2025-07-19,11864,20070,1,0.2,Standard,Net Banking,1644.73,45,553.32,Delivered
501943,2025-10-22,13541,20292,1,0.05,Standard,Debit Card,313.28,45,25.42,Delivered
501944,2025-02-08,10890,20093,2,0.1,Standard,Debit Card,1280.92,45,413.88,Delivered
501945,2025-07-23,14629,20073,3,0.05,Standard,Credit Card,2624.59,45,1024.48,Delivered
501946,2025-03-08,13196,20138,3,0.2,Same Day,Credit Card,5719.39,165,979.54,Delivered
501947,2025-07-01,11481,20024,2,0.2,Standard,Credit Card,3659.1,45,395.64,Delivered
501948,2025-10-18,10811,20168,4,0.25,Express,Cash On Delivery,6644.16,115,105.04,Delivered
501949,2024-09-06,11059,20258,1,0.2,Standard,Credit Card,538.69,45,147.21,Delivered
501950,2024-03-20,12739,20276,4,0.2,Standard,Credit Card,5524.1,70,288.54,Delivered
501951,2024-01-15,13027,20289,1,0.05,Standard,Credit Card,1662.02,45,624.26,Delivered
501952,2024-02-09,13582,20014,2,0.15,Standard,Debit Card,14581.95,70,6327.33,Delivered
501953,2024-03-21,11847,20055,1,0.0,Express,Credit Card,2818.6,90,547.2,Delivered
501954,2025-05-24,10561,20293,1,0.0,Standard,Debit Card,2110.25,45,492.24,Delivered
501955,2024-11-02,14399,20216,3,0.05,Express,Cash On Delivery,17830.08,115,7369.25,Delivered
501956,2025-12-05,11126,20084,1,0.2,Standard,Net Banking,1273.34,45,133.57,Delivered
501957,2025-01-31,13661,20161,3,0.05,Express,Upi,7460.02,115,2577.18,Delivered
501958,2025-11-08,14178,20228,2,0.25,Standard,Cash On Delivery,1289.86,45,-25.52,Delivered
501959,2024-07-22,10167,20084,1,0.05,Standard,Upi,1512.1,45,372.33,Delivered
501960,2024-07-29,10053,20198,1,0.0,Standard,Debit Card,1986.43,45,801.04,Delivered
501961,2025-02-02,14441,20200,1,0.15,Standard,Debit Card,1477.89,45,94.4,Delivered
501962,2025-01-07,14310,20179,1,0.2,Standard,Upi,555.3,45,46.22,Delivered
501963,2025-01-23,10987,20189,2,0.1,Standard,Cash On Delivery,2267.66,45,497.88,Delivered
501964,2024-09-14,14737,20156,1,0.1,Standard,Credit Card,1735.21,45,437.95,Delivered
501965,2024-04-24,10211,20228,1,0.1,Standard,Net Banking,773.92,45,93.73,Delivered
501966,2024-11-29,14960,20172,1,0.15,Standard,Credit Card,998.0,45,71.45,Delivered
501967,2024-12-14,13515,20211,2,0.25,Standard,Credit Card,1062.42,45,-4.06,Delivered
501968,2024-08-20,10915,20057,2,0.05,Express,Debit Card,3106.8,90,570.16,Delivered
501969,2025-05-23,14279,20154,3,0.1,Standard,Credit Card,1877.47,45,301.42,Delivered
501970,2025-03-24,10506,20025,1,0.0,Standard,Credit Card,3402.16,45,721.65,Delivered
501971,2024-03-17,12976,20271,1,0.05,Standard,Credit Card,5162.6,70,1619.3,Delivered
501972,2025-08-30,13629,20202,2,0.1,Express,Credit Card,978.34,90,278.9,Delivered
501973,2024-04-07,10242,20098,1,0.05,Standard,Upi,347.29,45,23.27,Delivered
501974,2025-07-21,13869,20077,1,0.2,Same Day,Net Banking,1489.53,140,141.13,Delivered
501975,2025-09-21,12749,20111,2,0.15,Express,Net Banking,2211.5,90,855.86,Delivered
501976,2025-04-06,12781,20123,1,0.15,Standard,Net Banking,4861.11,45,1354.48,Delivered
501977,2025-05-14,14795,20054,2,0.1,Express,Unknown,4997.48,90,2093.92,Delivered
501978,2025-09-22,13695,20206,3,0.0,Standard,Credit Card,3129.93,45,1380.81,Delivered
501979,2024-02-07,10710,20167,1,0.1,Express,Net Banking,1019.75,90,101.01,Delivered
501980,2025-11-27,14470,20276,1,0.05,Standard,Upi,1639.97,45,303.58,Delivered
501981,2024-12-23,12681,20089,2,0.1,Standard,Upi,1119.4,45,241.2,Delivered
501982,2024-08-29,11540,20011,1,0.0,Standard,Credit Card,870.44,45,368.54,Delivered
501983,2024-02-20,13390,20052,2,0.15,Standard,Credit Card,3392.74,45,735.92,Delivered
501984,2025-02-28,10752,20213,2,0.1,Express,Net Banking,5579.59,115,1075.05,Delivered
501985,2024-05-06,12370,20054,1,0.15,Express,Credit Card,2359.92,90,863.14,Delivered
501986,2024-04-12,14070,20247,2,0.1,Standard,Debit Card,3857.31,45,905.07,Delivered
501987,2025-04-21,11073,20069,3,0.1,Standard,Upi,5422.38,70,2588.3,Cancelled
501988,2024-08-16,13608,20007,5,0.1,Standard,Upi,33320.07,70,9248.92,Delivered
501989,2025-12-23,13922,20140,1,0.1,Standard,Credit Card,846.44,45,168.32,Delivered
501990,2025-03-11,12207,20224,1,0.15,Standard,Net Banking,298.04,45,72.67,Delivered
501991,2025-01-19,14970,20069,2,0.05,Standard,Upi,3815.75,45,1928.03,Delivered
501992,2024-03-25,13278,20204,3,0.15,Standard,Upi,4750.93,45,2188.03,Delivered
501993,2024-12-24,14721,20121,1,0.1,Standard,Debit Card,980.9,45,442.69,Delivered
501994,2024-01-27,13928,20292,1,0.15,Express,Credit Card,280.3,90,-52.56,Delivered
501995,2024-03-12,13970,20277,1,0.1,Standard,Upi,5726.76,70,2562.59,Delivered
501996,2024-04-04,12577,20254,1,0.05,Express,Upi,430.43,90,111.17,Cancelled
501997,2025-08-10,11489,20147,1,0.1,Standard,Upi,926.55,45,157.91,Delivered
501998,2025-03-01,14004,20003,1,0.1,Express,Upi,461.02,90,28.28,Delivered
501999,2024-01-06,13329,20188,1,0.1,Standard,Upi,2527.92,45,671.72,Delivered
502000,2024-03-30,12616,20100,5,0.05,Express,Debit Card,5871.0,115,1021.55,Cancelled
502001,2025-08-14,14405,20157,1,0.15,Standard,Net Banking,1682.76,45,489.85,Delivered
502002,2024-08-09,11132,20202,4,0.3,Standard,Debit Card,1521.86,45,257.98,Delivered
502003,2025-08-17,12188,20185,2,0.15,Standard,Debit Card,4381.34,45,1365.06,Delivered
502004,2025-08-16,10042,20040,1,0.25,Standard,Upi,734.47,45,129.75,Delivered
502005,2024-05-31,11597,20203,2,0.15,Standard,Credit Card,3133.54,45,838.1,Delivered
502006,2025-07-10,13527,20147,1,0.1,Standard,Upi,926.55,45,157.91,Delivered
502007,2024-07-30,14380,20242,2,0.15,Standard,Upi,6971.72,70,1375.88,Delivered
502008,2025-08-05,13734,20179,1,0.2,Standard,Upi,555.3,45,46.22,Cancelled
502009,2024-09-19,12532,20049,4,0.2,Standard,Upi,2453.41,45,258.73,Delivered
502010,2025-01-16,10003,20180,1,0.05,Express,Credit Card,2644.09,90,741.14,Delivered
502011,2025-07-23,10440,20150,1,0.15,Express,Debit Card,398.21,90,12.87,Delivered
502012,2024-02-26,10784,20239,1,0.05,Standard,Credit Card,517.35,45,180.23,Delivered
502013,2025-03-01,12212,20208,1,0.15,Standard,Debit Card,2340.31,45,310.99,Delivered
502014,2025-09-14,14484,20209,1,0.0,Standard,Credit Card,1173.24,45,492.66,Delivered
502015,2024-05-21,12498,20247,4,0.15,Express,Upi,7286.03,115,1356.55,Delivered
502016,2025-07-21,12060,20007,1,0.0,Standard,Cash On Delivery,7404.46,70,2534.23,Delivered
502017,2025-06-07,12972,20119,2,0.2,Express,Debit Card,5195.47,115,2157.87,Delivered
502018,2024-01-15,10238,20031,2,0.1,Standard,Debit Card,1440.16,45,615.24,Cancelled
502019,2024-01-08,13884,20007,1,0.25,Express,Credit Card,5553.34,115,638.11,Delivered
502020,2024-08-18,13180,20235,1,0.1,Express,Upi,4617.39,90,1616.71,Delivered
502021,2024-07-04,11986,20281,1,0.0,Standard,Credit Card,1390.38,45,611.86,Delivered
502022,2024-02-22,11463,20289,2,0.25,Express,Upi,2624.24,90,548.72,Delivered
502023,2024-05-16,10872,20095,1,0.05,Standard,Upi,1096.51,45,171.19,Delivered
502024,2024-06-22,11222,20038,2,0.1,Standard,Upi,2990.29,45,1262.77,Delivered
502025,2024-08-06,11667,20126,2,0.1,Express,Upi,8815.07,115,2329.41,Delivered
502026,2024-09-19,10302,20260,3,0.05,Express,Debit Card,3528.41,90,774.08,Delivered
502027,2024-09-11,11657,20176,2,0.25,Standard,Net Banking,383.52,45,91.34,Delivered
502028,2024-09-26,11132,20101,2,0.05,Standard,Cash On Delivery,3649.22,45,1740.82,Delivered
502029,2025-08-09,10937,20193,2,0.1,Express,Credit Card,1177.61,90,215.05,Delivered
502030,2024-08-11,13117,20081,2,0.25,Same Day,Debit Card,1022.88,140,151.42,Delivered
502031,2025-08-26,10056,20061,2,0.3,Express,Cash On Delivery,2679.57,90,767.71,Delivered
502032,2024-05-13,13524,20129,1,0.15,Standard,Debit Card,3065.97,45,1114.37,Delivered
502033,2024-06-11,14870,20006,1,0.15,Standard,Debit Card,491.09,45,135.91,Delivered
502034,2025-12-10,13280,20021,1,0.1,Standard,Net Banking,11142.54,70,3174.75,Delivered
502035,2025-12-01,10167,20195,2,0.1,Same Day,Upi,9407.27,165,2952.65,Cancelled
502036,2024-03-13,14012,20028,1,0.1,Express,Net Banking,6679.28,115,884.48,Delivered
502037,2025-12-18,10934,20140,2,0.05,Same Day,Net Banking,1786.93,140,380.69,Delivered
502038,2025-06-26,10663,20235,5,0.05,Express,Upi,24369.54,115,9701.14,Delivered
502039,2025-09-22,13846,20093,1,0.1,Express,Cash On Delivery,640.46,90,139.44,Delivered
502040,2025-04-28,14349,20137,1,0.25,Standard,Upi,240.54,45,37.26,Delivered
502041,2025-11-01,13400,20082,1,0.2,Standard,Net Banking,1636.65,45,-1.23,Delivered
502042,2024-09-11,10144,20253,3,0.1,Express,Upi,1573.99,90,626.08,Delivered
502043,2025-09-09,13276,20228,1,0.25,Standard,Cash On Delivery,644.93,45,-35.26,Delivered
502044,2024-07-16,10191,20235,1,0.05,Standard,Upi,4873.91,45,1918.23,Delivered
502045,2025-03-02,10240,20035,1,0.1,Standard,Net Banking,2131.42,45,832.39,Delivered
502046,2025-05-07,13239,20127,1,0.15,Standard,Upi,4000.81,45,1003.28,Delivered
502047,2025-09-23,11957,20259,4,0.25,Standard,Net Banking,4149.27,45,-159.41,Delivered
502048,2024-03-22,13986,20128,1,0.05,Same Day,Credit Card,1432.02,140,532.0,Delivered
502049,2024-11-03,12035,20053,3,0.05,Standard,Net Banking,3833.28,45,1653.27,Delivered
502050,2025-11-29,10178,20100,4,0.0,Standard,Credit Card,4944.0,45,1111.44,Delivered
502051,2025-01-08,12470,20194,1,0.1,Same Day,Cash On Delivery,4682.56,140,488.22,Delivered
502052,2025-07-17,12981,20240,1,0.2,Standard,Credit Card,838.27,45,166.47,Delivered
502053,2025-04-03,11134,20249,4,0.1,Express,Net Banking,6784.06,115,867.5,Delivered
502054,2025-05-15,14562,20293,2,0.3,Standard,Credit Card,2954.35,45,-236.67,Cancelled
502055,2024-12-22,11064,20207,1,0.1,Standard,Credit Card,670.92,45,227.06,Delivered
502056,2024-10-22,14869,20101,2,0.15,Standard,Debit Card,3265.09,45,1356.69,Delivered
502057,2025-08-02,12359,20215,2,0.1,Standard,Credit Card,1020.26,45,435.26,Delivered
502058,2024-10-26,14167,20300,2,0.05,Standard,Debit Card,1653.21,45,593.89,Delivered
502059,2025-10-07,12694,20064,4,0.05,Standard,Credit Card,7914.98,70,3647.58,Delivered
502060,2024-12-08,13152,20239,4,0.05,Express,Upi,2069.4,90,810.92,Delivered
502061,2024-04-29,12787,20124,2,0.15,Express,Cash On Delivery,3174.17,90,758.13,Delivered
502062,2025-07-22,11145,20006,2,0.0,Express,Upi,1155.5,90,445.14,Delivered
502063,2024-07-04,14562,20225,1,0.15,Same Day,Credit Card,9545.53,165,1920.52,Delivered
502064,2025-08-06,14696,20149,2,0.1,Standard,Credit Card,635.2,45,47.74,Delivered
502065,2024-06-06,14563,20057,1,0.15,Standard,Net Banking,1389.89,45,121.57,Delivered
502066,2024-08-15,14937,20156,3,0.0,Standard,Credit Card,5784.03,70,1957.25,Delivered
502067,2024-11-03,11581,20085,4,0.05,Express,Upi,9670.09,115,2538.93,Delivered
502068,2024-08-21,10885,20024,1,0.2,Standard,Debit Card,1829.55,45,175.32,Delivered
502069,2024-01-11,12628,20115,3,0.3,Standard,Net Banking,2344.82,45,662.93,Cancelled
502070,2024-06-23,11674,20092,2,0.2,Express,Net Banking,5545.17,115,1184.41,Delivered
502071,2025-10-04,14163,20191,1,0.05,Standard,Credit Card,980.65,45,208.85,Delivered
502072,2024-01-02,10975,20022,1,0.05,Express,Debit Card,6379.91,115,2118.58,Delivered
502073,2025-12-12,13954,20034,2,0.05,Standard,Credit Card,2010.54,45,741.32,Delivered
502074,2024-06-30,13061,20249,3,0.2,Express,Upi,4522.7,90,81.53,Delivered
502075,2024-12-15,12978,20037,2,0.2,Standard,Upi,2723.26,45,594.06,Delivered
502076,2025-09-30,12000,20297,1,0.1,Standard,Upi,279.92,45,2.34,Delivered
502077,2025-01-16,11971,20221,1,0.05,Express,Upi,1567.1,90,572.14,Cancelled
502078,2024-10-23,11552,20226,2,0.2,Standard,Debit Card,2486.26,45,352.08,Delivered
502079,2024-07-15,12571,20299,1,0.1,Same Day,Cash On Delivery,1287.13,140,73.26,Delivered
502080,2024-10-12,10102,20278,1,0.3,Standard,Net Banking,4913.78,45,-243.05,Delivered
502081,2025-07-09,14822,20021,1,0.05,Standard,Debit Card,11761.57,70,3793.78,Delivered
502082,2025-06-05,13930,20052,1,0.0,Standard,Cash On Delivery,1995.73,45,644.82,Delivered
502083,2024-08-12,10734,20260,2,0.3,Standard,Upi,1733.26,45,-87.96,Delivered
502084,2025-12-28,13093,20208,1,0.1,Standard,Upi,2477.97,45,448.65,Delivered
502085,2025-12-23,12435,20007,3,0.1,Express,Credit Card,19992.04,115,5476.35,Delivered
502086,2024-10-12,11093,20169,2,0.0,Express,Credit Card,2437.64,90,937.94,Delivered
502087,2025-12-29,14548,20138,2,0.15,Standard,Debit Card,4051.24,45,956.34,Delivered
502088,2024-11-26,11820,20190,2,0.05,Standard,Credit Card,1216.27,45,372.77,Delivered
502089,2025-07-14,11157,20140,1,0.15,Standard,Debit Card,799.42,45,121.3,Delivered
502090,2024-06-11,12829,20156,4,0.1,Standard,Net Banking,6555.23,70,1476.19,Delivered
502091,2024-07-11,10505,20058,3,0.05,Standard,Credit Card,4640.2,45,2109.94,Delivered
502092,2024-05-24,10371,20184,1,0.1,Express,Upi,737.05,90,87.77,Delivered
502093,2025-11-01,14783,20254,2,0.1,Standard,Net Banking,815.54,45,312.02,Delivered
502094,2025-11-22,12196,20146,5,0.3,Express,Upi,3120.39,90,-303.81,Delivered
502095,2025-06-21,10934,20185,1,0.2,Standard,Debit Card,2061.81,45,531.17,Delivered
502096,2025-09-03,11256,20178,2,0.1,Standard,Credit Card,932.85,45,370.41,Delivered
502097,2025-09-14,10884,20127,2,0.1,Standard,Credit Card,8472.29,70,2497.23,Delivered
502098,2024-09-26,14958,20045,2,0.3,Same Day,Upi,1236.44,140,-110.96,Delivered
502099,2024-02-20,14410,20190,4,0.05,Standard,Credit Card,2432.53,45,790.53,Delivered
502100,2025-06-10,13400,20193,1,0.2,Standard,Net Banking,523.38,45,42.1,Delivered
502101,2024-05-07,14060,20055,1,0.25,Same Day,Credit Card,2113.95,140,-207.45,Delivered
502102,2025-10-13,10392,20294,1,0.1,Standard,Upi,1749.96,45,789.65,Delivered
502103,2024-02-15,14512,20260,1,0.05,Standard,Upi,1176.14,45,243.03,Delivered
502104,2024-08-21,10813,20015,2,0.05,Express,Credit Card,2597.11,90,1178.25,Delivered
502105,2025-03-23,12114,20149,2,0.0,Same Day,Upi,705.78,140,23.32,Delivered
502106,2025-08-06,12845,20149,3,0.05,Express,Credit Card,1005.74,90,102.05,Delivered
502107,2025-03-18,12647,20251,1,0.1,Standard,Credit Card,658.72,45,261.73,Delivered
502108,2025-05-17,14501,20254,1,0.15,Standard,Upi,385.12,45,110.86,Delivered
502109,2025-08-29,14893,20214,1,0.1,Standard,Net Banking,1592.69,45,699.58,Delivered
502110,2024-10-11,11716,20108,1,0.1,Standard,Debit Card,2093.99,45,444.56,Delivered
502111,2024-05-11,12209,20035,1,0.2,Express,Net Banking,1894.59,90,550.56,Delivered
502112,2025-04-20,10460,20260,4,0.15,Standard,Net Banking,4209.34,45,611.9,Delivered
502113,2025-06-27,10348,20227,2,0.1,Express,Credit Card,4443.55,90,780.71,Delivered
502114,2024-12-21,13574,20220,2,0.15,Standard,Net Banking,7851.89,70,1926.97,Delivered
502115,2024-02-06,10081,20140,2,0.1,Standard,Debit Card,1692.88,45,381.64,Delivered
502116,2025-09-29,13488,20054,2,0.1,Express,Cash On Delivery,4997.48,90,2093.92,Delivered
502117,2024-05-17,10480,20286,3,0.1,Standard,Credit Card,6575.9,70,2725.42,Delivered
502118,2025-02-25,10330,20265,5,0.2,Standard,Net Banking,1007.24,45,213.74,Delivered
502119,2025-03-20,13535,20275,1,0.05,Express,Credit Card,2748.2,90,1119.95,Delivered
502120,2025-09-03,13794,20110,2,0.05,Express,Upi,1087.41,90,196.93,Delivered
502121,2024-08-29,10974,20045,1,0.2,Express,Net Banking,706.54,90,12.84,Delivered
502122,2024-09-01,14191,20279,1,0.05,Standard,Debit Card,1511.91,45,704.24,Delivered
502123,2025-06-22,12238,20261,1,0.25,Standard,Credit Card,112.5,45,-43.63,Delivered
502124,2024-07-27,13281,20212,1,0.05,Standard,Cash On Delivery,969.91,45,198.48,Delivered
502125,2025-04-01,10205,20195,1,0.2,Express,Net Banking,4181.01,90,946.2,Delivered
502126,2024-04-08,13930,20119,2,0.15,Standard,Upi,5520.19,70,2527.59,Delivered
502127,2025-05-16,13426,20194,1,0.2,Standard,Upi,4162.27,45,62.93,Cancelled
502128,2024-05-16,13003,20043,2,0.1,Standard,Credit Card,951.64,45,241.5,Delivered
502129,2024-07-05,11378,20258,1,0.05,Standard,Credit Card,639.69,45,248.21,Delivered
502130,2024-02-05,13542,20176,1,0.25,Same Day,Upi,191.76,140,-71.83,Delivered
502131,2025-09-21,10728,20296,1,0.15,Standard,Upi,347.26,45,13.27,Delivered
502132,2025-10-31,12969,20099,1,0.05,Standard,Credit Card,2203.71,45,614.31,Delivered
502133,2025-04-23,14804,20196,2,0.1,Express,Credit Card,1938.76,90,377.36,Delivered
502134,2025-11-11,11248,20117,1,0.1,Express,Debit Card,342.5,90,30.52,Delivered
502135,2024-02-24,11644,20164,3,0.05,Standard,Debit Card,2172.67,45,501.52,Delivered
502136,2025-04-15,12784,20296,3,0.15,Express,Credit Card,1041.78,90,84.81,Delivered
502137,2024-03-24,12758,20125,2,0.15,Standard,Upi,1467.24,45,526.84,Delivered
502138,2024-01-06,10249,20289,3,0.05,Standard,Credit Card,4986.05,45,1962.77,Delivered
502139,2024-12-28,13547,20147,4,0.1,Express,Net Banking,3706.2,90,721.64,Delivered
502140,2025-12-10,11619,20171,1,0.05,Standard,Cash On Delivery,5387.24,70,1070.23,Delivered
502141,2025-10-25,11248,20201,4,0.15,Standard,Upi,2032.49,45,885.97,Delivered
502142,2024-06-18,13859,20061,5,0.15,Standard,Upi,8134.41,70,3509.76,Delivered
502143,2024-09-05,13233,20141,1,0.1,Express,Upi,1104.14,90,161.89,Delivered
502144,2025-10-23,12296,20170,1,0.15,Standard,Net Banking,1237.85,45,256.73,Cancelled
502145,2024-07-28,14415,20225,1,0.15,Standard,Credit Card,9545.53,70,2015.52,Delivered
502146,2024-08-31,13012,20234,1,0.25,Standard,Upi,6113.29,70,1748.71,Delivered
502147,2024-05-20,10805,20274,3,0.2,Same Day,Debit Card,2629.3,140,336.53,Delivered
502148,2025-09-23,11235,20221,1,0.2,Standard,Net Banking,1319.66,45,369.7,Delivered
502149,2024-06-28,14854,20231,1,0.0,Standard,Debit Card,553.98,45,249.33,Delivered
502150,2025-09-28,14820,20113,1,0.05,Standard,Net Banking,401.62,45,127.83,Delivered
502151,2025-12-24,14520,20249,1,0.05,Standard,Net Banking,1790.24,45,294.85,Delivered
502152,2024-01-17,13862,20048,1,0.3,Standard,Upi,443.06,45,75.56,Delivered
502153,2024-01-16,11957,20084,1,0.1,Standard,Debit Card,1432.51,45,292.74,Delivered
502154,2025-01-19,10348,20164,3,0.05,Express,Net Banking,2172.67,90,456.52,Delivered
502155,2024-12-06,12836,20087,2,0.1,Standard,Upi,814.37,45,294.27,Delivered
502156,2024-02-15,14415,20173,5,0.15,Standard,Unknown,3158.51,45,481.11,Delivered
502157,2025-05-18,11598,20145,3,0.2,Standard,Debit Card,14977.15,70,4926.06,Delivered
502158,2024-05-22,10586,20250,3,0.05,Standard,Credit Card,7861.95,70,3433.4,Delivered
502159,2024-10-11,12949,20033,1,0.1,Express,Upi,980.5,90,63.05,Delivered
502160,2024-12-20,12201,20148,2,0.05,Standard,Upi,25748.97,70,9072.45,Delivered
502161,2025-06-08,12704,20194,2,0.1,Express,Credit Card,9365.11,115,1141.43,Delivered
502162,2025-07-10,10015,20126,3,0.1,Standard,Upi,13222.6,70,3596.61,Delivered
502163,2024-02-16,10210,20129,2,0.05,Standard,Upi,6853.34,70,2970.14,Delivered
502164,2025-06-11,11175,20163,2,0.05,Standard,Upi,5466.0,70,1142.34,Delivered
502165,2024-04-16,10245,20129,1,0.05,Standard,Upi,3426.67,45,1475.07,Delivered
502166,2024-01-03,12615,20171,1,0.2,Standard,Upi,4536.62,45,244.61,Delivered
502167,2025-09-07,10899,20075,1,0.05,Standard,Credit Card,3235.6,45,1644.36,Delivered
502168,2024-04-04,13678,20256,1,0.3,Standard,Debit Card,892.51,45,99.56,Delivered
502169,2024-05-12,13577,20216,2,0.1,Same Day,Credit Card,11261.11,165,4198.89,Delivered
502170,2024-07-19,10728,20231,1,0.05,Standard,Cash On Delivery,526.28,45,221.63,Delivered
502171,2024-09-10,10261,20237,1,0.15,Express,Upi,550.53,90,127.36,Delivered
502172,2024-07-01,14919,20096,2,0.0,Standard,Debit Card,3270.18,45,1205.28,Delivered
502173,2024-05-29,12275,20183,1,0.2,Standard,Debit Card,1034.42,45,382.14,Delivered
502174,2025-07-02,14839,20121,3,0.05,Standard,Debit Card,3106.19,45,1581.56,Delivered
502175,2025-05-04,12062,20195,2,0.05,Standard,Credit Card,9929.89,70,3570.27,Delivered
502176,2025-05-19,14267,20250,1,0.2,Standard,Credit Card,2206.86,45,709.01,Delivered
502177,2025-02-16,14044,20111,1,0.15,Standard,Net Banking,1105.75,45,427.93,Cancelled
502178,2025-05-22,12694,20072,2,0.1,Standard,Upi,2921.47,45,415.67,Delivered
502179,2025-10-12,12758,20052,1,0.05,Standard,Upi,1895.94,45,545.03,Delivered
502180,2025-09-03,12999,20155,1,0.1,Standard,Upi,252.19,45,0.95,Delivered
502181,2025-02-07,13593,20195,3,0.15,Express,Upi,13326.96,115,3777.53,Delivered
502182,2024-08-23,11005,20026,1,0.1,Standard,Credit Card,1956.45,45,591.43,Delivered
502183,2025-08-18,12412,20227,1,0.15,Express,Cash On Delivery,2098.34,90,221.92,Delivered
502184,2025-06-28,11213,20209,2,0.0,Express,Cash On Delivery,2346.48,90,985.32,Delivered
502185,2025-09-24,13899,20221,2,0.15,Express,Debit Card,2804.29,90,904.37,Delivered
502186,2025-06-25,13571,20286,1,0.05,Standard,Credit Card,2313.74,45,1008.58,Delivered
502187,2025-03-09,14425,20253,4,0.15,Express,Credit Card,1982.06,90,748.18,Delivered
502188,2025-06-29,10687,20102,1,0.05,Standard,Debit Card,4784.59,45,1066.08,Delivered
502189,2025-10-06,10759,20265,1,0.05,Express,Credit Card,239.22,90,-0.48,Delivered
502190,2024-07-26,10006,20176,2,0.1,Express,Credit Card,460.22,90,123.04,Delivered
502191,2024-05-19,10585,20184,2,0.0,Standard,Net Banking,1637.88,45,474.32,Delivered
502192,2025-08-10,14715,20193,2,0.15,Standard,Net Banking,1112.19,45,194.63,Delivered
502193,2025-08-09,11215,20195,2,0.15,Standard,Credit Card,8884.64,70,2525.02,Delivered
502194,2024-11-02,10261,20021,1,0.05,Standard,Credit Card,11761.57,70,3793.78,Delivered
502195,2025-07-23,14893,20286,3,0.15,Express,Upi,6210.58,115,2315.1,Delivered
502196,2024-04-07,11485,20057,2,0.25,Express,Credit Card,2452.74,90,-83.9,Delivered
502197,2024-05-04,14452,20055,4,0.2,Express,Credit Card,9019.52,115,178.92,Delivered
502198,2024-12-14,12267,20002,1,0.1,Standard,Credit Card,2083.6,45,388.46,Delivered
502199,2024-05-13,12415,20022,1,0.05,Standard,Debit Card,6379.91,70,2163.58,Delivered
502200,2024-08-13,14985,20141,3,0.0,Standard,Upi,3680.46,45,1078.71,Delivered
502201,2025-12-12,13570,20089,5,0.05,Express,Upi,2953.98,90,780.98,Delivered
502202,2025-07-02,13155,20299,3,0.0,Standard,Cash On Delivery,4290.42,45,1023.81,Delivered
502203,2025-10-11,12292,20075,1,0.2,Standard,Upi,2724.72,45,1133.48,Delivered
502204,2025-12-20,11319,20074,4,0.15,Standard,Upi,3372.22,45,718.58,Delivered
502205,2025-12-06,12953,20236,1,0.1,Express,Debit Card,3166.22,90,1324.43,Delivered
502206,2025-07-21,12184,20165,1,0.0,Standard,Credit Card,345.11,45,142.26,Delivered
502207,2024-12-04,11078,20217,3,0.1,Standard,Upi,1431.81,45,652.02,Delivered
502208,2024-11-17,14196,20291,1,0.1,Standard,Debit Card,763.31,45,81.1,Delivered
502209,2024-03-27,11442,20019,1,0.15,Standard,Upi,436.0,45,101.28,Delivered
502210,2024-04-04,11591,20284,5,0.1,Standard,Upi,1474.78,45,621.18,Delivered
502211,2024-07-14,10722,20188,1,0.0,Standard,Upi,2808.8,45,952.6,Delivered
502212,2024-07-10,11245,20138,4,0.15,Standard,Credit Card,8102.47,70,1932.67,Delivered
502213,2025-10-17,11346,20280,1,0.3,Standard,Cash On Delivery,812.32,45,235.5,Delivered
502214,2025-06-05,14677,20202,1,0.15,Express,Credit Card,461.99,90,67.27,Delivered
502215,2025-10-22,10746,20158,1,0.1,Standard,Upi,1081.35,45,237.84,Delivered
502216,2025-10-13,14730,20233,2,0.15,Express,Cash On Delivery,4504.18,90,608.7,Delivered
502217,2024-01-13,13807,20115,3,0.1,Express,Credit Card,3014.77,90,1287.88,Delivered
502218,2024-09-10,13866,20225,5,0.0,Standard,Cash On Delivery,56150.2,70,18780.15,Delivered
502219,2024-03-21,13521,20045,1,0.15,Express,Credit Card,750.69,90,56.99,Delivered
502220,2025-12-22,11815,20217,1,0.15,Express,Upi,450.75,90,115.82,Delivered
502221,2025-01-07,12700,20118,1,0.1,Standard,Debit Card,1085.96,45,304.05,Delivered
502222,2025-01-28,14119,20281,1,0.05,Express,Cash On Delivery,1320.86,90,497.34,Delivered
502223,2025-02-21,11348,20102,2,0.1,Express,Debit Card,9065.54,115,1603.52,Delivered
502224,2024-02-28,11365,20132,2,0.05,Express,Upi,951.33,90,406.15,Delivered
502225,2024-05-07,10816,20212,2,0.0,Standard,Upi,2041.92,45,544.06,Delivered
502226,2025-06-24,14262,20202,4,0.15,Express,Credit Card,1847.97,90,539.09,Delivered
502227,2024-11-28,13706,20287,2,0.05,Standard,Upi,3700.34,45,803.16,Delivered
502228,2024-10-08,14083,20147,2,0.05,Express,Credit Card,1956.05,90,418.77,Delivered
502229,2025-08-02,14614,20258,1,0.1,Standard,Net Banking,606.02,45,214.54,Delivered
502230,2024-07-25,13420,20260,1,0.15,Standard,Cash On Delivery,1052.33,45,119.22,Delivered
502231,2024-09-28,13488,20294,3,0.1,Standard,Credit Card,5249.88,70,2433.95,Delivered
502232,2024-11-04,13695,20033,2,0.1,Standard,Debit Card,1960.99,45,261.09,Delivered
502233,2025-02-06,14696,20018,2,0.3,Standard,Upi,3499.2,45,1139.76,Delivered
502234,2024-06-23,13805,20160,1,0.1,Standard,Upi,539.35,45,143.27,Delivered
502235,2024-08-05,13973,20115,2,0.1,Standard,Debit Card,2009.84,45,873.58,Delivered
502236,2025-11-02,14745,20208,1,0.0,Express,Upi,2753.3,90,678.98,Delivered
502237,2024-11-21,12420,20161,2,0.05,Express,Debit Card,4973.34,90,1704.78,Delivered
502238,2024-09-09,10599,20290,1,0.05,Standard,Debit Card,4421.9,45,1312.51,Delivered
502239,2025-03-29,13542,20047,1,0.05,Standard,Credit Card,479.75,45,161.17,Delivered
502240,2024-07-07,12786,20052,3,0.05,Standard,Debit Card,5687.83,70,1700.1,Delivered
502241,2025-03-18,10243,20052,2,0.1,Standard,Credit Card,3592.31,45,935.49,Delivered
502242,2024-05-09,13434,20171,3,0.2,Express,Debit Card,13609.87,115,753.84,Delivered
502243,2025-04-29,13418,20106,4,0.15,Standard,Debit Card,4142.87,45,1467.91,Delivered
502244,2024-01-03,12607,20098,1,0.2,Express,Debit Card,292.46,90,-76.56,Delivered
502245,2024-12-16,13488,20209,2,0.1,Standard,Credit Card,2111.83,45,795.67,Delivered
502246,2025-07-08,10508,20131,3,0.1,Standard,Credit Card,504.12,45,194.82,Delivered
502247,2024-05-12,14868,20222,2,0.0,Standard,Debit Card,751.2,45,247.74,Delivered
502248,2025-11-20,12808,20223,1,0.05,Standard,Credit Card,1243.88,45,465.03,Delivered
502249,2025-05-08,13659,20127,1,0.2,Standard,Upi,3765.46,45,767.93,Delivered
502250,2024-09-22,11009,20126,1,0.3,Express,Credit Card,3428.08,90,152.75,Delivered
502251,2024-01-24,14418,20130,1,0.15,Standard,Credit Card,504.92,45,179.5,Delivered
502252,2025-06-17,12184,20196,1,0.05,Express,Upi,1023.24,90,197.54,Delivered
502253,2024-01-03,12022,20044,1,0.0,Standard,Upi,2243.96,45,1084.08,Delivered
502254,2025-10-31,14776,20294,3,0.0,Standard,Credit Card,5833.2,70,3017.27,Delivered
502255,2025-03-02,13614,20188,2,0.05,Standard,Net Banking,5336.72,70,1644.32,Delivered
502256,2024-01-04,12299,20244,1,0.2,Standard,Credit Card,341.6,45,53.48,Delivered
502257,2025-09-10,11360,20091,1,0.05,Express,Upi,5228.74,115,1435.37,Delivered
502258,2025-05-17,10781,20015,2,0.15,Express,Net Banking,2323.73,90,904.87,Delivered
502259,2024-08-19,10560,20182,1,0.05,Express,Debit Card,1063.7,90,266.04,Delivered
502260,2024-03-12,10171,20062,1,0.15,Standard,Cash On Delivery,290.77,45,9.02,Delivered
502261,2024-03-28,14225,20078,2,0.05,Standard,Cash On Delivery,2464.57,45,639.69,Delivered
502262,2025-06-11,12728,20274,1,0.1,Standard,Net Banking,985.99,45,223.4,Delivered
502263,2025-08-25,14493,20251,2,0.05,Standard,Cash On Delivery,1390.63,45,641.65,Delivered
502264,2025-03-25,12109,20071,1,0.05,Standard,Debit Card,1941.76,45,659.27,Delivered
502265,2025-03-14,11659,20024,1,0.15,Standard,Cash On Delivery,1943.9,45,289.67,Delivered
502266,2025-06-15,11796,20294,2,0.1,Standard,Credit Card,3499.92,45,1624.3,Delivered
502267,2025-03-10,14527,20134,1,0.0,Standard,Cash On Delivery,1122.5,45,320.61,Delivered
502268,2025-12-24,13088,20246,1,0.2,Standard,Upi,286.8,45,52.09,Delivered
502269,2024-03-24,10804,20202,2,0.15,Express,Upi,923.98,90,224.54,Delivered
502270,2024-12-04,12440,20022,2,0.05,Same Day,Credit Card,12759.81,165,4302.15,Delivered
502271,2024-05-05,13770,20161,1,0.1,Standard,Upi,2355.8,45,721.52,Delivered
502272,2025-07-16,10508,20215,1,0.2,Standard,Debit Card,453.45,45,138.45,Delivered
502273,2024-01-18,10655,20046,1,0.1,Standard,Net Banking,3800.72,45,624.89,Delivered
502274,2025-09-20,11877,20105,1,0.05,Standard,Upi,5600.32,70,1213.01,Delivered
502275,2025-09-27,10268,20170,5,0.05,Standard,Upi,6917.38,70,2166.78,Delivered
502276,2025-06-23,11093,20085,1,0.15,Standard,Debit Card,2163.05,45,364.01,Delivered
502277,2024-12-10,11469,20077,1,0.05,Standard,Debit Card,1768.81,45,515.41,Delivered
502278,2025-04-12,12677,20042,1,0.1,Standard,Credit Card,7219.84,70,2318.77,Delivered
502279,2024-05-20,13523,20013,2,0.0,Standard,Debit Card,507.84,45,75.94,Delivered
502280,2024-01-06,13777,20291,4,0.25,Standard,Upi,2544.36,45,-49.48,Delivered
502281,2025-10-30,13080,20009,2,0.2,Standard,Debit Card,1200.5,45,76.42,Delivered
502282,2025-09-09,11755,20013,1,0.15,Standard,Credit Card,215.83,45,-22.62,Delivered
502283,2025-09-22,12488,20022,5,0.05,Standard,Upi,31899.53,70,11097.88,Delivered
502284,2025-10-10,10822,20040,1,0.05,Same Day,Credit Card,930.33,140,230.61,Delivered
502285,2025-06-24,13601,20127,1,0.1,Standard,Upi,4236.15,45,1238.62,Delivered
502286,2025-11-08,13791,20169,1,0.05,Express,Upi,1157.88,90,363.03,Delivered
502287,2024-03-05,14929,20263,2,0.25,Standard,Upi,5487.06,70,306.26,Delivered
502288,2024-02-25,11991,20222,1,0.15,Standard,Credit Card,319.26,45,45.03,Delivered
502289,2024-04-05,10485,20223,1,0.15,Same Day,Credit Card,1112.95,140,239.1,Delivered
502290,2024-08-02,14671,20121,4,0.15,Standard,Cash On Delivery,3705.63,45,1687.79,Delivered
502291,2024-02-27,10687,20222,3,0.15,Standard,Cash On Delivery,957.78,45,225.09,Delivered
502292,2025-05-06,10975,20079,4,0.0,Standard,Upi,8627.2,70,2099.4,Delivered
502293,2025-02-08,13288,20099,1,0.05,Same Day,Credit Card,2203.71,140,519.31,Delivered
502294,2024-07-02,13331,20235,1,0.1,Standard,Cash On Delivery,4617.39,45,1661.71,Delivered
502295,2024-10-08,11771,20186,2,0.05,Standard,Credit Card,4652.78,45,1886.18,Delivered
502296,2025-12-21,10074,20279,2,0.15,Standard,Cash On Delivery,2705.52,45,1135.18,Delivered
502297,2024-06-11,14902,20181,2,0.25,Express,Upi,2890.44,90,78.12,Delivered
502298,2024-03-29,14914,20293,3,0.1,Standard,Debit Card,5697.68,70,908.65,Delivered
502299,2024-04-06,13141,20276,1,0.15,Express,Debit Card,1467.34,90,85.95,Cancelled
502300,2025-08-09,10193,20236,1,0.1,Express,Upi,3166.22,90,1324.43,Delivered
502301,2024-03-28,14008,20146,1,0.15,Same Day,Cash On Delivery,757.81,140,-49.03,Delivered
502302,2025-06-01,11113,20068,2,0.0,Standard,Debit Card,1055.1,45,286.72,Delivered
502303,2025-10-29,11003,20176,3,0.1,Standard,Upi,690.34,45,274.57,Delivered
502304,2024-03-03,13953,20020,2,0.15,Standard,Upi,602.58,45,129.38,Delivered
502305,2025-06-24,12170,20072,2,0.2,Standard,Upi,2596.86,45,91.06,Delivered
502306,2024-07-09,10733,20105,2,0.1,Same Day,Cash On Delivery,10611.13,165,1811.51,Delivered
502307,2025-12-16,14615,20007,4,0.1,Standard,Net Banking,26656.06,70,7385.14,Delivered
502308,2024-10-04,11043,20053,3,0.25,Standard,Debit Card,3026.27,45,846.26,Delivered
502309,2025-06-22,10457,20267,3,0.1,Standard,Upi,1585.79,45,205.7,Delivered
502310,2024-03-25,12689,20204,1,0.05,Standard,Net Banking,1769.95,45,885.65,Delivered
502311,2024-11-30,13335,20032,1,0.0,Standard,Credit Card,458.1,45,91.88,Delivered
502312,2025-03-16,12140,20191,1,0.25,Standard,Cash On Delivery,774.2,45,2.4,Delivered
502313,2025-12-22,13088,20183,1,0.0,Standard,Upi,1293.03,45,640.75,Delivered
502314,2025-10-11,12384,20187,1,0.05,Standard,Net Banking,2781.16,45,460.72,Delivered
502315,2024-06-20,11181,20154,2,0.2,Standard,Upi,1112.58,45,46.88,Delivered
502316,2024-12-04,10314,20051,2,0.25,Standard,Net Banking,2200.14,45,795.12,Delivered
502317,2025-10-29,14742,20289,4,0.15,Standard,Credit Card,5948.27,70,1907.23,Delivered
502318,2024-08-16,14244,20026,1,0.05,Express,Credit Card,2065.14,90,655.12,Delivered
502319,2024-06-27,12359,20278,1,0.05,Standard,Upi,6668.71,70,1486.88,Delivered
502320,2024-09-03,11490,20210,2,0.1,Standard,Upi,1205.93,45,267.19,Delivered
502321,2025-11-04,11665,20253,1,0.25,Standard,Credit Card,437.22,45,106.25,Delivered
502322,2025-11-05,12609,20191,1,0.25,Same Day,Upi,774.2,140,-92.6,Delivered
502323,2025-12-30,12533,20145,1,0.1,Standard,Upi,5616.43,70,2219.4,Delivered
502324,2024-11-12,10656,20041,1,0.1,Standard,Cash On Delivery,135.0,45,6.51,Delivered
502325,2024-10-12,13719,20076,4,0.1,Standard,Net Banking,6275.66,70,1431.46,Delivered
502326,2024-03-16,11641,20295,2,0.05,Standard,Upi,4517.25,45,1012.97,Delivered
502327,2025-03-27,12675,20161,2,0.05,Standard,Upi,4973.34,45,1749.78,Delivered
502328,2024-07-22,14016,20288,1,0.15,Standard,Upi,909.59,45,367.16,Delivered
502329,2025-12-28,10201,20149,1,0.05,Standard,Upi,335.25,45,19.02,Delivered
502330,2025-02-27,13869,20192,1,0.2,Express,Upi,1066.24,90,45.7,Delivered
502331,2024-07-11,10138,20066,1,0.05,Express,Credit Card,594.83,90,131.11,Delivered
502332,2024-10-19,10899,20177,1,0.1,Express,Upi,957.26,90,74.86,Delivered
502333,2025-12-04,11076,20031,2,0.1,Standard,Cash On Delivery,1440.16,45,615.24,Delivered
502334,2025-02-16,11749,20199,2,0.15,Standard,Upi,1304.72,45,337.42,Delivered
502335,2025-03-14,11476,20074,2,0.0,Standard,Net Banking,1983.66,45,634.34,Delivered
502336,2024-10-27,13076,20111,1,0.05,Standard,Net Banking,1235.84,45,558.02,Delivered
502337,2024-09-16,13414,20094,2,0.0,Standard,Cash On Delivery,5245.98,70,2295.54,Delivered
502338,2024-07-10,13905,20169,2,0.15,Standard,Cash On Delivery,2071.99,45,617.29,Delivered
502339,2024-09-27,14232,20297,2,0.15,Express,Credit Card,528.73,90,-26.43,Delivered
502340,2025-09-07,13147,20261,1,0.1,Express,Cash On Delivery,135.0,90,-66.13,Delivered
502341,2025-03-07,10633,20213,4,0.15,Standard,Cash On Delivery,10539.22,70,1690.14,Delivered
502342,2025-12-16,14503,20262,1,0.2,Standard,Credit Card,1697.99,45,46.87,Delivered
502343,2025-11-26,12359,20272,1,0.05,Express,Credit Card,1317.73,90,230.55,Delivered
502344,2024-08-04,13633,20208,2,0.1,Standard,Debit Card,4955.94,45,942.3,Delivered
502345,2024-03-31,10042,20083,1,0.05,Standard,Credit Card,930.12,45,394.04,Cancelled
502346,2024-07-16,11741,20240,1,0.05,Express,Cash On Delivery,995.45,90,278.65,Delivered
502347,2025-02-02,13733,20123,3,0.05,Express,Upi,16299.01,115,5799.12,Delivered
502348,2024-02-08,12669,20165,3,0.15,Same Day,Cash On Delivery,880.03,140,266.48,Delivered
502349,2025-12-09,11863,20064,1,0.05,Express,Cash On Delivery,1978.75,90,839.4,Delivered
502350,2025-04-15,10371,20097,2,0.15,Standard,Cash On Delivery,843.81,45,168.23,Delivered
502351,2024-03-19,10097,20069,1,0.0,Standard,Debit Card,2008.29,45,1041.93,Delivered
502352,2025-12-29,11307,20201,1,0.15,Standard,Upi,508.12,45,187.74,Delivered
502353,2024-04-03,10641,20135,3,0.15,Express,Net Banking,7272.45,115,2414.51,Delivered
502354,2025-11-14,11077,20298,1,0.2,Standard,Debit Card,1218.5,45,331.48,Delivered
502355,2024-02-12,10009,20091,4,0.2,Standard,Upi,17612.61,70,2829.13,Delivered
502356,2024-05-11,14248,20289,1,0.15,Standard,Upi,1487.07,45,449.31,Delivered
502357,2024-03-17,12546,20282,3,0.15,Standard,Upi,1837.91,45,582.26,Delivered
502358,2024-08-19,10360,20273,2,0.15,Standard,Cash On Delivery,2432.67,45,1028.43,Delivered
502359,2024-02-08,12885,20021,1,0.1,Standard,Credit Card,11142.54,70,3174.75,Delivered
502360,2025-07-19,11748,20002,2,0.15,Express,Cash On Delivery,3935.69,90,545.41,Delivered
502361,2024-05-30,14179,20079,4,0.0,Standard,Credit Card,8627.2,70,2099.4,Delivered
502362,2025-11-30,10892,20044,1,0.2,Standard,Credit Card,1795.17,45,635.29,Delivered
502363,2025-02-22,11213,20194,2,0.25,Standard,Upi,7804.26,70,-374.42,Delivered
502364,2024-07-04,11435,20071,1,0.25,Standard,Net Banking,1532.97,45,250.48,Delivered
502365,2024-11-13,12078,20036,2,0.3,Express,Upi,3271.93,90,729.51,Delivered
502366,2025-04-08,11116,20046,2,0.05,Standard,Debit Card,8023.74,70,1692.08,Delivered
502367,2025-03-07,10596,20235,3,0.05,Standard,Upi,14621.73,70,5819.69,Delivered
502368,2024-05-14,13087,20224,3,0.1,Express,Cash On Delivery,946.7,90,315.59,Delivered
502369,2025-05-17,12978,20067,1,0.1,Standard,Credit Card,1485.08,45,287.03,Delivered
502370,2025-11-15,12949,20259,1,0.1,Standard,Upi,1244.78,45,133.86,Cancelled
502371,2024-09-25,11745,20119,2,0.1,Standard,Credit Card,5844.91,70,2852.31,Delivered
502372,2025-03-12,10023,20045,1,0.2,Standard,Upi,706.54,45,57.84,Delivered
502373,2025-09-18,10326,20025,2,0.1,Standard,Debit Card,6123.89,70,782.87,Delivered
502374,2025-05-12,11935,20165,1,0.2,Express,Credit Card,276.09,90,28.24,Delivered
502375,2025-07-04,10263,20164,3,0.05,Standard,Upi,2172.67,45,501.52,Delivered
502376,2024-12-05,13880,20291,2,0.1,Standard,Debit Card,1526.62,45,207.2,Delivered
502377,2024-08-29,11586,20275,1,0.05,Standard,Upi,2748.2,45,1164.95,Delivered
502378,2024-08-08,10433,20045,1,0.3,Standard,Cash On Delivery,618.22,45,-30.48,Delivered
502379,2025-10-19,10560,20211,2,0.1,Express,Debit Card,1274.9,90,163.42,Delivered
502380,2025-11-06,11057,20225,1,0.1,Standard,Credit Card,10107.04,70,2577.03,Cancelled
502381,2024-12-26,14145,20146,2,0.2,Standard,Upi,1426.46,45,47.78,Cancelled
502382,2024-07-08,11703,20287,2,0.15,Standard,Debit Card,3310.84,45,413.66,Delivered
502383,2025-02-16,12489,20010,1,0.25,Express,Credit Card,728.89,90,33.85,Delivered
502384,2024-11-24,14690,20008,1,0.15,Standard,Debit Card,495.01,45,149.5,Delivered
502385,2024-08-09,14324,20034,1,0.1,Express,Debit Card,952.36,90,250.25,Delivered
502386,2025-11-16,10214,20234,1,0.05,Standard,Debit Card,7743.5,70,3378.92,Delivered
502387,2024-04-01,11666,20181,1,0.15,Standard,Debit Card,1637.92,45,231.76,Delivered
502388,2025-03-15,13943,20012,1,0.05,Standard,Credit Card,5839.93,70,1735.43,Delivered
502389,2024-04-15,13479,20238,2,0.0,Express,Cash On Delivery,1270.94,90,283.8,Delivered
502390,2024-09-01,13816,20192,3,0.2,Express,Cash On Delivery,3198.72,90,317.1,Delivered
502391,2024-10-31,11936,20273,4,0.15,Express,Debit Card,4865.33,90,2056.85,Delivered
502392,2025-07-08,10309,20002,4,0.05,Same Day,Upi,8797.42,165,2031.86,Delivered
502393,2025-08-20,14413,20027,2,0.15,Standard,Net Banking,1691.23,45,695.51,Delivered
502394,2024-04-06,12392,20153,4,0.05,Standard,Upi,7120.55,70,2332.71,Delivered
502395,2025-04-21,12103,20140,1,0.05,Express,Upi,893.47,90,170.35,Delivered
502396,2024-09-22,14841,20193,2,0.05,Standard,Debit Card,1243.04,45,325.48,Delivered
502397,2025-07-28,12474,20095,2,0.1,Same Day,Net Banking,2077.6,140,176.96,Delivered
502398,2024-04-12,12726,20168,4,0.25,Express,Net Banking,6644.16,115,105.04,Delivered
502399,2024-09-10,12216,20005,1,0.25,Standard,Upi,316.46,45,38.78,Delivered
502400,2025-03-30,10848,20220,2,0.1,Express,Upi,8313.77,115,2343.85,Delivered
502401,2025-05-27,14672,20028,1,0.2,Express,Cash On Delivery,5937.14,115,142.34,Delivered
502402,2025-10-27,11065,20249,2,0.1,Standard,Upi,3392.03,45,446.25,Cancelled
502403,2025-05-07,14154,20072,1,0.1,Standard,Debit Card,1460.74,45,185.34,Delivered
502404,2024-09-17,11934,20134,3,0.0,Standard,Upi,3367.5,45,1051.83,Cancelled
502405,2024-02-04,12112,20274,3,0.15,Standard,Upi,2793.63,45,595.86,Delivered
502406,2025-01-15,10371,20293,1,0.15,Standard,Upi,1793.71,45,175.7,Delivered
502407,2025-01-31,14236,20192,1,0.1,Standard,Upi,1199.52,45,223.98,Delivered
502408,2024-01-27,12109,20035,3,0.05,Standard,Upi,6749.48,70,2917.39,Delivered
502409,2024-11-01,13957,20126,4,0.3,Standard,Upi,13712.33,70,901.01,Delivered
502410,2025-11-29,11162,20017,1,0.2,Standard,Upi,977.76,45,338.57,Delivered
502411,2025-11-01,10066,20110,1,0.15,Express,Upi,486.47,90,-3.77,Delivered
502412,2025-08-03,10798,20088,2,0.0,Standard,Upi,1325.8,45,590.06,Delivered
502413,2024-06-13,11188,20010,5,0.2,Express,Net Banking,3887.4,90,772.2,Delivered
502414,2024-09-14,10632,20051,2,0.15,Express,Net Banking,2493.49,90,1043.47,Delivered
502415,2024-04-11,12986,20112,2,0.05,Standard,Upi,4797.97,45,956.15,Delivered
502416,2025-03-30,13776,20052,4,0.2,Standard,Net Banking,6386.34,70,1092.7,Delivered
502417,2024-07-11,13259,20237,1,0.15,Express,Upi,550.53,90,127.36,Delivered
502418,2024-10-25,12935,20289,3,0.1,Express,Credit Card,4723.62,90,1655.34,Cancelled
502419,2024-01-21,10192,20097,1,0.05,Standard,Upi,471.54,45,111.25,Delivered
502420,2024-02-14,12800,20273,2,0.05,Standard,Credit Card,2718.86,45,1314.62,Cancelled
502421,2025-04-24,11150,20177,4,0.15,Standard,Upi,3616.31,45,401.71,Delivered
502422,2025-05-10,13378,20230,2,0.1,Standard,Upi,1374.21,45,295.69,Delivered
502423,2025-11-13,12474,20127,1,0.1,Express,Cash On Delivery,4236.15,90,1193.62,Delivered
502424,2025-11-20,10633,20263,1,0.05,Standard,Net Banking,3475.14,45,874.74,Delivered
502425,2024-08-10,14440,20266,1,0.05,Express,Upi,572.97,90,109.97,Delivered
502426,2024-10-25,10020,20287,2,0.15,Standard,Upi,3310.84,45,413.66,Delivered
502427,2025-04-25,10818,20025,5,0.25,Express,Upi,12758.1,115,-534.45,Delivered
502428,2024-01-24,12669,20185,3,0.0,Standard,Upi,7731.78,70,3204.86,Delivered
502429,2024-12-03,10367,20065,3,0.1,Express,Credit Card,5836.35,115,1250.42,Delivered
502430,2024-03-24,11000,20131,1,0.25,Standard,Credit Card,140.03,45,6.93,Delivered
502431,2024-02-29,12659,20235,2,0.1,Standard,Credit Card,9234.77,70,3343.41,Delivered
502432,2024-10-14,14615,20113,3,0.1,Standard,Upi,1141.45,45,410.08,Delivered
502433,2025-09-25,13963,20060,1,0.05,Express,Debit Card,3349.09,90,1088.64,Delivered
502434,2025-05-31,14426,20014,5,0.15,Standard,Upi,36454.88,70,15923.33,Delivered
502435,2024-06-02,12375,20087,1,0.2,Standard,Cash On Delivery,361.94,45,79.39,Delivered
502436,2024-10-07,10335,20014,1,0.3,Standard,Net Banking,6004.33,70,1842.02,Delivered
502437,2025-03-09,12554,20173,1,0.05,Standard,Cash On Delivery,706.02,45,134.54,Delivered
502438,2024-12-07,12511,20002,4,0.05,Express,Net Banking,8797.42,115,2081.86,Delivered
502439,2024-03-26,12051,20244,2,0.15,Express,Upi,725.9,90,149.66,Delivered
502440,2025-08-09,12717,20160,1,0.2,Express,Upi,479.42,90,38.34,Delivered
502441,2024-07-09,12323,20264,4,0.2,Standard,Credit Card,2293.54,45,212.18,Delivered
502442,2024-09-08,11872,20292,1,0.15,Standard,Net Banking,280.3,45,-7.56,Cancelled
502443,2024-03-08,14029,20218,1,0.25,Standard,Credit Card,463.5,45,38.34,Delivered
502444,2024-05-25,11557,20271,1,0.0,Standard,Upi,5434.32,70,1891.02,Cancelled
502445,2025-09-25,12346,20034,1,0.05,Express,Upi,1005.27,90,303.16,Delivered
502446,2025-07-07,12166,20149,5,0.05,Standard,Credit Card,1676.23,45,275.08,Delivered
502447,2025-10-23,10789,20009,2,0.1,Express,Credit Card,1350.56,90,181.48,Delivered
502448,2025-07-27,13981,20040,1,0.15,Standard,Debit Card,832.4,45,227.68,Delivered
502449,2024-09-11,13542,20254,1,0.0,Standard,Upi,453.08,45,178.82,Delivered
502450,2024-05-10,13107,20026,1,0.0,Standard,Debit Card,2173.83,45,808.81,Delivered
502451,2025-01-11,11452,20025,2,0.05,Standard,Credit Card,6464.1,70,1123.08,Cancelled
502452,2025-06-15,12990,20199,1,0.05,Express,Net Banking,729.11,90,177.96,Delivered
502453,2024-07-17,14919,20091,1,0.3,Express,Upi,3852.76,90,84.39,Delivered
502454,2024-08-08,14983,20045,2,0.05,Standard,Net Banking,1678.02,45,425.62,Delivered
502455,2025-02-13,12429,20225,1,0.1,Standard,Cash On Delivery,10107.04,70,2577.03,Delivered
502456,2025-10-04,14304,20277,2,0.0,Standard,Credit Card,12726.14,70,6467.8,Delivered
502457,2024-06-19,10879,20089,2,0.25,Express,Credit Card,932.84,90,9.64,Delivered
502458,2024-05-24,13713,20296,1,0.0,Express,Net Banking,408.54,90,29.55,Delivered
502459,2025-05-02,12390,20175,1,0.2,Express,Upi,204.94,90,-62.07,Delivered
502460,2024-12-19,11613,20061,1,0.05,Standard,Debit Card,1818.28,45,862.35,Delivered
502461,2024-06-29,14823,20270,1,0.2,Standard,Credit Card,695.55,45,40.46,Delivered
502462,2024-06-09,12499,20200,1,0.1,Standard,Credit Card,1564.82,45,181.33,Delivered
502463,2025-04-08,14479,20076,1,0.1,Express,Upi,1568.92,90,285.37,Delivered
502464,2024-02-29,11641,20175,2,0.15,Express,Upi,435.49,90,-8.53,Delivered
502465,2024-08-02,10571,20274,2,0.15,Express,Credit Card,1862.42,90,337.24,Delivered
502466,2025-08-02,13658,20023,1,0.0,Standard,Upi,464.83,45,70.58,Delivered
502467,2024-07-10,13278,20026,1,0.0,Same Day,Upi,2173.83,140,713.81,Delivered
502468,2025-05-02,14580,20230,4,0.1,Express,Debit Card,2748.42,90,591.38,Delivered
502469,2024-08-12,12553,20194,3,0.1,Express,Upi,14047.67,115,1769.65,Delivered
502470,2025-01-26,13834,20130,4,0.2,Standard,Debit Card,1900.86,45,734.18,Delivered
502471,2025-12-09,11709,20150,1,0.05,Same Day,Upi,445.06,140,9.72,Delivered
502472,2024-06-09,13061,20115,1,0.1,Standard,Upi,1004.92,45,414.29,Delivered
502473,2025-03-30,12681,20166,1,0.1,Standard,Credit Card,584.59,45,220.64,Delivered
502474,2024-04-20,13711,20249,1,0.1,Standard,Upi,1696.01,45,200.62,Delivered
502475,2024-02-28,10323,20170,2,0.15,Standard,Credit Card,2475.69,45,558.45,Delivered
502476,2025-06-28,13109,20156,2,0.2,Standard,Upi,3084.82,45,535.3,Delivered
502477,2025-07-06,14562,20063,1,0.05,Standard,Upi,250.51,45,9.22,Delivered
502478,2025-11-03,11429,20273,4,0.1,Express,Upi,5151.53,115,2318.05,Delivered
502479,2024-01-29,11857,20243,1,0.3,Standard,Net Banking,334.05,45,-40.38,Delivered
502480,2024-07-03,14228,20187,3,0.15,Standard,Upi,7465.23,70,568.91,Delivered
502481,2024-08-11,14466,20115,2,0.2,Express,Cash On Delivery,1786.53,90,605.27,Delivered
502482,2024-12-22,12566,20258,2,0.2,Standard,Upi,1077.38,45,339.42,Delivered
502483,2025-05-06,12464,20207,2,0.0,Standard,Upi,1490.94,45,648.22,Delivered
502484,2025-08-20,14440,20108,2,0.1,Same Day,Net Banking,4187.99,140,839.13,Delivered
502485,2025-07-31,13449,20256,1,0.25,Same Day,Debit Card,956.26,140,68.31,Delivered
502486,2024-04-23,11556,20109,2,0.05,Standard,Net Banking,1840.93,45,860.57,Delivered
502487,2025-01-12,10748,20247,1,0.05,Standard,Credit Card,2035.8,45,537.18,Delivered
502488,2024-10-11,12004,20226,1,0.1,Standard,Upi,1398.52,45,308.93,Delivered
502489,2024-04-06,13582,20178,1,0.05,Standard,Upi,492.34,45,188.62,Delivered
502490,2024-05-03,12523,20143,1,0.2,Standard,Credit Card,1614.86,45,477.6,Delivered
502491,2024-06-04,14621,20146,1,0.15,Express,Debit Card,757.81,90,0.97,Delivered
502492,2024-04-19,10550,20077,2,0.2,Standard,Credit Card,2979.06,45,517.26,Delivered
502493,2024-02-22,11935,20038,1,0.1,Standard,Upi,1495.14,45,608.88,Delivered
502494,2024-06-22,10981,20080,2,0.15,Express,Net Banking,4835.51,90,1910.51,Delivered
502495,2025-11-09,10884,20148,2,0.1,Standard,Debit Card,24393.76,70,7717.24,Delivered
502496,2025-08-10,10687,20282,3,0.0,Standard,Upi,2162.25,45,906.6,Delivered
502497,2024-11-09,10624,20121,1,0.15,Standard,Cash On Delivery,926.41,45,388.2,Delivered
502498,2025-12-26,13723,20154,3,0.3,Express,Upi,1460.26,90,-160.79,Delivered
502499,2025-11-24,13555,20274,1,0.1,Standard,Net Banking,1040.76,45,278.17,Delivered
502500,2025-01-24,10193,20172,3,0.05,Express,Upi,3346.24,90,611.59,Delivered
502501,2024-02-14,14945,20135,4,0.05,Standard,Cash On Delivery,10837.37,70,4443.45,Delivered
502502,2025-10-24,10258,20236,1,0.1,Standard,Credit Card,3166.22,45,1369.43,Delivered
502503,2024-04-26,14044,20035,4,0.1,Standard,Upi,8525.66,70,3439.54,Delivered
502504,2024-05-01,12011,20012,3,0.2,Standard,Upi,14753.5,70,2580.0,Delivered
502505,2025-04-26,12594,20239,1,0.2,Standard,Credit Card,435.66,45,98.54,Delivered
502506,2024-06-18,10253,20300,2,0.2,Express,Credit Card,1392.18,90,287.86,Cancelled
502507,2025-11-08,11217,20041,3,0.25,Express,Credit Card,337.5,90,-2.97,Delivered
502508,2025-02-03,10446,20054,1,0.15,Express,Credit Card,2359.92,90,863.14,Delivered
502509,2025-10-22,10472,20129,4,0.15,Standard,Credit Card,12263.87,70,4567.47,Delivered
502510,2025-05-14,12907,20281,1,0.1,Express,Debit Card,1251.34,90,427.82,Delivered
502511,2024-03-14,10001,20249,2,0.0,Standard,Net Banking,3768.92,45,823.14,Delivered
502512,2024-05-28,12672,20271,1,0.1,Express,Cash On Delivery,4890.89,90,1327.59,Delivered
502513,2025-06-20,11178,20075,2,0.1,Express,Net Banking,6130.62,115,2923.14,Delivered
502514,2024-03-01,11947,20173,1,0.1,Standard,Upi,668.86,45,97.38,Delivered
502515,2024-02-23,12842,20045,1,0.1,Standard,Upi,794.85,45,146.15,Delivered
502516,2024-08-10,12786,20170,1,0.1,Standard,Upi,1310.66,45,329.54,Delivered
502517,2025-12-31,10261,20020,1,0.05,Standard,Debit Card,336.74,45,77.64,Delivered
502518,2025-04-17,11567,20245,5,0.05,Same Day,Debit Card,3955.94,140,863.69,Delivered
502519,2024-11-11,12180,20207,3,0.05,Standard,Debit Card,2124.59,45,883.01,Delivered
502520,2024-06-18,11694,20116,1,0.15,Standard,Credit Card,379.0,45,93.7,Delivered
502521,2025-12-01,10392,20167,4,0.25,Standard,Debit Card,3399.18,45,39.22,Delivered
502522,2024-02-01,13754,20285,2,0.05,Standard,Upi,1201.18,45,404.72,Delivered
502523,2024-02-22,14738,20276,2,0.2,Same Day,Debit Card,2762.05,140,39.27,Delivered
502524,2024-05-18,14316,20096,1,0.15,Standard,Upi,1389.83,45,334.88,Delivered
502525,2025-01-08,13624,20012,1,0.05,Standard,Upi,5839.93,70,1735.43,Delivered
502526,2024-02-16,14995,20268,1,0.1,Standard,Credit Card,3179.84,45,1103.89,Delivered
502527,2024-03-30,11265,20053,3,0.1,Standard,Net Banking,3429.78,45,1249.77,Delivered
502528,2024-02-05,11952,20098,1,0.15,Express,Upi,310.73,90,-58.29,Delivered
502529,2024-08-12,11177,20264,1,0.1,Express,Upi,645.06,90,45.97,Delivered
502530,2025-07-07,14414,20280,1,0.15,Express,Cash On Delivery,986.39,90,364.57,Delivered
502531,2024-09-25,11773,20061,1,0.1,Standard,Credit Card,1722.58,45,766.65,Delivered
502532,2024-07-04,14684,20129,2,0.05,Standard,Upi,6853.34,70,2970.14,Delivered
502533,2025-01-05,10551,20089,1,0.0,Standard,Upi,621.89,45,160.29,Delivered
502534,2024-08-22,13271,20078,4,0.05,Standard,Unknown,4929.13,45,1324.37,Delivered
502535,2024-05-01,14201,20228,2,0.15,Standard,Upi,1461.85,45,146.47,Delivered
502536,2025-02-27,11235,20070,1,0.0,Express,Net Banking,2055.91,90,919.5,Delivered
502537,2025-01-23,10667,20173,1,0.15,Express,Net Banking,631.7,90,15.22,Delivered
502538,2024-04-26,14666,20112,2,0.1,Standard,Cash On Delivery,4545.45,45,703.63,Delivered
502539,2025-04-10,14594,20152,1,0.1,Standard,Upi,266.1,45,78.73,Delivered
502540,2025-03-04,11715,20060,1,0.05,Standard,Credit Card,3349.09,45,1133.64,Delivered
502541,2025-03-17,12925,20231,2,0.15,Express,Credit Card,941.77,90,332.47,Delivered
502542,2024-02-08,12704,20274,1,0.3,Standard,Upi,766.88,45,4.29,Delivered
502543,2024-06-10,11435,20105,2,0.1,Standard,Credit Card,10611.13,70,1906.51,Delivered
502544,2025-09-12,12741,20258,1,0.0,Express,Upi,673.36,90,236.88,Delivered
502545,2025-06-09,12771,20233,1,0.0,Standard,Upi,2649.52,45,701.78,Delivered
502546,2024-06-14,13940,20164,2,0.2,Express,Net Banking,1219.74,90,45.64,Delivered
502547,2025-03-20,10979,20291,2,0.15,Express,Upi,1441.8,90,77.38,Delivered
502548,2025-03-18,12517,20198,2,0.2,Express,Net Banking,3178.29,90,807.51,Delivered
502549,2024-11-26,11043,20094,1,0.1,Standard,Upi,2360.69,45,875.47,Delivered
502550,2024-11-30,10270,20115,3,0.15,Standard,Credit Card,2847.28,45,1165.39,Delivered
502551,2024-04-21,13466,20072,2,0.1,Standard,Debit Card,2921.47,45,415.67,Delivered
502552,2025-12-14,14273,20294,2,0.1,Standard,Net Banking,3499.92,45,1624.3,Delivered
502553,2024-05-18,13407,20154,1,0.15,Standard,Debit Card,591.06,45,35.71,Delivered
502554,2024-06-14,11838,20287,3,0.05,Standard,Upi,5550.52,70,1202.25,Delivered
502555,2025-02-17,10728,20254,4,0.15,Standard,Debit Card,1540.47,45,578.43,Delivered
502556,2024-06-17,11561,20180,2,0.15,Express,Upi,4731.52,90,1015.62,Delivered
502557,2024-05-03,10044,20008,1,0.1,Express,Upi,524.12,90,133.61,Delivered
502558,2025-07-03,14693,20189,1,0.05,Express,Upi,1196.82,90,244.43,Delivered
502559,2024-04-07,14118,20035,2,0.1,Standard,Upi,4262.83,45,1709.77,Delivered
502560,2024-02-29,13657,20290,3,0.05,Standard,Upi,13265.7,70,4002.53,Delivered
502561,2024-01-19,14405,20138,1,0.1,Standard,Upi,2144.77,45,574.82,Delivered
502562,2024-05-03,12694,20168,2,0.0,Standard,Debit Card,4429.44,45,1172.38,Delivered
502563,2024-08-13,13372,20108,1,0.1,Standard,Net Banking,2093.99,45,444.56,Delivered
502564,2025-09-03,13580,20140,1,0.1,Standard,Credit Card,846.44,45,168.32,Delivered
502565,2024-11-19,11727,20155,1,0.1,Standard,Debit Card,252.19,45,0.95,Delivered
502566,2024-01-17,10461,20147,1,0.05,Standard,Net Banking,978.02,45,209.38,Delivered
502567,2024-03-20,14801,20218,2,0.25,Standard,Credit Card,927.0,45,121.68,Delivered
502568,2025-08-19,12587,20054,1,0.05,Express,Cash On Delivery,2637.56,90,1140.78,Delivered
502569,2025-03-31,14468,20015,1,0.1,Standard,Credit Card,1230.21,45,520.78,Delivered
502570,2025-06-24,11389,20223,1,0.1,Standard,Debit Card,1178.42,45,399.57,Delivered
502571,2025-10-07,13097,20189,3,0.15,Standard,Upi,3212.52,45,580.35,Delivered
502572,2025-12-06,12976,20221,1,0.1,Standard,Credit Card,1484.62,45,534.66,Cancelled
502573,2025-09-22,10567,20300,3,0.0,Standard,Debit Card,2610.33,45,1043.85,Delivered
502574,2025-01-12,10758,20149,1,0.15,Standard,Credit Card,299.96,45,-16.27,Delivered
502575,2024-07-09,11789,20285,1,0.25,Same Day,Net Banking,474.15,140,-41.58,Delivered
502576,2025-10-26,12131,20107,4,0.2,Express,Upi,1863.58,90,411.02,Delivered
502577,2025-05-05,13763,20271,2,0.1,Standard,Net Banking,9781.78,70,2765.18,Cancelled
502578,2025-02-08,13062,20251,1,0.1,Standard,Net Banking,658.72,45,261.73,Delivered
502579,2024-09-28,12359,20064,1,0.1,Standard,Upi,1874.6,45,780.25,Delivered
502580,2025-10-05,13111,20270,1,0.05,Standard,Upi,825.97,45,170.88,Delivered
502581,2025-03-05,11934,20165,1,0.15,Express,Upi,293.34,90,45.49,Delivered
502582,2025-06-03,11169,20054,1,0.2,Same Day,Credit Card,2221.1,140,674.32,Delivered
502583,2025-10-07,13244,20128,1,0.05,Express,Upi,1432.02,90,582.0,Delivered
502584,2025-01-18,14398,20187,2,0.25,Standard,Upi,4391.31,45,-204.57,Delivered
502585,2024-07-10,11725,20213,2,0.1,Express,Net Banking,5579.59,115,1075.05,Delivered
502586,2025-08-25,10934,20180,1,0.05,Same Day,Upi,2644.09,140,691.14,Delivered
502587,2025-03-10,14803,20295,1,0.0,Standard,Debit Card,2377.5,45,602.86,Delivered
502588,2024-03-03,10287,20147,1,0.05,Standard,Credit Card,978.02,45,209.38,Delivered
502589,2024-08-03,11285,20184,1,0.1,Standard,Net Banking,737.05,45,132.77,Delivered
502590,2024-05-13,12038,20164,3,0.1,Standard,Credit Card,2058.32,45,387.17,Delivered
502591,2025-09-10,14966,20180,1,0.05,Standard,Cash On Delivery,2644.09,45,786.14,Delivered
502592,2024-06-09,14841,20300,1,0.05,Express,Credit Card,826.6,90,229.44,Delivered
502593,2024-09-14,12496,20097,3,0.15,Express,Debit Card,1265.72,90,229.85,Delivered
502594,2025-02-28,12816,20168,2,0.15,Standard,Cash On Delivery,3765.02,45,507.96,Delivered
502595,2025-06-11,14195,20181,4,0.0,Standard,Debit Card,7707.84,70,2193.2,Delivered
502596,2024-12-23,11816,20300,2,0.15,Standard,Debit Card,1479.19,45,419.87,Delivered
502597,2025-01-09,10217,20236,2,0.25,Standard,Upi,5277.03,70,1703.45,Delivered
502598,2025-07-24,12979,20094,4,0.0,Standard,Upi,10491.96,70,4661.08,Delivered
502599,2024-01-09,12651,20223,2,0.15,Standard,Upi,2225.9,45,713.2,Delivered
502600,2024-07-15,11011,20300,1,0.1,Standard,Credit Card,783.1,45,230.94,Delivered
502601,2024-04-26,11206,20111,1,0.05,Standard,Net Banking,1235.84,45,558.02,Delivered
502602,2024-01-10,12643,20263,1,0.2,Standard,Upi,2926.43,45,326.03,Delivered
502603,2025-06-02,13231,20298,2,0.0,Standard,Upi,3046.26,45,1317.22,Delivered
502604,2024-12-14,13307,20062,2,0.25,Express,Credit Card,513.12,90,-50.38,Delivered
502605,2025-12-06,13251,20229,1,0.15,Same Day,Upi,5180.51,165,856.03,Delivered
502606,2025-02-07,13458,20239,2,0.1,Express,Credit Card,980.24,90,306.0,Delivered
502607,2025-09-26,14626,20258,1,0.15,Standard,Cash On Delivery,572.36,45,180.88,Delivered
502608,2025-07-28,13616,20214,3,0.25,Express,Debit Card,3981.74,90,1347.41,Delivered
502609,2024-01-04,14167,20077,2,0.2,Standard,Debit Card,2979.06,45,517.26,Delivered
502610,2024-11-23,11004,20046,3,0.1,Express,Credit Card,11402.15,115,1894.66,Delivered
502611,2025-05-26,11716,20244,1,0.05,Standard,Debit Card,405.65,45,117.53,Delivered
502612,2024-05-09,12069,20038,2,0.1,Standard,Debit Card,2990.29,45,1262.77,Cancelled
502613,2025-08-09,13883,20095,2,0.2,Express,Upi,1846.75,90,-3.89,Delivered
502614,2025-04-28,13892,20141,1,0.2,Standard,Net Banking,981.46,45,84.21,Delivered
502615,2024-12-23,14111,20060,1,0.1,Express,Net Banking,3172.82,90,912.37,Delivered
502616,2025-01-19,12105,20055,1,0.1,Standard,Upi,2536.74,45,310.34,Delivered
502617,2024-09-10,12241,20107,1,0.15,Standard,Net Banking,495.01,45,109.37,Delivered
502618,2024-06-15,10994,20287,1,0.1,Standard,Credit Card,1752.8,45,281.71,Delivered
502619,2025-12-13,13911,20213,1,0.0,Standard,Upi,3099.77,45,860.0,Delivered
502620,2025-11-10,11888,20086,2,0.15,Standard,Debit Card,552.35,45,68.47,Delivered
502621,2025-04-13,11177,20182,3,0.15,Standard,Net Banking,2855.18,45,687.2,Delivered
502622,2025-05-07,13020,20181,1,0.05,Standard,Credit Card,1830.61,45,424.45,Delivered
502623,2024-12-03,11857,20165,1,0.2,Standard,Debit Card,276.09,45,73.24,Delivered
502624,2024-02-20,13463,20096,1,0.2,Standard,Net Banking,1308.07,45,253.12,Delivered
502625,2024-02-25,11377,20003,2,0.05,Standard,Net Banking,973.26,45,242.78,Delivered
502626,2024-03-13,10572,20205,1,0.05,Express,Upi,12880.4,115,2641.24,Delivered
502627,2025-08-22,14162,20242,2,0.05,Express,Debit Card,7791.92,115,2151.08,Delivered
502628,2024-02-21,12214,20298,4,0.1,Express,Debit Card,5483.27,115,2000.19,Delivered
502629,2024-05-04,11516,20183,1,0.05,Standard,Debit Card,1228.38,45,576.1,Delivered
502630,2024-09-18,13725,20166,1,0.15,Standard,Credit Card,552.11,45,188.16,Cancelled
502631,2025-07-28,14660,20152,1,0.1,Standard,Upi,266.1,45,78.73,Delivered
502632,2025-07-01,10467,20266,2,0.15,Standard,Credit Card,1025.32,45,234.32,Delivered
502633,2025-06-04,13335,20140,1,0.05,Express,Debit Card,893.47,90,170.35,Delivered
502634,2024-11-25,10427,20244,1,0.15,Standard,Net Banking,362.95,45,74.83,Delivered
502635,2024-11-18,10836,20238,1,0.2,Express,Net Banking,508.38,90,-30.19,Delivered
502636,2024-08-28,10082,20211,1,0.1,Express,Upi,637.45,90,36.71,Delivered
502637,2024-10-11,10183,20117,4,0.15,Standard,Debit Card,1293.87,45,360.95,Delivered
502638,2025-08-24,13019,20010,2,0.25,Same Day,Upi,1457.78,140,107.7,Delivered
502639,2024-09-20,11206,20071,1,0.2,Standard,Upi,1635.17,45,352.68,Delivered
502640,2024-10-25,13968,20119,1,0.05,Standard,Debit Card,3084.81,45,1578.51,Delivered
502641,2024-07-23,14299,20119,2,0.2,Standard,Upi,5195.47,70,2202.87,Delivered
502642,2024-10-17,13239,20127,3,0.3,Same Day,Upi,9884.34,165,861.75,Delivered
502643,2024-07-29,12747,20260,2,0.15,Standard,Debit Card,2104.67,45,283.45,Delivered
502644,2024-12-31,13519,20228,3,0.05,Standard,Upi,2450.74,45,500.17,Delivered
502645,2025-04-08,14653,20086,1,0.15,Standard,Credit Card,276.17,45,11.73,Delivered
502646,2025-12-19,13447,20266,1,0.15,Standard,Net Banking,512.66,45,94.66,Delivered
502647,2024-11-17,11587,20215,4,0.05,Same Day,Upi,2153.88,140,933.88,Delivered
502648,2024-12-23,14005,20240,1,0.1,Standard,Debit Card,943.06,45,271.26,Delivered
502649,2024-04-03,12382,20249,1,0.25,Standard,Upi,1413.34,45,-82.05,Delivered
502650,2025-12-11,10048,20057,2,0.05,Standard,Debit Card,3106.8,45,615.16,Delivered
502651,2024-06-17,14009,20165,1,0.2,Standard,Net Banking,276.09,45,73.24,Delivered
502652,2024-10-23,13116,20196,1,0.15,Standard,Credit Card,915.53,45,134.83,Delivered
502653,2025-05-30,12365,20239,3,0.15,Standard,Credit Card,1388.68,45,467.32,Delivered
502654,2024-04-07,12420,20279,1,0.05,Standard,Net Banking,1511.91,45,704.24,Delivered
502655,2025-12-05,14823,20070,2,0.15,Standard,Debit Card,3495.05,45,1357.23,Delivered
502656,2024-12-15,10893,20263,2,0.15,Standard,Credit Card,6218.67,70,1037.87,Delivered
502657,2025-08-01,11853,20019,4,0.1,Same Day,Debit Card,1846.58,140,547.7,Delivered
502658,2025-10-11,10588,20238,1,0.1,Express,Upi,571.92,90,33.35,Delivered
502659,2025-02-04,14519,20240,1,0.05,Standard,Cash On Delivery,995.45,45,323.65,Delivered
502660,2025-03-26,13847,20070,1,0.05,Same Day,Upi,1953.11,140,766.7,Delivered
502661,2025-04-19,12775,20198,1,0.15,Express,Upi,1688.47,90,458.08,Delivered
502662,2025-02-22,13318,20262,1,0.05,Standard,Net Banking,2016.37,45,365.25,Delivered
502663,2024-01-04,14341,20194,3,0.05,Express,Upi,14828.09,115,2550.07,Delivered
502664,2024-11-19,12740,20132,1,0.2,Standard,Upi,400.56,45,127.97,Delivered
502665,2025-01-03,11874,20070,1,0.0,Standard,Credit Card,2055.91,45,964.5,Cancelled
502666,2025-09-05,10667,20255,2,0.05,Standard,Debit Card,1561.82,45,595.74,Delivered
502667,2025-01-29,11826,20185,2,0.0,Express,Upi,5154.52,115,2068.24,Delivered
502668,2025-07-09,10819,20234,2,0.25,Same Day,Net Banking,12226.58,165,3472.42,Delivered
502669,2024-04-28,13983,20230,1,0.0,Standard,Credit Card,763.45,45,201.69,Delivered
502670,2025-11-30,13757,20142,4,0.0,Standard,Upi,2672.92,45,909.36,Delivered
502671,2024-07-08,13567,20111,4,0.15,Express,Credit Card,4422.99,90,1801.71,Delivered
502672,2025-09-13,11349,20083,2,0.15,Standard,Upi,1664.42,45,637.26,Delivered
502673,2025-02-19,12358,20243,1,0.05,Standard,Upi,453.35,45,78.92,Delivered
502674,2024-04-15,14611,20007,1,0.1,Standard,Credit Card,6664.01,70,1793.78,Delivered
502675,2024-06-13,14721,20061,2,0.05,Standard,Debit Card,3636.56,45,1769.7,Delivered
502676,2025-09-29,13543,20213,1,0.15,Same Day,Upi,2634.8,140,300.03,Delivered
502677,2024-12-11,12747,20183,3,0.1,Standard,Cash On Delivery,3491.18,45,1624.34,Delivered
502678,2024-04-07,11304,20239,2,0.1,Express,Credit Card,980.24,90,306.0,Delivered
502679,2025-04-30,13078,20053,2,0.15,Standard,Credit Card,2286.52,45,818.18,Delivered
502680,2024-11-26,12892,20220,1,0.1,Standard,Credit Card,4156.88,45,1184.42,Delivered
502681,2025-01-04,11687,20083,2,0.15,Express,Net Banking,1664.42,90,592.26,Delivered
502682,2025-03-17,10291,20172,1,0.1,Standard,Upi,1056.71,45,130.16,Delivered
502683,2024-04-29,14958,20028,1,0.15,Same Day,Net Banking,6308.21,165,463.41,Delivered
502684,2024-10-25,12002,20177,1,0.0,Express,Credit Card,1063.62,90,181.22,Delivered
502685,2024-05-22,10135,20155,1,0.3,Standard,Credit Card,196.15,45,-55.09,Delivered
502686,2025-12-07,11867,20249,1,0.0,Standard,Net Banking,1884.46,45,389.07,Delivered
502687,2025-10-03,14401,20207,2,0.15,Standard,Credit Card,1267.3,45,424.58,Delivered
502688,2025-09-07,14816,20244,1,0.0,Express,Credit Card,427.0,90,93.88,Delivered
502689,2024-04-02,10476,20167,1,0.1,Standard,Net Banking,1019.75,45,146.01,Delivered
502690,2024-10-23,13352,20214,1,0.0,Standard,Cash On Delivery,1769.66,45,876.55,Delivered
502691,2025-03-22,11451,20084,2,0.0,Express,Debit Card,3183.36,90,903.82,Delivered
502692,2025-04-24,14988,20027,2,0.05,Same Day,Cash On Delivery,1890.2,140,799.48,Delivered
502693,2025-12-12,12271,20035,2,0.05,Standard,Net Banking,4499.66,45,1946.6,Delivered
502694,2024-09-14,13675,20069,5,0.05,Express,Net Banking,9539.38,115,4817.58,Delivered
502695,2025-06-05,12028,20194,1,0.1,Express,Upi,4682.56,90,538.22,Delivered
502696,2025-11-13,10828,20297,1,0.2,Express,Cash On Delivery,248.82,90,-73.76,Delivered
502697,2025-01-09,11344,20050,1,0.25,Express,Upi,1482.16,90,383.16,Delivered
502698,2025-03-02,14295,20045,1,0.05,Same Day,Credit Card,839.01,140,95.31,Delivered
502699,2024-04-10,10439,20276,1,0.2,Standard,Upi,1381.02,45,44.63,Delivered
502700,2025-09-13,12532,20120,2,0.25,Standard,Credit Card,3658.32,45,-12.1,Delivered
502701,2024-08-31,14610,20292,3,0.05,Express,Debit Card,939.84,90,121.26,Delivered
502702,2024-01-23,13445,20200,2,0.25,Standard,Upi,2608.04,45,-113.94,Delivered
502703,2024-12-19,11371,20091,1,0.1,Standard,Upi,4953.55,45,1230.18,Cancelled
502704,2025-04-10,10486,20152,3,0.1,Standard,Credit Card,798.31,45,326.2,Delivered
502705,2024-08-12,13426,20164,1,0.1,Standard,Upi,686.11,45,99.06,Delivered
502706,2025-03-19,13802,20133,1,0.15,Express,Upi,1228.4,90,382.92,Delivered
502707,2024-09-25,10212,20212,1,0.05,Standard,Debit Card,969.91,45,198.48,Delivered
502708,2025-06-16,14615,20181,4,0.05,Standard,Upi,7322.45,70,1807.81,Delivered
502709,2024-11-09,10183,20256,1,0.15,Express,Credit Card,1083.77,90,245.82,Delivered
502710,2024-04-29,14354,20098,4,0.1,Standard,Debit Card,1316.05,45,154.97,Delivered
502711,2025-04-25,10586,20124,2,0.0,Express,Upi,3734.32,90,1318.28,Delivered
502712,2024-04-29,14239,20178,1,0.2,Standard,Net Banking,414.6,45,110.88,Delivered
502713,2025-12-10,13357,20241,1,0.05,Standard,Upi,203.74,45,51.5,Delivered
502714,2024-05-15,10593,20226,2,0.15,Standard,Upi,2641.65,45,507.47,Delivered
502715,2024-03-17,10729,20163,2,0.1,Standard,Credit Card,5178.31,70,854.65,Delivered
502716,2024-12-19,11552,20294,1,0.1,Standard,Upi,1749.96,45,789.65,Delivered
502717,2024-02-27,11334,20155,3,0.2,Standard,Net Banking,672.5,45,8.78,Delivered
502718,2024-03-26,10632,20248,1,0.2,Standard,Cash On Delivery,402.42,45,9.88,Delivered
502719,2024-01-01,11287,20193,1,0.1,Standard,Upi,588.81,45,107.53,Delivered
502720,2024-03-17,14156,20073,2,0.1,Standard,Upi,1657.64,45,575.9,Delivered
502721,2025-06-05,14618,20259,2,0.15,Standard,Net Banking,2351.25,45,174.41,Delivered
502722,2025-03-19,10309,20230,1,0.0,Express,Cash On Delivery,763.45,90,156.69,Delivered
502723,2025-08-03,10971,20100,3,0.1,Express,Debit Card,3337.2,90,406.53,Delivered
502724,2024-05-27,11406,20226,4,0.15,Express,Cash On Delivery,5283.29,115,989.93,Delivered
502725,2025-07-27,12375,20030,2,0.15,Standard,Upi,885.0,45,104.82,Delivered
502726,2025-06-08,12002,20223,2,0.15,Express,Net Banking,2225.9,90,668.2,Delivered
502727,2024-07-04,13330,20222,1,0.05,Standard,Credit Card,356.82,45,82.59,Delivered
502728,2025-11-07,11108,20016,1,0.15,Standard,Credit Card,2423.32,45,301.48,Delivered
502729,2025-06-05,13989,20285,1,0.0,Standard,Credit Card,632.2,45,211.47,Cancelled
502730,2024-06-10,14858,20206,1,0.15,Standard,Upi,886.81,45,273.77,Delivered
502731,2024-10-16,14336,20216,4,0.15,Standard,Credit Card,21270.98,70,7406.54,Delivered
502732,2025-02-24,13795,20100,2,0.15,Express,Credit Card,2101.2,90,117.42,Delivered
502733,2024-07-14,14321,20024,2,0.15,Standard,Debit Card,3887.8,45,624.34,Delivered
502734,2024-02-03,14375,20263,2,0.15,Standard,Credit Card,6218.67,70,1037.87,Delivered
502735,2025-11-02,13885,20101,3,0.1,Express,Credit Card,5185.73,115,2275.63,Delivered
502736,2025-08-19,10632,20046,1,0.1,Standard,Upi,3800.72,45,624.89,Delivered
502737,2025-07-23,10402,20240,3,0.1,Express,Net Banking,2829.17,90,858.77,Delivered
502738,2025-02-11,12094,20102,2,0.05,Standard,Credit Card,9569.18,70,2152.16,Delivered
502739,2024-10-23,10564,20153,2,0.1,Standard,Net Banking,3372.89,45,968.97,Delivered
502740,2025-06-20,13072,20043,1,0.2,Standard,Net Banking,422.95,45,45.38,Delivered
502741,2024-02-05,10389,20055,1,0.05,Same Day,Debit Card,2677.67,140,356.27,Delivered
502742,2024-09-20,14563,20156,1,0.1,Standard,Upi,1735.21,45,437.95,Delivered
502743,2025-01-16,11079,20297,1,0.15,Standard,Credit Card,264.37,45,-13.21,Delivered
502744,2024-04-23,10207,20034,3,0.15,Standard,Upi,2698.36,45,817.03,Delivered
502745,2025-09-08,14647,20238,1,0.0,Standard,Upi,635.47,45,141.9,Delivered
502746,2025-08-27,14077,20180,2,0.15,Standard,Credit Card,4731.52,45,1060.62,Delivered
502747,2025-08-23,10708,20154,1,0.05,Standard,Credit Card,660.59,45,105.24,Cancelled
502748,2025-03-18,10092,20205,1,0.15,Standard,Debit Card,11524.57,70,1330.41,Delivered
502749,2024-06-11,12816,20268,1,0.05,Standard,Upi,3356.5,45,1280.55,Delivered
502750,2024-02-07,12180,20022,2,0.15,Standard,Credit Card,11416.67,70,3054.01,Delivered
502751,2024-04-01,11655,20006,3,0.25,Standard,Credit Card,1299.94,45,324.4,Delivered
502752,2025-09-22,11313,20036,1,0.05,Express,Credit Card,2220.24,90,904.03,Delivered
502753,2025-12-23,14554,20126,1,0.0,Standard,Net Banking,4897.26,45,1666.93,Delivered
502754,2025-11-02,14030,20229,2,0.0,Standard,Debit Card,12189.44,70,3800.48,Delivered
502755,2024-04-10,10899,20187,1,0.25,Standard,Net Banking,2195.65,45,-124.79,Delivered
502756,2025-05-21,13173,20059,2,0.1,Standard,Net Banking,10595.36,70,2045.98,Delivered
502757,2024-06-27,11210,20068,1,0.1,Express,Upi,474.79,90,23.1,Delivered
502758,2024-10-10,11868,20120,1,0.05,Standard,Upi,2316.94,45,459.23,Delivered
502759,2024-12-20,12240,20245,1,0.3,Standard,Upi,582.98,45,-52.47,Delivered
502760,2024-10-23,12628,20068,1,0.05,Standard,Credit Card,501.17,45,94.48,Delivered
502761,2025-06-18,13385,20154,1,0.15,Standard,Credit Card,591.06,45,35.71,Delivered
502762,2025-05-02,14264,20297,1,0.1,Same Day,Cash On Delivery,279.92,140,-92.66,Delivered
502763,2024-10-05,12786,20203,2,0.0,Standard,Credit Card,3686.52,45,1391.08,Delivered
502764,2025-06-27,11198,20133,2,0.3,Standard,Upi,2023.25,45,467.29,Delivered
502765,2025-10-11,11992,20116,1,0.1,Standard,Upi,401.29,45,115.99,Delivered
502766,2025-08-15,14504,20093,2,0.05,Standard,Upi,1352.08,45,485.04,Delivered
502767,2024-12-20,10501,20102,4,0.15,Same Day,Net Banking,17123.79,165,2264.75,Delivered
502768,2024-11-14,11162,20275,2,0.1,Express,Debit Card,5207.11,115,2015.61,Delivered
502769,2024-07-13,10099,20118,1,0.15,Standard,Debit Card,1025.63,45,243.72,Delivered
502770,2024-04-02,10341,20065,1,0.05,Standard,Upi,2053.53,45,518.22,Delivered
502771,2025-03-08,12295,20069,3,0.25,Same Day,Credit Card,4518.65,140,1614.57,Delivered
502772,2025-07-11,10615,20215,1,0.0,Standard,Net Banking,566.81,45,251.81,Delivered
502773,2024-01-27,12431,20147,1,0.0,Same Day,Debit Card,1029.5,140,165.86,Delivered
502774,2025-02-18,14048,20066,2,0.2,Standard,Debit Card,1001.82,45,209.38,Delivered
502775,2024-06-10,14571,20176,3,0.1,Express,Upi,690.34,90,229.57,Delivered
502776,2024-04-10,12444,20066,2,0.1,Express,Debit Card,1127.05,90,289.61,Delivered
502777,2025-11-29,12487,20201,1,0.05,Standard,Debit Card,567.9,45,247.52,Delivered
502778,2025-04-17,12669,20018,1,0.0,Standard,Debit Card,2499.43,45,1297.21,Delivered
502779,2025-12-06,10210,20295,3,0.05,Same Day,Debit Card,6775.88,165,1421.96,Delivered
502780,2024-06-06,11421,20127,1,0.2,Standard,Debit Card,3765.46,45,767.93,Cancelled
502781,2025-05-06,10786,20201,5,0.05,Standard,Net Banking,2839.5,45,1417.6,Delivered
502782,2024-01-09,13799,20051,1,0.3,Standard,Debit Card,1026.73,45,301.72,Delivered
502783,2024-07-30,13290,20127,3,0.2,Standard,Debit Card,11296.39,70,2368.8,Delivered
502784,2025-03-14,13236,20151,1,0.0,Standard,Credit Card,4247.66,45,1830.7,Delivered
502785,2025-11-09,13335,20161,4,0.1,Express,Upi,9423.18,115,2951.06,Delivered
502786,2024-04-20,13222,20188,1,0.1,Standard,Upi,2527.92,45,671.72,Delivered
502787,2024-07-21,14413,20230,1,0.1,Express,Debit Card,687.1,90,80.34,Delivered
502788,2024-03-05,10037,20098,2,0.1,Standard,Cash On Delivery,658.03,45,54.99,Delivered
502789,2025-12-15,11818,20181,1,0.2,Express,Upi,1541.57,90,90.41,Delivered
502790,2024-06-09,11844,20205,1,0.15,Standard,Upi,11524.57,70,1330.41,Delivered
502791,2025-02-17,12222,20082,3,0.05,Express,Credit Card,5830.56,115,936.92,Delivered
502792,2025-10-06,13983,20033,1,0.1,Standard,Net Banking,980.5,45,108.05,Delivered
502793,2025-11-20,14268,20238,2,0.1,Same Day,Upi,1143.85,140,106.71,Delivered
502794,2025-12-05,13170,20081,1,0.05,Standard,Net Banking,647.82,45,237.09,Delivered
502795,2024-09-22,14905,20002,1,0.15,Same Day,Upi,1967.84,140,177.7,Delivered
502796,2025-07-25,14719,20090,2,0.15,Express,Credit Card,1762.68,90,612.04,Delivered
502797,2024-07-23,13219,20126,1,0.0,Standard,Debit Card,4897.26,45,1666.93,Delivered
502798,2025-10-28,12386,20021,2,0.0,Standard,Credit Card,24761.2,70,8895.62,Delivered
502799,2025-08-06,11435,20005,1,0.0,Standard,Credit Card,421.95,45,144.27,Delivered
502800,2024-06-04,14005,20284,2,0.15,Standard,Credit Card,557.14,45,188.7,Delivered
502801,2024-06-21,12985,20197,1,0.3,Standard,Cash On Delivery,2124.29,45,-85.26,Delivered
502802,2024-11-03,10219,20254,2,0.2,Express,Upi,724.93,90,176.41,Delivered
502803,2025-03-25,14466,20250,1,0.1,Standard,Net Banking,2482.72,45,984.87,Delivered
502804,2024-03-02,11009,20083,1,0.05,Express,Upi,930.12,90,349.04,Delivered
502805,2025-01-07,11433,20236,1,0.15,Standard,Credit Card,2990.32,45,1193.53,Delivered
502806,2025-04-04,11775,20168,1,0.1,Same Day,Cash On Delivery,1993.25,140,247.22,Delivered
502807,2025-04-19,10418,20006,3,0.0,Standard,Upi,1733.25,45,757.71,Delivered
502808,2025-01-15,12670,20142,4,0.1,Standard,Credit Card,2405.63,45,642.07,Delivered
502809,2025-12-17,11139,20125,1,0.1,Standard,Credit Card,776.77,45,284.07,Delivered
502810,2025-07-25,10440,20167,2,0.0,Express,Debit Card,2266.12,90,518.64,Delivered
502811,2024-03-26,11096,20169,3,0.15,Standard,Upi,3107.99,45,948.44,Delivered
502812,2024-05-22,11528,20024,1,0.1,Standard,Net Banking,2058.25,45,404.02,Delivered
502813,2024-01-07,10831,20171,4,0.1,Standard,Upi,20414.81,70,3356.77,Delivered
502814,2024-10-21,14094,20109,3,0.1,Standard,Cash On Delivery,2616.06,45,1168.02,Delivered
502815,2025-11-21,10549,20210,2,0.0,Express,Net Banking,1339.92,90,356.18,Delivered
502816,2025-06-02,12861,20095,4,0.05,Express,Upi,4386.04,90,774.76,Delivered
502817,2025-10-13,11511,20202,1,0.1,Standard,Debit Card,489.17,45,139.45,Delivered
502818,2025-06-09,13990,20285,3,0.05,Express,Upi,1801.77,90,584.58,Delivered
502819,2024-02-03,12856,20002,5,0.05,Same Day,Net Banking,10996.77,165,2581.07,Delivered
502820,2024-11-24,12132,20286,1,0.1,Express,Credit Card,2191.97,90,841.81,Delivered
502821,2025-08-31,13677,20231,1,0.1,Express,Upi,498.58,90,148.93,Delivered
502822,2025-09-29,14837,20254,1,0.1,Express,Upi,407.77,90,88.51,Delivered
502823,2024-02-03,14670,20111,1,0.1,Express,Upi,1170.79,90,447.97,Delivered
502824,2025-02-09,11510,20074,3,0.0,Standard,Upi,2975.49,45,974.01,Delivered
502825,2024-01-18,10773,20076,2,0.0,Standard,Cash On Delivery,3486.48,45,1054.38,Delivered
502826,2025-03-05,13673,20212,1,0.05,Standard,Upi,969.91,45,198.48,Delivered
502827,2025-03-03,13089,20118,2,0.2,Express,Upi,1930.59,90,366.77,Delivered
502828,2024-10-19,13400,20233,1,0.0,Standard,Credit Card,2649.52,45,701.78,Delivered
502829,2025-08-02,12466,20187,3,0.15,Standard,Credit Card,7465.23,70,568.91,Delivered
502830,2024-03-20,12586,20275,3,0.2,Standard,Upi,6942.82,70,2258.07,Delivered
502831,2024-03-26,11779,20151,3,0.0,Express,Credit Card,12742.98,115,5512.1,Delivered
502832,2025-07-25,12020,20211,2,0.15,Standard,Debit Card,1204.08,45,137.6,Delivered
502833,2024-02-17,14349,20289,3,0.15,Standard,Upi,4461.2,45,1437.92,Delivered
502834,2025-11-21,10589,20207,2,0.2,Standard,Credit Card,1192.75,45,350.03,Cancelled
502835,2024-03-24,12362,20090,2,0.0,Standard,Net Banking,2073.74,45,968.1,Delivered
502836,2025-08-29,12267,20146,2,0.1,Standard,Upi,1604.77,45,226.09,Delivered
502837,2024-11-03,12035,20065,1,0.05,Standard,Upi,2053.53,45,518.22,Delivered
502838,2024-09-08,11502,20086,2,0.2,Express,Debit Card,519.86,90,-9.02,Delivered
502839,2025-04-25,13729,20292,2,0.1,Standard,Debit Card,593.59,45,62.87,Delivered
502840,2024-06-28,13577,20161,3,0.1,Standard,Upi,7067.38,70,2229.54,Cancelled
502841,2025-08-18,14483,20231,3,0.05,Standard,Credit Card,1578.84,45,754.89,Delivered
502842,2024-11-05,12458,20142,1,0.05,Standard,Upi,634.82,45,160.18,Delivered
502843,2025-03-01,11282,20239,1,0.3,Standard,Cash On Delivery,381.21,45,44.09,Delivered
502844,2025-04-30,11265,20293,1,0.0,Standard,Debit Card,2110.25,45,492.24,Delivered
502845,2025-10-23,14114,20237,1,0.0,Express,Upi,647.68,90,224.51,Delivered
502846,2024-02-08,14336,20133,1,0.05,Standard,Debit Card,1372.92,45,572.44,Delivered
502847,2024-10-05,13485,20189,4,0.1,Standard,Upi,4535.32,45,1040.76,Delivered
502848,2025-09-16,10196,20214,1,0.1,Express,Upi,1592.69,90,654.58,Delivered
502849,2025-01-10,11738,20143,3,0.05,Express,Upi,5752.95,115,2361.17,Delivered
502850,2025-09-30,12352,20293,1,0.25,Standard,Cash On Delivery,1582.69,45,-35.32,Delivered
502851,2024-02-10,11235,20283,3,0.2,Standard,Credit Card,3248.4,45,536.64,Delivered
502852,2025-10-31,14899,20112,4,0.1,Express,Upi,9090.9,115,1382.26,Delivered
502853,2025-12-18,11576,20257,3,0.15,Standard,Upi,881.36,45,60.53,Delivered
502854,2024-02-16,12875,20200,1,0.05,Standard,Upi,1651.76,45,268.27,Delivered
502855,2025-04-28,14692,20225,1,0.2,Standard,Net Banking,8984.03,70,1454.02,Delivered
502856,2024-07-03,12131,20285,4,0.1,Standard,Credit Card,2275.92,45,728.0,Delivered
502857,2024-03-12,12437,20159,1,0.05,Standard,Upi,7339.04,70,1849.69,Delivered
502858,2025-07-22,13561,20294,1,0.2,Express,Credit Card,1555.52,90,550.21,Cancelled
502859,2025-07-27,12255,20008,1,0.1,Express,Upi,524.12,90,133.61,Delivered
502860,2024-12-07,13997,20095,1,0.15,Standard,Credit Card,981.09,45,55.77,Delivered
502861,2025-07-22,13188,20165,2,0.25,Same Day,Cash On Delivery,517.66,140,61.96,Delivered
502862,2024-08-30,12218,20207,2,0.1,Standard,Cash On Delivery,1341.85,45,499.13,Delivered
502863,2024-11-23,11749,20182,1,0.05,Standard,Cash On Delivery,1063.7,45,311.04,Delivered
502864,2025-09-27,13986,20096,1,0.1,Same Day,Upi,1471.58,140,321.63,Delivered
502865,2024-06-01,13800,20282,5,0.2,Standard,Upi,2883.0,45,820.25,Delivered
502866,2024-09-11,11882,20113,1,0.2,Standard,Net Banking,338.21,45,64.42,Delivered
502867,2025-12-29,13544,20267,1,0.15,Standard,Upi,499.23,45,9.2,Delivered
502868,2025-02-27,13020,20023,1,0.05,Standard,Upi,441.59,45,47.34,Delivered
502869,2024-08-19,10381,20289,1,0.05,Standard,Debit Card,1662.02,45,624.26,Delivered
502870,2025-06-12,12163,20113,1,0.15,Standard,Credit Card,359.35,45,85.56,Delivered
502871,2025-08-14,11659,20132,5,0.05,Express,Net Banking,2378.32,90,1150.37,Delivered
502872,2025-05-10,13109,20012,3,0.15,Express,Upi,15675.59,115,3457.09,Delivered
502873,2024-06-24,12650,20234,1,0.15,Standard,Credit Card,6928.39,70,2563.81,Delivered
502874,2025-07-04,10029,20239,1,0.1,Standard,Net Banking,490.12,45,153.0,Delivered
502875,2024-05-22,12566,20103,2,0.3,Standard,Upi,1355.1,45,224.68,Delivered
502876,2024-01-17,13516,20170,3,0.2,Standard,Credit Card,3495.1,45,641.74,Delivered
502877,2024-09-05,10028,20185,1,0.05,Standard,Debit Card,2448.4,45,917.76,Delivered
502878,2024-02-04,11473,20066,1,0.15,Standard,Debit Card,532.22,45,113.5,Delivered
502879,2024-05-25,12487,20135,2,0.2,Standard,Credit Card,4563.1,45,1356.14,Delivered
502880,2025-12-27,12125,20125,1,0.2,Express,Debit Card,690.46,90,152.76,Delivered
502881,2024-06-13,10587,20057,1,0.1,Standard,Debit Card,1471.64,45,203.32,Delivered
502882,2024-04-20,13623,20278,1,0.2,Express,Net Banking,5615.75,115,388.92,Delivered
502883,2025-10-08,14330,20182,1,0.2,Standard,Cash On Delivery,895.74,45,143.08,Delivered
502884,2024-03-14,13471,20148,1,0.1,Express,Debit Card,12196.88,115,3778.62,Delivered
502885,2025-10-29,13526,20261,3,0.1,Standard,Net Banking,405.0,45,26.61,Delivered
502886,2025-12-27,13715,20014,2,0.15,Standard,Upi,14581.95,70,6327.33,Delivered
502887,2024-12-19,14580,20114,1,0.05,Standard,Upi,393.31,45,83.37,Delivered
502888,2024-09-30,12683,20027,1,0.15,Standard,Credit Card,845.61,45,325.25,Delivered
502889,2024-10-05,12806,20260,1,0.2,Standard,Upi,990.43,45,57.32,Delivered
502890,2025-10-21,11897,20219,2,0.1,Same Day,Upi,6174.52,165,2028.48,Delivered
502891,2024-01-31,13236,20220,1,0.15,Standard,Net Banking,3925.95,45,953.49,Delivered
502892,2025-06-09,10391,20170,4,0.1,Standard,Upi,5242.64,70,1428.16,Delivered
502893,2025-06-18,11944,20080,1,0.1,Same Day,Debit Card,2559.98,140,1002.48,Delivered
502894,2025-05-24,12370,20275,2,0.1,Standard,Upi,5207.11,70,2060.61,Delivered
502895,2025-05-28,13667,20116,1,0.05,Standard,Credit Card,423.59,45,138.29,Delivered
502896,2024-06-26,10004,20094,3,0.15,Standard,Credit Card,6688.62,70,2297.96,Delivered
502897,2024-11-24,13793,20069,1,0.1,Express,Net Banking,1807.46,90,796.1,Delivered
502898,2025-07-24,14105,20287,1,0.0,Standard,Credit Card,1947.55,45,476.46,Delivered
502899,2025-11-18,11413,20171,1,0.1,Standard,Net Banking,5103.7,70,786.69,Delivered
502900,2024-06-20,12748,20095,1,0.05,Standard,Credit Card,1096.51,45,171.19,Delivered
502901,2025-01-30,10452,20149,1,0.2,Express,Debit Card,282.31,90,-78.92,Delivered
502902,2025-08-17,11548,20223,2,0.05,Express,Cash On Delivery,2487.76,90,930.06,Delivered
502903,2024-02-04,10932,20193,1,0.2,Express,Upi,523.38,90,-2.9,Delivered
502904,2024-10-23,10125,20233,1,0.2,Standard,Credit Card,2119.62,45,171.88,Delivered
502905,2025-04-13,12992,20205,5,0.2,Standard,Debit Card,54233.28,70,3542.48,Delivered
502906,2025-05-09,10259,20162,1,0.05,Express,Debit Card,1530.56,90,353.69,Delivered
502907,2025-09-13,12651,20036,2,0.05,Express,Credit Card,4440.47,90,1898.05,Delivered
502908,2024-08-22,10422,20230,3,0.1,Standard,Net Banking,2061.32,45,466.04,Delivered
502909,2024-02-08,10972,20041,4,0.2,Standard,Upi,480.0,45,101.04,Delivered
502910,2024-08-06,13847,20162,1,0.1,Standard,Debit Card,1450.01,45,318.14,Delivered
502911,2024-08-04,11147,20153,2,0.1,Standard,Net Banking,3372.89,45,968.97,Delivered
502912,2025-12-06,12213,20076,1,0.3,Standard,Cash On Delivery,1220.27,45,-18.28,Delivered
502913,2025-11-05,12320,20251,1,0.15,Standard,Upi,622.12,45,225.13,Delivered
502914,2025-09-19,12132,20278,1,0.2,Standard,Debit Card,5615.75,70,433.92,Delivered
502915,2025-11-03,14666,20188,2,0.1,Express,Upi,5055.84,115,1318.44,Delivered
502916,2025-08-23,13341,20278,1,0.15,Standard,Debit Card,5966.74,70,784.91,Delivered
502917,2025-02-23,14738,20189,1,0.2,Standard,Upi,1007.85,45,100.46,Delivered
502918,2025-10-14,12616,20126,1,0.15,Same Day,Upi,4162.67,140,837.34,Delivered
502919,2024-06-22,10356,20240,2,0.3,Standard,Debit Card,1466.98,45,168.38,Cancelled
502920,2025-12-13,14692,20194,2,0.0,Standard,Credit Card,10405.68,70,2227.0,Delivered
502921,2024-04-22,14752,20200,2,0.2,Standard,Net Banking,2781.9,45,59.92,Delivered
502922,2024-06-22,10360,20225,1,0.05,Standard,Upi,10668.54,70,3138.53,Delivered
502923,2024-03-14,11489,20069,3,0.15,Same Day,Debit Card,5121.14,165,2192.06,Delivered
502924,2025-09-28,12183,20192,1,0.2,Standard,Debit Card,1066.24,45,90.7,Delivered
502925,2025-06-19,13027,20010,2,0.15,Standard,Net Banking,1652.14,45,397.06,Delivered
502926,2024-02-01,14956,20267,1,0.05,Standard,Net Banking,557.96,45,67.93,Delivered
502927,2024-09-10,12114,20246,1,0.05,Same Day,Credit Card,340.58,140,10.87,Delivered
502928,2025-05-11,10196,20261,1,0.15,Standard,Upi,127.5,45,-28.63,Delivered
502929,2024-04-22,13859,20012,2,0.2,Standard,Credit Card,9835.66,70,1696.66,Delivered
502930,2024-07-13,12586,20044,2,0.15,Same Day,Credit Card,3814.73,140,1444.97,Delivered
502931,2025-06-11,11954,20109,2,0.1,Standard,Upi,1744.04,45,763.68,Delivered
502932,2025-03-16,12405,20090,1,0.2,Standard,Upi,829.5,45,254.18,Delivered
502933,2025-05-03,14627,20285,3,0.05,Express,Credit Card,1801.77,90,584.58,Delivered
502934,2025-05-11,10480,20292,1,0.1,Standard,Cash On Delivery,296.79,45,8.93,Delivered
502935,2025-12-24,12505,20291,1,0.05,Express,Credit Card,805.71,90,78.5,Delivered
502936,2025-09-11,11100,20264,1,0.15,Express,Net Banking,609.22,90,10.13,Delivered
502937,2024-01-24,14652,20272,1,0.05,Standard,Credit Card,1317.73,45,275.55,Delivered
502938,2024-10-16,13763,20299,1,0.15,Express,Upi,1215.62,90,51.75,Delivered
502939,2024-11-03,10012,20069,2,0.15,Express,Net Banking,3414.09,90,1481.37,Delivered
502940,2024-10-30,12374,20144,1,0.25,Express,Debit Card,140.72,90,-65.2,Delivered
502941,2025-09-22,10917,20056,1,0.1,Standard,Upi,4220.67,45,1613.65,Delivered
502942,2025-11-23,12603,20041,2,0.1,Standard,Credit Card,270.0,45,58.02,Delivered
502943,2024-02-07,12210,20077,2,0.15,Standard,Upi,3165.25,45,703.45,Delivered
502944,2025-01-20,10360,20008,1,0.05,Standard,Debit Card,553.24,45,207.73,Delivered
502945,2025-08-03,12072,20090,1,0.1,Standard,Credit Card,933.18,45,357.86,Delivered
502946,2024-03-22,13537,20265,1,0.05,Standard,Upi,239.22,45,44.52,Delivered
502947,2024-04-27,11308,20194,1,0.15,Standard,Credit Card,4422.41,45,323.07,Delivered
502948,2024-02-19,12099,20071,1,0.1,Standard,Cash On Delivery,1839.56,45,557.07,Delivered
502949,2025-10-30,14975,20286,1,0.1,Standard,Credit Card,2191.97,45,886.81,Delivered
502950,2024-03-14,12577,20108,2,0.05,Standard,Cash On Delivery,4420.65,45,1166.79,Delivered
502951,2025-11-25,12566,20095,2,0.05,Standard,Debit Card,2193.02,45,387.38,Delivered
502952,2024-04-15,10703,20286,1,0.3,Standard,Debit Card,1704.86,45,399.7,Delivered
502953,2025-12-01,14669,20245,1,0.2,Express,Upi,666.26,90,-14.19,Delivered
502954,2025-08-21,12101,20075,1,0.1,Express,Net Banking,3065.31,90,1429.07,Delivered
502955,2024-11-21,13808,20137,1,0.2,Standard,Debit Card,256.58,45,53.3,Delivered
502956,2025-11-14,10542,20222,2,0.15,Standard,Upi,638.52,45,135.06,Delivered
502957,2024-12-21,13701,20204,1,0.1,Standard,Upi,1676.8,45,792.5,Delivered
502958,2025-04-12,14619,20061,5,0.0,Standard,Cash On Delivery,9569.9,70,4945.25,Delivered
502959,2025-10-17,10772,20262,2,0.25,Same Day,Upi,3183.73,140,-168.51,Delivered
502960,2024-10-10,12830,20065,1,0.05,Standard,Credit Card,2053.53,45,518.22,Delivered
502961,2024-07-03,14209,20037,4,0.15,Standard,Credit Card,5786.94,70,1548.54,Delivered
502962,2024-06-02,11288,20234,2,0.2,Express,Upi,13041.68,115,4337.52,Delivered
502963,2024-04-27,11368,20201,3,0.1,Standard,Net Banking,1614.03,45,742.89,Delivered
502964,2024-09-23,13595,20102,1,0.15,Express,Debit Card,4280.95,90,517.44,Delivered
502965,2025-01-19,13554,20110,2,0.0,Standard,Credit Card,1144.64,45,299.16,Delivered
502966,2024-09-11,12209,20050,3,0.1,Express,Net Banking,5335.79,115,2193.79,Delivered
502967,2024-08-28,14932,20287,2,0.05,Express,Cash On Delivery,3700.34,90,758.16,Delivered
502968,2024-06-19,13804,20160,5,0.1,Same Day,Upi,2696.76,140,801.36,Delivered
502969,2025-09-08,13756,20211,5,0.15,Standard,Debit Card,3010.19,45,411.49,Delivered
502970,2025-07-01,14483,20145,3,0.0,Standard,Upi,18721.44,70,8670.35,Delivered
502971,2025-07-31,13615,20189,1,0.1,Standard,Net Banking,1133.83,45,226.44,Delivered
502972,2024-07-03,12886,20185,3,0.2,Standard,Upi,6185.42,70,1658.5,Delivered
502973,2025-12-02,10563,20249,2,0.05,Express,Upi,3580.47,90,589.69,Delivered
502974,2025-10-28,10187,20161,1,0.15,Express,Upi,2224.92,90,545.64,Delivered
502975,2025-02-13,10020,20147,1,0.1,Standard,Debit Card,926.55,45,157.91,Delivered
502976,2025-10-14,14638,20271,3,0.15,Standard,Debit Card,13857.52,70,3367.62,Delivered
502977,2025-08-10,12213,20163,2,0.0,Standard,Cash On Delivery,5753.68,70,1430.02,Delivered
502978,2024-05-25,11324,20177,1,0.2,Standard,Upi,850.9,45,13.5,Delivered
502979,2024-02-07,13437,20230,2,0.2,Standard,Debit Card,1221.52,45,143.0,Delivered
502980,2025-05-04,13158,20164,4,0.15,Express,Upi,2591.96,90,333.76,Delivered
502981,2024-09-18,13741,20224,2,0.3,Standard,Credit Card,490.88,45,85.14,Delivered
502982,2024-05-05,11096,20224,1,0.05,Standard,Credit Card,333.1,45,107.73,Delivered
502983,2025-08-26,11315,20232,2,0.05,Standard,Upi,2999.87,45,1419.49,Delivered
502984,2024-12-10,12427,20054,1,0.05,Standard,Upi,2637.56,45,1185.78,Delivered
502985,2024-09-17,13954,20036,2,0.05,Express,Net Banking,4440.47,90,1898.05,Delivered
502986,2025-03-18,10940,20053,2,0.0,Standard,Upi,2690.02,45,1221.68,Delivered
502987,2024-04-17,10238,20188,1,0.15,Express,Credit Card,2387.48,90,486.28,Delivered
502988,2025-07-10,10644,20074,2,0.15,Standard,Credit Card,1686.11,45,336.79,Delivered
502989,2025-03-12,13461,20300,1,0.0,Standard,Upi,870.11,45,317.95,Delivered
502990,2025-05-28,10199,20289,1,0.05,Standard,Cash On Delivery,1662.02,45,624.26,Delivered
502991,2025-12-13,10007,20044,1,0.05,Same Day,Upi,2131.76,140,876.88,Delivered
502992,2024-03-30,11449,20051,3,0.15,Standard,Credit Card,3740.24,45,1655.21,Delivered
502993,2024-08-02,14578,20099,2,0.15,Standard,Upi,3943.47,45,809.67,Delivered
502994,2025-09-18,11196,20051,3,0.15,Standard,Debit Card,3740.24,45,1655.21,Delivered
502995,2024-11-14,13836,20135,1,0.15,Express,Debit Card,2424.15,90,753.17,Delivered
502996,2025-08-26,12749,20213,1,0.15,Express,Debit Card,2634.8,90,350.03,Delivered
502997,2025-11-28,10516,20141,1,0.15,Standard,Credit Card,1042.8,45,145.55,Delivered
502998,2025-10-31,10330,20114,2,0.1,Standard,Upi,745.22,45,170.34,Delivered
502999,2024-02-26,13142,20239,2,0.1,Standard,Credit Card,980.24,45,351.0,Delivered
503000,2025-07-12,13740,20175,1,0.2,Standard,Net Banking,204.94,45,-17.07,Delivered
503001,2025-02-05,13370,20047,2,0.15,Standard,Upi,858.5,45,266.34,Delivered
503002,2024-08-09,10360,20266,1,0.05,Express,Net Banking,572.97,90,109.97,Delivered
503003,2025-04-19,11610,20026,2,0.2,Standard,Debit Card,3478.13,45,793.09,Delivered
503004,2024-04-17,12572,20050,3,0.1,Standard,Cash On Delivery,5335.79,70,2238.79,Delivered
503005,2024-06-28,11361,20129,1,0.05,Standard,Credit Card,3426.67,45,1475.07,Delivered
503006,2024-06-25,10624,20145,2,0.1,Express,Upi,11232.86,115,4463.8,Delivered
503007,2025-05-01,11748,20145,2,0.1,Standard,Upi,11232.86,70,4508.8,Delivered
503008,2025-02-17,11921,20167,3,0.1,Standard,Upi,3059.26,45,528.04,Delivered
503009,2025-11-22,12038,20043,1,0.15,Standard,Cash On Delivery,449.39,45,71.82,Delivered
503010,2024-02-06,14714,20041,1,0.1,Standard,Credit Card,135.0,45,6.51,Delivered
503011,2025-07-28,11848,20015,1,0.1,Standard,Upi,1230.21,45,520.78,Cancelled
503012,2024-09-24,11416,20129,1,0.1,Standard,Credit Card,3246.32,45,1294.72,Delivered
503013,2025-01-22,10397,20058,1,0.05,Standard,Credit Card,1546.73,45,673.31,Delivered
503014,2024-12-19,12474,20054,1,0.2,Standard,Cash On Delivery,2221.1,45,769.32,Delivered
503015,2024-09-26,10496,20224,1,0.1,Standard,Debit Card,315.57,45,90.2,Delivered
503016,2024-09-25,13606,20203,2,0.0,Standard,Credit Card,3686.52,45,1391.08,Cancelled
503017,2025-03-17,12094,20133,4,0.05,Standard,Upi,5491.68,70,2399.76,Delivered
503018,2024-10-31,14783,20062,1,0.15,Standard,Debit Card,290.77,45,9.02,Delivered
503019,2024-09-02,14236,20243,4,0.15,Standard,Credit Card,1622.51,45,259.79,Delivered
503020,2024-06-26,14357,20210,1,0.05,Standard,Upi,636.46,45,144.59,Delivered
503021,2024-03-07,12693,20242,1,0.3,Same Day,Net Banking,2870.71,140,-32.21,Delivered
503022,2024-10-03,12474,20210,3,0.15,Same Day,Cash On Delivery,1708.4,140,227.79,Delivered
503023,2024-07-26,11355,20215,3,0.1,Standard,Credit Card,1530.39,45,675.39,Delivered
503024,2024-11-02,14735,20244,2,0.1,Standard,Upi,768.6,45,237.36,Delivered
503025,2025-07-03,12747,20071,4,0.25,Standard,Credit Card,6131.88,70,1111.92,Delivered
503026,2025-09-22,11293,20090,1,0.1,Standard,Upi,933.18,45,357.86,Delivered
503027,2025-06-21,10133,20156,1,0.05,Standard,Net Banking,1831.61,45,534.35,Delivered
503028,2025-06-01,14253,20084,3,0.1,Express,Credit Card,4297.54,90,923.23,Delivered
503029,2024-09-30,13679,20151,1,0.1,Express,Credit Card,3822.89,90,1360.93,Delivered
503030,2024-08-20,14710,20160,3,0.05,Standard,Debit Card,1707.95,45,609.71,Delivered
503031,2024-04-23,13618,20082,1,0.0,Standard,Net Banking,2045.81,45,407.93,Delivered
503032,2024-05-13,11909,20289,2,0.1,Express,Net Banking,3149.08,90,1073.56,Delivered
503033,2025-02-28,12900,20186,3,0.2,Express,Net Banking,5877.19,115,1679.79,Delivered
503034,2025-11-20,11276,20089,3,0.25,Same Day,Net Banking,1399.25,140,9.45,Delivered
503035,2024-01-25,14363,20160,4,0.2,Standard,Credit Card,1917.7,45,468.38,Delivered
503036,2025-07-13,13276,20050,1,0.05,Standard,Debit Card,1877.41,45,823.41,Delivered
503037,2024-10-06,13924,20179,2,0.0,Standard,Debit Card,1388.26,45,415.1,Delivered
503038,2024-12-08,10617,20220,4,0.1,Standard,Upi,16627.54,70,4847.7,Delivered
503039,2024-03-12,14431,20205,1,0.15,Express,Upi,11524.57,115,1285.41,Delivered
503040,2024-07-19,12795,20019,2,0.15,Standard,Upi,872.0,45,247.56,Delivered
503041,2024-11-21,11712,20003,1,0.05,Standard,Debit Card,486.63,45,98.89,Delivered
503042,2024-02-02,11779,20116,1,0.1,Same Day,Net Banking,401.29,140,20.99,Delivered
503043,2024-04-06,14753,20299,1,0.25,Standard,Debit Card,1072.6,45,-46.27,Delivered
503044,2025-07-10,14933,20157,1,0.1,Standard,Credit Card,1781.75,45,588.84,Delivered
503045,2024-09-19,11024,20241,2,0.15,Standard,Debit Card,364.58,45,105.1,Delivered
503046,2024-03-10,12925,20108,3,0.1,Express,Credit Card,6281.98,115,1353.69,Delivered
503047,2024-10-19,10038,20300,2,0.2,Express,Upi,1392.18,90,287.86,Delivered
503048,2025-12-30,13087,20052,1,0.2,Standard,Net Banking,1596.58,45,245.67,Delivered
503049,2024-07-25,10969,20028,1,0.15,Standard,Upi,6308.21,70,558.41,Delivered
503050,2024-06-20,10462,20212,3,0.25,Express,Debit Card,2297.16,90,27.87,Delivered
503051,2025-01-29,13946,20109,1,0.05,Standard,Debit Card,920.46,45,407.78,Delivered
503052,2024-09-12,10762,20258,2,0.1,Express,Debit Card,1212.05,90,429.09,Delivered
503053,2024-09-20,12198,20220,1,0.05,Express,Upi,4387.82,90,1370.36,Delivered
503054,2024-09-20,10239,20017,3,0.0,Express,Upi,3666.6,90,1794.03,Delivered
503055,2025-05-31,14877,20240,1,0.15,Standard,Upi,890.66,45,218.86,Delivered
503056,2024-01-10,13405,20212,1,0.15,Standard,Debit Card,867.82,45,96.39,Delivered
503057,2024-09-27,12348,20284,1,0.0,Same Day,Upi,327.73,140,26.01,Delivered
503058,2024-11-07,11708,20284,4,0.3,Same Day,Net Banking,917.64,140,130.76,Delivered
503059,2025-01-04,10809,20180,3,0.0,Standard,Upi,8349.75,70,2840.9,Delivered
503060,2025-07-20,12807,20272,1,0.15,Standard,Credit Card,1179.02,45,136.84,Delivered
503061,2025-07-06,11968,20085,1,0.1,Standard,Upi,2163.05,45,364.01,Delivered
503062,2025-10-11,11635,20261,3,0.1,Same Day,Credit Card,405.0,140,-68.39,Delivered
503063,2025-01-25,10098,20210,4,0.2,Standard,Debit Card,2143.87,45,311.39,Delivered
503064,2024-04-24,10802,20062,1,0.1,Standard,Upi,307.87,45,26.12,Delivered
503065,2025-07-28,10103,20005,2,0.2,Express,Credit Card,675.12,90,119.76,Delivered
503066,2024-12-09,14191,20107,4,0.15,Standard,Upi,1980.06,45,572.5,Delivered
503067,2025-02-13,13940,20011,2,0.1,Standard,Net Banking,1566.79,45,607.99,Delivered
503068,2025-06-29,10265,20215,1,0.1,Standard,Net Banking,510.13,45,195.13,Delivered
503069,2025-01-12,14362,20219,1,0.05,Standard,Upi,3258.78,45,1223.26,Delivered
503070,2025-03-31,13785,20179,2,0.0,Standard,Upi,1388.26,45,415.1,Delivered
503071,2025-02-26,10596,20066,5,0.15,Express,Debit Card,2661.1,90,702.5,Delivered
503072,2025-03-19,12048,20185,2,0.1,Standard,Debit Card,4639.07,45,1622.79,Delivered
503073,2024-07-15,13904,20017,1,0.1,Standard,Debit Card,1099.98,45,460.79,Delivered
503074,2024-12-28,12429,20040,1,0.05,Express,Upi,930.33,90,280.61,Delivered
503075,2025-02-13,10131,20076,3,0.0,Standard,Debit Card,5229.72,70,1579.07,Cancelled
503076,2025-07-27,13068,20246,1,0.15,Express,Debit Card,304.72,90,25.01,Delivered
503077,2025-01-28,13352,20051,2,0.2,Standard,Upi,2346.82,45,941.8,Delivered
503078,2025-05-23,11926,20129,1,0.1,Express,Upi,3246.32,90,1249.72,Delivered
503079,2025-07-19,10737,20260,1,0.1,Express,Debit Card,1114.24,90,136.13,Delivered
503080,2025-11-01,13503,20209,2,0.15,Standard,Upi,1994.51,45,678.35,Delivered
503081,2024-10-20,11299,20211,2,0.05,Express,Credit Card,1345.73,90,234.25,Delivered
503082,2024-01-25,11092,20132,1,0.1,Express,Credit Card,450.63,90,133.04,Delivered
503083,2024-08-24,10233,20084,3,0.15,Same Day,Debit Card,4058.78,140,634.47,Delivered
503084,2025-04-05,12180,20049,1,0.2,Standard,Debit Card,613.35,45,30.93,Delivered
503085,2024-11-16,12705,20246,1,0.2,Express,Net Banking,286.8,90,7.09,Delivered
503086,2024-04-09,10309,20039,1,0.2,Standard,Upi,2454.98,45,347.6,Delivered
503087,2025-11-20,10936,20145,1,0.3,Standard,Debit Card,4368.34,45,996.31,Cancelled
503088,2025-02-11,13777,20143,1,0.05,Standard,Debit Card,1917.65,45,780.39,Delivered
503089,2024-06-03,12312,20247,1,0.15,Express,Net Banking,1821.51,90,277.89,Delivered
503090,2025-03-09,12092,20156,1,0.1,Standard,Credit Card,1735.21,45,437.95,Delivered
503091,2025-03-09,11265,20016,1,0.1,Express,Upi,2565.87,90,399.03,Delivered
503092,2024-05-22,14098,20281,1,0.05,Standard,Debit Card,1320.86,45,542.34,Delivered
503093,2025-06-12,10456,20039,1,0.2,Same Day,Credit Card,2454.98,140,252.6,Delivered
503094,2024-10-11,11764,20145,1,0.15,Standard,Credit Card,5304.41,70,1907.38,Delivered
503095,2024-01-05,13893,20046,2,0.2,Standard,Debit Card,6756.83,70,425.17,Delivered
503096,2025-06-06,14424,20020,1,0.3,Standard,Credit Card,248.12,45,-10.98,Delivered
503097,2025-12-20,10652,20133,1,0.05,Standard,Credit Card,1372.92,45,572.44,Delivered
503098,2025-03-11,10819,20268,2,0.3,Standard,Credit Card,4946.42,45,839.52,Delivered
503099,2025-02-21,14093,20081,3,0.05,Standard,Upi,1943.47,45,801.28,Delivered
503100,2024-03-21,11966,20158,1,0.0,Standard,Net Banking,1201.5,45,357.99,Delivered
503101,2025-06-28,13392,20224,1,0.0,Standard,Credit Card,350.63,45,125.26,Delivered
503102,2025-01-11,13613,20002,1,0.05,Standard,Credit Card,2199.35,45,504.21,Delivered
503103,2024-06-07,13607,20125,1,0.05,Express,Upi,819.93,90,282.23,Delivered
503104,2025-09-18,11468,20241,1,0.05,Same Day,Debit Card,203.74,140,-43.5,Delivered
503105,2024-08-04,13515,20117,1,0.25,Standard,Debit Card,285.41,45,18.43,Delivered
503106,2025-10-31,10183,20264,2,0.05,Standard,Upi,1361.79,45,298.61,Cancelled
503107,2024-02-14,14662,20037,1,0.15,Standard,Credit Card,1446.73,45,359.63,Delivered
503108,2025-09-23,12670,20216,1,0.3,Express,Debit Card,4379.32,90,840.71,Delivered
503109,2024-08-02,12343,20049,2,0.05,Standard,Credit Card,1456.71,45,336.87,Delivered
503110,2025-05-25,10516,20217,2,0.3,Standard,Upi,742.42,45,207.56,Delivered
503111,2024-05-07,11429,20059,1,0.15,Express,Credit Card,5003.36,115,648.67,Delivered
503112,2024-09-10,13591,20060,1,0.2,Standard,Net Banking,2820.29,45,604.84,Delivered
503113,2025-07-03,10844,20078,1,0.1,Same Day,Cash On Delivery,1167.43,140,137.49,Delivered
503114,2025-12-22,14131,20119,1,0.15,Express,Upi,2760.09,90,1208.79,Delivered
503115,2024-12-17,13474,20127,1,0.15,Same Day,Credit Card,4000.81,140,908.28,Delivered
503116,2025-08-28,14794,20207,1,0.1,Standard,Credit Card,670.92,45,227.06,Delivered
503117,2025-06-24,13822,20160,2,0.2,Standard,Cash On Delivery,958.85,45,211.69,Delivered
503118,2024-06-12,14325,20085,4,0.2,Express,Cash On Delivery,8143.23,115,1012.07,Delivered
503119,2025-10-10,13980,20004,1,0.1,Standard,Credit Card,307.22,45,26.4,Delivered
503120,2025-06-18,11277,20157,1,0.0,Same Day,Upi,1979.72,140,691.81,Delivered
503121,2024-05-10,11142,20177,1,0.25,Same Day,Debit Card,797.71,140,-134.69,Cancelled
503122,2025-08-20,14901,20279,1,0.15,Express,Upi,1352.76,90,500.09,Delivered
503123,2025-11-26,14248,20252,3,0.2,Standard,Upi,1509.96,45,451.77,Delivered
503124,2025-05-18,13025,20080,3,0.0,Standard,Net Banking,8533.26,70,4210.76,Delivered
503125,2025-02-27,10895,20044,3,0.2,Standard,Net Banking,5385.5,70,1970.86,Delivered
503126,2024-07-02,14833,20218,2,0.1,Standard,Cash On Delivery,1112.4,45,307.08,Delivered
503127,2025-11-01,14436,20199,1,0.25,Standard,Debit Card,575.61,45,69.46,Delivered
503128,2025-06-06,14496,20180,2,0.15,Standard,Upi,4731.52,45,1060.62,Cancelled
503129,2025-07-07,10180,20208,2,0.1,Standard,Upi,4955.94,45,942.3,Delivered
503130,2024-08-22,10589,20194,1,0.05,Standard,Credit Card,4942.7,45,843.36,Delivered
503131,2024-05-10,12270,20012,2,0.1,Standard,Upi,11065.12,70,2926.12,Delivered
503132,2025-11-27,10068,20205,1,0.15,Standard,Credit Card,11524.57,70,1330.41,Delivered
503133,2024-01-14,10133,20126,2,0.2,Standard,Upi,7835.62,70,1394.96,Delivered
503134,2025-10-20,13037,20072,1,0.2,Express,Cash On Delivery,1298.43,90,-21.97,Delivered
503135,2025-01-14,10565,20220,4,0.05,Standard,Cash On Delivery,17551.29,70,5771.45,Delivered
503136,2024-02-29,11684,20072,1,0.0,Standard,Upi,1623.04,45,347.64,Delivered
503137,2024-10-18,11152,20121,1,0.1,Standard,Upi,980.9,45,442.69,Delivered
503138,2024-06-08,12099,20274,1,0.05,Express,Credit Card,1040.76,90,233.17,Delivered
503139,2025-03-22,14315,20300,1,0.05,Standard,Upi,826.6,45,274.44,Delivered
503140,2025-06-21,14790,20043,1,0.15,Standard,Upi,449.39,45,71.82,Delivered
503141,2025-07-30,13967,20208,5,0.15,Standard,Credit Card,11701.52,70,1709.92,Delivered
503142,2025-01-20,14436,20214,1,0.15,Same Day,Cash On Delivery,1504.21,140,516.1,Delivered
503143,2024-03-10,13927,20077,1,0.1,Standard,Cash On Delivery,1489.53,45,236.13,Delivered
503144,2025-01-16,11641,20150,1,0.0,Standard,Cash On Delivery,468.48,45,128.14,Delivered
503145,2025-11-15,11651,20252,1,0.25,Express,Upi,471.86,90,44.13,Delivered
503146,2024-08-12,10503,20060,2,0.1,Standard,Upi,6345.65,70,1934.75,Delivered
503147,2025-05-22,12406,20213,1,0.1,Standard,Upi,2789.79,45,550.02,Delivered
503148,2025-10-26,10062,20063,2,0.15,Same Day,Debit Card,448.27,140,-84.31,Cancelled
503149,2024-02-09,13450,20280,2,0.05,Standard,Upi,2204.87,45,1096.23,Delivered
503150,2024-05-25,14548,20193,1,0.15,Standard,Net Banking,556.1,45,74.82,Delivered
503151,2024-12-31,13287,20029,1,0.05,Standard,Debit Card,2116.84,45,1066.1,Delivered
503152,2025-09-01,12637,20001,2,0.15,Standard,Cash On Delivery,2573.48,45,668.52,Delivered
503153,2024-09-04,13053,20073,1,0.2,Standard,Cash On Delivery,736.73,45,173.36,Delivered
503154,2024-01-12,12358,20277,1,0.2,Standard,Credit Card,5090.46,70,1926.29,Delivered
503155,2025-06-19,10134,20206,3,0.1,Express,Net Banking,2816.94,90,1022.82,Delivered
503156,2025-05-24,11130,20156,2,0.2,Standard,Upi,3084.82,45,535.3,Delivered
503157,2024-09-01,12442,20146,1,0.1,Standard,Net Banking,802.39,45,90.55,Delivered
503158,2024-06-19,14967,20052,1,0.05,Standard,Debit Card,1895.94,45,545.03,Delivered
503159,2024-02-01,12031,20115,2,0.15,Standard,Credit Card,1898.19,45,761.93,Cancelled
503160,2025-09-17,11154,20226,1,0.05,Express,Net Banking,1476.21,90,341.62,Delivered
503161,2025-12-21,11832,20088,1,0.05,Standard,Debit Card,629.76,45,239.39,Delivered
503162,2025-03-04,11473,20062,1,0.05,Standard,Upi,324.98,45,43.23,Delivered
503163,2024-02-04,13302,20019,4,0.1,Same Day,Cash On Delivery,1846.58,140,547.7,Delivered
503164,2024-07-23,12571,20258,1,0.15,Standard,Upi,572.36,45,180.88,Delivered
503165,2025-01-18,10093,20198,1,0.2,Standard,Credit Card,1589.14,45,403.75,Delivered
503166,2024-09-22,14900,20079,1,0.2,Same Day,Net Banking,1725.44,140,-29.01,Delivered
503167,2025-07-30,14716,20011,1,0.1,Standard,Upi,783.4,45,281.5,Delivered
503168,2025-03-18,10818,20144,1,0.0,Standard,Upi,187.62,45,26.7,Delivered
503169,2025-09-01,10879,20244,3,0.05,Same Day,Credit Card,1216.95,140,347.59,Delivered
503170,2025-11-27,14704,20085,1,0.05,Same Day,Credit Card,2417.52,140,523.48,Delivered
503171,2025-04-29,11897,20027,1,0.1,Express,Debit Card,895.36,90,330.0,Delivered
503172,2025-04-14,10043,20278,1,0.25,Express,Upi,5264.77,115,37.94,Delivered
503173,2024-09-22,13571,20003,2,0.05,Same Day,Cash On Delivery,973.26,140,147.78,Delivered
503174,2024-04-18,13579,20259,1,0.0,Standard,Upi,1383.09,45,272.17,Delivered
503175,2025-05-03,11111,20243,1,0.0,Express,Debit Card,477.21,90,57.78,Delivered
503176,2024-06-26,14124,20043,1,0.2,Standard,Upi,422.95,45,45.38,Delivered
503177,2024-09-05,13811,20198,1,0.2,Standard,Credit Card,1589.14,45,403.75,Delivered
503178,2024-01-05,14742,20089,2,0.25,Standard,Upi,932.84,45,54.64,Delivered
503179,2024-06-05,12919,20233,1,0.15,Standard,Credit Card,2252.09,45,304.35,Delivered
503180,2024-08-17,12459,20293,1,0.15,Standard,Debit Card,1793.71,45,175.7,Delivered
503181,2025-09-19,10079,20039,5,0.05,Standard,Debit Card,14576.42,70,4194.52,Delivered
503182,2024-09-17,13618,20163,3,0.1,Standard,Upi,7767.47,70,1316.98,Delivered
503183,2024-11-16,10431,20299,2,0.2,Standard,Net Banking,2288.22,45,95.48,Delivered
503184,2024-05-06,13544,20021,1,0.2,Express,Upi,9904.48,115,1891.69,Delivered
503185,2024-01-28,14922,20010,1,0.2,Standard,Upi,777.48,45,127.44,Delivered
503186,2025-05-24,12460,20045,4,0.05,Express,Cash On Delivery,3356.05,90,851.25,Delivered
503187,2024-08-15,12083,20093,3,0.05,Standard,Upi,2028.12,45,750.06,Delivered
503188,2025-10-02,13728,20003,1,0.05,Same Day,Cash On Delivery,486.63,140,3.89,Delivered
503189,2025-06-24,12123,20043,1,0.15,Same Day,Credit Card,449.39,140,-23.18,Cancelled
503190,2024-06-27,12859,20180,1,0.0,Standard,Net Banking,2783.25,45,925.3,Delivered
503191,2025-11-06,10284,20297,1,0.2,Standard,Upi,248.82,45,-28.76,Delivered
503192,2025-11-02,10727,20107,2,0.2,Standard,Credit Card,931.79,45,205.51,Delivered
503193,2024-10-14,11782,20205,1,0.0,Standard,Upi,13558.32,70,3364.16,Cancelled
503194,2025-05-08,13984,20265,1,0.1,Standard,Credit Card,226.63,45,31.93,Delivered
503195,2024-09-21,13537,20124,1,0.15,Standard,Upi,1587.09,45,379.07,Delivered
503196,2025-04-11,14134,20113,3,0.2,Standard,Credit Card,1014.62,45,283.25,Delivered
503197,2025-01-29,13381,20047,2,0.1,Standard,Debit Card,909.0,45,316.84,Delivered
503198,2025-03-07,10821,20156,2,0.0,Standard,Net Banking,3856.02,45,1306.5,Delivered
503199,2025-03-10,10646,20284,1,0.15,Standard,Debit Card,278.57,45,71.85,Delivered
503200,2025-01-22,14004,20236,1,0.1,Express,Debit Card,3166.22,90,1324.43,Delivered
503201,2025-06-20,12420,20139,2,0.1,Standard,Upi,593.19,45,177.17,Delivered
503202,2024-05-24,13542,20285,1,0.05,Standard,Upi,600.59,45,179.86,Delivered
503203,2024-06-23,14669,20242,2,0.2,Standard,Cash On Delivery,6561.62,70,965.78,Delivered
503204,2025-06-03,12882,20249,1,0.1,Express,Upi,1696.01,90,155.62,Delivered
503205,2024-11-09,10955,20204,1,0.15,Standard,Cash On Delivery,1583.64,45,699.34,Delivered
503206,2025-09-12,12067,20200,1,0.05,Standard,Net Banking,1651.76,45,268.27,Delivered
503207,2024-05-08,13952,20057,3,0.1,Standard,Net Banking,4414.93,45,699.97,Delivered
503208,2025-05-28,14457,20074,1,0.05,Express,Net Banking,942.24,90,200.08,Delivered
503209,2024-01-10,12238,20119,4,0.0,Standard,Credit Card,12988.68,70,7073.48,Delivered
503210,2024-12-12,10063,20059,1,0.15,Standard,Net Banking,5003.36,70,693.67,Delivered
503211,2024-04-26,11014,20291,1,0.3,Standard,Credit Card,593.68,45,-88.53,Delivered
503212,2025-02-14,11990,20292,2,0.15,Express,Credit Card,560.61,90,-15.11,Delivered
503213,2025-01-31,10161,20058,2,0.0,Standard,Net Banking,3256.28,45,1554.44,Delivered
503214,2024-01-11,11805,20219,1,0.15,Standard,Credit Card,2915.75,45,880.23,Delivered
503215,2025-02-01,13668,20232,1,0.2,Standard,Net Banking,1263.1,45,450.41,Delivered
503216,2025-08-30,13699,20258,2,0.05,Standard,Upi,1279.38,45,541.42,Cancelled
503217,2024-04-02,11863,20284,1,0.3,Standard,Upi,229.41,45,22.69,Delivered
503218,2024-04-11,13508,20063,2,0.15,Express,Cash On Delivery,448.27,90,-34.31,Delivered
503219,2024-04-07,13358,20180,1,0.3,Standard,Debit Card,1948.28,45,90.33,Delivered
503220,2024-10-08,10132,20231,1,0.15,Standard,Credit Card,470.88,45,166.23,Delivered
503221,2025-10-29,13954,20164,2,0.15,Standard,Credit Card,1295.98,45,166.88,Delivered
503222,2025-10-18,10993,20210,1,0.15,Standard,Credit Card,569.47,45,77.6,Delivered
503223,2025-02-24,10644,20043,1,0.2,Standard,Upi,422.95,45,45.38,Delivered
503224,2024-12-29,13063,20133,1,0.2,Standard,Net Banking,1156.14,45,355.66,Delivered
503225,2024-07-29,10043,20218,1,0.15,Standard,Debit Card,525.3,45,100.14,Delivered
503226,2025-10-28,13100,20203,5,0.1,Standard,Debit Card,8294.67,70,2598.57,Delivered
503227,2025-05-22,12950,20178,4,0.05,Standard,Net Banking,1969.35,45,889.47,Delivered
503228,2024-03-16,10902,20272,1,0.1,Standard,Debit Card,1248.37,45,206.19,Delivered
503229,2024-11-18,13485,20052,1,0.25,Standard,Credit Card,1496.8,45,145.89,Delivered
503230,2025-03-27,12450,20071,1,0.2,Express,Upi,1635.17,90,307.68,Delivered
503231,2025-11-17,11233,20003,3,0.1,Standard,Upi,1383.05,45,309.83,Delivered
503232,2025-09-14,14703,20089,1,0.1,Same Day,Upi,559.7,140,3.1,Delivered
503233,2024-01-18,13948,20051,1,0.05,Standard,Credit Card,1393.42,45,668.41,Delivered
503234,2024-10-17,13747,20160,3,0.15,Standard,Upi,1528.16,45,429.92,Delivered
503235,2024-07-16,12794,20133,2,0.1,Same Day,Upi,2601.32,140,950.36,Delivered
503236,2024-06-10,13333,20247,1,0.2,Standard,Net Banking,1714.36,45,215.74,Delivered
503237,2025-02-20,10474,20171,1,0.1,Standard,Debit Card,5103.7,70,786.69,Delivered
503238,2025-01-18,11420,20211,2,0.05,Standard,Cash On Delivery,1345.73,45,279.25,Delivered
503239,2024-07-18,12405,20159,1,0.1,Standard,Cash On Delivery,6952.78,70,1463.43,Delivered
503240,2025-05-12,12384,20150,1,0.15,Express,Credit Card,398.21,90,12.87,Delivered
503241,2024-02-12,10376,20059,2,0.1,Express,Debit Card,10595.36,115,2000.98,Delivered
503242,2024-03-22,10178,20047,5,0.1,Standard,Cash On Delivery,2272.5,45,859.6,Delivered
503243,2025-06-22,12886,20031,1,0.25,Express,Net Banking,635.36,90,155.4,Delivered
503244,2024-10-30,12913,20247,1,0.15,Standard,Debit Card,1821.51,45,322.89,Delivered
503245,2025-08-03,10762,20187,2,0.3,Standard,Debit Card,4098.56,45,-497.32,Delivered
503246,2024-07-17,13879,20235,1,0.0,Express,Credit Card,5130.43,115,2104.75,Delivered
503247,2025-02-09,14167,20171,1,0.15,Express,Upi,4820.16,90,483.15,Delivered
503248,2025-03-02,11721,20081,4,0.15,Standard,Upi,2318.53,45,810.61,Delivered
503249,2025-04-05,13488,20005,1,0.0,Standard,Upi,421.95,45,144.27,Delivered
503250,2025-04-24,11079,20004,3,0.25,Standard,Credit Card,768.06,45,15.6,Delivered
503251,2025-12-28,14349,20143,3,0.2,Standard,Cash On Delivery,4844.59,45,1522.81,Delivered
503252,2024-05-03,14637,20136,2,0.1,Standard,Credit Card,567.23,45,167.33,Delivered
503253,2025-06-11,13488,20272,3,0.05,Express,Net Banking,3953.18,90,871.64,Delivered
503254,2025-09-29,10371,20255,1,0.05,Same Day,Upi,780.91,140,180.37,Delivered
503255,2025-06-09,11623,20212,1,0.05,Same Day,Debit Card,969.91,140,103.48,Delivered
503256,2024-02-08,12879,20280,1,0.05,Express,Upi,1102.44,90,480.62,Delivered
503257,2024-07-17,10030,20251,5,0.25,Express,Cash On Delivery,2744.66,90,894.71,Delivered
503258,2024-04-17,10309,20182,1,0.15,Express,Credit Card,951.73,90,154.07,Delivered
503259,2024-09-24,11510,20209,1,0.05,Standard,Credit Card,1114.58,45,434.0,Delivered
503260,2024-12-18,12094,20206,2,0.25,Standard,Cash On Delivery,1564.96,45,383.88,Delivered
503261,2024-11-06,13431,20238,1,0.0,Standard,Credit Card,635.47,45,141.9,Delivered
503262,2025-01-24,10137,20159,2,0.1,Standard,Cash On Delivery,13905.56,70,2996.86,Delivered
503263,2024-02-09,10560,20020,2,0.15,Standard,Debit Card,602.58,45,129.38,Delivered
503264,2025-08-03,11599,20054,3,0.2,Express,Upi,6663.31,115,2327.97,Delivered
503265,2024-05-31,11455,20244,2,0.2,Same Day,Upi,683.2,140,56.96,Delivered
503266,2024-07-05,11445,20162,1,0.25,Standard,Cash On Delivery,1208.34,45,76.47,Delivered
503267,2025-03-05,11517,20204,2,0.05,Standard,Upi,3539.91,45,1816.31,Delivered
503268,2025-04-01,10847,20232,1,0.1,Standard,Upi,1420.99,45,608.3,Delivered
503269,2024-08-14,10207,20193,2,0.15,Express,Cash On Delivery,1112.19,90,149.63,Delivered
503270,2025-03-03,10360,20144,1,0.2,Standard,Credit Card,150.1,45,-10.82,Delivered
503271,2024-07-22,11869,20212,1,0.15,Standard,Debit Card,867.82,45,96.39,Delivered
503272,2024-04-27,11230,20291,3,0.05,Standard,Cash On Delivery,2417.14,45,460.51,Delivered
503273,2025-01-28,14932,20105,2,0.2,Standard,Upi,9432.11,70,727.49,Delivered
503274,2024-08-09,12797,20131,1,0.2,Standard,Debit Card,149.37,45,16.27,Delivered
503275,2024-03-03,13230,20277,2,0.0,Standard,Upi,12726.14,70,6467.8,Delivered
503276,2025-01-30,12979,20278,2,0.0,Standard,Upi,14039.38,70,3745.72,Delivered
503277,2024-01-05,14948,20142,3,0.25,Standard,Credit Card,1503.52,45,169.6,Delivered
503278,2024-11-29,12958,20067,2,0.1,Standard,Upi,2970.16,45,619.06,Delivered
503279,2024-10-18,11203,20197,3,0.0,Standard,Credit Card,9104.1,70,2540.45,Delivered
503280,2025-05-22,11405,20059,3,0.1,Standard,Upi,15893.04,70,3103.97,Delivered
503281,2024-05-24,13860,20234,1,0.1,Standard,Debit Card,7335.95,70,2971.37,Delivered
503282,2025-10-23,11123,20176,2,0.15,Standard,Debit Card,434.66,45,142.48,Delivered
503283,2024-06-07,10549,20102,1,0.05,Standard,Upi,4784.59,45,1066.08,Delivered
503284,2024-01-11,13946,20037,1,0.2,Standard,Upi,1361.63,45,274.53,Delivered
503285,2024-03-09,13930,20085,3,0.1,Standard,Upi,6870.85,70,1538.73,Delivered
503286,2025-12-04,11388,20024,1,0.1,Standard,Debit Card,2058.25,45,404.02,Delivered
503287,2025-09-05,11274,20199,2,0.1,Standard,Cash On Delivery,1381.46,45,414.16,Delivered
503288,2025-06-27,14662,20126,4,0.0,Standard,Debit Card,19589.04,70,6777.72,Delivered
503289,2024-07-20,10807,20256,1,0.15,Same Day,Upi,1083.77,140,195.82,Delivered
503290,2024-09-22,12187,20075,1,0.0,Express,Cash On Delivery,3405.9,90,1769.66,Delivered
503291,2024-04-17,13134,20110,2,0.1,Express,Net Banking,1030.18,90,139.7,Delivered
503292,2024-02-23,13982,20006,2,0.1,Standard,Credit Card,1039.95,45,374.59,Delivered
503293,2024-12-03,12100,20040,1,0.05,Standard,Net Banking,930.33,45,325.61,Delivered
503294,2024-07-08,11746,20205,2,0.1,Standard,Upi,24404.98,70,4086.66,Delivered
503295,2024-08-26,10039,20145,1,0.1,Standard,Upi,5928.46,70,2531.43,Delivered
503296,2024-12-08,12375,20002,1,0.15,Express,Upi,1967.84,90,227.7,Delivered
503297,2024-10-17,14484,20158,1,0.1,Standard,Upi,1081.35,45,237.84,Delivered
503298,2024-11-18,11844,20228,3,0.0,Standard,Upi,2579.73,45,629.16,Delivered
503299,2024-11-16,14115,20199,5,0.15,Standard,Credit Card,3261.79,45,911.04,Delivered
503300,2024-02-11,14652,20252,2,0.05,Standard,Debit Card,1195.38,45,474.92,Delivered
503301,2024-07-16,12862,20083,4,0.0,Express,Upi,3916.28,90,1861.96,Delivered
503302,2025-09-24,13930,20045,1,0.05,Standard,Unknown,839.01,45,190.31,Delivered
503303,2024-10-10,11954,20199,2,0.0,Same Day,Upi,1534.96,140,472.66,Delivered
503304,2024-06-30,12308,20175,3,0.3,Same Day,Credit Card,537.96,140,-133.07,Delivered
503305,2025-09-03,13657,20033,2,0.15,Standard,Debit Card,1852.05,45,152.15,Delivered
503306,2024-01-11,13111,20035,1,0.15,Standard,Credit Card,2013.0,45,713.97,Delivered
503307,2025-03-17,14990,20192,2,0.25,Express,Debit Card,1999.2,90,48.12,Delivered
503308,2025-09-20,10817,20085,1,0.05,Standard,Credit Card,2417.52,45,618.48,Delivered
503309,2025-02-27,12601,20101,1,0.0,Express,Upi,1920.64,90,898.94,Delivered
503310,2025-05-14,13997,20209,3,0.15,Standard,Credit Card,2991.76,45,1040.02,Delivered
503311,2025-01-22,12604,20029,1,0.15,Express,Net Banking,1894.01,90,798.27,Delivered
503312,2025-07-29,10757,20274,4,0.2,Standard,Upi,3505.73,45,590.37,Delivered
503313,2025-11-18,12981,20186,3,0.1,Standard,Credit Card,6611.84,70,2459.44,Delivered
503314,2025-03-29,12595,20048,4,0.1,Standard,Debit Card,2278.58,45,943.58,Delivered
503315,2025-08-17,13105,20267,1,0.1,Express,Cash On Delivery,528.6,90,-6.43,Cancelled
503316,2024-01-02,10406,20170,1,0.05,Express,Debit Card,1383.48,90,357.36,Delivered
503317,2025-12-29,10341,20146,3,0.1,Express,Upi,2407.16,90,316.64,Delivered
503318,2024-08-29,10881,20016,2,0.1,Same Day,Credit Card,5131.75,165,813.07,Delivered
503319,2024-02-29,14287,20297,2,0.2,Same Day,Upi,497.63,140,-107.53,Delivered
503320,2025-01-02,14729,20043,3,0.1,Standard,Credit Card,1427.46,45,384.75,Delivered
503321,2025-12-15,10163,20287,1,0.15,Standard,Credit Card,1655.42,45,184.33,Delivered
503322,2024-02-09,13657,20284,4,0.1,Express,Debit Card,1179.83,90,442.95,Delivered
503323,2024-11-10,14784,20051,2,0.0,Standard,Upi,2933.52,45,1528.5,Delivered
503324,2025-07-10,10131,20027,4,0.25,Standard,Net Banking,2984.52,45,1038.08,Delivered
503325,2024-10-24,11590,20009,1,0.0,Standard,Cash On Delivery,750.31,45,165.77,Delivered
503326,2025-09-22,14005,20252,2,0.0,Standard,Debit Card,1258.3,45,537.84,Delivered
503327,2025-10-04,13056,20233,3,0.05,Express,Debit Card,7551.13,115,1727.91,Delivered
503328,2025-03-25,10605,20219,1,0.05,Standard,Debit Card,3258.78,45,1223.26,Delivered
503329,2025-01-29,12952,20057,1,0.05,Standard,Debit Card,1553.4,45,285.08,Delivered
503330,2025-07-15,10081,20175,3,0.2,Standard,Net Banking,614.81,45,38.78,Delivered
503331,2024-03-28,12413,20114,1,0.05,Standard,Upi,393.31,45,83.37,Delivered
503332,2025-06-16,13792,20218,2,0.15,Express,Upi,1050.6,90,200.28,Delivered
503333,2025-01-22,13506,20246,4,0.0,Standard,Upi,1434.0,45,630.16,Delivered
503334,2025-01-15,10509,20068,1,0.2,Standard,Upi,422.04,45,15.35,Delivered
503335,2025-07-08,14015,20058,3,0.05,Standard,Credit Card,4640.2,45,2109.94,Delivered
503336,2025-03-06,12980,20076,1,0.1,Standard,Credit Card,1568.92,45,330.37,Delivered
503337,2025-06-18,11003,20111,1,0.1,Standard,Upi,1170.79,45,492.97,Delivered
503338,2024-08-03,13801,20112,1,0.05,Express,Upi,2398.99,90,410.58,Delivered
503339,2024-10-03,12637,20222,1,0.15,Standard,Upi,319.26,45,45.03,Delivered
503340,2024-07-12,10045,20206,1,0.2,Express,Net Banking,834.65,90,176.61,Delivered
503341,2025-12-27,13389,20072,3,0.1,Standard,Debit Card,4382.21,45,646.01,Delivered
503342,2024-06-27,14810,20002,1,0.25,Express,Debit Card,1736.33,90,-3.81,Cancelled
503343,2024-05-22,13794,20189,1,0.05,Standard,Credit Card,1196.82,45,289.43,Delivered
503344,2025-06-21,11065,20040,1,0.0,Express,Upi,979.29,90,329.57,Delivered
503345,2024-08-05,12417,20171,5,0.1,Standard,Cash On Delivery,25518.51,70,4213.46,Delivered
503346,2025-05-25,14454,20048,2,0.2,Express,Net Banking,1012.7,90,277.7,Delivered
503347,2024-02-28,11451,20200,1,0.05,Standard,Cash On Delivery,1651.76,45,268.27,Delivered
503348,2024-12-11,11821,20057,3,0.1,Standard,Upi,4414.93,45,699.97,Delivered
503349,2025-07-10,12346,20196,2,0.15,Express,Debit Card,1831.05,90,269.65,Delivered
503350,2025-02-22,12208,20012,1,0.2,Same Day,Credit Card,4917.83,140,743.33,Delivered
503351,2024-08-11,12845,20179,1,0.2,Express,Upi,555.3,90,1.22,Delivered
503352,2024-12-15,11451,20074,1,0.3,Standard,Net Banking,694.28,45,-2.88,Delivered
503353,2025-09-13,10448,20029,1,0.2,Express,Upi,1782.6,90,686.86,Delivered
503354,2024-03-17,11585,20092,2,0.0,Standard,Upi,6931.46,70,2615.7,Delivered
503355,2025-08-21,10265,20285,1,0.1,Express,Upi,568.98,90,103.25,Delivered
503356,2024-07-26,14650,20107,2,0.2,Standard,Credit Card,931.79,45,205.51,Delivered
503357,2024-06-07,13036,20247,2,0.3,Standard,Credit Card,3000.13,45,47.89,Delivered
503358,2025-06-07,12325,20256,2,0.1,Standard,Cash On Delivery,2550.04,45,1009.14,Delivered
503359,2024-08-12,14922,20098,2,0.1,Standard,Net Banking,658.03,45,54.99,Delivered
503360,2024-12-23,13728,20046,1,0.15,Standard,Upi,3589.57,45,413.74,Delivered
503361,2025-01-18,12869,20020,1,0.1,Standard,Credit Card,319.01,45,59.91,Delivered
503362,2025-06-27,11231,20059,1,0.05,Standard,Upi,5591.99,70,1282.3,Delivered
503363,2025-07-19,10289,20240,1,0.2,Standard,Upi,838.27,45,166.47,Delivered
503364,2025-05-18,14798,20036,2,0.05,Standard,Debit Card,4440.47,45,1943.05,Delivered
503365,2025-03-25,12382,20001,2,0.05,Standard,Net Banking,2876.24,45,971.28,Delivered
503366,2024-08-29,13724,20300,1,0.1,Standard,Upi,783.1,45,230.94,Delivered
503367,2025-01-03,11044,20183,1,0.2,Express,Upi,1034.42,90,337.14,Delivered
503368,2025-09-18,10981,20085,1,0.1,Express,Upi,2290.28,90,446.24,Delivered
503369,2025-04-15,14916,20082,2,0.0,Standard,Debit Card,4091.62,45,860.86,Delivered
503370,2024-10-14,10048,20159,3,0.1,Standard,Credit Card,20858.34,70,4530.29,Delivered
503371,2025-02-02,13837,20248,3,0.0,Express,Debit Card,1509.09,90,376.47,Delivered
503372,2024-04-13,13792,20228,1,0.05,Standard,Upi,816.91,45,136.72,Delivered
503373,2024-11-06,12446,20049,3,0.1,Standard,Upi,2070.06,45,412.8,Delivered
503374,2024-05-06,13076,20300,3,0.0,Express,Debit Card,2610.33,90,998.85,Delivered
503375,2024-02-09,14745,20287,2,0.15,Express,Upi,3310.84,90,368.66,Delivered
503376,2024-03-12,14449,20212,1,0.1,Standard,Credit Card,918.86,45,147.43,Delivered
503377,2024-09-03,11138,20139,3,0.1,Standard,Credit Card,889.79,45,288.26,Delivered
503378,2024-09-03,12562,20104,1,0.05,Same Day,Net Banking,927.14,140,86.94,Delivered
503379,2024-11-07,10546,20065,2,0.1,Standard,Upi,3890.9,45,865.28,Delivered
503380,2024-02-03,13615,20145,1,0.2,Standard,Credit Card,4992.38,45,1620.35,Delivered
503381,2024-05-08,10673,20028,3,0.15,Express,Net Banking,18924.62,115,1770.22,Delivered
503382,2024-01-10,10760,20082,1,0.3,Express,Debit Card,1432.07,90,-250.81,Delivered
503383,2024-06-16,14018,20009,1,0.1,Standard,Net Banking,675.28,45,90.74,Delivered
503384,2024-08-03,11721,20162,1,0.15,Express,Cash On Delivery,1369.45,90,192.58,Delivered
503385,2025-02-11,11232,20223,3,0.05,Express,Credit Card,3731.65,90,1440.1,Delivered
503386,2025-06-09,13616,20131,1,0.15,Same Day,Credit Card,158.7,140,-69.4,Cancelled
503387,2025-08-24,14776,20129,1,0.1,Express,Upi,3246.32,90,1249.72,Delivered
503388,2024-01-18,11602,20136,3,0.1,Express,Debit Card,850.85,90,228.5,Delivered
503389,2024-12-05,13615,20286,1,0.05,Express,Net Banking,2313.74,90,963.58,Delivered
503390,2025-11-11,11684,20097,2,0.05,Express,Credit Card,943.08,90,222.5,Delivered
503391,2025-07-21,12025,20009,3,0.05,Standard,Upi,2138.38,45,474.76,Cancelled
503392,2025-11-06,11185,20278,1,0.25,Standard,Cash On Delivery,5264.77,70,82.94,Delivered
503393,2025-10-25,13774,20209,1,0.05,Standard,Net Banking,1114.58,45,434.0,Delivered
503394,2024-03-30,10335,20009,1,0.0,Standard,Credit Card,750.31,45,165.77,Delivered
503395,2024-10-11,10134,20296,2,0.1,Standard,Debit Card,735.37,45,112.39,Delivered
503396,2025-06-17,10315,20292,3,0.25,Standard,Debit Card,741.98,45,-31.6,Delivered
503397,2024-09-23,10616,20147,5,0.0,Standard,Upi,5147.5,70,1459.3,Delivered
503398,2025-03-08,10436,20002,3,0.05,Express,Net Banking,6598.06,115,1532.64,Delivered
503399,2025-10-12,13150,20161,1,0.05,Standard,Debit Card,2486.67,45,852.39,Delivered
503400,2024-02-21,13282,20064,1,0.1,Express,Credit Card,1874.6,90,735.25,Delivered
503401,2024-03-07,14891,20255,1,0.15,Express,Cash On Delivery,698.71,90,148.17,Delivered
503402,2025-08-19,12754,20119,2,0.1,Standard,Net Banking,5844.91,70,2852.31,Delivered
503403,2024-09-06,11184,20111,1,0.1,Express,Credit Card,1170.79,90,447.97,Delivered
503404,2024-11-26,13090,20191,1,0.05,Same Day,Net Banking,980.65,140,113.85,Delivered
503405,2025-02-18,10172,20208,2,0.25,Standard,Net Banking,4129.95,45,116.31,Delivered
503406,2024-05-02,10712,20214,1,0.25,Standard,Debit Card,1327.24,45,434.13,Delivered
503407,2024-07-20,14907,20092,1,0.1,Express,Net Banking,3119.16,90,906.28,Delivered
503408,2024-01-06,13715,20078,1,0.2,Standard,Debit Card,1037.71,45,102.77,Delivered
503409,2025-04-30,13961,20006,1,0.3,Standard,Upi,404.42,45,49.24,Delivered
503410,2024-07-17,13798,20046,2,0.1,Standard,Net Banking,7601.44,70,1269.78,Delivered
503411,2024-01-13,13426,20276,1,0.05,Standard,Debit Card,1639.97,45,303.58,Delivered
503412,2024-01-06,14005,20113,2,0.1,Standard,Upi,760.97,45,258.39,Delivered
503413,2025-02-14,14589,20016,1,0.15,Standard,Upi,2423.32,45,301.48,Delivered
503414,2024-04-30,12120,20251,3,0.1,Same Day,Upi,1976.16,140,780.19,Delivered
503415,2025-07-10,12547,20253,3,0.1,Standard,Cash On Delivery,1573.99,45,671.08,Delivered
503416,2024-12-27,14596,20250,1,0.05,Standard,Debit Card,2620.65,45,1122.8,Delivered
503417,2025-06-21,11841,20048,1,0.3,Standard,Upi,443.06,45,75.56,Delivered
503418,2024-01-04,12939,20113,1,0.05,Express,Upi,401.62,90,82.83,Delivered
503419,2024-10-10,12855,20260,5,0.25,Standard,Upi,4642.65,45,157.1,Delivered
503420,2025-12-22,13215,20176,1,0.2,Standard,Debit Card,204.54,45,35.95,Delivered
503421,2024-12-24,10891,20098,1,0.2,Standard,Upi,292.46,45,-31.56,Delivered
503422,2025-11-23,11335,20195,3,0.25,Standard,Credit Card,11759.08,70,2254.65,Delivered
503423,2024-10-08,13441,20285,1,0.2,Same Day,Net Banking,505.76,140,-9.97,Delivered
503424,2025-10-18,11720,20149,2,0.1,Standard,Debit Card,635.2,45,47.74,Delivered
503425,2025-09-19,12861,20298,1,0.05,Standard,Credit Card,1446.97,45,559.95,Delivered
503426,2024-12-14,10971,20003,1,0.1,Standard,Net Banking,461.02,45,73.28,Delivered
503427,2024-01-30,13513,20279,1,0.0,Standard,Upi,1591.48,45,783.81,Delivered
503428,2025-05-31,10067,20261,1,0.25,Standard,Upi,112.5,45,-43.63,Delivered
503429,2025-01-08,10678,20223,1,0.2,Standard,Debit Card,1047.48,45,268.63,Delivered
503430,2025-09-09,10838,20281,2,0.2,Standard,Credit Card,2224.61,45,712.57,Delivered
503431,2024-05-03,10927,20291,1,0.1,Standard,Cash On Delivery,763.31,45,81.1,Delivered
503432,2025-03-21,13066,20235,4,0.0,Standard,Upi,20521.72,70,8809.0,Delivered
503433,2025-01-28,10341,20065,1,0.15,Standard,Credit Card,1837.37,45,302.06,Delivered
503434,2025-10-11,13928,20207,1,0.15,Standard,Upi,633.65,45,189.79,Cancelled
503435,2025-09-09,10102,20295,1,0.2,Express,Upi,1902.0,90,82.36,Delivered
503436,2025-12-25,13386,20216,1,0.1,Express,Upi,5630.55,115,2066.94,Delivered
503437,2024-02-25,11134,20111,1,0.05,Express,Upi,1235.84,90,513.02,Delivered
503438,2024-05-11,13957,20274,2,0.2,Express,Upi,1752.86,90,227.68,Delivered
503439,2024-05-01,10828,20281,2,0.15,Same Day,Upi,2363.65,140,756.61,Delivered
503440,2024-07-20,13680,20137,1,0.25,Express,Upi,240.54,90,-7.74,Delivered
503441,2025-12-20,12182,20169,2,0.0,Standard,Credit Card,2437.64,45,982.94,Delivered
503442,2025-08-24,10385,20278,2,0.1,Standard,Upi,12635.44,70,2341.78,Delivered
503443,2025-12-02,10598,20230,5,0.15,Standard,Upi,3244.66,45,615.86,Delivered
503444,2024-09-21,13117,20194,2,0.3,Standard,Upi,7283.98,70,-894.7,Delivered
503445,2025-07-11,14232,20173,1,0.2,Standard,Cash On Delivery,594.54,45,23.06,Delivered
503446,2024-02-09,11314,20276,2,0.05,Standard,Net Banking,3279.93,45,652.15,Delivered
503447,2025-08-01,12741,20215,1,0.1,Standard,Upi,510.13,45,195.13,Delivered
503448,2024-04-22,12433,20140,1,0.1,Standard,Cash On Delivery,846.44,45,168.32,Delivered
503449,2024-12-04,11844,20202,2,0.25,Express,Credit Card,815.28,90,115.84,Delivered
503450,2024-03-02,13177,20064,1,0.1,Standard,Upi,1874.6,45,780.25,Cancelled
503451,2024-08-14,11848,20160,4,0.2,Standard,Cash On Delivery,1917.7,45,468.38,Delivered
503452,2024-06-22,13103,20062,1,0.1,Standard,Credit Card,307.87,45,26.12,Cancelled
503453,2024-05-13,13754,20133,1,0.05,Same Day,Upi,1372.92,140,477.44,Delivered
503454,2024-10-11,12778,20120,1,0.1,Same Day,Credit Card,2194.99,140,242.28,Delivered
503455,2025-09-17,11789,20300,1,0.3,Standard,Upi,609.08,45,56.92,Delivered
503456,2024-04-17,11243,20157,1,0.15,Express,Debit Card,1682.76,90,444.85,Delivered
503457,2024-05-22,12008,20289,1,0.0,Express,Upi,1749.49,90,666.73,Delivered
503458,2025-07-22,10718,20013,2,0.0,Standard,Upi,507.84,45,75.94,Delivered
503459,2024-10-20,11650,20228,1,0.1,Express,Upi,773.92,90,48.73,Delivered
503460,2024-10-03,11772,20274,1,0.0,Express,Debit Card,1095.54,90,287.95,Delivered
503461,2025-05-06,11637,20231,2,0.0,Express,Debit Card,1107.96,90,498.66,Delivered
503462,2025-07-16,11364,20066,1,0.15,Standard,Debit Card,532.22,45,113.5,Cancelled
503463,2025-04-15,13127,20228,4,0.15,Standard,Credit Card,2923.69,45,337.93,Delivered
503464,2024-10-02,12450,20145,3,0.05,Standard,Upi,17785.37,70,7734.28,Delivered
503465,2024-08-21,12294,20161,2,0.2,Express,Net Banking,4188.08,90,919.52,Delivered
503466,2024-08-29,13376,20289,1,0.05,Standard,Credit Card,1662.02,45,624.26,Delivered
503467,2024-09-14,10029,20084,1,0.15,Same Day,Net Banking,1352.93,140,118.16,Delivered
503468,2024-02-01,13433,20022,4,0.15,Standard,Credit Card,22833.35,70,6178.03,Delivered
503469,2025-01-01,11350,20125,2,0.2,Express,Net Banking,1380.93,90,395.53,Delivered
503470,2024-12-13,12161,20181,1,0.15,Standard,Upi,1637.92,45,231.76,Delivered
503471,2024-05-11,11563,20044,1,0.0,Express,Upi,2243.96,90,1039.08,Delivered
503472,2025-01-02,11591,20284,1,0.0,Standard,Net Banking,327.73,45,121.01,Delivered
503473,2024-09-21,10800,20265,1,0.0,Express,Debit Card,251.81,90,12.11,Delivered
503474,2024-08-02,11513,20278,3,0.2,Standard,Cash On Delivery,16847.26,70,1441.77,Delivered
503475,2024-08-02,13589,20217,1,0.15,Express,Debit Card,450.75,90,115.82,Delivered
503476,2024-10-08,14025,20085,1,0.25,Standard,Cash On Delivery,1908.57,45,109.53,Delivered
503477,2025-06-13,13779,20281,4,0.1,Express,Cash On Delivery,5005.37,115,1956.29,Delivered
503478,2024-01-02,11374,20079,2,0.05,Standard,Cash On Delivery,4097.92,45,824.02,Delivered
503479,2025-05-27,11071,20007,3,0.1,Express,Debit Card,19992.04,115,5476.35,Delivered
503480,2025-04-08,13446,20224,1,0.05,Standard,Net Banking,333.1,45,107.73,Delivered
503481,2025-03-22,12073,20195,2,0.2,Standard,Credit Card,8362.02,70,2002.4,Delivered
503482,2024-12-28,12863,20289,2,0.05,Standard,Cash On Delivery,3324.03,45,1293.51,Delivered
503483,2024-08-03,11808,20081,3,0.05,Express,Upi,1943.47,90,756.28,Delivered
503484,2024-06-12,13758,20122,3,0.1,Standard,Upi,10276.79,70,2153.02,Delivered
503485,2025-12-03,12406,20058,1,0.2,Standard,Credit Card,1302.51,45,429.09,Delivered
503486,2025-08-09,11253,20300,2,0.1,Same Day,Cash On Delivery,1566.2,140,411.88,Delivered
503487,2025-06-21,12527,20121,1,0.15,Standard,Credit Card,926.41,45,388.2,Delivered
503488,2025-05-25,12161,20048,1,0.05,Express,Upi,601.29,90,188.79,Delivered
503489,2024-08-08,11219,20125,1,0.0,Standard,Debit Card,863.08,45,370.38,Delivered
503490,2025-07-08,10755,20153,1,0.05,Standard,Cash On Delivery,1780.14,45,555.68,Delivered
503491,2025-09-25,12506,20013,3,0.2,Standard,Credit Card,609.41,45,-15.94,Delivered
503492,2025-10-02,12022,20268,2,0.15,Standard,Upi,6006.37,70,1874.47,Delivered
503493,2024-10-09,13677,20224,1,0.0,Standard,Debit Card,350.63,45,125.26,Delivered
503494,2024-03-11,14226,20227,1,0.05,Standard,Debit Card,2345.21,45,513.79,Delivered
503495,2025-01-08,13157,20191,1,0.05,Standard,Credit Card,980.65,45,208.85,Delivered
503496,2024-09-15,13861,20250,1,0.05,Standard,Upi,2620.65,45,1122.8,Delivered
503497,2025-03-20,13346,20190,1,0.15,Standard,Credit Card,544.12,45,99.87,Delivered
503498,2024-07-19,12749,20028,1,0.05,Standard,Credit Card,7050.35,70,1300.55,Delivered
503499,2025-10-03,13571,20223,3,0.0,Express,Credit Card,3928.05,90,1636.5,Delivered
503500,2025-01-14,10253,20203,3,0.1,Express,Debit Card,4976.8,90,1511.14,Cancelled
503501,2025-08-15,11630,20042,2,0.1,Standard,Upi,14439.67,70,4707.53,Delivered
503502,2025-02-18,12710,20189,3,0.05,Express,Net Banking,3590.46,90,913.29,Delivered
503503,2024-03-05,14956,20080,2,0.05,Standard,Debit Card,5404.4,70,2499.4,Delivered
503504,2025-01-12,14824,20038,2,0.05,Same Day,Credit Card,3156.41,140,1333.89,Delivered
503505,2025-10-19,13116,20109,1,0.0,Standard,Upi,968.91,45,456.23,Cancelled
503506,2025-10-07,10593,20114,1,0.05,Standard,Upi,393.31,45,83.37,Delivered
503507,2024-04-11,12046,20133,1,0.1,Standard,Credit Card,1300.66,45,500.18,Delivered
503508,2024-02-11,13589,20176,2,0.05,Standard,Debit Card,485.79,45,193.61,Delivered
503509,2024-07-14,13817,20163,4,0.15,Standard,Debit Card,9781.26,70,1203.94,Delivered
503510,2024-12-25,12727,20235,1,0.2,Express,Credit Card,4104.34,90,1103.66,Delivered
503511,2024-04-08,10569,20270,1,0.15,Standard,Credit Card,739.02,45,83.93,Delivered
503512,2025-01-22,14639,20054,3,0.05,Express,Upi,7912.68,115,3577.34,Delivered
503513,2024-03-05,11940,20154,1,0.05,Standard,Credit Card,660.59,45,105.24,Delivered
503514,2024-10-23,14106,20238,4,0.25,Standard,Upi,1906.41,45,67.13,Cancelled
503515,2025-03-02,10024,20042,4,0.1,Standard,Net Banking,28879.34,70,9485.06,Delivered
503516,2024-08-10,12773,20216,1,0.2,Standard,Credit Card,5004.94,70,1486.33,Delivered
503517,2025-11-25,12962,20095,2,0.15,Express,Upi,1962.17,90,111.53,Delivered
503518,2024-05-28,14405,20146,2,0.15,Same Day,Net Banking,1515.62,140,41.94,Delivered
503519,2025-05-23,12687,20103,2,0.05,Standard,Cash On Delivery,1839.07,45,708.65,Delivered
503520,2025-03-17,13999,20125,4,0.2,Express,Upi,2761.86,90,881.06,Delivered
503521,2025-02-17,11623,20149,1,0.1,Express,Credit Card,317.6,90,-43.63,Delivered
503522,2024-04-25,14787,20162,2,0.1,Standard,Net Banking,2900.02,45,681.28,Delivered
503523,2025-03-28,11424,20217,2,0.15,Express,Net Banking,901.51,90,321.65,Delivered
503524,2024-11-15,10686,20040,2,0.05,Express,Credit Card,1860.65,90,651.21,Delivered
503525,2025-03-26,13339,20119,1,0.05,Standard,Credit Card,3084.81,45,1578.51,Delivered
503526,2024-03-19,12017,20111,2,0.0,Express,Upi,2601.76,90,1246.12,Delivered
503527,2024-12-22,13833,20286,1,0.1,Standard,Debit Card,2191.97,45,886.81,Delivered
503528,2024-04-28,11537,20198,1,0.15,Standard,Upi,1688.47,45,503.08,Delivered
503529,2025-08-08,14357,20117,1,0.05,Standard,Net Banking,361.52,45,94.54,Delivered
503530,2025-06-04,14221,20025,1,0.2,Standard,Net Banking,2721.73,45,41.22,Cancelled
503531,2024-10-05,11380,20285,2,0.3,Standard,Cash On Delivery,885.08,45,88.62,Delivered
503532,2025-07-19,10933,20067,2,0.05,Standard,Credit Card,3135.17,45,784.07,Delivered
503533,2024-02-14,10891,20185,1,0.1,Standard,Credit Card,2319.53,45,788.89,Delivered
503534,2024-08-12,14596,20216,1,0.05,Express,Upi,5943.36,115,2379.75,Delivered
503535,2025-06-11,12939,20105,5,0.1,Express,Upi,26527.82,115,4826.27,Delivered
503536,2025-12-24,10334,20145,1,0.1,Standard,Debit Card,5616.43,70,2219.4,Delivered
503537,2025-12-12,13954,20109,3,0.1,Same Day,Cash On Delivery,2616.06,140,1073.02,Delivered
503538,2024-08-28,11152,20050,1,0.1,Express,Credit Card,1778.6,90,679.6,Delivered
503539,2025-09-05,11751,20212,2,0.1,Standard,Upi,1837.73,45,339.87,Delivered
503540,2025-04-26,10232,20090,3,0.0,Standard,Debit Card,3110.61,45,1474.65,Delivered
503541,2024-04-04,10804,20269,5,0.1,Standard,Debit Card,2018.02,45,932.97,Delivered
503542,2024-12-30,11844,20191,1,0.3,Standard,Debit Card,722.58,45,-49.22,Delivered
503543,2024-07-03,11479,20295,2,0.1,Express,Cash On Delivery,4279.5,90,730.22,Delivered
503544,2024-05-15,14752,20017,1,0.1,Express,Upi,1099.98,90,415.79,Delivered
503545,2024-01-25,12568,20232,2,0.15,Same Day,Net Banking,2684.1,140,1008.72,Delivered
503546,2024-11-13,12148,20080,1,0.2,Express,Upi,2275.54,90,768.04,Delivered
503547,2024-11-28,12356,20059,3,0.15,Express,Debit Card,15010.09,115,2176.02,Delivered
503548,2025-07-15,12228,20030,1,0.1,Standard,Debit Card,468.53,45,55.94,Delivered
503549,2025-11-11,13776,20131,1,0.1,Same Day,Credit Card,168.04,140,-60.06,Delivered
503550,2024-04-09,12151,20123,2,0.1,Standard,Debit Card,10294.11,70,3300.85,Delivered
503551,2025-01-04,11147,20051,5,0.0,Standard,Upi,7333.8,70,3863.75,Delivered
503552,2025-08-15,11991,20080,1,0.1,Standard,Upi,2559.98,45,1097.48,Delivered
503553,2024-01-12,12110,20251,1,0.05,Standard,Upi,695.31,45,298.32,Delivered
503554,2025-12-20,12433,20192,1,0.15,Express,Upi,1132.88,90,112.34,Delivered
503555,2024-03-17,13508,20074,1,0.15,Express,Net Banking,843.06,90,100.9,Delivered
503556,2025-08-09,10732,20111,3,0.1,Standard,Upi,3512.38,45,1568.92,Delivered
503557,2025-11-12,12855,20199,3,0.05,Express,Debit Card,2187.32,90,713.87,Delivered
503558,2024-12-13,13377,20177,1,0.2,Standard,Net Banking,850.9,45,13.5,Delivered
503559,2025-03-18,14862,20020,2,0.05,Standard,Cash On Delivery,673.47,45,200.27,Delivered
503560,2025-11-21,11761,20205,2,0.05,Standard,Net Banking,25760.81,70,5442.49,Delivered
503561,2024-03-28,11155,20029,1,0.05,Standard,Net Banking,2116.84,45,1066.1,Delivered
503562,2025-04-09,12349,20010,1,0.15,Standard,Credit Card,826.07,45,176.03,Delivered
503563,2025-05-08,12752,20009,1,0.1,Standard,Upi,675.28,45,90.74,Delivered
503564,2024-08-09,14297,20063,1,0.0,Express,Credit Card,263.69,90,-22.6,Delivered
503565,2025-05-29,14523,20033,1,0.15,Standard,Debit Card,926.02,45,53.57,Delivered
503566,2024-04-27,10633,20152,1,0.2,Standard,Upi,236.54,45,49.17,Delivered
503567,2024-05-15,12284,20080,1,0.1,Same Day,Upi,2559.98,140,1002.48,Delivered
503568,2024-07-05,12013,20032,1,0.2,Express,Credit Card,366.48,90,-44.74,Delivered
503569,2025-06-25,14956,20004,1,0.25,Standard,Upi,256.02,45,-24.8,Delivered
503570,2025-08-01,14063,20190,1,0.05,Standard,Net Banking,608.13,45,163.88,Delivered
503571,2024-11-06,12012,20126,2,0.1,Standard,Upi,8815.07,70,2374.41,Delivered
503572,2025-01-13,12152,20022,3,0.2,Express,Cash On Delivery,16117.66,115,3563.67,Delivered
503573,2025-02-15,12662,20151,4,0.15,Standard,Credit Card,14442.04,70,4884.2,Delivered
503574,2025-02-24,11765,20218,3,0.1,Standard,Debit Card,1668.6,45,483.12,Delivered
503575,2024-08-04,13251,20282,1,0.15,Standard,Credit Card,612.64,45,164.09,Cancelled
503576,2025-10-31,12352,20172,3,0.15,Standard,Debit Card,2994.01,45,304.36,Delivered
503577,2024-03-11,12427,20239,3,0.05,Standard,Upi,1552.05,45,630.69,Delivered
503578,2024-04-19,12850,20150,3,0.05,Standard,Net Banking,1335.17,45,404.15,Delivered
503579,2024-10-11,12099,20108,1,0.05,Same Day,Upi,2210.33,140,465.9,Delivered
503580,2025-08-24,14184,20195,1,0.15,Standard,Debit Card,4442.32,45,1252.51,Delivered
503581,2025-07-22,14431,20052,1,0.0,Standard,Debit Card,1995.73,45,644.82,Delivered
503582,2024-10-24,14721,20142,1,0.1,Standard,Unknown,601.41,45,126.77,Delivered
503583,2025-05-13,13764,20064,1,0.2,Express,Debit Card,1666.31,90,526.96,Delivered
503584,2025-07-14,14715,20173,3,0.2,Standard,Credit Card,1783.63,45,159.19,Delivered
503585,2025-11-27,12780,20192,4,0.25,Express,Credit Card,3998.4,90,186.24,Delivered
503586,2025-12-11,14478,20158,2,0.15,Express,Net Banking,2042.55,90,355.53,Delivered
503587,2025-06-13,11587,20154,1,0.05,Express,Debit Card,660.59,90,60.24,Delivered
503588,2024-07-16,10437,20232,1,0.15,Standard,Upi,1342.05,45,529.36,Delivered
503589,2025-05-21,13469,20160,2,0.05,Express,Debit Card,1138.63,90,346.47,Delivered
503590,2025-05-03,10533,20051,1,0.05,Express,Net Banking,1393.42,90,623.41,Delivered
503591,2024-01-27,10892,20215,1,0.25,Standard,Upi,425.11,45,110.11,Cancelled
503592,2024-04-27,13948,20290,1,0.0,Standard,Upi,4654.63,45,1545.24,Delivered
503593,2024-02-23,12851,20108,2,0.1,Standard,Credit Card,4187.99,45,934.13,Delivered
503594,2025-05-18,12134,20204,1,0.0,Standard,Upi,1863.11,45,978.81,Delivered
503595,2024-05-31,14743,20215,2,0.05,Express,Upi,1076.94,90,446.94,Delivered
503596,2025-04-23,10729,20028,3,0.1,Standard,Net Banking,20037.83,70,2928.43,Delivered
503597,2024-06-10,13338,20275,3,0.0,Standard,Upi,8678.52,70,3993.77,Delivered
503598,2025-10-23,13155,20176,4,0.0,Express,Upi,1022.72,90,438.36,Delivered
503599,2024-08-03,13129,20072,1,0.1,Express,Net Banking,1460.74,90,140.34,Delivered
503600,2025-02-23,11540,20071,4,0.1,Express,Upi,7358.26,115,2293.3,Delivered
503601,2024-12-13,11151,20283,1,0.2,Express,Upi,1082.8,90,103.88,Delivered
503602,2024-12-05,14188,20051,2,0.1,Standard,Debit Card,2640.17,45,1235.15,Delivered
503603,2025-07-07,10211,20084,1,0.05,Standard,Credit Card,1512.1,45,372.33,Delivered
503604,2024-12-17,11763,20054,5,0.0,Standard,Upi,13881.9,70,6778.0,Delivered
503605,2025-11-03,11126,20123,1,0.15,Standard,Credit Card,4861.11,45,1354.48,Delivered
503606,2025-08-08,11601,20227,1,0.15,Standard,Upi,2098.34,45,266.92,Delivered
503607,2025-01-09,14839,20017,2,0.0,Express,Debit Card,2444.4,90,1166.02,Delivered
503608,2025-06-20,13386,20220,1,0.0,Express,Credit Card,4618.76,90,1601.3,Delivered
503609,2024-10-29,13967,20072,1,0.2,Standard,Credit Card,1298.43,45,23.03,Delivered
503610,2024-08-29,12470,20114,1,0.05,Standard,Debit Card,393.31,45,83.37,Delivered
503611,2025-01-12,13129,20129,1,0.1,Standard,Upi,3246.32,45,1294.72,Delivered
503612,2025-11-15,10012,20105,1,0.15,Express,Debit Card,5010.81,115,578.5,Delivered
503613,2025-01-23,14616,20270,1,0.15,Express,Upi,739.02,90,38.93,Delivered
503614,2024-10-13,14165,20064,1,0.1,Standard,Credit Card,1874.6,45,780.25,Delivered
503615,2024-06-07,11600,20152,4,0.1,Standard,Debit Card,1123.55,45,509.07,Delivered
503616,2024-12-19,14911,20227,2,0.15,Express,Debit Card,4196.69,90,533.85,Delivered
503617,2025-12-30,10646,20200,1,0.1,Standard,Credit Card,1564.82,45,181.33,Cancelled
503618,2025-03-30,11549,20069,3,0.1,Standard,Upi,5422.38,70,2588.3,Delivered
503619,2025-09-18,10382,20032,2,0.15,Express,Upi,778.77,90,46.33,Delivered
503620,2024-08-28,11636,20001,1,0.05,Standard,Credit Card,1438.12,45,463.14,Delivered
503621,2024-07-30,12816,20194,1,0.1,Standard,Debit Card,4682.56,45,583.22,Delivered
503622,2024-12-28,14306,20234,1,0.05,Standard,Upi,7743.5,70,3378.92,Delivered
503623,2025-08-20,14602,20204,4,0.1,Standard,Net Banking,6707.2,70,3280.0,Delivered
503624,2024-05-12,11513,20074,3,0.1,Standard,Net Banking,2677.94,45,676.46,Delivered
503625,2025-05-23,13659,20152,1,0.1,Standard,Credit Card,266.1,45,78.73,Delivered
503626,2024-10-03,12373,20147,2,0.1,Standard,Credit Card,1853.1,45,360.82,Delivered
503627,2024-09-21,12638,20051,1,0.05,Same Day,Upi,1393.42,140,573.41,Delivered
503628,2025-08-27,13116,20258,3,0.0,Same Day,Upi,2020.08,140,840.64,Delivered
503629,2025-08-25,11952,20010,2,0.0,Express,Upi,1943.7,90,643.62,Delivered
503630,2025-10-18,10042,20103,1,0.1,Express,Credit Card,871.14,90,238.43,Delivered
503631,2024-12-25,14828,20134,1,0.1,Express,Cash On Delivery,1010.25,90,163.36,Delivered
503632,2025-10-25,10021,20190,2,0.15,Standard,Debit Card,1088.24,45,244.74,Delivered
503633,2025-10-28,14401,20066,2,0.05,Express,Credit Card,1189.67,90,352.23,Delivered
503634,2024-05-15,13425,20264,2,0.15,Express,Upi,1218.44,90,110.26,Delivered
503635,2025-03-03,14700,20187,3,0.15,Standard,Net Banking,7465.23,70,568.91,Delivered
503636,2024-01-29,11010,20292,2,0.05,Express,Debit Card,626.56,90,50.84,Delivered
503637,2025-08-17,14538,20136,1,0.3,Standard,Credit Card,220.59,45,-1.86,Cancelled
503638,2024-11-25,10223,20095,3,0.05,Same Day,Debit Card,3289.53,140,508.57,Delivered
503639,2024-02-03,13541,20187,1,0.1,Express,Credit Card,2634.79,90,269.35,Delivered
503640,2025-05-18,14798,20232,4,0.2,Same Day,Credit Card,5052.42,165,1816.66,Delivered
503641,2024-04-13,14420,20206,3,0.05,Standard,Upi,2973.43,45,1224.31,Delivered
503642,2025-05-08,12464,20299,3,0.0,Express,Cash On Delivery,4290.42,90,978.81,Delivered
503643,2025-01-05,13757,20233,2,0.1,Same Day,Net Banking,4769.14,140,823.66,Delivered
503644,2025-01-22,12889,20063,2,0.15,Standard,Upi,448.27,45,10.69,Delivered
503645,2024-08-24,13995,20268,1,0.05,Express,Debit Card,3356.5,90,1235.55,Delivered
503646,2024-03-30,14398,20056,2,0.0,Standard,Credit Card,9379.26,70,4185.22,Delivered
503647,2024-11-28,13742,20049,1,0.0,Standard,Debit Card,766.69,45,184.27,Delivered
503648,2025-01-11,13914,20027,1,0.15,Express,Credit Card,845.61,90,280.25,Delivered
503649,2024-08-27,13797,20082,1,0.25,Standard,Cash On Delivery,1534.36,45,-103.52,Delivered
503650,2025-12-30,13992,20230,2,0.25,Standard,Cash On Delivery,1145.18,45,66.66,Delivered
503651,2024-06-30,14105,20036,3,0.2,Standard,Upi,5609.02,70,1860.39,Delivered
503652,2024-09-13,12563,20220,1,0.1,Standard,Upi,4156.88,45,1184.42,Delivered
503653,2024-07-07,12218,20234,1,0.1,Express,Upi,7335.95,115,2926.37,Delivered
503654,2025-02-18,10309,20157,1,0.3,Express,Upi,1385.8,90,147.89,Delivered
503655,2024-09-11,13590,20079,1,0.2,Express,Credit Card,1725.44,90,20.99,Delivered
503656,2024-02-14,11927,20297,1,0.0,Express,Upi,311.02,90,-11.56,Delivered
503657,2025-08-20,10327,20236,1,0.0,Standard,Debit Card,3518.02,45,1721.23,Delivered
503658,2024-07-19,10080,20028,1,0.1,Express,Credit Card,6679.28,115,884.48,Delivered
503659,2024-12-24,14900,20192,2,0.0,Standard,Upi,2665.6,45,759.52,Cancelled
503660,2024-12-08,11844,20152,1,0.15,Standard,Debit Card,251.32,45,63.95,Delivered
503661,2024-07-30,11760,20101,2,0.15,Same Day,Debit Card,3265.09,140,1261.69,Delivered
503662,2025-09-22,10978,20278,1,0.15,Express,Net Banking,5966.74,115,739.91,Delivered
503663,2024-10-24,10474,20047,1,0.25,Standard,Upi,378.75,45,60.17,Cancelled
503664,2024-06-03,12805,20017,1,0.3,Express,Debit Card,855.54,90,171.35,Delivered
503665,2025-11-28,11169,20012,4,0.1,Standard,Net Banking,22130.24,70,5922.24,Delivered
503666,2024-07-15,14391,20276,1,0.05,Standard,Upi,1639.97,45,303.58,Delivered
503667,2025-04-26,11154,20261,1,0.0,Standard,Upi,150.0,45,-6.13,Delivered
503668,2025-12-13,11243,20254,1,0.2,Standard,Upi,362.46,45,88.2,Delivered
503669,2025-01-13,12514,20015,1,0.05,Standard,Debit Card,1298.56,45,589.13,Delivered
503670,2025-12-06,11811,20025,2,0.0,Standard,Net Banking,6804.32,70,1463.3,Delivered
503671,2025-01-01,13943,20163,1,0.15,Express,Upi,2445.31,90,228.48,Delivered
503672,2025-06-20,11741,20108,2,0.1,Express,Upi,4187.99,90,889.13,Delivered
503673,2024-03-11,11004,20063,2,0.2,Standard,Upi,421.9,45,-15.68,Delivered
503674,2024-01-28,12957,20243,3,0.0,Standard,Upi,1431.63,45,398.34,Delivered
503675,2025-01-27,12017,20116,3,0.15,Express,Net Banking,1136.99,90,326.09,Delivered
503676,2025-06-06,12869,20022,2,0.15,Standard,Cash On Delivery,11416.67,70,3054.01,Delivered
503677,2024-12-14,10830,20106,2,0.2,Standard,Credit Card,1949.58,45,589.6,Delivered
503678,2024-04-27,11150,20130,2,0.0,Standard,Cash On Delivery,1188.04,45,582.2,Delivered
503679,2025-01-14,10974,20126,1,0.15,Standard,Credit Card,4162.67,45,932.34,Delivered
503680,2024-07-26,13417,20228,3,0.2,Standard,Debit Card,2063.78,45,113.21,Cancelled
503681,2025-02-26,10920,20261,1,0.05,Standard,Credit Card,142.5,45,-13.63,Delivered
503682,2024-04-02,10633,20028,2,0.05,Standard,Upi,14100.7,70,2671.1,Delivered
503683,2024-05-20,10480,20015,1,0.25,Standard,Credit Card,1025.18,45,315.75,Delivered
503684,2024-12-20,10761,20183,3,0.15,Standard,Net Banking,3297.23,45,1430.39,Delivered
503685,2025-06-06,10332,20294,1,0.0,Express,Debit Card,1944.4,90,939.09,Delivered
503686,2024-03-09,10131,20210,2,0.2,Standard,Credit Card,1071.94,45,133.2,Delivered
503687,2025-08-04,11065,20014,1,0.3,Same Day,Credit Card,6004.33,165,1747.02,Delivered
503688,2025-11-27,11759,20032,2,0.1,Standard,Cash On Delivery,824.58,45,137.14,Delivered
503689,2024-05-03,10199,20044,1,0.15,Standard,Net Banking,1907.37,45,747.49,Delivered
503690,2025-02-22,13401,20116,3,0.15,Standard,Credit Card,1136.99,45,371.09,Delivered
503691,2025-06-06,11487,20123,1,0.1,Standard,Net Banking,5147.06,70,1615.43,Delivered
503692,2025-11-08,10355,20102,1,0.1,Standard,Upi,4532.77,45,814.26,Delivered
503693,2025-08-25,12273,20004,2,0.15,Standard,Credit Card,580.31,45,63.67,Delivered
503694,2024-12-06,13155,20190,1,0.05,Express,Upi,608.13,90,118.88,Delivered
503695,2024-10-31,13863,20203,1,0.1,Standard,Cash On Delivery,1658.93,45,488.71,Delivered
503696,2024-06-05,12693,20238,4,0.1,Standard,Upi,2287.69,45,448.41,Delivered
503697,2024-03-28,12784,20059,3,0.0,Express,Cash On Delivery,17658.93,115,4824.86,Delivered
503698,2024-08-15,14998,20145,1,0.05,Same Day,Cash On Delivery,5928.46,165,2436.43,Delivered
503699,2024-12-30,13536,20004,1,0.1,Express,Upi,307.22,90,-18.6,Delivered
503700,2025-10-07,10809,20260,2,0.2,Standard,Cash On Delivery,1980.86,45,159.64,Delivered
503701,2024-09-22,10161,20241,1,0.2,Standard,Credit Card,171.57,45,19.33,Delivered
503702,2024-03-24,13508,20229,1,0.25,Standard,Cash On Delivery,4571.04,45,366.56,Delivered
503703,2024-07-30,10609,20140,4,0.05,Standard,Credit Card,3573.86,45,996.38,Delivered
503704,2024-08-05,12681,20054,1,0.2,Standard,Credit Card,2221.1,45,769.32,Delivered
503705,2024-05-30,11141,20063,3,0.1,Standard,Debit Card,711.96,45,78.09,Delivered
503706,2025-11-16,11383,20143,1,0.25,Standard,Upi,1513.94,45,376.68,Delivered
503707,2024-05-19,13297,20056,1,0.05,Express,Cash On Delivery,4455.15,90,1803.13,Delivered
503708,2024-02-24,14078,20073,1,0.1,Standard,Net Banking,828.82,45,265.45,Delivered
503709,2024-05-20,14997,20097,1,0.0,Express,Upi,496.36,90,91.07,Delivered
503710,2024-03-14,10010,20080,1,0.25,Standard,Upi,2133.32,45,670.82,Delivered
503711,2024-05-14,12856,20287,1,0.15,Standard,Debit Card,1655.42,45,184.33,Delivered
503712,2025-10-03,14351,20271,3,0.05,Standard,Credit Card,15487.81,70,4997.91,Delivered
503713,2024-01-26,13724,20130,1,0.05,Standard,Upi,564.32,45,238.9,Delivered
503714,2025-05-02,10658,20013,3,0.15,Standard,Net Banking,647.5,45,22.15,Delivered
503715,2025-03-10,12727,20248,4,0.0,Standard,Cash On Delivery,2012.12,45,576.96,Delivered
503716,2025-08-03,13659,20005,1,0.05,Standard,Upi,400.85,45,123.17,Delivered
503717,2024-03-02,13213,20032,2,0.1,Same Day,Upi,824.58,140,42.14,Delivered
503718,2024-07-18,12165,20181,1,0.05,Express,Net Banking,1830.61,90,379.45,Delivered
503719,2025-05-04,10147,20106,3,0.0,Express,Credit Card,3655.47,90,1593.0,Delivered
503720,2025-05-07,14056,20237,1,0.15,Same Day,Cash On Delivery,550.53,140,77.36,Delivered
503721,2025-11-09,10010,20021,2,0.1,Standard,Debit Card,22285.08,70,6419.5,Delivered
503722,2025-04-12,13230,20225,1,0.0,Standard,Credit Card,11230.04,70,3700.03,Delivered
503723,2024-04-25,14515,20203,2,0.0,Standard,Cash On Delivery,3686.52,45,1391.08,Delivered
503724,2025-01-05,12619,20041,2,0.25,Standard,Net Banking,225.0,45,13.02,Delivered
503725,2025-10-12,13601,20161,1,0.0,Standard,Credit Card,2617.55,45,983.27,Delivered
503726,2024-08-19,14738,20232,2,0.1,Standard,Upi,2841.98,45,1261.6,Delivered
503727,2025-03-23,13639,20136,3,0.1,Same Day,Debit Card,850.85,140,178.5,Delivered
503728,2024-08-01,12318,20292,1,0.1,Standard,Net Banking,296.79,45,8.93,Delivered
503729,2024-07-26,13657,20033,1,0.2,Standard,Upi,871.55,45,-0.9,Delivered
503730,2024-04-11,13331,20029,1,0.15,Standard,Net Banking,1894.01,45,843.27,Delivered
503731,2024-01-10,14908,20057,1,0.15,Standard,Net Banking,1389.89,45,121.57,Delivered
503732,2025-04-17,13540,20180,1,0.1,Express,Upi,2504.93,90,601.98,Delivered
503733,2024-05-02,11644,20126,2,0.1,Standard,Debit Card,8815.07,70,2374.41,Delivered
503734,2024-01-04,13324,20124,1,0.0,Express,Credit Card,1867.16,90,614.14,Delivered
503735,2025-04-11,14030,20253,2,0.0,Standard,Upi,1165.92,45,548.98,Delivered
503736,2024-09-15,14357,20258,4,0.2,Standard,Upi,2154.75,45,723.83,Delivered
503737,2025-12-21,11088,20090,2,0.1,Standard,Debit Card,1866.37,45,760.73,Delivered
503738,2024-10-13,13167,20018,1,0.0,Express,Upi,2499.43,90,1252.21,Delivered
503739,2024-01-31,12097,20219,1,0.0,Standard,Net Banking,3430.29,45,1394.77,Delivered
503740,2025-11-18,12193,20178,1,0.25,Standard,Credit Card,388.69,45,84.97,Delivered
503741,2025-06-04,10917,20209,1,0.05,Standard,Upi,1114.58,45,434.0,Cancelled
503742,2025-12-16,12260,20015,2,0.1,Standard,Credit Card,2460.42,45,1086.56,Delivered
503743,2025-09-11,13260,20235,2,0.15,Standard,Credit Card,8721.73,70,2830.37,Delivered
503744,2024-05-03,12953,20135,3,0.2,Standard,Upi,6844.66,70,2031.72,Delivered
503745,2024-05-09,10428,20209,1,0.2,Standard,Credit Card,938.59,45,258.01,Delivered
503746,2025-05-30,13089,20211,3,0.2,Express,Net Banking,1699.87,90,77.65,Delivered
503747,2025-04-24,11514,20155,3,0.05,Express,Upi,798.6,90,89.88,Delivered
503748,2025-06-25,12741,20040,1,0.1,Standard,Upi,881.36,45,276.64,Delivered
503749,2024-03-17,12829,20273,5,0.15,Standard,Cash On Delivery,6081.66,70,2613.56,Delivered
503750,2024-07-01,13664,20160,1,0.2,Standard,Credit Card,479.42,45,83.34,Delivered
503751,2024-12-31,13580,20144,3,0.1,Express,Net Banking,506.57,90,68.81,Delivered
503752,2024-10-18,10831,20191,1,0.15,Standard,Credit Card,877.42,45,105.62,Delivered
503753,2025-12-14,10203,20222,3,0.25,Standard,Upi,845.1,45,112.41,Delivered
503754,2025-01-23,14267,20242,2,0.25,Same Day,Upi,6151.52,165,460.68,Delivered
503755,2024-06-05,13301,20086,1,0.15,Same Day,Debit Card,276.17,140,-83.27,Delivered
503756,2024-04-09,10567,20180,1,0.1,Same Day,Credit Card,2504.93,140,551.98,Delivered
503757,2025-09-25,12405,20080,4,0.1,Standard,Cash On Delivery,10239.91,70,4499.91,Delivered
503758,2024-04-19,12892,20049,1,0.2,Standard,Cash On Delivery,613.35,45,30.93,Delivered
503759,2025-11-09,13218,20154,1,0.15,Standard,Upi,591.06,45,35.71,Delivered
503760,2025-10-03,12103,20179,1,0.05,Standard,Debit Card,659.42,45,150.34,Delivered
503761,2024-09-26,10147,20299,2,0.05,Standard,Upi,2717.27,45,524.53,Delivered
503762,2024-05-17,11248,20243,1,0.05,Express,Credit Card,453.35,90,33.92,Delivered
503763,2025-11-18,10638,20009,1,0.15,Standard,Upi,637.76,45,53.22,Delivered
503764,2024-03-04,10452,20192,1,0.15,Express,Credit Card,1132.88,90,112.34,Delivered
503765,2025-10-04,14221,20090,2,0.0,Standard,Net Banking,2073.74,45,968.1,Delivered
503766,2025-05-21,10854,20002,1,0.15,Same Day,Net Banking,1967.84,140,177.7,Delivered
503767,2025-11-30,14945,20003,2,0.1,Standard,Debit Card,922.03,45,191.55,Delivered
503768,2024-12-15,10011,20195,1,0.05,Express,Debit Card,4964.95,90,1730.14,Delivered
503769,2024-05-26,12830,20265,1,0.25,Standard,Cash On Delivery,188.86,45,-5.84,Delivered
503770,2024-11-30,12304,20268,4,0.1,Standard,Upi,12719.38,70,4525.58,Delivered
503771,2025-06-15,11410,20243,1,0.1,Express,Credit Card,429.49,90,10.06,Delivered
503772,2025-07-07,13957,20165,1,0.1,Express,Upi,310.6,90,62.75,Delivered
503773,2025-02-10,14275,20213,1,0.1,Standard,Upi,2789.79,45,550.02,Delivered
503774,2024-12-09,13515,20195,1,0.0,Standard,Debit Card,5226.26,70,2011.45,Delivered
503775,2025-10-13,14527,20056,1,0.0,Standard,Upi,4689.63,45,2082.61,Delivered
503776,2025-06-04,14795,20105,2,0.1,Standard,Cash On Delivery,10611.13,70,1906.51,Delivered
503777,2025-08-13,12603,20213,1,0.15,Standard,Credit Card,2634.8,45,395.03,Delivered
503778,2025-10-21,13135,20154,1,0.1,Express,Credit Card,625.82,90,25.47,Delivered
503779,2025-12-05,14001,20216,1,0.25,Standard,Credit Card,4692.13,45,1198.52,Delivered
503780,2024-05-15,11933,20046,1,0.15,Same Day,Upi,3589.57,140,318.74,Delivered
503781,2024-02-08,11696,20181,1,0.0,Standard,Cash On Delivery,1926.96,45,520.8,Delivered
503782,2024-11-15,14897,20060,1,0.1,Express,Debit Card,3172.82,90,912.37,Delivered
503783,2024-10-13,10123,20244,2,0.1,Same Day,Upi,768.6,140,142.36,Delivered
503784,2025-04-07,12318,20226,1,0.0,Standard,Debit Card,1553.91,45,464.32,Delivered
503785,2025-10-23,11848,20032,1,0.0,Standard,Upi,458.1,45,91.88,Cancelled
503786,2024-12-17,11662,20175,2,0.3,Standard,Net Banking,358.64,45,-40.38,Delivered
503787,2024-01-05,11921,20094,3,0.15,Express,Credit Card,6688.62,115,2252.96,Delivered
503788,2024-08-23,12876,20130,3,0.15,Standard,Credit Card,1514.75,45,628.49,Delivered
503789,2024-08-23,13633,20151,3,0.1,Same Day,Debit Card,11468.68,165,4187.8,Delivered
503790,2025-05-15,14432,20297,1,0.2,Same Day,Net Banking,248.82,140,-123.76,Delivered
503791,2024-04-14,14957,20252,2,0.05,Same Day,Credit Card,1195.38,140,379.92,Delivered
503792,2024-07-25,13901,20139,5,0.2,Standard,Debit Card,1318.2,45,345.65,Delivered
503793,2024-08-26,12164,20271,2,0.0,Standard,Credit Card,10868.64,70,3852.04,Delivered
503794,2024-02-21,12839,20112,1,0.3,Standard,Credit Card,1767.68,45,-175.73,Delivered
503795,2024-04-17,13461,20158,2,0.2,Express,Net Banking,1922.4,90,235.38,Delivered
503796,2024-12-22,13519,20057,1,0.0,Standard,Credit Card,1635.16,45,366.84,Delivered
503797,2024-02-02,12784,20190,1,0.0,Same Day,Credit Card,640.14,140,100.89,Delivered
503798,2024-01-22,11172,20033,2,0.0,Express,Upi,2178.88,90,433.98,Delivered
503799,2024-11-02,10555,20001,1,0.15,Standard,Net Banking,1286.74,45,311.76,Delivered
503800,2024-01-11,13208,20131,1,0.15,Standard,Debit Card,158.7,45,25.6,Delivered
503801,2025-09-30,13290,20009,1,0.0,Express,Debit Card,750.31,90,120.77,Delivered
503802,2025-03-17,14030,20032,4,0.1,Standard,Credit Card,1649.16,45,319.28,Delivered
503803,2025-07-15,10981,20077,1,0.05,Standard,Upi,1768.81,45,515.41,Delivered
503804,2024-07-16,11817,20095,1,0.1,Standard,Debit Card,1038.8,45,113.48,Delivered
503805,2025-06-12,14504,20185,1,0.05,Standard,Upi,2448.4,45,917.76,Delivered
503806,2024-02-13,12079,20277,1,0.1,Standard,Debit Card,5726.76,70,2562.59,Delivered
503807,2024-07-03,11717,20023,1,0.15,Standard,Cash On Delivery,395.11,45,0.86,Delivered
503808,2025-01-23,14562,20117,1,0.05,Standard,Net Banking,361.52,45,94.54,Delivered
503809,2025-07-04,14548,20030,2,0.05,Standard,Debit Card,989.12,45,208.94,Delivered
503810,2025-05-21,13988,20074,1,0.1,Standard,Credit Card,892.65,45,195.49,Delivered
503811,2025-03-17,12062,20295,2,0.3,Standard,Upi,3328.5,45,-175.78,Delivered
503812,2025-05-10,12908,20230,2,0.15,Express,Cash On Delivery,1297.86,90,174.34,Delivered
503813,2025-05-19,11378,20263,1,0.25,Standard,Cash On Delivery,2743.53,45,143.13,Delivered
503814,2024-05-16,13536,20039,1,0.2,Standard,Credit Card,2454.98,45,347.6,Delivered
503815,2024-10-05,14299,20104,1,0.1,Standard,Debit Card,878.35,45,133.15,Delivered
503816,2024-06-12,12510,20194,1,0.05,Standard,Credit Card,4942.7,45,843.36,Delivered
503817,2025-06-26,14726,20143,1,0.05,Standard,Debit Card,1917.65,45,780.39,Delivered
503818,2024-01-23,10284,20202,4,0.1,Standard,Upi,1956.67,45,692.79,Delivered
503819,2025-12-11,12671,20207,1,0.1,Standard,Cash On Delivery,670.92,45,227.06,Delivered
503820,2025-05-21,13776,20034,1,0.1,Express,Net Banking,952.36,90,250.25,Delivered
503821,2025-11-16,11628,20291,1,0.1,Standard,Upi,763.31,45,81.1,Delivered
503822,2025-05-24,11612,20261,1,0.15,Express,Credit Card,127.5,90,-73.63,Delivered
503823,2025-07-23,10717,20083,2,0.1,Standard,Credit Card,1762.33,45,735.17,Delivered
503824,2025-12-08,14030,20263,3,0.1,Express,Credit Card,9876.71,115,2095.51,Delivered
503825,2025-08-22,10682,20238,2,0.1,Express,Credit Card,1143.85,90,156.71,Delivered
503826,2025-03-19,12266,20172,2,0.2,Same Day,Credit Card,1878.59,140,-24.51,Cancelled
503827,2024-05-21,14257,20186,4,0.15,Standard,Credit Card,8326.02,70,2812.82,Delivered
503828,2024-10-07,14270,20042,1,0.2,Standard,Net Banking,6417.63,70,1516.56,Delivered
503829,2024-07-25,11215,20228,1,0.1,Express,Upi,773.92,90,48.73,Delivered
503830,2025-11-14,11360,20274,1,0.1,Standard,Upi,985.99,45,223.4,Delivered
503831,2024-10-28,12612,20262,2,0.2,Standard,Credit Card,3395.98,45,138.74,Delivered
503832,2025-01-31,11790,20132,3,0.05,Standard,Credit Card,1427.0,45,699.23,Delivered
503833,2024-11-13,10422,20097,1,0.25,Standard,Debit Card,372.27,45,11.98,Delivered
503834,2024-02-17,11344,20053,3,0.1,Standard,Upi,3631.53,45,1451.52,Delivered
503835,2025-11-03,11163,20277,2,0.1,Standard,Upi,11453.53,70,5195.19,Delivered
503836,2025-11-07,11819,20194,2,0.05,Standard,Net Banking,9885.4,70,1706.72,Delivered
503837,2025-01-24,12517,20173,2,0.0,Express,Credit Card,1486.36,90,343.4,Delivered
503838,2025-01-13,12667,20193,2,0.05,Standard,Upi,1243.04,45,325.48,Delivered
503839,2024-08-04,11434,20145,5,0.1,Standard,Cash On Delivery,28082.16,70,11377.01,Delivered
503840,2025-09-20,11084,20145,1,0.15,Standard,Cash On Delivery,5304.41,70,1907.38,Delivered
503841,2024-09-07,13385,20276,1,0.05,Express,Upi,1639.97,90,258.58,Delivered
503842,2025-03-09,11389,20260,2,0.15,Standard,Net Banking,2104.67,45,283.45,Delivered
503843,2025-08-07,10523,20015,1,0.15,Standard,Credit Card,1161.86,45,452.43,Delivered
503844,2024-10-10,12795,20283,3,0.1,Standard,Upi,3654.45,45,942.69,Delivered
503845,2025-04-27,14184,20216,4,0.0,Same Day,Credit Card,25024.68,165,11065.24,Delivered
503846,2025-12-07,12290,20276,2,0.1,Standard,Cash On Delivery,3107.3,45,479.52,Delivered
503847,2024-09-23,11156,20108,1,0.0,Express,Upi,2326.66,90,632.23,Delivered
503848,2025-08-21,14020,20256,1,0.0,Standard,Upi,1275.02,45,482.07,Delivered
503849,2024-09-02,11084,20079,1,0.0,Express,Credit Card,2156.8,90,452.35,Delivered
503850,2024-06-06,12159,20018,1,0.05,Standard,Debit Card,2374.46,45,1172.24,Delivered
503851,2024-12-22,10041,20213,1,0.1,Express,Upi,2789.79,90,505.02,Delivered
503852,2025-07-01,11934,20209,2,0.15,Express,Net Banking,1994.51,90,633.35,Delivered
503853,2024-08-23,10751,20011,1,0.25,Standard,Debit Card,652.83,45,150.93,Delivered
503854,2025-04-04,10133,20146,1,0.05,Express,Cash On Delivery,846.96,90,90.12,Delivered
503855,2024-04-09,11645,20035,2,0.1,Standard,Upi,4262.83,45,1709.77,Delivered
503856,2024-04-28,12785,20055,1,0.3,Standard,Debit Card,1973.02,45,-253.38,Delivered
503857,2024-12-19,13177,20028,2,0.1,Standard,Net Banking,13358.56,70,1928.96,Delivered
503858,2025-12-08,10203,20164,2,0.1,Standard,Upi,1372.21,45,243.11,Delivered
503859,2024-03-28,11590,20109,2,0.05,Standard,Credit Card,1840.93,45,860.57,Delivered
503860,2024-02-05,14349,20024,2,0.05,Standard,Credit Card,4345.19,45,1081.73,Delivered
503861,2024-11-09,11265,20161,1,0.05,Express,Credit Card,2486.67,90,807.39,Delivered
503862,2025-06-23,12460,20165,2,0.25,Standard,Upi,517.66,45,156.96,Delivered
503863,2025-07-04,11238,20272,2,0.1,Standard,Upi,2496.74,45,457.38,Delivered
503864,2024-11-17,11555,20112,2,0.1,Standard,Net Banking,4545.45,45,703.63,Delivered
503865,2025-03-02,12494,20073,2,0.15,Standard,Credit Card,1565.55,45,483.81,Delivered
503866,2025-05-31,10053,20050,5,0.1,Standard,Upi,8892.99,70,3777.99,Delivered
503867,2025-10-14,13583,20111,1,0.2,Express,Credit Card,1040.7,90,317.88,Delivered
503868,2024-01-09,11765,20013,1,0.1,Standard,Upi,215.83,45,-22.62,Delivered
503869,2024-12-24,13469,20071,1,0.0,Standard,Upi,2043.96,45,761.47,Delivered
503870,2025-04-22,12982,20201,1,0.1,Standard,Net Banking,538.01,45,217.63,Delivered
503871,2024-02-26,11637,20291,3,0.2,Standard,Credit Card,2035.49,45,78.86,Delivered
503872,2024-10-09,10083,20024,1,0.25,Same Day,Upi,1715.2,140,-34.03,Cancelled
503873,2025-03-20,13554,20214,5,0.05,Standard,Net Banking,8405.88,70,4095.33,Delivered
503874,2025-04-05,13484,20295,1,0.05,Standard,Upi,2258.62,45,483.98,Delivered
503875,2025-05-04,12478,20147,1,0.1,Standard,Upi,926.55,45,157.91,Delivered
503876,2024-12-24,11452,20174,1,0.0,Standard,Upi,1783.56,45,812.6,Delivered
503877,2025-11-20,13680,20005,1,0.05,Express,Cash On Delivery,400.85,90,78.17,Delivered
503878,2025-08-16,12126,20007,1,0.15,Standard,Credit Card,6293.79,70,1423.56,Delivered
503879,2025-08-19,10439,20211,2,0.2,Express,Upi,1133.25,90,21.77,Delivered
503880,2024-03-05,12100,20271,1,0.1,Express,Credit Card,4890.89,90,1327.59,Delivered
503881,2025-03-04,12405,20276,1,0.25,Standard,Upi,1294.71,45,-41.68,Delivered
503882,2025-04-01,11283,20240,1,0.05,Standard,Net Banking,995.45,45,323.65,Delivered
503883,2024-05-15,10131,20004,2,0.0,Standard,Upi,682.72,45,166.08,Delivered
503884,2025-08-28,13849,20202,1,0.05,Same Day,Debit Card,516.34,140,71.62,Delivered
503885,2024-02-17,14405,20106,1,0.2,Standard,Net Banking,974.79,45,272.3,Delivered
503886,2025-09-03,14409,20040,1,0.25,Standard,Upi,734.47,45,129.75,Delivered
503887,2024-07-12,12454,20065,3,0.15,Express,Upi,5512.11,115,926.18,Delivered
503888,2024-04-26,10446,20035,3,0.15,Same Day,Credit Card,6039.01,165,2111.92,Delivered
503889,2024-06-12,11827,20044,4,0.2,Standard,Debit Card,7180.67,70,2651.15,Delivered
503890,2025-04-23,12474,20263,3,0.05,Standard,Upi,10425.41,70,2689.21,Delivered
503891,2024-10-13,13693,20150,3,0.1,Standard,Upi,1264.9,45,333.88,Delivered
503892,2025-06-19,14056,20279,4,0.25,Express,Debit Card,4774.44,90,1633.76,Delivered
503893,2025-05-08,14060,20065,3,0.1,Standard,Cash On Delivery,5836.35,70,1295.42,Delivered
503894,2025-02-08,10899,20276,1,0.3,Express,Credit Card,1208.4,90,-172.99,Delivered
503895,2024-04-05,12392,20032,3,0.15,Standard,Credit Card,1168.16,45,159.5,Delivered
503896,2025-05-11,11528,20164,2,0.15,Standard,Net Banking,1295.98,45,166.88,Delivered
503897,2024-09-10,14184,20161,2,0.0,Standard,Credit Card,5235.1,70,1986.54,Delivered
503898,2025-02-17,10574,20082,1,0.0,Express,Upi,2045.81,90,362.93,Delivered
503899,2025-09-24,10816,20265,1,0.05,Standard,Credit Card,239.22,45,44.52,Delivered
503900,2025-08-06,10524,20042,1,0.25,Standard,Upi,6016.53,70,1115.46,Delivered
503901,2025-01-05,11172,20199,3,0.2,Express,Cash On Delivery,1841.95,90,368.5,Delivered
503902,2025-07-29,11709,20207,1,0.1,Express,Upi,670.92,90,182.06,Delivered
503903,2024-08-30,10891,20110,1,0.1,Express,Cash On Delivery,515.09,90,24.85,Delivered
503904,2025-09-30,13461,20132,5,0.05,Standard,Cash On Delivery,2378.32,45,1195.37,Delivered
503905,2025-01-07,13589,20231,1,0.1,Same Day,Net Banking,498.58,140,98.93,Delivered
503906,2024-02-08,12217,20072,2,0.05,Standard,Upi,3083.78,45,577.98,Delivered
503907,2024-12-18,11619,20124,3,0.05,Standard,Credit Card,5321.41,70,1762.35,Delivered
503908,2025-03-01,10371,20197,3,0.0,Standard,Credit Card,9104.1,70,2540.45,Delivered
503909,2024-03-17,10881,20279,1,0.1,Express,Upi,1432.33,90,579.66,Delivered
503910,2025-05-24,13596,20107,1,0.15,Same Day,Credit Card,495.01,140,14.37,Delivered
503911,2025-05-31,13946,20143,3,0.15,Express,Upi,5147.38,115,1755.6,Delivered
503912,2024-05-19,14822,20051,2,0.1,Standard,Upi,2640.17,45,1235.15,Delivered
503913,2024-09-08,10738,20123,2,0.15,Standard,Credit Card,9722.22,70,2728.96,Delivered
503914,2025-10-30,12813,20050,2,0.1,Standard,Cash On Delivery,3557.2,45,1494.2,Delivered
503915,2024-11-12,11517,20281,1,0.2,Standard,Credit Card,1112.3,45,333.78,Cancelled
503916,2025-02-23,12819,20039,1,0.05,Express,Upi,2915.28,90,762.9,Delivered
503917,2024-03-15,14895,20269,2,0.15,Standard,Credit Card,762.36,45,301.34,Delivered
503918,2024-01-29,12164,20166,1,0.0,Express,Upi,649.54,90,240.59,Delivered
503919,2024-02-10,13077,20036,2,0.1,Standard,Net Banking,4206.76,45,1709.34,Delivered
503920,2025-06-24,14955,20109,1,0.1,Standard,Cash On Delivery,872.02,45,359.34,Delivered
503921,2025-05-06,14437,20243,1,0.05,Standard,Upi,453.35,45,78.92,Delivered
503922,2024-04-09,10449,20124,3,0.05,Standard,Upi,5321.41,70,1762.35,Delivered
503923,2024-11-15,10849,20223,3,0.05,Express,Upi,3731.65,90,1440.1,Cancelled
503924,2025-07-23,14162,20019,1,0.1,Express,Cash On Delivery,461.65,90,81.93,Delivered
503925,2025-12-23,11368,20037,3,0.2,Standard,Upi,4084.9,45,913.6,Delivered
503926,2025-10-11,14730,20217,1,0.1,Express,Upi,477.27,90,142.34,Delivered
503927,2025-06-06,10819,20101,1,0.05,Standard,Credit Card,1824.61,45,847.91,Delivered
503928,2024-07-07,14383,20193,1,0.0,Standard,Upi,654.23,45,172.95,Delivered
503929,2025-03-25,12848,20085,1,0.1,Express,Cash On Delivery,2290.28,90,446.24,Delivered
503930,2024-04-03,10327,20233,1,0.05,Standard,Net Banking,2517.04,45,569.3,Delivered
503931,2024-06-29,14514,20039,2,0.2,Standard,Unknown,4909.95,45,740.19,Delivered
503932,2024-11-16,12836,20042,2,0.3,Express,Credit Card,11230.86,115,1453.72,Delivered
503933,2024-10-09,10351,20190,4,0.2,Standard,Net Banking,2048.45,45,406.45,Delivered
503934,2025-01-25,12203,20107,1,0.1,Standard,Upi,524.13,45,138.49,Delivered
503935,2024-11-16,14190,20157,3,0.0,Express,Credit Card,5939.16,115,2380.43,Delivered
503936,2025-07-23,11553,20225,3,0.15,Standard,Credit Card,28636.6,70,6186.57,Delivered
503937,2024-01-25,12251,20018,1,0.15,Same Day,Cash On Delivery,2124.52,140,827.3,Delivered
503938,2024-09-16,13238,20060,1,0.0,Standard,Credit Card,3525.36,45,1309.91,Delivered
503939,2025-05-11,14349,20142,1,0.15,Standard,Upi,568.0,45,93.36,Delivered
503940,2024-07-31,13866,20118,1,0.2,Standard,Upi,965.3,45,183.39,Delivered
503941,2024-04-24,12277,20168,2,0.15,Standard,Upi,3765.02,45,507.96,Delivered
503942,2025-03-27,13797,20192,2,0.15,Same Day,Net Banking,2265.76,140,264.68,Delivered
503943,2025-11-30,14025,20286,1,0.15,Express,Debit Card,2070.19,90,720.03,Delivered
503944,2025-10-09,12933,20029,2,0.1,Express,Credit Card,4010.85,90,1909.37,Cancelled
503945,2025-05-04,11893,20157,2,0.15,Express,Net Banking,3365.52,90,979.7,Delivered
503946,2025-08-24,12144,20019,1,0.15,Standard,Debit Card,436.0,45,101.28,Delivered
503947,2025-06-11,13282,20090,2,0.1,Express,Upi,1866.37,90,715.73,Delivered
503948,2025-10-20,10969,20110,1,0.15,Standard,Debit Card,486.47,45,41.23,Delivered
503949,2025-01-19,13003,20058,2,0.1,Express,Upi,2930.65,90,1183.81,Delivered
503950,2025-09-04,13161,20116,1,0.15,Express,Debit Card,379.0,90,48.7,Delivered
503951,2025-02-21,14742,20040,2,0.05,Express,Credit Card,1860.65,90,651.21,Delivered
503952,2024-08-06,14107,20265,2,0.2,Standard,Debit Card,402.9,45,58.5,Delivered
503953,2025-07-10,13099,20121,5,0.2,Standard,Credit Card,4359.56,45,1848.51,Delivered
503954,2024-03-03,12504,20110,1,0.1,Standard,Net Banking,515.09,45,69.85,Delivered
503955,2024-12-15,11471,20205,1,0.1,Express,Credit Card,12202.49,115,1963.33,Delivered
503956,2025-01-24,11238,20159,1,0.1,Standard,Upi,6952.78,70,1463.43,Delivered
503957,2025-01-11,14254,20095,1,0.0,Standard,Upi,1154.22,45,228.9,Cancelled
503958,2024-03-06,13631,20034,1,0.05,Standard,Credit Card,1005.27,45,348.16,Delivered
503959,2024-04-28,12639,20242,2,0.15,Same Day,Upi,6971.72,165,1280.88,Delivered
503960,2024-01-08,12562,20149,1,0.05,Standard,Debit Card,335.25,45,19.02,Delivered
503961,2025-12-07,14730,20103,1,0.1,Express,Upi,871.14,90,238.43,Delivered
503962,2024-01-27,12758,20217,1,0.1,Express,Credit Card,477.27,90,142.34,Cancelled
503963,2024-10-16,10387,20165,4,0.05,Express,Debit Card,1311.42,90,590.02,Delivered
503964,2024-01-28,13892,20168,2,0.1,Standard,Credit Card,3986.5,45,729.44,Delivered
503965,2024-06-07,11900,20020,1,0.1,Standard,Upi,319.01,45,59.91,Delivered
503966,2024-05-24,12978,20109,1,0.15,Express,Upi,823.57,90,265.89,Delivered
503967,2025-04-11,12701,20199,1,0.15,Standard,Net Banking,652.36,45,146.21,Delivered
503968,2024-04-17,10967,20233,1,0.1,Express,Debit Card,2384.57,90,391.83,Delivered
503969,2025-03-14,10300,20172,2,0.1,Standard,Cash On Delivery,2113.42,45,305.32,Delivered
503970,2024-07-21,10032,20184,1,0.1,Standard,Upi,737.05,45,132.77,Delivered
503971,2024-10-27,12505,20218,2,0.15,Standard,Cash On Delivery,1050.6,45,245.28,Delivered
503972,2025-03-13,12266,20017,1,0.25,Standard,Credit Card,916.65,45,277.46,Delivered
503973,2024-01-11,10266,20042,3,0.15,Standard,Upi,20456.2,70,5892.99,Delivered
503974,2025-08-29,13404,20156,1,0.2,Express,Credit Card,1542.41,90,200.15,Delivered
503975,2025-10-03,12092,20021,4,0.15,Express,Upi,42094.04,115,10387.88,Delivered
503976,2024-04-12,14647,20151,2,0.1,Express,Upi,7645.79,115,2786.87,Delivered
503977,2025-04-30,11364,20111,1,0.2,Standard,Upi,1040.7,45,362.88,Delivered
503978,2024-04-19,11834,20128,2,0.0,Standard,Upi,3014.78,45,1449.74,Delivered
503979,2025-10-04,11087,20052,1,0.2,Standard,Unknown,1596.58,45,245.67,Delivered
503980,2025-12-03,10497,20273,2,0.1,Standard,Upi,2575.76,45,1171.52,Delivered
503981,2024-04-02,14279,20294,1,0.1,Same Day,Debit Card,1749.96,140,694.65,Delivered
503982,2025-12-18,12186,20075,3,0.1,Standard,Net Banking,9195.93,70,4487.21,Delivered
503983,2025-06-24,11834,20300,3,0.15,Standard,Upi,2218.78,45,652.3,Delivered
503984,2025-11-29,10185,20088,2,0.15,Standard,Upi,1126.93,45,391.19,Delivered
503985,2025-05-21,13990,20020,1,0.15,Express,Debit Card,301.29,90,-2.81,Delivered
503986,2024-06-25,12248,20069,1,0.0,Express,Upi,2008.29,90,996.93,Delivered
503987,2025-03-14,11721,20170,2,0.15,Standard,Upi,2475.69,45,558.45,Delivered
503988,2025-10-29,10630,20154,1,0.15,Standard,Upi,591.06,45,35.71,Delivered
503989,2025-12-11,10400,20106,2,0.0,Same Day,Debit Card,2436.98,140,982.0,Cancelled
503990,2025-05-25,13593,20219,1,0.0,Standard,Net Banking,3430.29,45,1394.77,Delivered
503991,2024-04-18,11475,20274,1,0.3,Standard,Credit Card,766.88,45,4.29,Delivered
503992,2024-03-12,14811,20095,1,0.15,Express,Credit Card,981.09,90,10.77,Delivered
503993,2025-05-03,14966,20265,2,0.15,Standard,Credit Card,428.08,45,83.68,Delivered
503994,2024-10-07,14416,20246,3,0.05,Express,Credit Card,1021.72,90,362.59,Delivered
503995,2024-08-01,11744,20108,1,0.05,Standard,Net Banking,2210.33,45,560.9,Delivered
503996,2025-04-01,12570,20293,4,0.05,Standard,Debit Card,8018.95,70,1656.91,Delivered
503997,2025-08-09,12576,20237,1,0.15,Standard,Upi,550.53,45,172.36,Delivered
503998,2025-02-21,11166,20029,1,0.1,Express,Cash On Delivery,2005.42,90,909.68,Delivered
503999,2025-05-24,14855,20063,1,0.25,Standard,Upi,197.77,45,-43.52,Delivered
504000,2025-10-23,12090,20015,1,0.15,Standard,Upi,1161.86,45,452.43,Delivered
504001,2024-11-18,13141,20238,3,0.1,Standard,Credit Card,1715.77,45,325.06,Delivered
504002,2024-06-26,11619,20009,3,0.2,Standard,Credit Card,1800.74,45,137.12,Delivered
504003,2025-11-18,12485,20001,1,0.15,Express,Upi,1286.74,90,266.76,Cancelled
504004,2024-04-13,11955,20121,2,0.15,Standard,Upi,1852.81,45,821.39,Delivered
504005,2024-04-28,14772,20009,2,0.15,Standard,Cash On Delivery,1275.53,45,151.45,Delivered
504006,2025-12-12,14287,20184,1,0.05,Standard,Upi,777.99,45,173.71,Delivered
504007,2025-08-04,13276,20148,1,0.05,Standard,Cash On Delivery,12874.49,70,4501.23,Delivered
504008,2024-02-26,10803,20238,1,0.15,Standard,Debit Card,540.15,45,46.58,Delivered
504009,2025-02-12,14947,20258,1,0.25,Standard,Upi,505.02,45,113.54,Delivered
504010,2025-07-31,10997,20257,1,0.25,Express,Credit Card,259.22,90,-89.39,Delivered
504011,2024-02-27,10638,20019,3,0.3,Standard,Upi,1077.17,45,163.01,Delivered
504012,2024-04-26,11320,20018,3,0.2,Express,Upi,5998.63,115,2411.97,Delivered
504013,2025-02-28,14118,20280,2,0.1,Standard,Debit Card,2088.83,45,980.19,Delivered
504014,2024-01-21,11711,20127,5,0.15,Same Day,Upi,20004.03,165,5076.38,Delivered
504015,2024-03-19,10242,20214,2,0.15,Standard,Net Banking,3008.42,45,1267.2,Delivered
504016,2025-07-12,12188,20276,1,0.1,Express,Credit Card,1553.65,90,172.26,Delivered
504017,2025-11-13,12626,20207,3,0.15,Express,Upi,1900.95,90,614.37,Delivered
504018,2025-08-18,14869,20188,1,0.05,Express,Upi,2668.36,90,767.16,Delivered
504019,2024-04-17,10232,20016,1,0.05,Standard,Debit Card,2708.42,45,586.58,Delivered
504020,2024-09-27,11630,20141,2,0.25,Express,Cash On Delivery,1840.23,90,45.73,Delivered
504021,2025-11-18,12261,20006,1,0.2,Express,Credit Card,462.2,90,62.02,Delivered
504022,2025-04-20,13313,20281,2,0.2,Express,Credit Card,2224.61,90,667.57,Delivered
504023,2024-03-10,14718,20175,1,0.1,Standard,Upi,230.55,45,8.54,Delivered
504024,2025-01-21,12651,20015,2,0.1,Same Day,Debit Card,2460.42,140,991.56,Delivered
504025,2024-06-14,13679,20128,3,0.15,Standard,Credit Card,3843.84,45,1518.78,Delivered
504026,2024-02-27,14267,20014,1,0.05,Express,Debit Card,8148.74,115,3941.43,Delivered
504027,2025-03-26,14190,20249,1,0.05,Standard,Upi,1790.24,45,294.85,Delivered
504028,2024-09-01,12755,20034,1,0.05,Standard,Upi,1005.27,45,348.16,Delivered
504029,2024-02-14,11261,20020,1,0.1,Standard,Net Banking,319.01,45,59.91,Delivered
504030,2025-11-14,14937,20250,2,0.05,Standard,Cash On Delivery,5241.3,70,2265.6,Delivered
504031,2025-01-17,10446,20272,1,0.05,Standard,Net Banking,1317.73,45,275.55,Delivered
504032,2025-07-31,10450,20195,2,0.2,Standard,Credit Card,8362.02,70,2002.4,Delivered
504033,2025-12-01,11816,20238,2,0.1,Standard,Upi,1143.85,45,201.71,Delivered
504034,2024-03-11,11914,20103,2,0.15,Standard,Net Banking,1645.48,45,515.06,Delivered
504035,2025-07-01,10692,20243,1,0.05,Same Day,Net Banking,453.35,140,-16.08,Delivered
504036,2024-08-26,14634,20215,1,0.05,Express,Cash On Delivery,538.47,90,178.47,Delivered
504037,2025-08-02,14048,20243,2,0.0,Standard,Credit Card,954.42,45,250.56,Delivered
504038,2024-04-17,13093,20077,1,0.05,Standard,Debit Card,1768.81,45,515.41,Delivered
504039,2024-07-26,11395,20121,1,0.2,Express,Upi,871.91,90,288.7,Delivered
504040,2025-12-22,12481,20040,2,0.2,Standard,Cash On Delivery,1566.86,45,402.42,Delivered
504041,2024-10-28,13462,20029,2,0.15,Standard,Debit Card,3788.02,45,1731.54,Delivered
504042,2025-03-05,11416,20232,2,0.2,Standard,Debit Card,2526.21,45,945.83,Delivered
504043,2024-12-13,10921,20145,1,0.05,Standard,Debit Card,5928.46,70,2531.43,Delivered
504044,2024-04-16,13219,20249,5,0.05,Standard,Debit Card,8951.18,70,1629.23,Delivered
504045,2025-06-11,11416,20093,2,0.15,Express,Upi,1209.75,90,297.71,Delivered
504046,2025-02-09,11619,20085,1,0.3,Standard,Debit Card,1781.33,45,-17.71,Delivered
504047,2024-09-12,10012,20246,2,0.15,Standard,Credit Card,609.45,45,185.03,Delivered
504048,2024-10-27,14981,20075,2,0.0,Standard,Upi,6811.8,70,3649.32,Delivered
504049,2024-05-24,14510,20151,2,0.05,Express,Upi,8070.55,115,3211.63,Delivered
504050,2025-11-06,13105,20135,2,0.05,Standard,Net Banking,5418.69,70,2186.73,Delivered
504051,2025-06-07,14939,20190,1,0.1,Standard,Debit Card,576.13,45,131.88,Delivered
504052,2025-07-15,14257,20034,1,0.05,Standard,Upi,1005.27,45,348.16,Delivered
504053,2024-12-25,14351,20105,2,0.0,Standard,Upi,11790.14,70,3085.52,Delivered
504054,2025-06-07,11094,20051,1,0.05,Standard,Credit Card,1393.42,45,668.41,Cancelled
504055,2025-04-28,12460,20172,4,0.1,Standard,Debit Card,4226.83,45,655.63,Delivered
504056,2024-07-08,12762,20070,1,0.05,Express,Upi,1953.11,90,816.7,Delivered
504057,2024-10-22,12043,20208,1,0.0,Standard,Credit Card,2753.3,45,723.98,Delivered
504058,2024-04-02,10036,20096,3,0.25,Standard,Upi,3678.95,45,604.1,Delivered
504059,2024-05-09,10752,20058,1,0.1,Standard,Net Banking,1465.33,45,591.91,Delivered
504060,2025-04-28,12280,20120,2,0.2,Standard,Debit Card,3902.21,45,231.79,Delivered
504061,2025-02-12,12062,20171,1,0.0,Standard,Credit Card,5670.78,70,1353.77,Cancelled
504062,2024-12-06,14111,20111,2,0.2,Express,Upi,2081.41,90,725.77,Delivered
504063,2024-08-01,12207,20061,2,0.15,Standard,Credit Card,3253.77,45,1386.91,Delivered
504064,2024-11-25,10899,20256,2,0.3,Standard,Net Banking,1785.03,45,244.13,Delivered
504065,2024-06-23,10430,20156,3,0.0,Standard,Upi,5784.03,70,1957.25,Delivered
504066,2025-03-19,11788,20185,1,0.15,Standard,Cash On Delivery,2190.67,45,660.03,Delivered
504067,2024-07-19,10867,20041,1,0.0,Standard,Upi,150.0,45,21.51,Cancelled
504068,2025-09-08,10161,20201,2,0.1,Standard,Upi,1076.02,45,480.26,Cancelled
504069,2024-04-07,14601,20050,2,0.15,Standard,Upi,3359.57,45,1296.57,Delivered
504070,2024-04-12,10673,20090,4,0.25,Express,Upi,3110.61,90,899.33,Delivered
504071,2025-07-06,12855,20237,1,0.0,Express,Cash On Delivery,647.68,90,224.51,Delivered
504072,2024-05-30,11579,20282,2,0.1,Standard,Upi,1297.35,45,445.25,Delivered
504073,2024-09-24,13667,20154,2,0.05,Same Day,Net Banking,1321.18,140,160.48,Delivered
504074,2024-12-17,10295,20180,1,0.05,Standard,Upi,2644.09,45,786.14,Delivered
504075,2025-04-11,11926,20088,1,0.15,Standard,Upi,563.46,45,173.09,Delivered
504076,2024-10-04,10133,20105,1,0.0,Express,Credit Card,5895.07,115,1462.76,Delivered
504077,2025-07-21,11315,20073,1,0.15,Standard,Upi,782.77,45,219.4,Delivered
504078,2024-01-16,11454,20257,1,0.05,Standard,Debit Card,328.35,45,24.74,Delivered
504079,2025-03-31,12816,20134,1,0.0,Standard,Upi,1122.5,45,320.61,Delivered
504080,2024-06-27,11896,20285,3,0.1,Standard,Credit Card,1706.94,45,534.75,Delivered
504081,2024-05-13,13400,20236,1,0.0,Express,Upi,3518.02,90,1676.23,Delivered
504082,2024-09-14,13297,20109,1,0.1,Standard,Cash On Delivery,872.02,45,359.34,Delivered
504083,2024-03-02,10138,20137,4,0.05,Standard,Upi,1218.74,45,540.62,Delivered
504084,2025-04-26,10335,20235,2,0.05,Standard,Credit Card,9747.82,70,3856.46,Delivered
504085,2025-04-21,13164,20059,1,0.2,Express,Upi,4709.05,90,379.36,Delivered
504086,2025-09-26,12612,20294,2,0.15,Standard,Upi,3305.48,45,1429.86,Delivered
504087,2024-02-11,12100,20042,1,0.2,Standard,Upi,6417.63,70,1516.56,Cancelled
504088,2025-01-07,12045,20248,1,0.1,Standard,Net Banking,452.73,45,60.19,Delivered
504089,2025-01-07,10891,20050,1,0.0,Express,Debit Card,1976.22,90,877.22,Delivered
504090,2024-10-25,11096,20270,1,0.15,Standard,Upi,739.02,45,83.93,Delivered
504091,2024-02-21,11534,20173,1,0.2,Standard,Upi,594.54,45,23.06,Delivered
504092,2025-01-13,12670,20289,1,0.1,Same Day,Net Banking,1574.54,140,441.78,Delivered
504093,2024-11-07,11587,20162,1,0.05,Standard,Upi,1530.56,45,398.69,Delivered
504094,2025-08-01,13862,20067,2,0.15,Standard,Upi,2805.15,45,454.05,Delivered
504095,2024-02-28,14955,20221,2,0.0,Standard,Net Banking,3299.16,45,1444.24,Delivered
504096,2024-10-30,11113,20167,1,0.1,Standard,Credit Card,1019.75,45,146.01,Delivered
504097,2024-02-04,10472,20171,2,0.1,Standard,Credit Card,10207.4,70,1643.38,Delivered
504098,2025-10-09,12267,20223,1,0.1,Express,Debit Card,1178.42,90,354.57,Delivered
504099,2025-08-10,12890,20167,2,0.25,Standard,Cash On Delivery,1699.59,45,-2.89,Delivered
504100,2025-05-07,10350,20085,3,0.2,Express,Debit Card,6107.42,115,730.3,Delivered
504101,2025-05-05,13963,20115,1,0.1,Standard,Credit Card,1004.92,45,414.29,Delivered
504102,2024-08-08,11703,20300,1,0.25,Standard,Cash On Delivery,652.58,45,100.42,Delivered
504103,2025-08-19,14061,20050,1,0.05,Standard,Credit Card,1877.41,45,823.41,Delivered
504104,2024-05-02,10043,20218,2,0.0,Express,Cash On Delivery,1236.0,90,385.68,Delivered
504105,2025-12-07,13546,20259,2,0.1,Standard,Net Banking,2489.56,45,312.72,Delivered
504106,2024-04-11,12306,20136,1,0.3,Standard,Credit Card,220.59,45,-1.86,Cancelled
504107,2025-05-29,11113,20096,2,0.2,Standard,Upi,2616.14,45,551.24,Delivered
504108,2024-11-08,13393,20169,1,0.05,Standard,Credit Card,1157.88,45,408.03,Delivered
504109,2025-05-20,11287,20225,4,0.25,Express,Upi,33690.12,115,3735.08,Delivered
504110,2025-05-08,11688,20284,1,0.15,Standard,Upi,278.57,45,71.85,Delivered
504111,2025-10-21,11383,20187,5,0.05,Standard,Net Banking,13905.82,70,2458.62,Delivered
504112,2024-07-17,14626,20294,4,0.2,Standard,Upi,6222.08,70,2490.84,Delivered
504113,2025-09-24,13369,20282,3,0.2,Express,Cash On Delivery,1729.8,90,429.15,Delivered
504114,2025-11-11,13146,20243,1,0.0,Express,Upi,477.21,90,57.78,Delivered
504115,2025-05-27,12117,20027,1,0.05,Express,Credit Card,945.1,90,379.74,Delivered
504116,2024-11-25,13991,20151,2,0.15,Same Day,Upi,7221.02,165,2312.1,Delivered
504117,2025-09-12,12616,20199,2,0.15,Standard,Credit Card,1304.72,45,337.42,Delivered
504118,2024-11-22,12389,20278,2,0.05,Express,Debit Card,13337.41,115,2998.75,Delivered
504119,2024-01-10,13834,20227,1,0.05,Standard,Cash On Delivery,2345.21,45,513.79,Delivered
504120,2024-05-06,12778,20196,2,0.0,Standard,Cash On Delivery,2154.18,45,637.78,Delivered
504121,2025-10-30,11105,20221,1,0.1,Standard,Upi,1484.62,45,534.66,Delivered
504122,2024-08-18,10160,20228,1,0.0,Standard,Credit Card,859.91,45,179.72,Delivered
504123,2024-01-15,13053,20067,2,0.15,Same Day,Upi,2805.15,140,359.05,Delivered
504124,2025-05-01,13783,20098,1,0.05,Standard,Upi,347.29,45,23.27,Delivered
504125,2025-03-17,13164,20015,2,0.2,Standard,Net Banking,2187.04,45,813.18,Delivered
504126,2025-07-11,12669,20114,2,0.0,Express,Upi,828.02,90,208.14,Delivered
504127,2024-09-30,14638,20104,2,0.15,Standard,Cash On Delivery,1659.1,45,213.7,Delivered
504128,2025-09-09,13446,20193,2,0.2,Standard,Net Banking,1046.77,45,129.21,Delivered
504129,2024-01-03,13116,20214,1,0.15,Express,Credit Card,1504.21,90,566.1,Delivered
504130,2024-11-21,12045,20145,1,0.25,Express,Upi,4680.36,90,1263.33,Delivered
504131,2024-09-09,11308,20097,1,0.1,Express,Upi,446.72,90,41.43,Delivered
504132,2025-06-17,14675,20052,4,0.05,Express,Debit Card,7583.77,115,2245.13,Delivered
504133,2024-02-24,13476,20058,2,0.1,Standard,Net Banking,2930.65,45,1228.81,Delivered
504134,2025-03-23,14807,20209,1,0.15,Standard,Credit Card,997.25,45,316.67,Delivered
504135,2024-10-23,13629,20185,2,0.25,Express,Net Banking,3865.89,90,804.61,Cancelled
504136,2025-09-13,11770,20166,1,0.05,Standard,Credit Card,617.06,45,253.11,Delivered
504137,2025-01-07,11749,20069,1,0.15,Same Day,Cash On Delivery,1707.05,140,645.69,Delivered
504138,2025-04-13,12595,20123,2,0.0,Express,Net Banking,11437.9,115,4399.64,Delivered
504139,2024-05-15,13948,20037,1,0.05,Standard,Debit Card,1616.94,45,529.84,Delivered
504140,2024-09-02,11233,20235,2,0.05,Standard,Net Banking,9747.82,70,3856.46,Delivered
504141,2024-03-10,13616,20075,1,0.1,Standard,Credit Card,3065.31,45,1474.07,Delivered
504142,2025-04-25,14018,20108,3,0.25,Standard,Upi,5234.98,70,351.69,Cancelled
504143,2025-06-13,10082,20291,1,0.25,Standard,Debit Card,636.09,45,-46.12,Delivered
504144,2025-05-04,10263,20295,1,0.1,Standard,Debit Card,2139.75,45,365.11,Delivered
504145,2025-05-17,13839,20174,4,0.2,Express,Debit Card,5707.39,115,1888.55,Delivered
504146,2025-11-28,14349,20118,2,0.1,Standard,Upi,2171.92,45,653.1,Delivered
504147,2024-04-26,10286,20144,3,0.1,Standard,Upi,506.57,45,113.81,Delivered
504148,2024-09-13,10813,20159,1,0.2,Standard,Cash On Delivery,6180.25,70,690.9,Delivered
504149,2025-08-29,13668,20270,1,0.0,Express,Debit Card,869.44,90,169.35,Delivered
504150,2025-03-03,13991,20241,1,0.2,Standard,Credit Card,171.57,45,19.33,Delivered
504151,2024-04-24,11142,20047,1,0.2,Standard,Debit Card,404.0,45,85.42,Delivered
504152,2025-05-08,14302,20102,1,0.05,Standard,Net Banking,4784.59,45,1066.08,Delivered
504153,2024-03-02,11456,20273,1,0.1,Express,Cash On Delivery,1287.88,90,518.26,Delivered
504154,2025-05-11,12615,20124,1,0.2,Standard,Net Banking,1493.73,45,285.71,Delivered
504155,2025-09-27,12113,20184,1,0.1,Express,Credit Card,737.05,90,87.77,Delivered
504156,2024-03-20,12741,20164,1,0.15,Standard,Cash On Delivery,647.99,45,60.94,Delivered
504157,2025-10-20,12038,20170,5,0.05,Same Day,Net Banking,6917.38,165,2071.78,Delivered
504158,2025-04-29,10286,20082,1,0.1,Standard,Upi,1841.23,45,203.35,Delivered
504159,2024-01-22,13671,20147,3,0.1,Standard,Upi,2779.65,45,563.73,Delivered
504160,2025-08-17,14170,20135,1,0.0,Express,Debit Card,2851.94,90,1180.96,Delivered
504161,2024-11-19,10199,20158,1,0.1,Standard,Net Banking,1081.35,45,237.84,Delivered
504162,2025-05-31,14645,20203,3,0.15,Standard,Credit Card,4700.31,45,1279.65,Delivered
504163,2024-09-17,12685,20120,2,0.05,Standard,Debit Card,4633.87,45,963.45,Delivered
504164,2024-05-08,11000,20029,2,0.15,Standard,Debit Card,3788.02,45,1731.54,Delivered
504165,2025-09-17,12227,20162,1,0.0,Express,Credit Card,1611.12,90,434.25,Delivered
504166,2024-10-10,13892,20162,2,0.0,Express,Credit Card,3222.24,90,958.5,Delivered
504167,2024-02-16,14387,20002,1,0.15,Standard,Upi,1967.84,45,272.7,Delivered
504168,2024-07-06,14167,20047,1,0.3,Express,Cash On Delivery,353.5,90,-10.08,Delivered
504169,2024-01-19,14204,20100,3,0.1,Express,Upi,3337.2,90,406.53,Delivered
504170,2025-08-21,12646,20224,1,0.15,Standard,Upi,298.04,45,72.67,Delivered
504171,2025-10-15,13097,20057,2,0.15,Standard,Upi,2779.77,45,288.13,Delivered
504172,2024-01-08,11834,20122,1,0.05,Standard,Credit Card,3615.91,45,886.32,Delivered
504173,2024-02-06,12251,20145,1,0.25,Same Day,Upi,4680.36,140,1213.33,Delivered
504174,2025-08-20,13635,20154,2,0.1,Standard,Net Banking,1251.65,45,185.95,Delivered
504175,2024-03-12,11194,20138,1,0.1,Express,Upi,2144.77,90,529.82,Delivered
504176,2025-01-15,13679,20039,1,0.05,Standard,Cash On Delivery,2915.28,45,807.9,Delivered
504177,2024-09-22,10232,20265,1,0.1,Standard,Net Banking,226.63,45,31.93,Delivered
504178,2024-03-07,11293,20281,2,0.2,Standard,Upi,2224.61,45,712.57,Delivered
504179,2025-10-14,12806,20148,1,0.1,Standard,Credit Card,12196.88,70,3823.62,Delivered
504180,2024-03-04,11864,20015,3,0.05,Standard,Upi,3895.67,45,1857.38,Delivered
504181,2024-01-30,10472,20232,5,0.05,Standard,Upi,7499.68,70,3591.23,Delivered
504182,2025-07-10,13622,20113,3,0.3,Express,Credit Card,887.8,90,111.43,Cancelled
504183,2025-10-07,12890,20139,3,0.1,Express,Upi,889.79,90,243.26,Delivered
504184,2024-01-16,14962,20144,2,0.3,Standard,Credit Card,262.67,45,-14.17,Delivered
504185,2024-10-04,10609,20152,2,0.1,Standard,Upi,532.21,45,202.47,Delivered
504186,2025-12-31,11338,20242,2,0.15,Same Day,Credit Card,6971.72,165,1280.88,Delivered
504187,2024-10-03,10975,20148,2,0.05,Standard,Upi,25748.97,70,9072.45,Delivered
504188,2024-08-08,10975,20264,4,0.3,Standard,Upi,2006.84,45,-74.52,Delivered
504189,2024-07-11,14364,20271,3,0.0,Standard,Upi,16302.96,70,5813.06,Delivered
504190,2025-10-31,13982,20077,2,0.2,Standard,Debit Card,2979.06,45,517.26,Delivered
504191,2024-01-24,11713,20078,1,0.15,Standard,Upi,1102.57,45,167.63,Delivered
504192,2024-05-20,14155,20216,1,0.15,Standard,Credit Card,5317.74,70,1799.13,Delivered
504193,2024-01-26,12244,20119,1,0.05,Standard,Upi,3084.81,45,1578.51,Delivered
504194,2024-04-07,14921,20229,1,0.05,Express,Credit Card,5789.98,115,1515.5,Delivered
504195,2024-10-02,11901,20152,3,0.15,Standard,Upi,753.96,45,281.85,Delivered
504196,2025-07-26,11952,20018,3,0.25,Standard,Upi,5623.72,70,2082.06,Delivered
504197,2024-08-30,13400,20170,1,0.05,Standard,Cash On Delivery,1383.48,45,402.36,Delivered
504198,2025-03-08,10384,20096,2,0.2,Same Day,Credit Card,2616.14,140,456.24,Delivered
504199,2024-01-09,10412,20165,1,0.0,Express,Upi,345.11,90,97.26,Delivered
504200,2024-09-28,13377,20033,2,0.05,Standard,Cash On Delivery,2069.94,45,370.04,Delivered
504201,2024-02-01,10718,20240,1,0.0,Express,Debit Card,1047.84,90,331.04,Delivered
504202,2025-08-27,12046,20273,4,0.1,Standard,Debit Card,5151.53,70,2363.05,Delivered
504203,2025-04-23,14048,20046,1,0.15,Express,Upi,3589.57,90,368.74,Delivered
504204,2024-05-07,14142,20079,1,0.1,Express,Debit Card,1941.12,90,236.67,Delivered
504205,2024-01-17,14036,20162,2,0.1,Standard,Net Banking,2900.02,45,681.28,Delivered
504206,2025-07-06,13249,20259,1,0.1,Express,Net Banking,1244.78,90,88.86,Delivered
504207,2025-04-17,13954,20056,1,0.05,Standard,Net Banking,4455.15,45,1848.13,Delivered
504208,2024-10-27,13167,20140,1,0.1,Standard,Upi,846.44,45,168.32,Delivered
504209,2024-02-11,11770,20026,1,0.1,Express,Upi,1956.45,90,546.43,Delivered
504210,2024-02-21,13155,20152,5,0.1,Standard,Credit Card,1330.52,45,573.67,Delivered
504211,2024-07-06,14205,20058,1,0.2,Standard,Credit Card,1302.51,45,429.09,Delivered
504212,2024-05-30,14106,20226,1,0.1,Standard,Credit Card,1398.52,45,308.93,Delivered
504213,2024-08-31,12137,20264,1,0.15,Standard,Cash On Delivery,609.22,45,55.13,Delivered
504214,2025-05-05,12374,20251,1,0.0,Standard,Credit Card,731.91,45,334.92,Delivered
504215,2024-05-06,14520,20204,2,0.05,Standard,Net Banking,3539.91,45,1816.31,Delivered
504216,2025-12-17,14801,20026,1,0.05,Standard,Credit Card,2065.14,45,700.12,Delivered
504217,2025-02-12,10038,20049,2,0.05,Express,Credit Card,1456.71,90,291.87,Delivered
504218,2025-09-03,11872,20299,2,0.15,Standard,Cash On Delivery,2431.24,45,238.5,Delivered
504219,2024-12-09,13521,20211,1,0.05,Standard,Upi,672.87,45,117.13,Delivered
504220,2025-08-13,13451,20021,2,0.05,Standard,Upi,23523.14,70,7657.56,Delivered
504221,2025-11-25,11665,20089,1,0.15,Express,Net Banking,528.61,90,22.01,Cancelled
504222,2024-04-07,13118,20277,1,0.3,Standard,Credit Card,4454.15,45,1314.98,Delivered
504223,2024-03-08,10402,20014,1,0.3,Standard,Debit Card,6004.33,70,1842.02,Delivered
504224,2024-01-28,10612,20136,1,0.25,Express,Upi,236.35,90,-31.1,Cancelled
504225,2024-01-29,14246,20007,1,0.0,Standard,Credit Card,7404.46,70,2534.23,Delivered
504226,2025-09-25,14061,20228,2,0.15,Express,Credit Card,1461.85,90,101.47,Delivered
504227,2024-07-30,14361,20099,1,0.1,Standard,Debit Card,2087.72,45,498.32,Delivered
504228,2025-11-18,11906,20187,4,0.2,Express,Upi,9368.13,115,151.37,Delivered
504229,2025-09-08,13383,20130,2,0.0,Standard,Net Banking,1188.04,45,582.2,Delivered
504230,2025-04-24,14096,20172,1,0.2,Standard,Credit Card,939.3,45,12.75,Delivered
504231,2024-03-12,11107,20066,2,0.15,Standard,Upi,1064.44,45,272.0,Delivered
504232,2025-05-05,10228,20018,3,0.0,Standard,Credit Card,7498.29,70,3956.63,Delivered
504233,2024-04-19,11989,20207,4,0.25,Express,Credit Card,2236.41,90,550.97,Delivered
504234,2024-04-22,12179,20144,1,0.2,Express,Upi,150.1,90,-55.82,Delivered
504235,2025-01-31,13892,20268,1,0.15,Standard,Upi,3003.19,45,927.24,Delivered
504236,2024-08-19,14641,20040,2,0.1,Express,Debit Card,1762.72,90,553.28,Delivered
504237,2024-02-12,11453,20171,3,0.1,Standard,Upi,15311.11,70,2500.08,Delivered
504238,2024-09-21,11250,20150,2,0.0,Standard,Credit Card,936.96,45,301.28,Cancelled
504239,2024-02-15,13093,20004,1,0.15,Standard,Net Banking,290.16,45,9.34,Delivered
504240,2025-07-23,10615,20277,1,0.25,Standard,Upi,4772.3,45,1633.13,Delivered
504241,2024-08-12,11194,20170,1,0.05,Same Day,Net Banking,1383.48,140,307.36,Delivered
504242,2025-10-13,14716,20297,2,0.1,Standard,Net Banking,559.84,45,49.68,Delivered
504243,2024-04-10,13118,20096,1,0.2,Standard,Debit Card,1308.07,45,253.12,Delivered
504244,2024-10-07,14527,20036,1,0.0,Standard,Debit Card,2337.09,45,1065.88,Delivered
504245,2024-08-25,11745,20122,1,0.05,Standard,Credit Card,3615.91,45,886.32,Delivered
504246,2025-08-23,13251,20273,2,0.25,Standard,Debit Card,2146.47,45,742.23,Delivered
504247,2024-09-02,12687,20182,1,0.15,Express,Net Banking,951.73,90,154.07,Delivered
504248,2025-11-21,10522,20062,1,0.0,Express,Upi,342.08,90,15.33,Delivered
504249,2024-04-08,14938,20118,2,0.1,Standard,Cash On Delivery,2171.92,45,653.1,Delivered
504250,2025-12-27,11877,20252,2,0.1,Standard,Upi,1132.47,45,412.01,Delivered
504251,2024-07-18,14772,20099,1,0.15,Standard,Upi,1971.74,45,382.34,Delivered
504252,2024-09-12,10716,20289,2,0.05,Standard,Debit Card,3324.03,45,1293.51,Delivered
504253,2025-03-12,11971,20251,1,0.05,Express,Cash On Delivery,695.31,90,253.32,Delivered
504254,2025-05-08,10605,20026,2,0.2,Standard,Net Banking,3478.13,45,793.09,Delivered
504255,2025-03-11,14190,20088,5,0.05,Same Day,Upi,3148.77,140,1281.92,Delivered
504256,2025-12-07,10167,20280,2,0.1,Express,Cash On Delivery,2088.83,90,935.19,Delivered
504257,2024-01-24,10644,20287,2,0.15,Express,Cash On Delivery,3310.84,90,368.66,Delivered
504258,2024-12-28,11749,20283,3,0.1,Standard,Debit Card,3654.45,45,942.69,Delivered
504259,2024-09-26,12936,20049,1,0.25,Standard,Upi,575.02,45,-7.4,Delivered
504260,2024-08-15,10017,20073,2,0.1,Standard,Credit Card,1657.64,45,575.9,Delivered
504261,2024-05-07,12707,20194,2,0.05,Express,Credit Card,9885.4,115,1661.72,Delivered
504262,2025-06-26,12810,20198,3,0.2,Standard,Credit Card,4767.43,45,1301.26,Delivered
504263,2024-02-27,14351,20153,3,0.15,Express,Credit Card,4778.27,90,1149.89,Delivered
504264,2024-11-20,11051,20016,1,0.05,Standard,Upi,2708.42,45,586.58,Delivered
504265,2025-10-20,10328,20109,1,0.15,Standard,Upi,823.57,45,310.89,Delivered
504266,2024-04-15,12741,20087,1,0.1,Standard,Cash On Delivery,407.19,45,124.64,Delivered
504267,2025-03-12,14955,20121,1,0.1,Standard,Upi,980.9,45,442.69,Delivered
504268,2024-03-25,10346,20197,1,0.3,Express,Upi,2124.29,90,-130.26,Cancelled
504269,2024-01-02,12355,20145,2,0.0,Express,Cash On Delivery,12480.96,115,5711.9,Delivered
504270,2025-03-12,14272,20009,1,0.05,Standard,Debit Card,712.79,45,128.25,Delivered
504271,2025-03-26,10544,20269,2,0.15,Standard,Credit Card,762.36,45,301.34,Delivered
504272,2025-07-18,11708,20240,1,0.0,Same Day,Upi,1047.84,140,281.04,Delivered
504273,2025-03-16,13866,20018,2,0.0,Standard,Net Banking,4998.86,45,2639.42,Delivered
504274,2024-08-09,13706,20101,2,0.15,Standard,Debit Card,3265.09,45,1356.69,Delivered
504275,2024-01-25,12749,20045,2,0.2,Standard,Upi,1413.07,45,160.67,Delivered
504276,2024-02-04,10933,20288,1,0.1,Express,Net Banking,963.1,90,375.67,Delivered
504277,2025-10-30,11888,20007,1,0.05,Express,Upi,7034.24,115,2119.01,Delivered
504278,2024-12-08,11367,20276,3,0.05,Standard,Net Banking,4919.9,45,1000.73,Delivered
504279,2024-12-31,12854,20237,1,0.2,Standard,Net Banking,518.14,45,139.97,Delivered
504280,2025-10-18,10186,20190,1,0.2,Express,Credit Card,512.11,90,22.86,Delivered
504281,2024-12-01,14206,20014,1,0.15,Express,Upi,7290.98,115,3083.67,Delivered
504282,2025-03-08,10767,20265,1,0.05,Standard,Credit Card,239.22,45,44.52,Delivered
504283,2025-04-01,10035,20177,2,0.1,Same Day,Credit Card,1914.52,140,189.72,Delivered
504284,2025-04-23,13916,20090,2,0.1,Express,Net Banking,1866.37,90,715.73,Delivered
504285,2025-02-01,12747,20093,1,0.05,Standard,Upi,676.04,45,220.02,Delivered
504286,2024-12-08,13586,20016,2,0.05,Express,Debit Card,5416.84,115,1148.16,Delivered
504287,2025-11-21,12022,20223,3,0.15,Standard,Net Banking,3338.84,45,1092.29,Delivered
504288,2024-10-06,14106,20152,1,0.15,Express,Credit Card,251.32,90,18.95,Delivered
504289,2024-12-17,13657,20136,3,0.05,Standard,Upi,898.12,45,320.77,Delivered
504290,2024-07-15,14503,20218,1,0.1,Standard,Upi,556.2,45,131.04,Delivered
504291,2024-08-12,10038,20250,3,0.1,Express,Upi,7448.17,115,2974.62,Delivered
504292,2024-02-16,11979,20138,1,0.05,Standard,Net Banking,2263.93,45,693.98,Delivered
504293,2024-07-03,10887,20024,1,0.2,Standard,Debit Card,1829.55,45,175.32,Delivered
504294,2024-06-10,10508,20241,1,0.05,Express,Debit Card,203.74,90,6.5,Delivered
504295,2025-10-04,12352,20136,1,0.05,Standard,Upi,299.37,45,76.92,Delivered
504296,2024-10-21,11901,20001,1,0.2,Standard,Debit Card,1211.05,45,236.07,Cancelled
504297,2024-04-01,14351,20245,1,0.15,Express,Net Banking,707.91,90,27.46,Cancelled
504298,2025-08-09,12664,20111,4,0.1,Express,Upi,4683.17,90,2061.89,Delivered
504299,2025-10-11,13002,20031,1,0.0,Express,Upi,847.15,90,367.19,Delivered
504300,2024-06-16,14299,20230,1,0.05,Standard,Cash On Delivery,725.28,45,163.52,Delivered
504301,2024-09-14,13476,20077,1,0.05,Standard,Credit Card,1768.81,45,515.41,Delivered
504302,2025-07-10,12850,20062,3,0.05,Express,Debit Card,974.93,90,174.68,Delivered
504303,2024-11-04,13857,20035,1,0.2,Express,Upi,1894.59,90,550.56,Delivered
504304,2025-10-10,12099,20172,2,0.25,Standard,Upi,1761.18,45,-46.92,Delivered
504305,2025-09-06,10751,20175,1,0.1,Same Day,Upi,230.55,140,-86.46,Delivered
504306,2024-05-08,14714,20022,1,0.05,Standard,Upi,6379.91,70,2163.58,Delivered
504307,2025-11-03,12673,20135,2,0.05,Standard,Debit Card,5418.69,70,2186.73,Delivered
504308,2025-07-03,11140,20134,2,0.0,Standard,Upi,2245.0,45,686.22,Delivered
504309,2025-07-22,12958,20012,2,0.05,Express,Upi,11679.85,115,3495.85,Cancelled
504310,2024-06-09,12463,20100,2,0.0,Standard,Upi,2472.0,45,533.22,Delivered
504311,2024-06-24,12529,20043,1,0.25,Express,Net Banking,396.52,90,-26.05,Delivered
504312,2024-10-14,10454,20264,1,0.15,Standard,Credit Card,609.22,45,55.13,Delivered
504313,2025-02-08,12072,20201,2,0.15,Standard,Credit Card,1016.24,45,420.48,Delivered
504314,2025-10-18,14956,20141,1,0.0,Standard,Upi,1226.82,45,329.57,Delivered
504315,2025-08-02,14094,20184,1,0.1,Express,Credit Card,737.05,90,87.77,Delivered
504316,2024-12-05,11145,20250,1,0.1,Standard,Cash On Delivery,2482.72,45,984.87,Delivered
504317,2024-09-24,14831,20147,3,0.2,Standard,Credit Card,2470.8,45,254.88,Delivered
504318,2024-08-05,13026,20279,1,0.15,Standard,Upi,1352.76,45,545.09,Delivered
504319,2024-06-12,12546,20299,1,0.1,Same Day,Debit Card,1287.13,140,73.26,Delivered
504320,2025-11-21,12258,20280,2,0.15,Standard,Upi,1972.78,45,864.14,Delivered
504321,2025-01-25,10187,20225,2,0.0,Standard,Debit Card,22460.08,70,7470.06,Delivered
504322,2025-02-20,11979,20215,1,0.05,Express,Debit Card,538.47,90,178.47,Delivered
504323,2024-02-17,13401,20155,2,0.05,Standard,Net Banking,532.4,45,74.92,Delivered
504324,2024-07-12,13879,20140,1,0.15,Express,Upi,799.42,90,76.3,Delivered
504325,2025-12-18,14588,20046,2,0.2,Standard,Upi,6756.83,70,425.17,Delivered
504326,2024-03-24,14351,20111,2,0.15,Express,Upi,2211.5,90,855.86,Delivered
504327,2025-09-04,10041,20199,2,0.15,Standard,Debit Card,1304.72,45,337.42,Delivered
504328,2025-10-28,10303,20228,2,0.15,Standard,Cash On Delivery,1461.85,45,146.47,Delivered
504329,2024-02-16,10777,20082,1,0.15,Standard,Debit Card,1738.94,45,101.06,Delivered
504330,2024-08-21,13260,20144,1,0.05,Standard,Cash On Delivery,178.24,45,17.32,Delivered
504331,2024-10-25,10624,20058,1,0.0,Standard,Debit Card,1628.14,45,754.72,Delivered
504332,2024-05-26,11666,20142,1,0.05,Express,Cash On Delivery,634.82,90,115.18,Delivered
504333,2024-07-14,12669,20025,4,0.05,Standard,Debit Card,12928.21,70,2316.17,Delivered
504334,2024-01-22,13387,20102,4,0.1,Standard,Credit Card,18131.08,70,3367.04,Delivered
504335,2024-07-12,12499,20143,2,0.15,Express,Debit Card,3431.59,90,1157.07,Delivered
504336,2025-01-20,11645,20074,1,0.0,Standard,Upi,991.83,45,294.67,Delivered
504337,2024-12-29,12087,20044,1,0.1,Same Day,Credit Card,2019.56,140,764.68,Delivered
504338,2024-09-30,11536,20241,4,0.05,Standard,Credit Card,814.95,45,340.99,Delivered
504339,2025-01-18,14196,20082,2,0.05,Standard,Net Banking,3887.04,45,656.28,Delivered
504340,2024-07-26,10012,20066,1,0.05,Standard,Net Banking,594.83,45,176.11,Delivered
504341,2024-10-01,11144,20278,1,0.1,Same Day,Debit Card,6317.72,165,1040.89,Delivered
504342,2025-12-29,14065,20087,1,0.2,Standard,Net Banking,361.94,45,79.39,Delivered
504343,2025-05-10,10658,20041,2,0.05,Same Day,Upi,285.0,140,-21.98,Delivered
504344,2025-06-22,13086,20204,1,0.1,Standard,Net Banking,1676.8,45,792.5,Delivered
504345,2025-06-10,11740,20226,1,0.15,Standard,Upi,1320.82,45,231.23,Delivered
504346,2024-06-07,12517,20048,2,0.25,Express,Debit Card,949.41,90,214.41,Delivered
504347,2025-12-26,14431,20283,1,0.0,Express,Credit Card,1353.5,90,374.58,Delivered
504348,2025-04-04,12834,20229,1,0.15,Standard,Upi,5180.51,70,951.03,Delivered
504349,2025-01-28,10679,20198,1,0.05,Standard,Net Banking,1887.11,45,701.72,Delivered
504350,2025-03-14,13458,20192,1,0.2,Standard,Upi,1066.24,45,90.7,Delivered
504351,2025-01-13,11719,20070,1,0.1,Standard,Cash On Delivery,1953.11,45,861.7,Delivered
504352,2024-06-12,12354,20021,2,0.15,Standard,Credit Card,21047.02,70,5181.44,Delivered
504353,2025-09-30,12855,20047,1,0.15,Standard,Credit Card,429.25,45,110.67,Delivered
504354,2024-11-25,13141,20233,3,0.1,Standard,Credit Card,7153.7,70,1375.48,Delivered
504355,2025-07-23,13967,20090,1,0.1,Standard,Net Banking,933.18,45,357.86,Delivered
504356,2024-05-26,13405,20233,1,0.05,Standard,Upi,2517.04,45,569.3,Delivered
504357,2024-04-19,10854,20273,1,0.0,Standard,Upi,1430.98,45,706.36,Delivered
504358,2025-01-28,14143,20253,2,0.15,Standard,Debit Card,991.03,45,374.09,Delivered
504359,2025-07-14,11210,20199,3,0.0,Standard,Credit Card,2302.44,45,873.99,Delivered
504360,2024-06-30,12953,20153,1,0.1,Standard,Credit Card,1686.45,45,461.99,Delivered
504361,2025-07-26,12188,20162,1,0.0,Express,Credit Card,1611.12,90,434.25,Delivered
504362,2025-03-18,14994,20282,2,0.1,Standard,Net Banking,1297.35,45,445.25,Delivered
504363,2024-05-09,11585,20006,3,0.05,Standard,Upi,1646.59,45,671.05,Delivered
504364,2025-02-06,14912,20010,3,0.15,Express,Upi,2478.22,90,573.1,Delivered
504365,2025-05-19,12953,20131,2,0.05,Standard,Credit Card,354.75,45,133.55,Delivered
504366,2025-12-20,11872,20112,2,0.1,Standard,Upi,4545.45,45,703.63,Delivered
504367,2025-10-15,11784,20080,2,0.15,Standard,Upi,4835.51,45,1955.51,Delivered
504368,2024-01-22,10938,20048,1,0.15,Standard,Net Banking,538.0,45,170.5,Delivered
504369,2024-01-17,11405,20151,2,0.15,Standard,Credit Card,7221.02,70,2407.1,Delivered
504370,2025-09-25,10223,20091,1,0.15,Standard,Debit Card,4678.35,45,954.98,Delivered
504371,2024-10-08,11215,20133,5,0.2,Standard,Upi,5780.72,70,1933.32,Delivered
504372,2024-08-14,12683,20184,1,0.15,Standard,Debit Card,696.1,45,91.82,Delivered
504373,2025-02-23,13049,20229,1,0.15,Standard,Credit Card,5180.51,70,951.03,Delivered
504374,2025-01-07,10622,20076,2,0.0,Express,Upi,3486.48,90,1009.38,Delivered
504375,2024-10-27,14726,20085,2,0.0,Standard,Credit Card,5089.52,70,1511.44,Delivered
504376,2024-10-12,10717,20263,1,0.1,Standard,Cash On Delivery,3292.24,45,691.84,Delivered
504377,2024-04-25,14297,20234,2,0.1,Express,Credit Card,14671.89,115,5967.73,Delivered
504378,2024-05-28,11742,20265,3,0.1,Standard,Credit Card,679.89,45,185.79,Delivered
504379,2025-02-07,13073,20216,2,0.15,Standard,Net Banking,10635.49,70,3668.27,Delivered
504380,2025-11-12,11900,20174,2,0.1,Express,Upi,3210.41,90,1268.49,Delivered
504381,2024-03-30,14465,20037,1,0.2,Express,Credit Card,1361.63,90,229.53,Delivered
504382,2024-04-28,12775,20017,1,0.1,Same Day,Upi,1099.98,140,365.79,Delivered
504383,2025-11-26,11846,20297,1,0.1,Express,Credit Card,279.92,90,-42.66,Delivered
504384,2024-04-02,12157,20045,3,0.1,Express,Credit Card,2384.56,90,483.46,Delivered
504385,2025-09-20,10014,20073,2,0.1,Express,Debit Card,1657.64,90,530.9,Delivered
504386,2025-03-22,11600,20109,1,0.1,Standard,Net Banking,775.13,45,262.45,Delivered
504387,2024-11-07,11601,20138,2,0.05,Standard,Cash On Delivery,4527.85,45,1432.95,Delivered
504388,2024-11-13,12879,20182,2,0.1,Express,Upi,2015.42,90,510.1,Delivered
504389,2024-04-30,13405,20300,2,0.2,Express,Upi,1392.18,90,287.86,Delivered
504390,2024-11-12,10165,20002,4,0.15,Standard,Cash On Delivery,7871.37,70,1200.81,Delivered
504391,2024-05-17,10010,20080,1,0.1,Standard,Credit Card,2559.98,45,1097.48,Delivered
504392,2025-10-21,12213,20118,2,0.2,Express,Credit Card,1930.59,90,366.77,Delivered
504393,2024-10-10,10697,20262,2,0.15,Standard,Debit Card,3608.23,45,350.99,Delivered
504394,2025-10-15,12017,20080,3,0.0,Standard,Net Banking,8533.26,70,4210.76,Delivered
504395,2025-06-03,13717,20089,3,0.1,Standard,Credit Card,1679.1,45,384.3,Delivered
504396,2025-05-19,14119,20045,2,0.15,Same Day,Upi,1501.39,140,153.99,Delivered
504397,2025-01-25,11195,20266,1,0.15,Standard,Upi,512.66,45,94.66,Delivered
504398,2024-01-05,13495,20244,1,0.1,Express,Net Banking,384.3,90,51.18,Delivered
504399,2025-01-01,13015,20288,3,0.1,Standard,Upi,2889.3,45,1352.01,Delivered
504400,2025-05-06,13983,20002,3,0.1,Standard,Upi,6250.8,70,1230.38,Delivered
504401,2025-04-10,12481,20277,1,0.1,Express,Upi,5726.76,115,2517.59,Delivered
504402,2024-08-22,10309,20246,1,0.15,Express,Upi,304.72,90,25.01,Delivered
504403,2024-12-27,13721,20226,4,0.1,Same Day,Net Banking,5594.08,165,1250.72,Delivered
504404,2025-06-05,10027,20234,1,0.2,Express,Net Banking,6520.84,115,2111.26,Delivered
504405,2024-08-29,13469,20121,2,0.1,Express,Upi,1961.8,90,885.38,Delivered
504406,2025-03-17,14823,20023,2,0.0,Standard,Net Banking,929.66,45,186.16,Delivered
504407,2024-07-06,14966,20200,2,0.2,Standard,Credit Card,2781.9,45,59.92,Delivered
504408,2025-02-07,14117,20236,1,0.15,Standard,Upi,2990.32,45,1193.53,Delivered
504409,2025-03-02,10951,20036,2,0.05,Express,Credit Card,4440.47,90,1898.05,Delivered
504410,2025-02-16,10211,20014,2,0.1,Express,Upi,15439.72,115,7140.1,Delivered
504411,2025-05-28,14929,20015,2,0.0,Standard,Upi,2733.8,45,1359.94,Delivered
504412,2024-06-02,11539,20245,4,0.1,Standard,Upi,2998.19,45,591.39,Delivered
504413,2024-07-21,13488,20291,3,0.1,Express,Upi,2289.92,90,288.29,Delivered
504414,2024-08-04,12169,20120,1,0.05,Standard,Credit Card,2316.94,45,459.23,Delivered
504415,2025-04-26,12547,20022,2,0.05,Standard,Debit Card,12759.81,70,4397.15,Delivered
504416,2024-11-10,13236,20175,1,0.05,Standard,Upi,243.36,45,21.35,Delivered
504417,2025-09-08,13052,20292,1,0.15,Express,Net Banking,280.3,90,-52.56,Delivered
504418,2024-01-01,11671,20271,1,0.1,Standard,Cash On Delivery,4890.89,45,1372.59,Delivered
504419,2025-05-17,14670,20121,1,0.1,Standard,Upi,980.9,45,442.69,Delivered
504420,2024-10-04,10403,20096,2,0.05,Standard,Upi,3106.67,45,1041.77,Delivered
504421,2024-07-12,13365,20186,1,0.2,Express,Net Banking,1959.06,90,508.26,Delivered
504422,2024-09-04,12116,20169,1,0.15,Express,Debit Card,1036.0,90,241.15,Delivered
504423,2024-03-28,10225,20237,1,0.3,Standard,Upi,453.38,45,75.21,Delivered
504424,2025-03-09,10847,20232,4,0.2,Standard,Credit Card,5052.42,70,1911.66,Delivered
504425,2025-02-23,14070,20026,1,0.05,Standard,Debit Card,2065.14,45,700.12,Delivered
504426,2024-09-09,11775,20254,2,0.15,Express,Upi,770.24,90,221.72,Delivered
504427,2025-03-04,13776,20030,3,0.05,Express,Upi,1483.68,90,290.91,Delivered
504428,2024-06-12,13868,20287,3,0.15,Standard,Debit Card,4966.25,45,642.98,Delivered
504429,2025-05-09,11584,20109,4,0.15,Standard,Credit Card,3294.29,45,1378.57,Delivered
504430,2024-06-10,10971,20258,1,0.15,Express,Upi,572.36,90,135.88,Delivered
504431,2025-05-21,12909,20231,1,0.1,Same Day,Credit Card,498.58,140,98.93,Delivered
504432,2024-09-21,12576,20148,1,0.1,Standard,Net Banking,12196.88,70,3823.62,Delivered
504433,2024-04-19,11639,20034,1,0.25,Standard,Credit Card,793.64,45,136.53,Delivered
504434,2025-12-19,12122,20060,4,0.1,Standard,Upi,12691.3,70,3939.5,Delivered
504435,2024-11-14,12032,20290,3,0.05,Express,Upi,13265.7,115,3957.53,Delivered
504436,2024-05-11,12712,20165,1,0.05,Standard,Upi,327.85,45,125.0,Delivered
504437,2024-05-12,11453,20195,2,0.2,Express,Upi,8362.02,115,1957.4,Delivered
504438,2025-01-28,13158,20127,3,0.15,Standard,Credit Card,12002.42,70,3074.83,Delivered
504439,2025-09-11,10358,20225,1,0.05,Express,Credit Card,10668.54,115,3093.53,Delivered
504440,2025-11-14,14839,20275,4,0.05,Standard,Credit Card,10992.79,70,4769.79,Delivered
504441,2025-07-05,13066,20223,1,0.0,Standard,Debit Card,1309.35,45,530.5,Delivered
504442,2024-02-04,11305,20052,2,0.1,Express,Cash On Delivery,3592.31,90,890.49,Delivered
504443,2025-07-24,14560,20044,3,0.1,Standard,Cash On Delivery,6058.69,70,2644.05,Delivered
504444,2025-12-05,11071,20086,2,0.1,Standard,Upi,584.84,45,100.96,Delivered
504445,2025-12-22,14304,20155,1,0.1,Standard,Debit Card,252.19,45,0.95,Delivered
504446,2025-01-06,11167,20038,4,0.15,Standard,Credit Card,5648.32,70,2213.28,Delivered
504447,2024-01-31,14425,20092,1,0.1,Standard,Upi,3119.16,45,951.28,Delivered
504448,2024-06-22,11619,20149,2,0.1,Standard,Credit Card,635.2,45,47.74,Delivered
504449,2025-01-24,14676,20013,1,0.1,Standard,Upi,228.53,45,-9.92,Delivered
504450,2025-12-10,10740,20298,2,0.2,Express,Credit Card,2437.01,90,662.97,Delivered
504451,2024-04-15,14721,20225,1,0.1,Standard,Credit Card,10107.04,70,2577.03,Delivered
504452,2024-10-01,10621,20046,1,0.25,Standard,Upi,3167.27,45,-8.56,Delivered
504453,2024-04-05,10919,20220,1,0.1,Standard,Credit Card,4156.88,45,1184.42,Delivered
504454,2025-11-12,11844,20114,2,0.1,Standard,Net Banking,745.22,45,170.34,Delivered
504455,2024-01-30,14563,20078,1,0.25,Standard,Net Banking,972.86,45,37.92,Delivered
504456,2024-06-09,14176,20278,3,0.0,Express,Upi,21059.07,115,5608.58,Delivered
504457,2024-11-01,11504,20017,4,0.2,Express,Debit Card,3911.04,90,1444.28,Delivered
504458,2025-09-14,12164,20097,1,0.05,Express,Net Banking,471.54,90,66.25,Cancelled
504459,2025-12-24,12869,20102,2,0.15,Standard,Net Banking,8561.9,70,1144.88,Delivered
504460,2024-07-14,13232,20282,4,0.2,Standard,Upi,2306.4,45,647.2,Delivered
504461,2025-08-30,12874,20167,3,0.0,Express,Upi,3399.18,90,822.96,Delivered
504462,2024-12-03,11618,20071,1,0.3,Standard,Debit Card,1430.77,45,148.28,Delivered
504463,2024-05-17,11186,20217,1,0.1,Standard,Upi,477.27,45,187.34,Delivered
504464,2025-03-22,11685,20240,2,0.1,Standard,Net Banking,1886.11,45,587.51,Delivered
504465,2024-11-05,10510,20179,3,0.1,Standard,Credit Card,1874.15,45,436.91,Delivered
504466,2024-06-27,10165,20158,2,0.1,Standard,Debit Card,2162.7,45,520.68,Delivered
504467,2024-12-02,13280,20041,2,0.1,Standard,Upi,270.0,45,58.02,Delivered
504468,2024-08-21,14048,20050,3,0.05,Express,Upi,5632.23,115,2490.23,Delivered
504469,2024-09-05,12069,20284,1,0.1,Standard,Upi,294.96,45,88.24,Delivered
504470,2024-05-11,11247,20074,1,0.15,Standard,Net Banking,843.06,45,145.9,Delivered
504471,2024-09-05,12907,20187,2,0.0,Express,Upi,5855.08,115,1189.2,Delivered
504472,2025-03-30,14560,20244,1,0.15,Express,Cash On Delivery,362.95,90,29.83,Delivered
504473,2025-05-13,14585,20066,1,0.1,Standard,Upi,563.53,45,144.81,Delivered
504474,2024-03-03,11821,20235,1,0.0,Standard,Debit Card,5130.43,70,2149.75,Delivered
504475,2025-01-26,10729,20114,1,0.2,Standard,Net Banking,331.21,45,21.27,Delivered
504476,2024-09-13,14533,20206,1,0.1,Standard,Credit Card,938.98,45,325.94,Delivered
504477,2024-09-04,12178,20269,1,0.1,Standard,Upi,403.6,45,150.59,Delivered
504478,2024-09-20,11868,20257,3,0.1,Standard,Cash On Delivery,933.2,45,112.37,Delivered
504479,2025-04-11,14886,20089,1,0.15,Standard,Debit Card,528.61,45,67.01,Delivered
504480,2024-12-26,10358,20010,1,0.0,Standard,Cash On Delivery,971.85,45,321.81,Delivered
504481,2025-01-27,12513,20191,1,0.15,Express,Upi,877.42,90,60.62,Delivered
504482,2024-06-27,10186,20234,1,0.15,Standard,Credit Card,6928.39,70,2563.81,Delivered
504483,2025-05-20,13116,20054,1,0.1,Standard,Credit Card,2498.74,45,1046.96,Delivered
504484,2025-05-13,13271,20151,5,0.25,Standard,Net Banking,15928.72,70,3998.92,Delivered
504485,2025-11-07,12449,20059,3,0.1,Standard,Credit Card,15893.04,70,3103.97,Delivered
504486,2025-08-25,13544,20262,1,0.15,Standard,Upi,1804.12,45,153.0,Delivered
504487,2025-12-04,11480,20032,1,0.15,Standard,Upi,389.38,45,23.16,Delivered
504488,2024-10-18,14887,20069,1,0.15,Standard,Credit Card,1707.05,45,740.69,Delivered
504489,2025-08-10,13063,20083,2,0.2,Standard,Cash On Delivery,1566.51,45,539.35,Delivered
504490,2024-04-08,10183,20258,3,0.05,Standard,Credit Card,1919.08,45,834.64,Delivered
504491,2025-08-29,12461,20299,1,0.15,Standard,Upi,1215.62,45,96.75,Delivered
504492,2024-06-29,12372,20040,1,0.0,Standard,Debit Card,979.29,45,374.57,Delivered
504493,2025-02-06,11145,20004,5,0.15,Standard,Debit Card,1450.78,45,226.68,Delivered
504494,2025-10-27,12097,20075,1,0.3,Same Day,Upi,2384.13,140,697.89,Delivered
504495,2025-01-08,10635,20174,2,0.15,Standard,Debit Card,3032.05,45,1135.13,Delivered
504496,2025-09-15,11304,20105,3,0.1,Standard,Cash On Delivery,15916.69,70,2894.76,Delivered
504497,2025-11-13,14715,20148,1,0.1,Standard,Net Banking,12196.88,70,3823.62,Delivered
504498,2024-09-09,10533,20122,1,0.3,Standard,Cash On Delivery,2664.35,45,-65.24,Delivered
504499,2024-05-01,11882,20014,2,0.1,Standard,Upi,15439.72,70,7185.1,Delivered
504500,2025-03-17,14310,20177,2,0.15,Express,Upi,1808.15,90,133.35,Delivered
504501,2025-12-17,10533,20021,3,0.05,Standard,Upi,35284.71,70,11521.34,Delivered
504502,2024-09-01,10953,20258,3,0.2,Express,Cash On Delivery,1616.06,90,486.62,Delivered
504503,2025-09-30,12806,20149,1,0.05,Standard,Credit Card,335.25,45,19.02,Delivered
504504,2025-05-05,12450,20266,1,0.3,Same Day,Credit Card,422.19,140,-90.81,Delivered
504505,2024-02-15,14524,20118,2,0.0,Express,Net Banking,2413.24,90,849.42,Delivered
504506,2025-03-27,12823,20080,5,0.1,Standard,Debit Card,12799.89,70,5642.39,Delivered
504507,2024-10-22,12389,20264,1,0.15,Standard,Credit Card,609.22,45,55.13,Delivered
504508,2024-05-20,10980,20185,1,0.15,Standard,Upi,2190.67,45,660.03,Delivered
504509,2025-09-24,14131,20101,1,0.05,Standard,Upi,1824.61,45,847.91,Delivered
504510,2025-06-04,12916,20089,4,0.15,Standard,Upi,2114.43,45,403.03,Delivered
504511,2024-03-06,12574,20047,3,0.0,Express,Upi,1515.0,90,604.26,Delivered
504512,2025-04-27,13117,20082,2,0.0,Standard,Debit Card,4091.62,45,860.86,Delivered
504513,2024-11-04,13556,20124,2,0.05,Express,Credit Card,3547.6,90,1131.56,Delivered
504514,2025-04-04,14527,20264,2,0.1,Standard,Debit Card,1290.11,45,226.93,Delivered
504515,2025-08-15,14457,20147,4,0.1,Standard,Upi,3706.2,45,766.64,Delivered
504516,2025-02-01,12450,20241,4,0.0,Standard,Cash On Delivery,857.84,45,383.88,Delivered
504517,2025-04-13,11608,20286,2,0.1,Standard,Upi,4383.94,45,1818.62,Delivered
504518,2025-09-08,12704,20091,1,0.25,Standard,Credit Card,4127.96,45,404.59,Delivered
504519,2025-01-26,14466,20228,2,0.15,Express,Cash On Delivery,1461.85,90,101.47,Delivered
504520,2024-04-06,13568,20154,2,0.05,Standard,Debit Card,1321.18,45,255.48,Delivered
504521,2024-07-08,12401,20251,2,0.05,Standard,Upi,1390.63,45,641.65,Delivered
504522,2024-07-13,14715,20201,3,0.1,Express,Net Banking,1614.03,90,697.89,Delivered
504523,2024-11-29,13956,20215,2,0.05,Standard,Upi,1076.94,45,491.94,Delivered
504524,2024-03-23,12352,20173,1,0.25,Standard,Credit Card,557.38,45,-14.1,Delivered
504525,2024-09-07,13571,20064,3,0.1,Standard,Upi,5623.8,70,2405.75,Delivered
504526,2024-03-10,10403,20030,1,0.0,Standard,Credit Card,520.59,45,108.0,Delivered
504527,2024-10-18,12805,20178,1,0.15,Express,Cash On Delivery,440.51,90,91.79,Delivered
504528,2024-12-05,13027,20170,1,0.2,Standard,Upi,1165.03,45,183.91,Delivered
504529,2025-01-19,11548,20156,1,0.2,Standard,Upi,1542.41,45,245.15,Delivered
504530,2025-11-30,12458,20058,1,0.2,Standard,Upi,1302.51,45,429.09,Delivered
504531,2025-04-02,12631,20031,1,0.05,Standard,Debit Card,804.79,45,369.83,Delivered
504532,2024-05-20,10104,20100,1,0.15,Standard,Debit Card,1050.6,45,58.71,Delivered
504533,2024-05-19,11744,20128,2,0.2,Standard,Credit Card,2411.82,45,846.78,Delivered
504534,2024-03-15,10422,20228,2,0.2,Standard,Debit Card,1375.86,45,60.48,Delivered
504535,2024-04-09,14714,20116,2,0.1,Standard,Credit Card,802.58,45,276.98,Delivered
504536,2025-10-18,14647,20012,3,0.15,Standard,Upi,15675.59,70,3502.09,Delivered
504537,2024-06-23,12830,20196,1,0.25,Standard,Credit Card,807.82,45,27.12,Delivered
504538,2024-11-18,14391,20183,2,0.15,Express,Upi,2198.15,90,893.59,Delivered
504539,2025-04-21,10276,20005,2,0.1,Standard,Credit Card,759.51,45,249.15,Delivered
504540,2024-01-10,12652,20260,2,0.0,Express,Net Banking,2476.08,90,609.86,Cancelled
504541,2024-02-15,11475,20297,2,0.0,Express,Cash On Delivery,622.04,90,66.88,Delivered
504542,2025-09-20,14716,20140,3,0.1,Standard,Upi,2539.32,45,594.96,Delivered
504543,2025-05-30,14488,20055,2,0.15,Standard,Credit Card,4791.62,45,383.82,Delivered
504544,2024-11-08,11713,20156,3,0.05,Express,Net Banking,5494.83,115,1623.05,Delivered
504545,2024-08-25,14301,20188,1,0.05,Standard,Cash On Delivery,2668.36,45,812.16,Delivered
504546,2024-01-31,13468,20256,4,0.0,Standard,Cash On Delivery,5100.08,70,2038.28,Delivered
504547,2025-05-24,11540,20181,1,0.05,Express,Credit Card,1830.61,90,379.45,Delivered
504548,2024-05-09,14392,20168,1,0.1,Standard,Credit Card,1993.25,45,342.22,Delivered
504549,2025-01-19,10530,20121,1,0.15,Standard,Credit Card,926.41,45,388.2,Delivered
504550,2025-08-15,13721,20011,1,0.25,Standard,Upi,652.83,45,150.93,Delivered
504551,2024-01-25,14610,20178,2,0.15,Express,Debit Card,881.02,90,273.58,Cancelled
504552,2024-09-17,12072,20123,1,0.05,Standard,Net Banking,5433.0,70,1901.37,Delivered
504553,2025-07-13,12337,20048,1,0.15,Standard,Net Banking,538.0,45,170.5,Delivered
504554,2025-02-01,12248,20182,1,0.2,Express,Upi,895.74,90,98.08,Delivered
504555,2025-07-17,11766,20241,3,0.05,Same Day,Cash On Delivery,611.21,140,149.49,Cancelled
504556,2024-11-25,13918,20256,1,0.15,Standard,Credit Card,1083.77,45,290.82,Delivered
504557,2024-05-28,14617,20213,5,0.2,Express,Upi,12399.08,115,1310.23,Delivered
504558,2025-02-12,11517,20297,2,0.05,Standard,Debit Card,590.94,45,80.78,Delivered
504559,2025-09-02,11043,20220,4,0.1,Standard,Upi,16627.54,70,4847.7,Delivered
504560,2025-08-01,12138,20028,1,0.1,Express,Upi,6679.28,115,884.48,Delivered
504561,2025-12-22,12220,20216,2,0.05,Standard,Cash On Delivery,11886.72,70,4919.5,Delivered
504562,2024-04-28,10292,20246,2,0.1,Standard,Upi,645.3,45,220.88,Delivered
504563,2025-03-09,12359,20199,2,0.2,Standard,Net Banking,1227.97,45,260.67,Delivered
504564,2024-08-15,13117,20191,2,0.0,Express,Cash On Delivery,2064.52,90,520.92,Delivered
504565,2025-09-06,14572,20129,2,0.25,Standard,Credit Card,5410.53,70,1527.33,Delivered
504566,2024-08-27,13517,20161,1,0.0,Standard,Credit Card,2617.55,45,983.27,Delivered
504567,2024-08-19,10502,20033,3,0.1,Standard,Debit Card,2941.49,45,414.14,Delivered
504568,2024-10-16,11597,20011,1,0.0,Express,Upi,870.44,90,323.54,Delivered
504569,2024-06-02,11146,20215,1,0.15,Express,Debit Card,481.79,90,121.79,Delivered
504570,2025-11-12,14179,20242,1,0.0,Standard,Upi,4101.01,45,1293.09,Delivered
504571,2024-06-07,11859,20284,3,0.2,Standard,Upi,786.55,45,256.39,Delivered
504572,2025-09-16,11246,20246,1,0.2,Standard,Upi,286.8,45,52.09,Delivered
504573,2025-07-16,11483,20190,2,0.1,Standard,Upi,1152.25,45,308.75,Delivered
504574,2025-04-20,14538,20072,1,0.3,Express,Credit Card,1136.13,90,-184.27,Delivered
504575,2025-07-01,11655,20245,4,0.1,Same Day,Net Banking,2998.19,140,496.39,Delivered
504576,2024-01-13,14856,20083,1,0.1,Standard,Credit Card,881.16,45,345.08,Cancelled
504577,2025-05-21,14784,20114,1,0.1,Standard,Credit Card,372.61,45,62.67,Delivered
504578,2024-08-05,13233,20264,1,0.1,Standard,Upi,645.06,45,90.97,Delivered
504579,2025-12-20,11786,20069,1,0.25,Standard,Cash On Delivery,1506.22,45,539.86,Delivered
504580,2024-08-09,10575,20161,3,0.0,Same Day,Unknown,7852.65,165,2919.81,Delivered
504581,2024-10-14,13704,20107,1,0.1,Standard,Credit Card,524.13,45,138.49,Delivered
504582,2025-06-07,14473,20294,1,0.1,Standard,Upi,1749.96,45,789.65,Delivered
504583,2025-05-01,13250,20140,1,0.0,Standard,Credit Card,940.49,45,262.37,Delivered
504584,2025-11-29,12627,20150,3,0.15,Standard,Debit Card,1194.62,45,263.6,Delivered
504585,2025-11-11,13523,20099,1,0.05,Standard,Upi,2203.71,45,614.31,Delivered
504586,2024-11-19,13836,20167,2,0.0,Standard,Upi,2266.12,45,563.64,Delivered
504587,2025-09-09,10252,20144,3,0.3,Standard,Upi,394.0,45,1.24,Delivered
504588,2024-06-24,12096,20159,1,0.15,Standard,Credit Card,6566.51,70,1077.16,Delivered
504589,2024-02-10,10161,20300,1,0.15,Express,Upi,739.59,90,142.43,Delivered
504590,2024-11-20,13570,20044,1,0.1,Standard,Debit Card,2019.56,45,859.68,Delivered
504591,2024-09-23,11333,20087,2,0.05,Standard,Cash On Delivery,859.62,45,339.52,Delivered
504592,2025-01-27,10830,20084,2,0.1,Standard,Cash On Delivery,2865.02,45,630.48,Delivered
504593,2024-04-22,10849,20096,3,0.15,Standard,Debit Card,4169.48,45,1094.63,Delivered
504594,2024-10-10,10163,20240,1,0.1,Express,Debit Card,890.66,90,173.86,Delivered
504595,2024-07-21,14345,20217,3,0.15,Express,Upi,1352.26,90,527.47,Delivered
504596,2024-05-23,11530,20239,1,0.0,Express,Upi,544.58,90,162.46,Delivered
504597,2024-08-30,11623,20072,2,0.15,Express,Credit Card,2759.17,90,208.37,Delivered
504598,2024-02-04,11999,20181,2,0.0,Same Day,Net Banking,3853.92,140,991.6,Delivered
504599,2024-02-22,13625,20173,1,0.25,Express,Credit Card,557.38,90,-59.1,Delivered
504600,2025-05-17,11678,20192,3,0.2,Standard,Debit Card,3198.72,45,362.1,Delivered
504601,2024-12-21,14106,20094,3,0.0,Express,Cash On Delivery,7868.97,115,3433.31,Delivered
504602,2024-05-29,14947,20152,3,0.05,Standard,Debit Card,842.66,45,370.55,Delivered
504603,2025-03-12,14455,20159,1,0.1,Express,Upi,6952.78,115,1418.43,Delivered
504604,2025-03-25,11300,20296,2,0.0,Same Day,Upi,817.08,140,99.1,Delivered
504605,2025-06-08,12172,20015,1,0.2,Express,Upi,1093.52,90,339.09,Delivered
504606,2024-09-23,13354,20119,1,0.2,Standard,Credit Card,2597.74,45,1091.44,Delivered
504607,2025-08-31,14445,20021,1,0.05,Standard,Upi,11761.57,70,3793.78,Delivered
504608,2024-03-26,11684,20021,2,0.25,Standard,Upi,18570.9,70,2705.32,Delivered
504609,2024-11-04,11024,20221,1,0.15,Standard,Credit Card,1402.14,45,452.18,Delivered
504610,2024-09-21,12990,20106,1,0.1,Standard,Upi,1096.64,45,394.15,Delivered
504611,2025-05-06,11721,20233,1,0.1,Same Day,Credit Card,2384.57,140,341.83,Delivered
504612,2025-08-05,14714,20065,2,0.05,Standard,Credit Card,4107.06,45,1081.44,Delivered
504613,2024-01-17,11200,20149,1,0.1,Standard,Upi,317.6,45,1.37,Delivered
504614,2024-07-07,11718,20183,1,0.15,Standard,Debit Card,1099.08,45,446.8,Delivered
504615,2025-06-05,10460,20069,1,0.05,Standard,Credit Card,1907.88,45,941.52,Delivered
504616,2024-06-14,11591,20207,1,0.1,Standard,Net Banking,670.92,45,227.06,Cancelled
504617,2025-07-04,10270,20110,2,0.0,Standard,Upi,1144.64,45,299.16,Delivered
504618,2024-12-10,11281,20282,2,0.15,Express,Upi,1225.27,90,328.17,Delivered
504619,2024-08-06,11304,20055,1,0.2,Standard,Upi,2254.88,45,28.48,Delivered
504620,2024-04-03,11387,20113,1,0.2,Standard,Upi,338.21,45,64.42,Delivered
504621,2024-06-06,10535,20213,1,0.0,Standard,Credit Card,3099.77,45,860.0,Delivered
504622,2024-02-03,14633,20046,3,0.15,Standard,Cash On Delivery,10768.7,70,1306.21,Delivered
504623,2025-02-19,10060,20070,1,0.2,Same Day,Upi,1644.73,140,458.32,Delivered
504624,2025-05-20,13251,20182,1,0.1,Express,Debit Card,1007.71,90,210.05,Delivered
504625,2025-05-04,12915,20173,3,0.2,Express,Net Banking,1783.63,90,114.19,Delivered
504626,2025-06-07,10062,20209,1,0.0,Express,Net Banking,1173.24,90,447.66,Delivered
504627,2024-08-20,13146,20223,2,0.15,Standard,Upi,2225.9,45,713.2,Delivered
504628,2025-08-21,11940,20096,1,0.05,Standard,Upi,1553.34,45,498.39,Delivered
504629,2025-08-27,13748,20120,3,0.0,Standard,Upi,7316.64,70,1808.51,Delivered
504630,2024-04-16,11550,20036,1,0.1,Standard,Credit Card,2103.38,45,832.17,Delivered
504631,2024-07-11,11287,20034,1,0.1,Standard,Upi,952.36,45,295.25,Delivered
504632,2025-04-12,14281,20289,2,0.15,Standard,Upi,2974.13,45,943.61,Delivered
504633,2025-06-05,12083,20055,1,0.2,Standard,Upi,2254.88,45,28.48,Delivered
504634,2025-09-28,13164,20023,2,0.1,Express,Cash On Delivery,836.69,90,48.19,Delivered
504635,2024-10-05,14197,20253,1,0.25,Standard,Debit Card,437.22,45,106.25,Delivered
504636,2024-05-07,12841,20044,1,0.05,Standard,Debit Card,2131.76,45,971.88,Delivered
504637,2024-12-06,12628,20100,2,0.15,Standard,Net Banking,2101.2,45,162.42,Delivered
504638,2025-11-27,11341,20028,3,0.15,Standard,Upi,18924.62,70,1815.22,Delivered
504639,2024-02-28,13469,20064,3,0.1,Express,Upi,5623.8,115,2360.75,Delivered
504640,2024-06-30,10196,20299,1,0.1,Express,Net Banking,1287.13,90,123.26,Delivered
504641,2025-08-08,12462,20171,2,0.25,Same Day,Credit Card,8506.17,165,-152.85,Cancelled
504642,2025-05-28,11505,20141,1,0.15,Standard,Credit Card,1042.8,45,145.55,Delivered
504643,2024-08-30,12116,20072,2,0.1,Standard,Upi,2921.47,45,415.67,Delivered
504644,2024-08-15,10885,20043,2,0.1,Standard,Upi,951.64,45,241.5,Delivered
504645,2025-07-13,14025,20240,2,0.1,Express,Debit Card,1886.11,90,542.51,Delivered
504646,2025-06-01,10871,20269,1,0.2,Standard,Debit Card,358.76,45,105.75,Delivered
504647,2025-07-08,13945,20219,1,0.0,Standard,Upi,3430.29,45,1394.77,Delivered
504648,2024-05-24,14728,20139,1,0.1,Same Day,Upi,296.6,140,-28.91,Cancelled
504649,2024-05-06,11213,20200,3,0.1,Standard,Net Banking,4694.46,45,633.99,Delivered
504650,2024-11-30,11378,20154,1,0.05,Express,Upi,660.59,90,60.24,Delivered
504651,2025-02-11,10498,20214,3,0.0,Standard,Debit Card,5308.98,70,2694.65,Delivered
504652,2024-04-30,10920,20050,1,0.0,Standard,Upi,1976.22,45,922.22,Delivered
504653,2025-12-01,11663,20049,2,0.3,Express,Cash On Delivery,1073.37,90,-91.47,Delivered
504654,2024-10-11,10218,20244,1,0.0,Express,Cash On Delivery,427.0,90,93.88,Delivered
504655,2024-08-29,14478,20269,1,0.0,Express,Upi,448.45,90,150.44,Delivered
504656,2024-03-18,12180,20263,4,0.05,Standard,Debit Card,13900.55,70,3608.95,Delivered
504657,2025-07-23,14217,20244,2,0.3,Express,Upi,597.8,90,21.56,Delivered
504658,2025-03-25,13131,20171,1,0.15,Standard,Upi,4820.16,45,528.15,Delivered
504659,2025-04-14,11765,20042,3,0.1,Standard,Upi,21659.51,70,7096.3,Delivered
504660,2024-06-29,12057,20013,1,0.3,Standard,Upi,177.74,45,-60.71,Delivered
504661,2025-08-04,10261,20268,2,0.1,Standard,Credit Card,6359.69,70,2227.79,Delivered
504662,2024-09-21,12260,20204,2,0.2,Standard,Credit Card,2980.98,45,1257.38,Delivered
504663,2025-12-16,14957,20294,1,0.0,Standard,Credit Card,1944.4,45,984.09,Delivered
504664,2025-11-12,10669,20259,1,0.25,Standard,Net Banking,1037.32,45,-73.6,Delivered
504665,2024-10-21,10024,20200,1,0.25,Standard,Upi,1304.02,45,-79.47,Delivered
504666,2024-09-03,12252,20159,1,0.2,Standard,Upi,6180.25,70,690.9,Delivered
504667,2025-02-27,12501,20200,2,0.05,Express,Upi,3303.51,90,536.53,Delivered
504668,2024-02-28,12309,20293,1,0.0,Standard,Upi,2110.25,45,492.24,Delivered
504669,2025-04-02,14962,20280,1,0.2,Express,Net Banking,928.37,90,306.55,Delivered
504670,2024-01-11,13836,20092,2,0.05,Standard,Upi,6584.89,70,2269.13,Delivered
504671,2024-12-12,13845,20068,1,0.1,Standard,Credit Card,474.79,45,68.1,Delivered
504672,2024-01-05,13185,20064,1,0.1,Standard,Net Banking,1874.6,45,780.25,Delivered
504673,2025-12-17,10340,20144,1,0.05,Standard,Debit Card,178.24,45,17.32,Delivered
504674,2025-01-04,12095,20274,2,0.15,Standard,Upi,1862.42,45,382.24,Delivered
504675,2025-04-02,14926,20068,2,0.1,Standard,Cash On Delivery,949.59,45,181.21,Delivered
504676,2024-09-01,14909,20235,3,0.15,Express,Upi,13082.6,115,4235.56,Delivered
504677,2024-09-05,10489,20123,4,0.0,Standard,Upi,22875.8,70,8959.28,Delivered
504678,2025-03-10,11346,20053,1,0.05,Standard,Debit Card,1277.76,45,521.09,Delivered
504679,2025-02-23,10791,20027,1,0.25,Standard,Debit Card,746.13,45,225.77,Delivered
504680,2024-04-14,14199,20036,1,0.0,Standard,Credit Card,2337.09,45,1065.88,Delivered
504681,2024-08-29,14189,20100,2,0.1,Standard,Upi,2224.8,45,286.02,Delivered
504682,2024-09-28,13857,20141,1,0.05,Standard,Upi,1165.48,45,268.23,Delivered
504683,2025-06-02,11187,20176,1,0.15,Express,Cash On Delivery,217.33,90,3.74,Delivered
504684,2025-12-29,13001,20188,1,0.1,Standard,Credit Card,2527.92,45,671.72,Delivered
504685,2024-02-13,13456,20206,2,0.15,Standard,Net Banking,1773.63,45,592.55,Delivered
504686,2024-01-26,11253,20106,1,0.2,Standard,Upi,974.79,45,272.3,Delivered
504687,2024-06-29,13270,20101,1,0.15,Standard,Credit Card,1632.54,45,655.84,Delivered
504688,2025-08-26,12157,20111,1,0.1,Standard,Net Banking,1170.79,45,492.97,Delivered
504689,2025-03-03,13600,20179,5,0.1,Standard,Credit Card,3123.58,45,758.18,Delivered
504690,2024-09-24,10703,20014,2,0.15,Standard,Upi,14581.95,70,6327.33,Delivered
504691,2025-08-02,11274,20251,1,0.15,Standard,Cash On Delivery,622.12,45,225.13,Delivered
504692,2024-05-30,10539,20171,1,0.1,Standard,Debit Card,5103.7,70,786.69,Delivered
504693,2025-09-07,13754,20259,1,0.15,Standard,Upi,1175.63,45,64.71,Delivered
504694,2025-08-22,13587,20153,1,0.0,Standard,Debit Card,1873.83,45,649.37,Delivered
504695,2024-04-04,14638,20034,1,0.25,Standard,Upi,793.64,45,136.53,Delivered
504696,2025-01-16,12615,20198,1,0.15,Standard,Upi,1688.47,45,503.08,Delivered
504697,2025-05-29,12972,20232,4,0.1,Standard,Upi,5683.97,70,2543.21,Delivered
504698,2025-12-20,11387,20193,1,0.1,Standard,Upi,588.81,45,107.53,Delivered
504699,2025-09-05,11224,20188,1,0.0,Standard,Upi,2808.8,45,952.6,Cancelled
504700,2025-11-19,14055,20238,1,0.25,Standard,Credit Card,476.6,45,-16.97,Delivered
504701,2025-03-03,13060,20209,1,0.15,Standard,Cash On Delivery,997.25,45,316.67,Delivered
504702,2025-02-28,12925,20205,1,0.15,Standard,Credit Card,11524.57,70,1330.41,Delivered
504703,2024-07-17,13503,20105,1,0.15,Express,Upi,5010.81,115,578.5,Delivered
504704,2024-01-08,11374,20291,1,0.1,Standard,Net Banking,763.31,45,81.1,Delivered
504705,2024-11-22,13533,20242,1,0.15,Standard,Net Banking,3485.86,45,677.94,Delivered
504706,2025-11-20,10010,20097,3,0.25,Same Day,Debit Card,1116.81,140,30.94,Delivered
504707,2025-08-16,12338,20289,1,0.1,Standard,Credit Card,1574.54,45,536.78,Delivered
504708,2025-09-15,13475,20115,1,0.15,Express,Credit Card,949.09,90,313.46,Delivered
504709,2024-01-21,12443,20039,2,0.1,Express,Debit Card,5523.7,115,1283.94,Delivered
504710,2025-06-29,10227,20110,1,0.0,Standard,Upi,572.32,45,127.08,Delivered
504711,2024-09-11,10112,20192,4,0.05,Standard,Upi,5064.64,70,1272.48,Delivered
504712,2025-03-08,14878,20166,5,0.0,Standard,Upi,3247.7,45,1607.95,Delivered
504713,2025-05-19,10970,20294,2,0.1,Standard,Debit Card,3499.92,45,1624.3,Delivered
504714,2024-01-27,11634,20073,5,0.1,Standard,Credit Card,4144.1,45,1507.25,Delivered
504715,2025-06-03,10360,20112,1,0.05,Standard,Upi,2398.99,45,455.58,Delivered
504716,2025-06-13,14863,20065,1,0.1,Standard,Debit Card,1945.45,45,410.14,Delivered
504717,2025-05-14,12487,20298,3,0.05,Standard,Credit Card,4340.92,45,1769.86,Delivered
504718,2024-08-20,10168,20102,2,0.0,Express,Debit Card,10072.82,115,2610.8,Delivered
504719,2025-01-30,11877,20055,2,0.1,Same Day,Debit Card,5073.48,165,545.68,Delivered
504720,2024-11-02,11451,20194,1,0.15,Standard,Cash On Delivery,4422.41,45,323.07,Delivered
504721,2025-05-24,12806,20074,1,0.0,Standard,Debit Card,991.83,45,294.67,Delivered
504722,2025-12-03,14472,20292,1,0.15,Standard,Debit Card,280.3,45,-7.56,Delivered
504723,2025-02-27,10586,20184,1,0.05,Standard,Upi,777.99,45,173.71,Delivered
504724,2024-05-29,11824,20042,1,0.2,Same Day,Upi,6417.63,165,1421.56,Delivered
504725,2025-01-26,13984,20099,1,0.0,Express,Debit Card,2319.69,90,685.29,Delivered
504726,2025-05-04,14975,20128,2,0.05,Express,Debit Card,2864.04,90,1254.0,Delivered
504727,2025-10-29,10758,20013,1,0.05,Standard,Upi,241.22,45,2.77,Delivered
504728,2024-02-16,13127,20099,3,0.15,Express,Upi,5915.21,115,1167.01,Delivered
504729,2024-11-07,14030,20140,4,0.2,Standard,Upi,3009.57,45,432.09,Delivered
504730,2024-05-18,13818,20204,2,0.1,Express,Upi,3353.6,90,1585.0,Delivered
504731,2025-02-08,11974,20140,1,0.15,Standard,Upi,799.42,45,121.3,Delivered
504732,2025-10-15,12709,20220,2,0.2,Standard,Debit Card,7390.02,70,1465.1,Delivered
504733,2024-01-14,10098,20233,3,0.15,Standard,Credit Card,6756.28,70,978.06,Cancelled
504734,2025-06-02,13344,20300,1,0.05,Express,Upi,826.6,90,229.44,Delivered
504735,2025-07-04,11920,20132,1,0.05,Standard,Credit Card,475.66,45,203.07,Delivered
504736,2024-07-03,12207,20159,1,0.1,Standard,Upi,6952.78,70,1463.43,Delivered
504737,2024-04-24,10087,20123,2,0.2,Standard,Debit Card,9150.32,70,2157.06,Delivered
504738,2024-04-19,12741,20243,1,0.05,Standard,Debit Card,453.35,45,78.92,Delivered
504739,2025-07-30,13637,20234,1,0.3,Standard,Debit Card,5705.74,70,1341.16,Delivered
504740,2024-10-07,11874,20090,1,0.05,Standard,Credit Card,985.03,45,409.71,Delivered
504741,2025-06-26,13648,20247,1,0.0,Same Day,Debit Card,2142.95,140,549.33,Delivered
504742,2024-03-26,10748,20148,3,0.15,Standard,Debit Card,34557.83,70,9578.05,Delivered
504743,2024-05-17,10682,20243,2,0.1,Standard,Net Banking,858.98,45,155.12,Delivered
504744,2025-04-10,14217,20048,2,0.15,Standard,Debit Card,1076.0,45,386.0,Cancelled
504745,2024-03-17,10042,20223,1,0.05,Standard,Upi,1243.88,45,465.03,Delivered
504746,2024-05-16,14708,20136,2,0.05,Express,Upi,598.75,90,153.85,Delivered
504747,2025-09-25,12856,20201,1,0.1,Same Day,Credit Card,538.01,140,122.63,Delivered
504748,2024-04-06,10135,20239,1,0.25,Standard,Upi,408.44,45,71.32,Delivered
504749,2025-06-14,13880,20060,1,0.1,Standard,Debit Card,3172.82,45,957.37,Delivered
504750,2024-01-09,12246,20280,1,0.0,Standard,Upi,1160.46,45,583.64,Cancelled
504751,2024-03-23,13932,20017,1,0.15,Standard,Credit Card,1038.87,45,399.68,Delivered
504752,2024-02-16,11167,20167,1,0.25,Standard,Upi,849.8,45,-23.94,Delivered
504753,2025-05-26,14965,20055,4,0.1,Standard,Debit Card,10146.96,70,1351.36,Cancelled
504754,2025-03-05,14119,20077,3,0.1,Standard,Debit Card,5027.16,70,1331.96,Delivered
504755,2024-03-30,12256,20031,1,0.25,Standard,Cash On Delivery,635.36,45,200.4,Delivered
504756,2025-05-27,11134,20101,1,0.15,Same Day,Debit Card,1632.54,140,560.84,Delivered
504757,2025-11-04,13099,20028,1,0.15,Standard,Net Banking,6308.21,70,558.41,Delivered
504758,2025-10-26,13472,20032,1,0.05,Standard,Debit Card,435.2,45,68.98,Delivered
504759,2025-02-17,14914,20263,1,0.1,Standard,Upi,3292.24,45,691.84,Delivered
504760,2025-05-27,11969,20206,1,0.2,Standard,Upi,834.65,45,221.61,Delivered
504761,2025-10-19,14112,20270,1,0.15,Standard,Upi,739.02,45,83.93,Delivered
504762,2025-11-03,13145,20073,3,0.0,Standard,Upi,2762.73,45,1162.62,Cancelled
504763,2025-10-08,13210,20070,1,0.15,Express,Credit Card,1747.52,90,611.11,Delivered
504764,2024-03-17,13997,20179,1,0.2,Express,Upi,555.3,90,1.22,Delivered
504765,2024-03-21,12675,20207,1,0.1,Standard,Debit Card,670.92,45,227.06,Delivered
504766,2025-07-07,12109,20030,2,0.15,Standard,Credit Card,885.0,45,104.82,Delivered
504767,2025-09-27,12533,20144,2,0.15,Express,Cash On Delivery,318.95,90,-2.89,Delivered
504768,2024-07-20,14728,20159,2,0.1,Same Day,Upi,13905.56,165,2901.86,Delivered
504769,2025-03-22,13523,20246,2,0.15,Express,Credit Card,609.45,90,140.03,Cancelled
504770,2024-04-16,11047,20268,2,0.15,Standard,Credit Card,6006.37,70,1874.47,Delivered
504771,2024-10-18,12976,20213,1,0.05,Express,Upi,2944.78,90,660.01,Delivered
504772,2025-11-16,14956,20259,1,0.1,Standard,Credit Card,1244.78,45,133.86,Delivered
504773,2024-11-07,14187,20067,2,0.1,Express,Upi,2970.16,90,574.06,Delivered
504774,2025-08-21,12789,20260,1,0.0,Standard,Upi,1238.04,45,304.93,Delivered
504775,2025-05-31,10743,20276,2,0.15,Same Day,Upi,2934.68,140,211.9,Delivered
504776,2025-11-14,10337,20250,1,0.05,Standard,Debit Card,2620.65,45,1122.8,Delivered
504777,2025-09-24,12121,20045,5,0.05,Express,Upi,4195.06,90,1086.56,Delivered
504778,2025-10-29,13542,20287,1,0.25,Express,Credit Card,1460.66,90,-55.43,Delivered
504779,2025-08-21,10330,20028,2,0.05,Standard,Credit Card,14100.7,70,2671.1,Delivered
504780,2025-03-01,14825,20229,1,0.1,Standard,Credit Card,5485.25,70,1255.77,Delivered
504781,2025-09-01,13679,20238,1,0.25,Standard,Upi,476.6,45,-16.97,Delivered
504782,2025-02-18,11554,20186,3,0.15,Standard,Upi,6244.52,70,2092.12,Delivered
504783,2024-05-14,14795,20118,1,0.15,Standard,Cash On Delivery,1025.63,45,243.72,Delivered
504784,2025-06-02,13530,20273,1,0.2,Standard,Credit Card,1144.78,45,420.16,Delivered
504785,2024-12-29,11167,20126,1,0.0,Standard,Credit Card,4897.26,45,1666.93,Delivered
504786,2025-01-18,12584,20132,1,0.2,Standard,Debit Card,400.56,45,127.97,Delivered
504787,2024-02-01,12273,20161,1,0.05,Express,Upi,2486.67,90,807.39,Delivered
504788,2025-06-23,12620,20190,2,0.05,Standard,Net Banking,1216.27,45,372.77,Delivered
504789,2025-05-01,14445,20081,1,0.2,Standard,Credit Card,545.54,45,134.81,Delivered
504790,2024-12-30,13919,20200,1,0.05,Standard,Net Banking,1651.76,45,268.27,Delivered
504791,2024-09-20,13214,20084,1,0.05,Standard,Net Banking,1512.1,45,372.33,Delivered
504792,2024-05-21,13888,20042,1,0.2,Standard,Upi,6417.63,70,1516.56,Delivered
504793,2024-01-30,14504,20166,2,0.0,Standard,Credit Card,1299.08,45,616.18,Delivered
504794,2024-05-09,11003,20048,4,0.0,Standard,Credit Card,2531.76,45,1196.76,Delivered
504795,2024-03-10,12496,20042,3,0.2,Standard,Debit Card,19252.9,70,4689.69,Delivered
504796,2024-04-28,14668,20185,4,0.1,Standard,Cash On Delivery,9278.14,70,3265.58,Delivered
504797,2024-11-22,11741,20232,2,0.2,Express,Debit Card,2526.21,90,900.83,Delivered
504798,2024-03-10,14853,20179,1,0.15,Express,Upi,590.01,90,35.93,Delivered
504799,2024-07-26,14687,20137,2,0.1,Standard,Debit Card,577.3,45,215.74,Delivered
504800,2024-03-31,14538,20212,1,0.15,Standard,Upi,867.82,45,96.39,Delivered
504801,2024-04-29,12552,20008,1,0.05,Standard,Credit Card,553.24,45,207.73,Delivered
504802,2024-07-25,13439,20233,2,0.05,Standard,Credit Card,5034.09,70,1158.61,Delivered
504803,2025-02-09,14610,20110,3,0.2,Standard,Upi,1373.57,45,127.85,Delivered
504804,2025-06-30,10356,20070,1,0.1,Standard,Credit Card,1850.32,45,758.91,Delivered
504805,2024-05-03,10243,20111,1,0.0,Express,Debit Card,1300.88,90,578.06,Delivered
504806,2024-04-21,11321,20261,2,0.25,Express,Credit Card,225.0,90,-87.26,Delivered
504807,2024-07-25,12367,20072,1,0.15,Standard,Credit Card,1379.58,45,104.18,Delivered
504808,2025-09-05,13131,20064,5,0.2,Standard,Debit Card,8331.56,70,3014.81,Delivered
504809,2025-01-20,13945,20180,1,0.25,Standard,Credit Card,2087.44,45,229.49,Delivered
504810,2025-12-06,12536,20291,2,0.15,Standard,Upi,1441.8,45,122.38,Delivered
504811,2024-05-26,12376,20060,2,0.1,Standard,Credit Card,6345.65,70,1934.75,Delivered
504812,2024-05-11,12307,20089,1,0.05,Express,Upi,590.8,90,84.2,Delivered
504813,2024-04-13,12614,20039,1,0.05,Standard,Net Banking,2915.28,45,807.9,Delivered
504814,2025-07-06,11213,20134,3,0.1,Standard,Credit Card,3030.75,45,715.08,Delivered
504815,2025-07-21,11961,20018,1,0.0,Standard,Debit Card,2499.43,45,1297.21,Delivered
504816,2024-08-29,14563,20257,1,0.15,Standard,Credit Card,293.79,45,-9.82,Delivered
504817,2025-09-30,10225,20221,1,0.1,Standard,Upi,1484.62,45,534.66,Delivered
504818,2025-10-23,14065,20273,2,0.25,Standard,Credit Card,2146.47,45,742.23,Delivered
504819,2024-11-26,14633,20247,1,0.15,Express,Cash On Delivery,1821.51,90,277.89,Delivered
504820,2024-05-28,14859,20058,2,0.3,Standard,Debit Card,2279.4,45,577.56,Delivered
504821,2024-06-17,11479,20247,1,0.05,Standard,Credit Card,2035.8,45,537.18,Cancelled
504822,2025-07-10,10522,20173,3,0.1,Standard,Net Banking,2006.59,45,382.15,Delivered
504823,2024-03-24,11802,20123,1,0.1,Standard,Credit Card,5147.06,70,1615.43,Delivered
504824,2025-06-03,14215,20217,1,0.05,Standard,Net Banking,503.78,45,213.85,Delivered
504825,2024-04-16,13683,20124,3,0.2,Standard,Credit Card,4481.18,45,947.12,Delivered
504826,2024-09-21,13210,20178,1,0.1,Express,Cash On Delivery,466.42,90,117.7,Delivered
504827,2025-10-19,11188,20231,3,0.1,Standard,Net Banking,1495.75,45,671.8,Delivered
504828,2024-01-31,14667,20137,1,0.1,Standard,Upi,288.65,45,85.37,Delivered
504829,2025-06-30,13828,20190,1,0.2,Same Day,Debit Card,512.11,140,-27.14,Delivered
504830,2024-09-03,11216,20121,2,0.05,Express,Credit Card,2070.79,90,994.37,Delivered
504831,2025-06-13,10943,20287,2,0.1,Standard,Upi,3505.59,45,608.41,Delivered
504832,2024-01-24,13932,20061,1,0.25,Express,Net Banking,1435.48,90,434.55,Delivered
504833,2025-05-12,11154,20138,4,0.1,Same Day,Credit Card,8579.09,165,2314.29,Delivered
504834,2024-10-30,12206,20126,2,0.3,Express,Upi,6856.16,115,370.5,Delivered
504835,2025-02-01,13750,20192,1,0.1,Standard,Upi,1199.52,45,223.98,Delivered
504836,2025-02-06,14893,20192,1,0.1,Standard,Upi,1199.52,45,223.98,Delivered
504837,2024-11-11,10390,20214,3,0.15,Express,Debit Card,4512.63,90,1878.3,Delivered
504838,2024-10-04,14741,20193,1,0.2,Standard,Debit Card,523.38,45,42.1,Delivered
504839,2025-06-25,12990,20077,4,0.15,Standard,Upi,6330.49,70,1426.89,Delivered
504840,2024-05-22,10408,20142,1,0.15,Standard,Upi,568.0,45,93.36,Delivered
504841,2025-02-13,13027,20023,1,0.3,Standard,Upi,325.38,45,-68.87,Delivered
504842,2024-12-21,10567,20231,1,0.2,Standard,Cash On Delivery,443.18,45,138.53,Delivered
504843,2025-06-07,14782,20156,1,0.1,Standard,Upi,1735.21,45,437.95,Delivered
504844,2024-07-21,10800,20093,1,0.15,Standard,Debit Card,604.88,45,148.86,Delivered
504845,2024-09-06,11980,20168,1,0.2,Standard,Upi,1771.78,45,120.75,Delivered
504846,2024-04-12,11953,20192,1,0.05,Standard,Debit Card,1266.16,45,290.62,Delivered
504847,2025-04-12,12007,20097,1,0.1,Express,Debit Card,446.72,90,41.43,Delivered
504848,2024-02-04,13839,20130,2,0.15,Standard,Upi,1009.83,45,403.99,Delivered
504849,2024-11-19,11217,20225,4,0.1,Standard,Upi,40428.14,70,10518.1,Delivered
504850,2025-06-15,10101,20216,1,0.0,Express,Unknown,6256.17,115,2692.56,Delivered
504851,2025-07-12,10161,20012,1,0.25,Standard,Upi,4610.47,45,530.97,Delivered
504852,2025-08-18,13445,20291,1,0.1,Express,Credit Card,763.31,90,36.1,Delivered
504853,2024-09-24,11990,20074,1,0.15,Standard,Cash On Delivery,843.06,45,145.9,Cancelled
504854,2024-02-22,14332,20111,2,0.15,Standard,Cash On Delivery,2211.5,45,900.86,Delivered
504855,2024-01-18,14603,20197,3,0.0,Standard,Upi,9104.1,70,2540.45,Cancelled
504856,2024-04-13,13792,20191,3,0.05,Standard,Debit Card,2941.94,45,716.54,Delivered
504857,2024-05-31,12550,20064,1,0.2,Standard,Upi,1666.31,45,571.96,Delivered
504858,2025-11-07,14582,20274,2,0.15,Express,Upi,1862.42,90,337.24,Delivered
504859,2025-02-17,11666,20139,1,0.0,Standard,Debit Card,329.55,45,99.04,Delivered
504860,2024-03-24,10158,20065,1,0.15,Express,Upi,1837.37,90,257.06,Delivered
504861,2024-11-03,12830,20151,3,0.2,Standard,Upi,10194.38,70,3008.5,Delivered
504862,2024-05-30,14914,20260,1,0.05,Express,Upi,1176.14,90,198.03,Delivered
504863,2025-07-02,12192,20263,2,0.0,Standard,Upi,7316.08,70,2135.28,Delivered
504864,2025-01-13,13629,20169,1,0.2,Express,Upi,975.06,90,180.21,Delivered
504865,2025-04-02,13783,20177,3,0.15,Express,Net Banking,2712.23,90,245.03,Delivered
504866,2024-12-18,13822,20145,1,0.3,Standard,Upi,4368.34,45,996.31,Delivered
504867,2025-10-25,12689,20075,1,0.15,Express,Cash On Delivery,2895.02,90,1258.78,Delivered
504868,2025-01-10,10693,20055,1,0.1,Standard,Cash On Delivery,2536.74,45,310.34,Delivered
504869,2024-07-26,11052,20122,1,0.05,Express,Net Banking,3615.91,90,841.32,Delivered
504870,2025-07-15,11247,20027,2,0.15,Standard,Cash On Delivery,1691.23,45,695.51,Delivered
504871,2025-04-04,12382,20175,1,0.0,Same Day,Upi,256.17,140,-60.84,Delivered
504872,2025-02-07,13324,20162,2,0.1,Standard,Debit Card,2900.02,45,681.28,Delivered
504873,2025-07-12,10288,20136,2,0.1,Standard,Upi,567.23,45,167.33,Delivered
504874,2025-06-13,10134,20023,1,0.15,Standard,Credit Card,395.11,45,0.86,Delivered
504875,2025-04-29,13751,20026,2,0.05,Standard,Credit Card,4130.28,45,1445.24,Delivered
504876,2024-05-01,13546,20162,4,0.05,Standard,Upi,6122.26,70,1704.78,Delivered
504877,2024-04-29,14965,20248,1,0.05,Same Day,Credit Card,477.88,140,-9.66,Delivered
504878,2024-09-07,12550,20160,1,0.05,Standard,Upi,569.32,45,173.24,Delivered
504879,2024-10-25,14962,20006,1,0.2,Express,Debit Card,462.2,90,62.02,Delivered
504880,2024-02-16,14060,20193,1,0.1,Express,Credit Card,588.81,90,62.53,Delivered
504881,2025-08-19,13262,20178,2,0.2,Standard,Debit Card,829.2,45,266.76,Delivered
504882,2024-10-25,11635,20196,1,0.15,Express,Upi,915.53,90,89.83,Delivered
504883,2025-11-02,12611,20217,1,0.15,Standard,Net Banking,450.75,45,160.82,Delivered
504884,2025-06-02,14860,20264,1,0.15,Express,Credit Card,609.22,90,10.13,Delivered
504885,2024-09-01,14520,20040,2,0.1,Same Day,Upi,1762.72,140,503.28,Delivered
504886,2025-12-27,10367,20161,2,0.05,Standard,Credit Card,4973.34,45,1749.78,Delivered
504887,2025-12-24,10416,20131,2,0.05,Express,Credit Card,354.75,90,88.55,Delivered
504888,2025-12-24,14398,20079,1,0.1,Standard,Net Banking,1941.12,45,281.67,Delivered
504889,2024-08-05,11540,20155,2,0.1,Standard,Net Banking,504.38,45,46.9,Delivered
504890,2024-12-09,12100,20065,1,0.15,Standard,Upi,1837.37,45,302.06,Delivered
504891,2024-11-09,10662,20057,2,0.1,Same Day,Net Banking,2943.29,140,356.65,Delivered
504892,2025-11-23,14580,20273,3,0.0,Standard,Debit Card,4292.94,45,2209.08,Delivered
504893,2025-08-26,14020,20052,1,0.1,Same Day,Upi,1796.16,140,350.25,Delivered
504894,2025-12-30,12601,20076,1,0.2,Same Day,Cash On Delivery,1394.59,140,61.04,Delivered
504895,2024-10-16,11528,20103,1,0.15,Express,Credit Card,822.74,90,190.03,Delivered
504896,2025-08-24,11333,20026,3,0.1,Express,Net Banking,5869.34,115,1794.28,Delivered
504897,2024-07-15,14429,20027,3,0.05,Standard,Debit Card,2835.29,45,1364.21,Delivered
504898,2025-11-26,12834,20280,1,0.1,Standard,Net Banking,1044.41,45,467.59,Delivered
504899,2025-07-31,14023,20139,1,0.25,Standard,Upi,247.16,45,16.65,Delivered
504900,2025-02-19,12394,20086,2,0.1,Same Day,Upi,584.84,140,5.96,Delivered
504901,2025-09-01,14081,20234,4,0.2,Same Day,Debit Card,26083.36,165,8740.04,Delivered
504902,2024-11-01,14496,20288,1,0.15,Standard,Upi,909.59,45,367.16,Delivered
504903,2025-04-22,10550,20029,1,0.05,Standard,Debit Card,2116.84,45,1066.1,Delivered
504904,2025-06-19,14504,20106,1,0.15,Express,Upi,1035.72,90,288.23,Delivered
504905,2024-08-07,13072,20096,1,0.15,Standard,Debit Card,1389.83,45,334.88,Delivered
504906,2025-11-16,12168,20121,3,0.1,Standard,Credit Card,2942.7,45,1418.07,Delivered
504907,2025-09-17,13278,20104,1,0.25,Standard,Debit Card,731.96,45,-13.24,Delivered
504908,2024-12-19,12675,20177,3,0.1,Standard,Debit Card,2871.77,45,449.57,Delivered
504909,2024-08-22,14413,20141,1,0.0,Standard,Credit Card,1226.82,45,329.57,Delivered
504910,2024-11-01,13076,20298,5,0.05,Standard,Cash On Delivery,7234.87,70,2954.77,Delivered
504911,2024-04-19,11815,20266,2,0.1,Same Day,Cash On Delivery,1085.63,140,199.63,Delivered
504912,2024-11-09,13256,20154,1,0.2,Standard,Cash On Delivery,556.29,45,0.94,Delivered
504913,2024-01-13,12348,20282,2,0.0,Standard,Debit Card,1441.5,45,589.4,Delivered
504914,2025-09-28,14958,20213,1,0.2,Standard,Upi,2479.82,45,240.05,Delivered
504915,2024-06-15,12654,20076,1,0.05,Standard,Cash On Delivery,1656.08,45,417.53,Delivered
504916,2024-02-22,12975,20039,1,0.15,Standard,Debit Card,2608.41,45,501.03,Delivered
504917,2024-07-04,14114,20171,3,0.1,Standard,Upi,15311.11,70,2500.08,Delivered
504918,2024-10-02,11282,20052,1,0.05,Standard,Debit Card,1895.94,45,545.03,Delivered
504919,2025-03-22,14651,20248,1,0.1,Standard,Credit Card,452.73,45,60.19,Delivered
504920,2024-12-17,12798,20123,2,0.1,Express,Cash On Delivery,10294.11,115,3255.85,Delivered
504921,2024-01-10,14017,20217,3,0.1,Standard,Debit Card,1431.81,45,652.02,Delivered
504922,2025-02-13,14827,20100,1,0.05,Standard,Debit Card,1174.2,45,182.31,Delivered
504923,2024-05-26,13295,20274,3,0.05,Standard,Upi,3122.29,45,924.52,Delivered
504924,2025-04-21,13937,20298,2,0.05,Standard,Net Banking,2893.95,45,1164.91,Delivered
504925,2025-09-21,13032,20212,1,0.1,Same Day,Cash On Delivery,918.86,140,52.43,Delivered
504926,2025-03-03,13440,20002,5,0.05,Standard,Debit Card,10996.77,70,2676.07,Delivered
504927,2025-05-02,10313,20289,1,0.15,Express,Net Banking,1487.07,90,404.31,Delivered
504928,2025-06-13,10316,20174,2,0.2,Express,Upi,2853.7,90,911.78,Delivered
504929,2025-01-11,12451,20209,2,0.05,Standard,Credit Card,2229.16,45,913.0,Delivered
504930,2024-04-21,11891,20059,4,0.3,Standard,Upi,16481.67,70,-547.09,Delivered
504931,2025-08-06,13619,20100,3,0.05,Standard,Debit Card,3522.6,45,636.93,Delivered
504932,2025-10-17,14222,20185,2,0.0,Express,Credit Card,5154.52,115,2068.24,Delivered
504933,2025-09-07,14001,20191,1,0.1,Standard,Cash On Delivery,929.03,45,157.23,Delivered
504934,2024-08-02,13297,20159,1,0.05,Express,Cash On Delivery,7339.04,115,1804.69,Delivered
504935,2025-05-24,14981,20167,1,0.15,Express,Credit Card,963.1,90,44.36,Delivered
504936,2025-05-25,11771,20085,1,0.0,Standard,Upi,2544.76,45,745.72,Delivered
504937,2025-08-11,11071,20022,1,0.1,Standard,Credit Card,6044.12,70,1827.79,Delivered
504938,2024-01-26,12029,20273,4,0.0,Standard,Cash On Delivery,5723.92,70,2935.44,Cancelled
504939,2024-07-11,10422,20131,1,0.2,Standard,Credit Card,149.37,45,16.27,Delivered
504940,2024-04-12,14932,20288,1,0.05,Express,Upi,1016.6,90,429.17,Delivered
504941,2024-07-23,13724,20289,1,0.15,Standard,Upi,1487.07,45,449.31,Delivered
504942,2025-02-14,13144,20192,1,0.15,Express,Cash On Delivery,1132.88,90,112.34,Delivered
504943,2024-02-20,11364,20266,1,0.0,Standard,Debit Card,603.13,45,185.13,Delivered
504944,2024-05-10,14708,20261,1,0.1,Standard,Debit Card,135.0,45,-21.13,Delivered
504945,2024-12-08,12805,20243,1,0.05,Standard,Upi,453.35,45,78.92,Delivered
504946,2025-07-31,13811,20166,3,0.1,Standard,Debit Card,1753.76,45,751.91,Delivered
504947,2025-02-03,12974,20102,1,0.15,Standard,Cash On Delivery,4280.95,45,562.44,Delivered
504948,2024-07-20,12044,20169,3,0.05,Standard,Credit Card,3473.64,45,1314.09,Delivered
504949,2024-10-26,13570,20212,1,0.1,Standard,Net Banking,918.86,45,147.43,Delivered
504950,2024-05-25,13965,20073,2,0.05,Same Day,Debit Card,1749.73,140,572.99,Delivered
504951,2025-04-06,10881,20189,1,0.15,Standard,Net Banking,1070.84,45,163.45,Delivered
504952,2025-05-18,10348,20008,2,0.15,Standard,Credit Card,990.01,45,343.99,Delivered
504953,2025-09-07,14854,20098,2,0.1,Standard,Debit Card,658.03,45,54.99,Delivered
504954,2024-05-30,11473,20286,2,0.1,Standard,Upi,4383.94,45,1818.62,Delivered
504955,2025-09-21,12887,20074,1,0.15,Standard,Upi,843.06,45,145.9,Delivered
504956,2024-11-11,14919,20078,1,0.3,Express,Upi,908.0,90,-71.94,Delivered
504957,2024-07-17,10107,20162,2,0.3,Express,Net Banking,2255.57,90,-8.17,Delivered
504958,2025-03-04,12100,20187,4,0.05,Express,Debit Card,11124.65,115,1907.89,Delivered
504959,2024-10-29,12342,20184,2,0.2,Express,Credit Card,1310.3,90,101.74,Delivered
504960,2025-05-12,14053,20214,4,0.05,Express,Credit Card,6724.71,115,3217.27,Delivered
504961,2024-04-14,11131,20179,1,0.1,Standard,Credit Card,624.72,45,115.64,Delivered
504962,2024-01-10,11110,20059,1,0.0,Standard,Credit Card,5886.31,70,1576.62,Delivered
504963,2025-09-16,13582,20029,1,0.25,Express,Credit Card,1671.19,90,575.45,Delivered
504964,2024-01-27,11251,20093,2,0.15,Same Day,Credit Card,1209.75,140,247.71,Delivered
504965,2025-09-02,12642,20062,1,0.2,Standard,Debit Card,273.66,45,-8.09,Delivered
504966,2024-11-22,10243,20135,2,0.1,Standard,Upi,5133.49,70,1901.53,Delivered
504967,2025-05-09,12090,20134,2,0.0,Standard,Credit Card,2245.0,45,686.22,Delivered
504968,2025-10-09,11063,20229,2,0.1,Standard,Cash On Delivery,10970.5,70,2581.54,Delivered
504969,2024-05-06,13992,20068,2,0.1,Express,Credit Card,949.59,90,136.21,Delivered
504970,2024-04-25,10239,20253,1,0.1,Express,Upi,524.66,90,148.69,Delivered
504971,2024-06-19,10262,20017,1,0.05,Express,Net Banking,1161.09,90,476.9,Cancelled
504972,2024-07-30,13320,20152,1,0.1,Standard,Debit Card,266.1,45,78.73,Delivered
504973,2024-07-07,12856,20248,4,0.0,Express,Cash On Delivery,2012.12,90,531.96,Cancelled
504974,2025-05-04,13066,20157,2,0.05,Standard,Net Banking,3761.47,45,1420.65,Delivered
504975,2025-01-21,14647,20088,1,0.2,Same Day,Net Banking,530.32,140,44.95,Delivered
504976,2025-12-26,12663,20098,1,0.1,Standard,Upi,329.01,45,4.99,Delivered
504977,2025-08-23,12995,20078,1,0.1,Standard,Net Banking,1167.43,45,232.49,Delivered
504978,2024-05-09,11775,20027,2,0.1,Standard,Upi,1790.71,45,794.99,Delivered
504979,2024-01-23,12175,20296,4,0.15,Express,Upi,1389.04,90,143.08,Delivered
504980,2024-06-27,11328,20013,2,0.0,Standard,Upi,507.84,45,75.94,Delivered
504981,2025-02-04,12470,20153,2,0.25,Standard,Net Banking,2810.74,45,406.82,Delivered
504982,2025-05-19,13886,20044,4,0.1,Express,Net Banking,8078.26,115,3503.74,Delivered
504983,2025-02-14,14179,20095,1,0.1,Standard,Credit Card,1038.8,45,113.48,Delivered
504984,2025-06-15,13146,20047,2,0.2,Standard,Debit Card,808.0,45,215.84,Delivered
504985,2024-11-24,12392,20084,4,0.1,Standard,Debit Card,5730.05,70,1280.97,Delivered
504986,2025-04-15,10041,20154,2,0.0,Standard,Debit Card,1390.72,45,325.02,Delivered
504987,2025-02-23,10548,20296,2,0.25,Standard,Credit Card,612.81,45,-10.17,Delivered
504988,2025-02-15,13105,20106,2,0.1,Standard,Net Banking,2193.28,45,833.3,Delivered
504989,2024-01-29,13667,20095,2,0.1,Standard,Credit Card,2077.6,45,271.96,Delivered
504990,2024-09-01,14778,20209,1,0.25,Standard,Credit Card,879.93,45,199.35,Delivered
504991,2025-09-23,12829,20171,1,0.05,Express,Credit Card,5387.24,115,1025.23,Delivered
504992,2025-06-27,13747,20279,1,0.05,Standard,Upi,1511.91,45,704.24,Delivered
504993,2025-10-13,11644,20300,2,0.2,Standard,Cash On Delivery,1392.18,45,332.86,Delivered
504994,2025-10-31,14909,20170,3,0.1,Standard,Upi,3931.98,45,1078.62,Delivered
504995,2024-02-29,13792,20268,1,0.15,Standard,Debit Card,3003.19,45,927.24,Delivered
504996,2024-05-18,12872,20164,1,0.0,Standard,Debit Card,762.34,45,175.29,Delivered
504997,2024-12-22,10575,20079,1,0.15,Standard,Debit Card,1833.28,45,173.83,Cancelled
504998,2024-07-30,11102,20216,1,0.1,Express,Debit Card,5630.55,115,2066.94,Delivered
504999,2024-05-18,13601,20081,2,0.1,Same Day,Upi,1227.46,140,356.0,Delivered
505000,2025-01-02,10728,20120,1,0.2,Express,Upi,1951.1,90,48.39,Delivered
505001,2025-09-14,12811,20101,4,0.1,Standard,Cash On Delivery,6914.3,70,3117.5,Delivered
505002,2025-04-30,11065,20283,3,0.1,Standard,Upi,3654.45,45,942.69,Delivered
505003,2025-05-07,12784,20148,1,0.05,Standard,Upi,12874.49,70,4501.23,Delivered
505004,2024-12-01,11347,20018,1,0.05,Standard,Cash On Delivery,2374.46,45,1172.24,Delivered
505005,2025-09-02,13869,20253,1,0.05,Express,Cash On Delivery,553.81,90,177.84,Delivered
505006,2024-06-26,14465,20265,1,0.1,Express,Upi,226.63,90,-13.07,Delivered
505007,2025-05-27,13732,20202,2,0.1,Standard,Credit Card,978.34,45,323.9,Delivered
505008,2025-08-23,14398,20118,3,0.3,Standard,Upi,2533.9,45,278.17,Delivered
505009,2024-04-22,13523,20123,1,0.1,Standard,Credit Card,5147.06,70,1615.43,Delivered
505010,2024-10-09,12355,20025,1,0.1,Standard,Upi,3061.94,45,381.43,Delivered
505011,2024-04-25,13751,20059,4,0.15,Express,Debit Card,20013.45,115,2939.69,Delivered
505012,2025-06-27,11302,20274,1,0.15,Express,Upi,931.21,90,123.62,Delivered
505013,2024-02-10,14933,20047,1,0.3,Express,Credit Card,353.5,90,-10.08,Delivered
505014,2024-06-15,14553,20022,1,0.3,Standard,Net Banking,4700.98,45,509.65,Delivered
505015,2024-08-08,13847,20139,2,0.2,Express,Credit Card,527.28,90,66.26,Delivered
505016,2025-12-26,11349,20107,1,0.0,Standard,Cash On Delivery,582.37,45,196.73,Delivered
505017,2024-11-08,11619,20198,5,0.0,Standard,Credit Card,9932.15,70,4160.2,Delivered
505018,2024-12-11,11559,20216,4,0.1,Express,Cash On Delivery,22522.21,115,8612.77,Delivered
505019,2025-04-15,11304,20294,3,0.2,Standard,Net Banking,4666.56,45,1875.63,Delivered
505020,2024-05-10,12986,20049,1,0.15,Express,Debit Card,651.69,90,24.27,Delivered
505021,2024-02-17,10472,20105,1,0.15,Standard,Credit Card,5010.81,70,623.5,Delivered
505022,2024-05-13,12047,20145,4,0.05,Standard,Credit Card,23713.82,70,10335.7,Delivered
505023,2025-06-02,11684,20057,1,0.3,Standard,Upi,1144.61,45,-123.71,Delivered
505024,2025-07-09,13458,20014,1,0.2,Standard,Cash On Delivery,6862.1,70,2699.79,Delivered
505025,2024-11-12,13301,20008,1,0.25,Standard,Upi,436.77,45,91.26,Delivered
505026,2025-03-13,10028,20184,1,0.1,Standard,Credit Card,737.05,45,132.77,Delivered
505027,2025-03-10,13399,20023,3,0.1,Express,Credit Card,1255.04,90,117.29,Delivered
505028,2024-03-26,14652,20044,2,0.15,Standard,Upi,3814.73,45,1539.97,Delivered
505029,2024-02-17,14326,20066,4,0.15,Standard,Upi,2128.88,45,589.0,Cancelled
505030,2025-05-04,12061,20259,1,0.25,Standard,Credit Card,1037.32,45,-73.6,Delivered
505031,2025-02-27,12045,20069,3,0.1,Express,Net Banking,5422.38,115,2543.3,Cancelled
505032,2025-01-21,13695,20082,1,0.2,Standard,Upi,1636.65,45,-1.23,Delivered
505033,2024-08-27,13536,20001,2,0.05,Express,Debit Card,2876.24,90,926.28,Delivered
505034,2025-10-25,12151,20277,2,0.0,Standard,Cash On Delivery,12726.14,70,6467.8,Delivered
505035,2025-03-26,13219,20083,1,0.1,Standard,Debit Card,881.16,45,345.08,Delivered
505036,2024-09-14,12424,20102,2,0.05,Standard,Credit Card,9569.18,70,2152.16,Delivered
505037,2024-02-13,12795,20226,1,0.15,Standard,Credit Card,1320.82,45,231.23,Delivered
505038,2024-06-16,14244,20287,1,0.2,Standard,Upi,1558.04,45,86.95,Delivered
505039,2024-07-09,11623,20141,1,0.15,Standard,Credit Card,1042.8,45,145.55,Delivered
505040,2025-10-25,12689,20014,2,0.1,Standard,Upi,15439.72,70,7185.1,Delivered
505041,2025-07-15,13079,20269,1,0.2,Express,Upi,358.76,90,60.75,Delivered
505042,2024-10-02,11243,20142,2,0.1,Standard,Credit Card,1202.81,45,298.53,Delivered
505043,2025-01-03,10436,20094,1,0.15,Standard,Net Banking,2229.54,45,744.32,Delivered
505044,2024-11-01,11458,20100,1,0.05,Standard,Credit Card,1174.2,45,182.31,Cancelled
505045,2025-08-29,12069,20070,4,0.0,Standard,Upi,8223.64,70,3968.0,Delivered
505046,2024-04-14,12205,20126,3,0.15,Standard,Debit Card,12488.01,70,2862.02,Delivered
505047,2025-02-24,10112,20188,3,0.15,Express,Debit Card,7162.44,115,1613.84,Cancelled
505048,2024-12-14,14909,20070,1,0.25,Standard,Credit Card,1541.93,45,450.52,Delivered
505049,2025-10-11,14354,20269,1,0.2,Express,Credit Card,358.76,90,60.75,Delivered
505050,2024-11-14,13778,20135,3,0.15,Standard,Net Banking,7272.45,70,2459.51,Delivered
505051,2025-02-23,12280,20109,1,0.15,Same Day,Credit Card,823.57,140,215.89,Delivered
505052,2025-11-25,14832,20149,3,0.1,Express,Debit Card,952.8,90,49.11,Delivered
505053,2024-02-26,13668,20102,1,0.1,Express,Upi,4532.77,90,769.26,Delivered
505054,2024-08-27,12420,20142,3,0.15,Standard,Credit Card,1703.99,45,370.07,Delivered
505055,2025-03-02,11802,20259,1,0.05,Standard,Upi,1313.94,45,203.02,Delivered
505056,2025-09-08,11232,20171,3,0.15,Same Day,Upi,14460.49,165,1554.46,Delivered
505057,2025-07-30,10668,20227,3,0.1,Express,Debit Card,6295.03,115,820.77,Delivered
505058,2024-05-19,10515,20012,1,0.05,Express,Upi,5839.93,115,1690.43,Delivered
505059,2024-03-02,11244,20055,2,0.1,Express,Credit Card,5073.48,115,595.68,Delivered
505060,2024-05-31,14803,20246,1,0.15,Standard,Upi,304.72,45,70.01,Delivered
505061,2024-05-09,14290,20091,1,0.0,Express,Net Banking,5503.94,115,1710.57,Delivered
505062,2025-03-06,12102,20187,1,0.15,Standard,Debit Card,2488.41,45,167.97,Delivered
505063,2025-09-29,13260,20189,1,0.1,Standard,Credit Card,1133.83,45,226.44,Delivered
505064,2025-03-15,10088,20298,1,0.05,Same Day,Upi,1446.97,140,464.95,Delivered
505065,2024-07-30,13260,20172,2,0.2,Express,Upi,1878.59,90,25.49,Delivered
505066,2025-02-03,11772,20069,2,0.1,Standard,Credit Card,3614.92,45,1727.2,Delivered
505067,2025-11-04,13864,20278,1,0.3,Express,Credit Card,4913.78,90,-288.05,Delivered
505068,2025-12-17,12002,20084,1,0.15,Express,Debit Card,1352.93,90,168.16,Delivered
505069,2025-06-24,10667,20088,1,0.1,Standard,Cash On Delivery,596.61,45,206.24,Delivered
505070,2024-06-30,14576,20148,3,0.05,Standard,Upi,38623.46,70,13643.68,Delivered
505071,2024-02-20,14431,20254,2,0.15,Standard,Net Banking,770.24,45,266.72,Delivered
505072,2025-06-09,13686,20221,2,0.1,Express,Upi,2969.24,90,1069.32,Delivered
505073,2024-12-15,10351,20234,1,0.1,Standard,Credit Card,7335.95,70,2971.37,Delivered
505074,2024-02-27,14306,20024,1,0.1,Express,Credit Card,2058.25,90,359.02,Delivered
505075,2025-02-22,11260,20251,3,0.0,Express,Credit Card,2195.73,90,1049.76,Delivered
505076,2024-05-16,13170,20098,2,0.15,Standard,Upi,621.47,45,18.43,Delivered
505077,2025-10-01,11265,20214,2,0.1,Express,Upi,3185.39,90,1399.17,Delivered
505078,2024-02-06,11558,20295,1,0.2,Standard,Unknown,1902.0,45,127.36,Delivered
505079,2025-05-08,14961,20225,2,0.25,Standard,Credit Card,16845.06,70,1855.04,Delivered
505080,2024-12-24,12362,20183,2,0.1,Standard,Upi,2327.45,45,1067.89,Delivered
505081,2024-03-25,11749,20198,1,0.15,Standard,Debit Card,1688.47,45,503.08,Delivered
505082,2025-12-22,14207,20108,1,0.1,Standard,Net Banking,2093.99,45,444.56,Delivered
505083,2025-10-12,13434,20209,1,0.05,Express,Debit Card,1114.58,90,389.0,Delivered
505084,2025-06-22,12268,20091,1,0.2,Standard,Credit Card,4403.15,45,679.78,Delivered
505085,2024-12-09,10177,20175,2,0.15,Express,Upi,435.49,90,-8.53,Delivered
505086,2024-06-19,10165,20142,4,0.0,Standard,Upi,2672.92,45,909.36,Delivered
505087,2025-11-20,13658,20131,2,0.25,Standard,Upi,280.06,45,58.86,Delivered
505088,2024-01-20,14914,20127,2,0.1,Standard,Upi,8472.29,70,2497.23,Delivered
505089,2024-10-29,14998,20249,3,0.15,Standard,Upi,4805.37,45,409.2,Delivered
505090,2024-07-15,12992,20264,3,0.25,Same Day,Cash On Delivery,1612.64,140,-54.63,Delivered
505091,2024-11-22,11543,20217,1,0.1,Standard,Upi,477.27,45,187.34,Delivered
505092,2025-07-29,12213,20015,1,0.15,Standard,Cash On Delivery,1161.86,45,452.43,Delivered
505093,2025-07-09,14726,20173,2,0.05,Express,Upi,1412.04,90,269.08,Cancelled
505094,2024-01-12,10454,20229,1,0.15,Standard,Credit Card,5180.51,70,951.03,Delivered
505095,2024-12-26,10183,20173,4,0.1,Standard,Upi,2675.45,45,524.53,Cancelled
505096,2024-10-22,11952,20259,4,0.1,Express,Debit Card,4979.12,90,625.44,Delivered
505097,2025-02-06,10029,20009,4,0.05,Standard,Net Banking,2851.18,45,648.02,Delivered
505098,2025-03-13,11776,20260,2,0.1,Express,Upi,2228.47,90,362.25,Delivered
505099,2025-01-09,13223,20113,2,0.25,Standard,Cash On Delivery,634.14,45,131.56,Delivered
505100,2025-10-14,12770,20207,2,0.1,Standard,Upi,1341.85,45,499.13,Delivered
505101,2025-11-23,12862,20178,1,0.05,Standard,Credit Card,492.34,45,188.62,Delivered
505102,2025-05-14,13211,20224,1,0.15,Standard,Cash On Delivery,298.04,45,72.67,Delivered
505103,2025-03-01,12728,20134,1,0.1,Standard,Net Banking,1010.25,45,208.36,Delivered
505104,2025-10-26,12537,20005,2,0.1,Standard,Upi,759.51,45,249.15,Delivered
505105,2024-02-13,11082,20185,3,0.05,Express,Debit Card,7345.19,115,2773.27,Delivered
505106,2024-04-18,11215,20083,1,0.2,Express,Net Banking,783.26,90,202.18,Delivered
505107,2024-04-07,10566,20222,1,0.15,Express,Debit Card,319.26,90,0.03,Delivered
505108,2025-03-20,12342,20204,4,0.15,Express,Upi,6334.57,115,2862.37,Delivered
505109,2024-03-21,13202,20069,1,0.0,Express,Credit Card,2008.29,90,996.93,Cancelled
505110,2024-08-05,10821,20167,2,0.1,Express,Upi,2039.51,90,292.03,Delivered
505111,2024-05-28,10028,20012,1,0.1,Express,Debit Card,5532.56,115,1383.06,Delivered
505112,2024-03-16,12760,20197,3,0.25,Express,Credit Card,6828.07,115,219.42,Delivered
505113,2025-08-14,10291,20054,2,0.1,Standard,Cash On Delivery,4997.48,45,2138.92,Delivered
505114,2025-07-17,12958,20225,1,0.25,Express,Upi,8422.53,115,847.52,Delivered
505115,2024-03-03,14922,20165,1,0.15,Standard,Debit Card,293.34,45,90.49,Cancelled
505116,2025-08-18,13167,20177,4,0.05,Express,Upi,4041.76,90,782.16,Delivered
505117,2025-01-28,10291,20001,3,0.0,Same Day,Upi,4541.43,140,1611.49,Cancelled
505118,2025-05-17,14895,20175,1,0.1,Standard,Credit Card,230.55,45,8.54,Delivered
505119,2025-01-01,10595,20165,1,0.25,Express,Upi,258.83,90,10.98,Cancelled
505120,2025-04-22,10914,20137,1,0.05,Express,Net Banking,304.68,90,56.4,Delivered
505121,2024-09-11,12446,20274,1,0.2,Express,Debit Card,876.43,90,68.84,Delivered
505122,2024-02-28,13991,20172,1,0.05,Express,Net Banking,1115.41,90,143.86,Delivered
505123,2025-06-03,13170,20231,3,0.15,Express,Credit Card,1412.65,90,543.7,Delivered
505124,2025-01-23,13327,20231,1,0.1,Express,Credit Card,498.58,90,148.93,Delivered
505125,2025-08-10,12093,20115,1,0.0,Express,Upi,1116.58,90,480.95,Delivered
505126,2025-03-01,11201,20198,1,0.05,Same Day,Debit Card,1887.11,140,606.72,Delivered
505127,2025-08-12,10561,20003,2,0.1,Standard,Credit Card,922.03,45,191.55,Delivered
505128,2025-09-27,10122,20112,2,0.1,Standard,Upi,4545.45,45,703.63,Delivered
505129,2025-05-16,12652,20146,1,0.05,Standard,Upi,846.96,45,135.12,Delivered
505130,2025-06-07,10960,20276,1,0.15,Standard,Upi,1467.34,45,130.95,Cancelled
505131,2024-10-06,14630,20036,1,0.2,Express,Net Banking,1869.67,90,553.46,Delivered
505132,2024-02-14,14408,20208,1,0.15,Standard,Cash On Delivery,2340.31,45,310.99,Delivered
505133,2025-07-18,11353,20004,1,0.2,Same Day,Net Banking,273.09,140,-102.73,Delivered
505134,2024-06-29,12221,20120,4,0.1,Express,Debit Card,8779.97,115,1414.13,Delivered
505135,2025-02-04,14551,20109,1,0.2,Standard,Upi,775.13,45,262.45,Delivered
505136,2025-01-08,10856,20078,2,0.0,Standard,Credit Card,2594.28,45,769.4,Delivered
505137,2024-08-21,10133,20017,1,0.2,Standard,Net Banking,977.76,45,338.57,Delivered
505138,2024-07-04,10022,20227,4,0.0,Express,Credit Card,9874.56,115,2613.88,Delivered
505139,2024-03-15,14401,20185,4,0.15,Express,Net Banking,8762.68,115,2705.12,Delivered
505140,2025-12-10,13953,20227,3,0.05,Standard,Debit Card,7035.62,70,1606.36,Delivered
505141,2025-08-13,13887,20049,1,0.1,Standard,Credit Card,690.02,45,107.6,Delivered
505142,2024-08-20,10970,20109,1,0.1,Standard,Credit Card,872.02,45,359.34,Delivered
505143,2024-06-16,13779,20181,3,0.25,Standard,Upi,4335.66,45,207.18,Delivered
505144,2025-06-18,10345,20010,3,0.1,Same Day,Cash On Delivery,2624.0,140,668.88,Delivered
505145,2025-02-10,13218,20123,4,0.15,Standard,Net Banking,19444.43,70,5527.91,Delivered
505146,2024-08-17,11937,20076,1,0.1,Standard,Upi,1568.92,45,330.37,Delivered
505147,2025-10-08,14482,20123,2,0.1,Standard,Upi,10294.11,70,3300.85,Delivered
505148,2024-10-19,13356,20137,2,0.15,Standard,Upi,545.22,45,183.66,Delivered
505149,2025-02-03,10358,20090,1,0.05,Standard,Upi,985.03,45,409.71,Delivered
505150,2024-02-07,10540,20149,1,0.15,Standard,Upi,299.96,45,-16.27,Cancelled
505151,2024-08-19,14825,20001,1,0.1,Standard,Cash On Delivery,1362.43,45,387.45,Delivered
505152,2024-06-16,12458,20211,3,0.15,Express,Debit Card,1806.11,90,183.89,Delivered
505153,2024-10-11,13639,20006,1,0.15,Express,Debit Card,491.09,90,90.91,Delivered
505154,2024-04-12,11489,20146,3,0.1,Express,Credit Card,2407.16,90,316.64,Delivered
505155,2024-05-24,12650,20101,1,0.1,Standard,Debit Card,1728.58,45,751.88,Delivered
505156,2025-10-21,14114,20200,1,0.2,Standard,Debit Card,1390.95,45,7.46,Delivered
505157,2024-12-31,13155,20232,1,0.25,Express,Upi,1184.16,90,326.47,Delivered
505158,2024-06-01,14937,20107,2,0.1,Standard,Upi,1048.27,45,321.99,Delivered
505159,2025-02-25,10090,20212,2,0.25,Standard,Cash On Delivery,1531.44,45,33.58,Delivered
505160,2024-11-14,12807,20106,1,0.25,Standard,Cash On Delivery,913.87,45,211.38,Delivered
505161,2025-09-29,11500,20265,5,0.05,Express,Upi,1196.1,90,357.6,Delivered
505162,2025-12-04,11054,20258,4,0.1,Standard,Upi,2424.1,45,993.18,Delivered
505163,2025-04-29,11564,20113,1,0.2,Standard,Cash On Delivery,338.21,45,64.42,Delivered
505164,2024-03-23,10357,20132,2,0.05,Same Day,Upi,951.33,140,356.15,Delivered
505165,2025-06-16,14015,20268,1,0.05,Standard,Cash On Delivery,3356.5,45,1280.55,Delivered
505166,2024-10-14,11424,20211,5,0.1,Standard,Debit Card,3187.26,45,588.56,Delivered
505167,2025-05-03,10471,20083,1,0.05,Standard,Debit Card,930.12,45,394.04,Delivered
505168,2024-09-24,12915,20083,3,0.1,Standard,Net Banking,2643.49,45,1125.25,Delivered
505169,2025-09-24,12987,20250,1,0.1,Standard,Cash On Delivery,2482.72,45,984.87,Delivered
505170,2025-09-14,12621,20295,2,0.2,Standard,Credit Card,3804.0,45,299.72,Delivered
505171,2024-03-19,12982,20237,3,0.05,Standard,Net Banking,1845.89,45,801.38,Delivered
505172,2025-01-10,13265,20188,2,0.15,Standard,Credit Card,4774.96,45,1107.56,Delivered
505173,2025-08-19,14404,20072,1,0.25,Standard,Debit Card,1217.28,45,-58.12,Delivered
505174,2025-08-14,14660,20284,3,0.05,Standard,Net Banking,934.03,45,403.87,Delivered
505175,2024-05-30,13546,20254,3,0.05,Standard,Upi,1291.28,45,558.5,Delivered
505176,2025-12-30,11716,20041,1,0.15,Standard,Upi,127.5,45,-0.99,Delivered
505177,2024-01-15,10060,20072,1,0.05,Standard,Upi,1541.89,45,266.49,Cancelled
505178,2024-04-10,14205,20088,5,0.1,Express,Upi,2983.05,90,1166.2,Delivered
505179,2025-01-22,14528,20244,2,0.1,Standard,Credit Card,768.6,45,237.36,Delivered
505180,2024-02-04,11550,20267,1,0.1,Standard,Credit Card,528.6,45,38.57,Delivered
505181,2024-12-16,12615,20239,3,0.1,Standard,Net Banking,1470.37,45,549.01,Delivered
505182,2024-10-09,13912,20087,1,0.1,Standard,Upi,407.19,45,124.64,Delivered
505183,2025-09-28,13061,20150,3,0.2,Standard,Net Banking,1124.35,45,193.33,Delivered
505184,2025-11-03,11495,20005,2,0.1,Standard,Upi,759.51,45,249.15,Delivered
505185,2025-06-08,14134,20112,2,0.05,Express,Upi,4797.97,90,911.15,Delivered
505186,2024-06-13,14738,20159,1,0.15,Standard,Upi,6566.51,70,1077.16,Delivered
505187,2025-03-03,13002,20047,2,0.3,Standard,Upi,707.0,45,114.84,Delivered
505188,2024-09-14,12590,20293,3,0.05,Standard,Cash On Delivery,6014.21,70,1225.18,Delivered
505189,2025-03-18,12942,20026,3,0.05,Express,Net Banking,6195.42,115,2120.36,Delivered
505190,2025-09-17,14932,20215,1,0.3,Standard,Upi,396.77,45,81.77,Delivered
505191,2024-04-29,12209,20299,1,0.05,Standard,Cash On Delivery,1358.63,45,239.76,Delivered
505192,2024-03-09,14811,20061,1,0.1,Standard,Credit Card,1722.58,45,766.65,Delivered
505193,2024-09-30,11545,20127,1,0.0,Standard,Credit Card,4706.83,45,1709.3,Delivered
505194,2025-07-13,14128,20289,1,0.05,Express,Upi,1662.02,90,579.26,Delivered
505195,2024-11-17,10235,20244,1,0.05,Standard,Debit Card,405.65,45,117.53,Delivered
505196,2024-12-27,10073,20064,3,0.25,Standard,Upi,4686.5,45,1493.45,Delivered
505197,2025-07-23,14568,20177,2,0.05,Standard,Debit Card,2020.88,45,391.08,Delivered
505198,2025-08-12,11790,20093,1,0.05,Standard,Debit Card,676.04,45,220.02,Delivered
505199,2025-05-13,10628,20123,4,0.0,Express,Debit Card,22875.8,115,8914.28,Delivered
505200,2024-07-22,11755,20015,2,0.15,Express,Upi,2323.73,90,904.87,Delivered
505201,2025-05-20,14024,20276,1,0.3,Standard,Cash On Delivery,1208.4,45,-127.99,Delivered
505202,2025-09-06,12909,20022,1,0.05,Standard,Credit Card,6379.91,70,2163.58,Delivered
505203,2024-04-18,10028,20266,1,0.15,Standard,Debit Card,512.66,45,94.66,Delivered
505204,2024-09-21,10716,20183,5,0.05,Standard,Credit Card,6141.89,70,3035.49,Delivered
505205,2025-01-22,13307,20137,1,0.05,Express,Debit Card,304.68,90,56.4,Delivered
505206,2025-02-19,13360,20031,1,0.1,Express,Upi,762.44,90,282.48,Delivered
505207,2025-07-21,12261,20215,2,0.25,Standard,Debit Card,850.21,45,265.21,Delivered
505208,2024-11-07,14263,20212,1,0.1,Standard,Debit Card,918.86,45,147.43,Delivered
505209,2024-09-08,10467,20227,1,0.1,Standard,Debit Card,2221.78,45,390.36,Delivered
505210,2025-08-06,12028,20185,1,0.05,Standard,Debit Card,2448.4,45,917.76,Delivered
505211,2025-10-14,10179,20075,3,0.1,Express,Upi,9195.93,115,4442.21,Delivered
505212,2025-01-22,14752,20171,2,0.1,Express,Debit Card,10207.4,115,1598.38,Delivered
505213,2025-11-22,14432,20232,2,0.1,Standard,Net Banking,2841.98,45,1261.6,Delivered
505214,2024-07-21,10323,20074,1,0.15,Standard,Credit Card,843.06,45,145.9,Delivered
505215,2024-04-19,12103,20253,3,0.05,Standard,Cash On Delivery,1661.44,45,758.53,Delivered
505216,2024-03-22,12941,20298,2,0.2,Standard,Upi,2437.01,45,707.97,Delivered
505217,2025-08-18,12818,20074,1,0.2,Standard,Credit Card,793.46,45,96.3,Delivered
505218,2024-07-11,12925,20229,2,0.1,Standard,Upi,10970.5,70,2581.54,Delivered
505219,2024-05-18,11232,20199,1,0.2,Standard,Upi,613.98,45,107.83,Delivered
505220,2024-08-08,13699,20212,1,0.25,Same Day,Upi,765.72,140,-100.71,Delivered
505221,2024-07-07,11247,20084,2,0.0,Standard,Upi,3183.36,45,948.82,Delivered
505222,2024-12-05,11527,20200,1,0.2,Standard,Upi,1390.95,45,7.46,Delivered
505223,2025-04-22,12178,20145,2,0.1,Standard,Debit Card,11232.86,70,4508.8,Delivered
505224,2025-02-25,14224,20217,2,0.3,Same Day,Upi,742.42,140,112.56,Delivered
505225,2024-07-15,13520,20237,1,0.1,Express,Net Banking,582.91,90,159.74,Delivered
505226,2025-08-08,12384,20258,1,0.2,Standard,Debit Card,538.69,45,147.21,Delivered
505227,2024-07-16,14120,20229,1,0.05,Express,Debit Card,5789.98,115,1515.5,Delivered
505228,2024-11-19,10377,20298,2,0.25,Express,Credit Card,2284.7,90,510.66,Delivered
505229,2024-09-16,10779,20106,3,0.15,Standard,Cash On Delivery,3107.15,45,1089.68,Delivered
505230,2024-07-17,11326,20191,1,0.05,Standard,Credit Card,980.65,45,208.85,Delivered
505231,2024-05-16,13596,20139,1,0.15,Express,Upi,280.12,90,4.61,Delivered
505232,2024-12-11,12500,20252,1,0.1,Standard,Debit Card,566.24,45,183.51,Delivered
505233,2025-05-14,14996,20212,2,0.2,Standard,Credit Card,1633.54,45,135.68,Delivered
505234,2024-06-23,10587,20127,1,0.0,Express,Cash On Delivery,4706.83,90,1664.3,Delivered
505235,2025-05-03,10729,20249,1,0.1,Standard,Upi,1696.01,45,200.62,Delivered
505236,2025-04-13,10315,20073,2,0.15,Standard,Debit Card,1565.55,45,483.81,Delivered
505237,2024-11-11,14018,20173,2,0.1,Standard,Net Banking,1337.72,45,239.76,Delivered
505238,2025-01-14,12177,20157,1,0.1,Standard,Upi,1781.75,45,588.84,Delivered
505239,2025-03-17,12501,20162,2,0.05,Standard,Net Banking,3061.13,45,842.39,Delivered
505240,2024-05-12,10807,20095,3,0.1,Standard,Credit Card,3116.39,45,430.43,Delivered
505241,2024-01-27,12299,20236,1,0.25,Standard,Cash On Delivery,2638.52,45,841.73,Delivered
505242,2024-09-13,12700,20020,2,0.1,Standard,Credit Card,638.03,45,164.83,Delivered
505243,2025-07-16,11352,20072,1,0.3,Same Day,Upi,1136.13,140,-234.27,Delivered
505244,2025-10-17,10461,20070,1,0.1,Standard,Debit Card,1850.32,45,758.91,Delivered
505245,2024-12-21,10526,20200,1,0.15,Standard,Upi,1477.89,45,94.4,Delivered
505246,2024-08-23,11499,20183,2,0.0,Standard,Upi,2586.06,45,1326.5,Delivered
505247,2025-11-02,10950,20025,1,0.05,Standard,Debit Card,3232.05,45,551.54,Delivered
505248,2024-12-24,11154,20066,5,0.1,Same Day,Net Banking,2817.63,140,809.03,Delivered
505249,2024-09-27,10644,20284,2,0.1,Standard,Cash On Delivery,589.91,45,221.47,Delivered
505250,2025-10-27,14948,20276,1,0.15,Express,Upi,1467.34,90,85.95,Delivered
505251,2025-07-02,10606,20037,2,0.1,Express,Credit Card,3063.67,90,889.47,Delivered
505252,2025-05-24,12395,20016,1,0.05,Standard,Upi,2708.42,45,586.58,Delivered
505253,2025-12-29,10043,20183,1,0.15,Standard,Cash On Delivery,1099.08,45,446.8,Delivered
505254,2025-03-14,14918,20256,2,0.05,Standard,Net Banking,2422.54,45,881.64,Delivered
505255,2025-10-03,14354,20193,1,0.2,Express,Credit Card,523.38,90,-2.9,Delivered
505256,2025-08-10,11058,20014,1,0.15,Standard,Cash On Delivery,7290.98,70,3128.67,Delivered
505257,2025-04-15,14907,20024,2,0.1,Standard,Net Banking,4116.49,45,853.03,Delivered
505258,2025-12-09,14254,20083,1,0.0,Standard,Upi,979.07,45,442.99,Delivered
505259,2024-11-06,10286,20294,1,0.15,Standard,Net Banking,1652.74,45,692.43,Delivered
505260,2024-08-04,11684,20236,2,0.05,Standard,Upi,6684.24,70,3110.66,Delivered
505261,2025-09-02,10928,20265,2,0.05,Standard,Upi,478.44,45,134.04,Delivered
505262,2024-11-07,10485,20244,3,0.1,Standard,Upi,1152.9,45,378.54,Delivered
505263,2024-08-17,11131,20255,1,0.15,Standard,Upi,698.71,45,193.17,Delivered
505264,2025-09-12,10705,20109,1,0.0,Standard,Debit Card,968.91,45,456.23,Delivered
505265,2024-12-05,10283,20275,2,0.1,Same Day,Cash On Delivery,4628.54,140,1412.04,Delivered
505266,2025-05-09,13830,20255,4,0.0,Express,Upi,3288.04,90,1355.88,Delivered
505267,2024-06-12,10037,20245,2,0.05,Same Day,Debit Card,1582.38,140,261.48,Delivered
505268,2024-04-25,13377,20266,2,0.05,Same Day,Upi,1145.95,140,259.95,Delivered
505269,2024-03-11,10172,20131,1,0.2,Same Day,Upi,149.37,140,-78.73,Delivered
505270,2025-12-26,14674,20145,2,0.15,Standard,Cash On Delivery,10608.82,70,3884.76,Delivered
505271,2024-02-22,13107,20219,2,0.15,Express,Upi,5831.49,115,1735.45,Delivered
505272,2025-08-19,12854,20073,1,0.1,Standard,Upi,828.82,45,265.45,Delivered
505273,2024-12-07,13170,20197,1,0.1,Standard,Upi,2731.23,45,521.68,Delivered
505274,2025-08-10,10592,20083,2,0.0,Express,Cash On Delivery,1958.14,90,885.98,Cancelled
505275,2024-11-27,14017,20271,1,0.2,Standard,Upi,4347.46,45,829.16,Delivered
505276,2024-03-19,12670,20106,1,0.15,Express,Upi,1035.72,90,288.23,Delivered
505277,2024-04-16,14964,20100,2,0.15,Standard,Upi,2101.2,45,162.42,Delivered
505278,2024-03-22,12949,20184,1,0.3,Express,Credit Card,573.26,90,-76.02,Delivered
505279,2024-07-20,10755,20078,1,0.1,Standard,Net Banking,1167.43,45,232.49,Delivered
505280,2025-01-26,13368,20143,1,0.0,Express,Upi,2018.58,90,836.32,Delivered
505281,2024-08-17,14925,20095,4,0.05,Standard,Credit Card,4386.04,45,819.76,Delivered
505282,2024-01-20,12646,20300,1,0.05,Standard,Upi,826.6,45,274.44,Delivered
505283,2024-11-18,13072,20003,1,0.25,Standard,Credit Card,384.18,45,-3.56,Delivered
505284,2025-04-12,10163,20047,3,0.05,Standard,Upi,1439.25,45,573.51,Cancelled
505285,2025-11-20,13262,20158,4,0.0,Standard,Credit Card,4806.0,45,1566.96,Delivered
505286,2025-10-13,10971,20239,1,0.05,Express,Upi,517.35,90,135.23,Delivered
505287,2024-11-05,11991,20268,2,0.05,Express,Cash On Delivery,6713.0,115,2536.1,Delivered
505288,2025-04-16,14833,20271,1,0.15,Standard,Cash On Delivery,4619.17,45,1100.87,Delivered
505289,2025-08-14,14936,20028,1,0.05,Standard,Debit Card,7050.35,70,1300.55,Cancelled
505290,2025-11-24,14563,20177,2,0.2,Express,Cash On Delivery,1701.79,90,26.99,Delivered
505291,2024-03-14,11725,20087,1,0.05,Standard,Credit Card,429.81,45,147.26,Delivered
505292,2025-10-20,12577,20175,1,0.05,Standard,Upi,243.36,45,21.35,Delivered
505293,2025-10-15,14184,20207,2,0.15,Express,Upi,1267.3,90,379.58,Delivered
505294,2025-03-11,12072,20075,1,0.0,Standard,Cash On Delivery,3405.9,45,1814.66,Delivered
505295,2025-04-06,10332,20246,2,0.0,Express,Upi,717.0,90,247.58,Delivered
505296,2024-05-29,13130,20268,1,0.05,Standard,Net Banking,3356.5,45,1280.55,Delivered
505297,2025-10-05,10216,20054,1,0.1,Standard,Credit Card,2498.74,45,1046.96,Delivered
505298,2024-11-10,13780,20083,1,0.1,Express,Upi,881.16,90,300.08,Delivered
505299,2025-11-04,14285,20032,1,0.1,Express,Upi,412.29,90,1.07,Delivered
505300,2024-09-06,14745,20011,4,0.1,Same Day,Net Banking,3133.58,140,1165.98,Delivered
505301,2025-10-01,10353,20223,1,0.1,Standard,Net Banking,1178.42,45,399.57,Delivered
505302,2024-09-30,13123,20055,3,0.1,Express,Net Banking,7610.22,115,951.02,Delivered
505303,2025-04-26,12032,20286,2,0.05,Standard,Debit Card,4627.49,45,2062.17,Delivered
505304,2024-03-22,10860,20068,2,0.05,Same Day,Upi,1002.34,140,138.96,Delivered
505305,2024-08-19,12725,20089,2,0.1,Standard,Credit Card,1119.4,45,241.2,Delivered
505306,2024-01-31,11500,20098,1,0.1,Standard,Net Banking,329.01,45,4.99,Cancelled
505307,2024-03-24,14045,20017,1,0.25,Standard,Cash On Delivery,916.65,45,277.46,Delivered
505308,2024-02-11,10566,20161,2,0.15,Express,Net Banking,4449.84,90,1181.28,Delivered
505309,2025-12-14,10220,20255,2,0.2,Same Day,Debit Card,1315.22,140,254.14,Delivered
505310,2024-09-07,11171,20158,3,0.1,Standard,Net Banking,3244.05,45,803.52,Delivered
505311,2025-05-24,14584,20269,2,0.1,Standard,Credit Card,807.21,45,346.19,Delivered
505312,2025-01-21,14315,20032,2,0.15,Standard,Debit Card,778.77,45,91.33,Delivered
505313,2025-08-19,12885,20087,2,0.05,Express,Debit Card,859.62,90,294.52,Delivered
505314,2025-11-25,10367,20093,3,0.1,Express,Credit Card,1921.37,90,598.31,Delivered
505315,2024-09-22,13634,20290,1,0.1,Same Day,Upi,4189.17,140,984.78,Delivered
505316,2025-08-05,11606,20083,1,0.1,Standard,Cash On Delivery,881.16,45,345.08,Delivered
505317,2024-01-22,12934,20268,1,0.05,Express,Net Banking,3356.5,90,1235.55,Delivered
505318,2025-02-10,10072,20004,1,0.1,Express,Upi,307.22,90,-18.6,Delivered
505319,2024-03-16,12293,20089,1,0.2,Standard,Upi,497.51,45,35.91,Delivered
505320,2025-05-01,14675,20154,3,0.15,Standard,Debit Card,1773.17,45,197.12,Delivered
505321,2025-11-10,14738,20082,1,0.1,Standard,Debit Card,1841.23,45,203.35,Delivered
505322,2024-12-16,14005,20192,1,0.0,Standard,Debit Card,1332.8,45,357.26,Delivered
505323,2024-08-27,14634,20158,3,0.05,Express,Cash On Delivery,3424.27,90,938.74,Delivered
505324,2024-02-20,14428,20253,3,0.15,Express,Credit Card,1486.55,90,538.64,Delivered
505325,2025-04-20,13583,20289,1,0.15,Standard,Upi,1487.07,45,449.31,Delivered
505326,2025-08-17,13879,20256,2,0.1,Standard,Upi,2295.04,45,754.14,Delivered
505327,2025-08-24,10730,20159,1,0.25,Standard,Debit Card,5793.98,70,304.63,Delivered
505328,2025-06-08,10036,20062,1,0.1,Standard,Cash On Delivery,307.87,45,26.12,Delivered
505329,2024-06-05,10245,20287,1,0.2,Same Day,Debit Card,1558.04,140,-8.05,Delivered
505330,2024-07-17,13467,20280,1,0.1,Express,Upi,1044.41,90,422.59,Delivered
505331,2025-03-06,13768,20069,1,0.0,Standard,Debit Card,2008.29,45,1041.93,Delivered
505332,2025-10-27,14136,20265,2,0.0,Express,Upi,503.62,90,114.22,Delivered
505333,2025-12-10,10818,20008,1,0.0,Standard,Credit Card,582.36,45,236.85,Delivered
505334,2024-04-27,12855,20107,1,0.15,Express,Debit Card,495.01,90,64.37,Delivered
505335,2025-10-24,10899,20093,1,0.2,Express,Credit Card,569.3,90,68.28,Delivered
505336,2024-03-15,10616,20227,1,0.1,Standard,Cash On Delivery,2221.78,45,390.36,Delivered
505337,2025-12-25,13670,20069,2,0.2,Standard,Net Banking,3213.26,45,1325.54,Delivered
505338,2025-01-01,10454,20138,2,0.1,Standard,Credit Card,4289.54,45,1194.64,Delivered
505339,2024-06-26,13305,20139,4,0.0,Standard,Credit Card,1318.2,45,531.16,Delivered
505340,2024-04-17,11532,20116,1,0.05,Standard,Upi,423.59,45,138.29,Cancelled
505341,2025-11-19,10938,20008,1,0.0,Same Day,Upi,582.36,140,141.85,Delivered
505342,2025-04-23,11238,20068,3,0.2,Express,Debit Card,1266.12,90,91.05,Delivered
505343,2025-11-16,12490,20146,1,0.05,Standard,Net Banking,846.96,45,135.12,Delivered
505344,2024-04-02,12216,20250,1,0.15,Express,Upi,2344.79,90,801.94,Delivered
505345,2024-04-09,13707,20250,2,0.0,Express,Cash On Delivery,5517.16,115,2496.46,Delivered
505346,2024-06-29,14229,20003,1,0.15,Standard,Upi,435.4,45,47.66,Delivered
505347,2025-11-01,14988,20128,2,0.0,Express,Debit Card,3014.78,90,1404.74,Delivered
505348,2024-04-05,14801,20120,1,0.25,Express,Debit Card,1829.16,90,-73.55,Delivered
505349,2024-08-19,12138,20200,2,0.15,Standard,Net Banking,2955.77,45,233.79,Delivered
505350,2024-09-07,10083,20238,1,0.15,Standard,Credit Card,540.15,45,46.58,Delivered
505351,2025-08-01,12781,20055,2,0.15,Standard,Credit Card,4791.62,45,383.82,Delivered
505352,2024-01-19,13381,20070,3,0.05,Standard,Debit Card,5859.34,70,2650.11,Delivered
505353,2024-10-13,12168,20288,2,0.1,Standard,Cash On Delivery,1926.2,45,886.34,Delivered
505354,2024-07-25,11667,20262,2,0.2,Express,Cash On Delivery,3395.98,90,93.74,Delivered
505355,2024-11-06,14048,20210,2,0.05,Standard,Debit Card,1272.92,45,334.18,Delivered
505356,2024-04-12,11636,20237,2,0.1,Standard,Upi,1165.82,45,454.48,Delivered
505357,2024-06-07,14475,20218,1,0.1,Standard,Debit Card,556.2,45,131.04,Delivered
505358,2025-12-07,10103,20212,1,0.15,Standard,Net Banking,867.82,45,96.39,Delivered
505359,2025-07-16,13606,20016,1,0.1,Standard,Cash On Delivery,2565.87,45,444.03,Delivered
505360,2025-01-12,13546,20213,2,0.1,Standard,Credit Card,5579.59,70,1120.05,Delivered
505361,2024-08-11,10637,20270,1,0.15,Standard,Credit Card,739.02,45,83.93,Delivered
505362,2025-12-14,10800,20146,1,0.0,Standard,Cash On Delivery,891.54,45,179.7,Delivered
505363,2024-04-01,10161,20264,1,0.1,Express,Net Banking,645.06,90,45.97,Delivered
505364,2025-10-28,10210,20133,1,0.15,Standard,Upi,1228.4,45,427.92,Delivered
505365,2024-06-24,12556,20297,5,0.25,Standard,Cash On Delivery,1166.32,45,-41.58,Delivered
505366,2024-04-19,10586,20009,1,0.2,Standard,Upi,600.25,45,15.71,Delivered
505367,2024-06-27,12399,20042,1,0.15,Standard,Net Banking,6818.73,70,1917.66,Delivered
505368,2025-03-28,14571,20018,2,0.1,Standard,Credit Card,4498.97,45,2139.53,Delivered
505369,2024-03-15,12789,20210,2,0.1,Standard,Upi,1205.93,45,267.19,Delivered
505370,2025-08-05,10855,20284,3,0.1,Express,Net Banking,884.87,90,309.71,Delivered
505371,2025-12-21,10617,20293,2,0.15,Standard,Upi,3587.42,45,396.4,Delivered
505372,2025-05-06,10486,20276,1,0.05,Same Day,Credit Card,1639.97,140,208.58,Delivered
505373,2024-04-12,12089,20215,1,0.15,Standard,Upi,481.79,45,166.79,Delivered
505374,2024-02-10,14029,20235,3,0.05,Standard,Upi,14621.73,70,5819.69,Delivered
505375,2025-03-10,14615,20148,1,0.0,Standard,Credit Card,13552.09,70,5178.83,Delivered
505376,2024-11-29,11029,20050,1,0.0,Standard,Cash On Delivery,1976.22,45,922.22,Delivered
505377,2024-10-06,11045,20133,1,0.05,Standard,Cash On Delivery,1372.92,45,572.44,Delivered
505378,2025-06-25,10646,20188,2,0.1,Express,Upi,5055.84,115,1318.44,Delivered
505379,2025-05-20,10941,20073,5,0.1,Standard,Debit Card,4144.1,45,1507.25,Delivered
505380,2024-08-30,14338,20299,1,0.1,Express,Debit Card,1287.13,90,123.26,Cancelled
505381,2025-07-17,12651,20105,2,0.15,Express,Credit Card,10021.62,115,1272.0,Delivered
505382,2025-07-22,11667,20292,3,0.0,Express,Upi,989.31,90,170.73,Delivered
505383,2025-12-02,11748,20232,1,0.0,Standard,Credit Card,1578.88,45,766.19,Delivered
505384,2024-03-19,10038,20101,2,0.05,Standard,Net Banking,3649.22,45,1740.82,Delivered
505385,2025-03-12,11585,20259,3,0.0,Standard,Upi,4149.27,45,906.51,Delivered
505386,2025-12-08,13251,20292,2,0.05,Standard,Credit Card,626.56,45,95.84,Delivered
505387,2025-04-05,10251,20112,2,0.15,Express,Upi,4292.92,90,406.1,Delivered
505388,2024-07-15,13417,20045,3,0.2,Standard,Upi,2119.61,45,263.51,Delivered
505389,2024-01-31,13946,20100,1,0.15,Same Day,Upi,1050.6,140,-36.29,Delivered
505390,2024-01-30,10264,20157,4,0.1,Standard,Net Banking,7126.99,70,2465.35,Delivered
505391,2024-04-22,11517,20225,3,0.15,Standard,Credit Card,28636.6,70,6186.57,Delivered
505392,2025-10-11,14677,20073,2,0.2,Express,Debit Card,1473.46,90,346.72,Delivered
505393,2025-11-14,13097,20069,1,0.2,Standard,Cash On Delivery,1606.63,45,640.27,Delivered
505394,2025-01-24,11808,20172,1,0.1,Express,Upi,1056.71,90,85.16,Cancelled
505395,2025-10-28,10630,20224,2,0.1,Same Day,Net Banking,631.13,140,130.39,Delivered
505396,2024-10-02,10562,20049,1,0.2,Standard,Upi,613.35,45,30.93,Delivered
505397,2024-08-07,13766,20236,2,0.05,Standard,Upi,6684.24,70,3110.66,Delivered
505398,2024-10-02,14336,20109,2,0.25,Standard,Debit Card,1453.36,45,473.0,Delivered
505399,2024-01-12,11766,20273,2,0.2,Express,Debit Card,2289.57,90,840.33,Delivered
505400,2025-05-07,14157,20158,1,0.1,Express,Debit Card,1081.35,90,192.84,Delivered
505401,2025-08-19,13836,20239,1,0.1,Standard,Upi,490.12,45,153.0,Delivered
505402,2024-02-18,13542,20004,4,0.1,Standard,Upi,1228.9,45,240.62,Delivered
505403,2025-11-22,13130,20204,2,0.05,Standard,Upi,3539.91,45,1816.31,Delivered
505404,2024-01-10,13257,20084,1,0.05,Same Day,Upi,1512.1,140,277.33,Delivered
505405,2024-09-17,10439,20214,1,0.05,Standard,Credit Card,1681.18,45,788.07,Delivered
505406,2024-11-15,14753,20062,2,0.1,Same Day,Cash On Delivery,615.74,140,2.24,Delivered
505407,2024-07-04,14265,20058,1,0.2,Same Day,Cash On Delivery,1302.51,140,334.09,Delivered
505408,2024-08-16,12092,20172,1,0.1,Standard,Upi,1056.71,45,130.16,Delivered
505409,2025-10-31,11636,20252,2,0.1,Standard,Upi,1132.47,45,412.01,Delivered
505410,2024-01-21,11103,20137,4,0.0,Standard,Credit Card,1282.88,45,604.76,Delivered
505411,2024-01-16,12736,20238,2,0.1,Standard,Credit Card,1143.85,45,201.71,Delivered
505412,2025-04-24,10387,20006,1,0.1,Standard,Credit Card,519.98,45,164.8,Delivered
505413,2025-09-18,14015,20275,1,0.1,Standard,Cash On Delivery,2603.56,45,1020.31,Delivered
505414,2024-01-06,11566,20086,1,0.1,Standard,Debit Card,292.42,45,27.98,Delivered
505415,2024-10-24,13356,20148,1,0.15,Standard,Upi,11519.28,70,3146.02,Delivered
505416,2024-09-15,12377,20064,2,0.2,Standard,Cash On Delivery,3332.62,45,1188.92,Delivered
505417,2024-02-09,14344,20155,2,0.15,Express,Credit Card,476.36,90,-26.12,Delivered
505418,2024-10-02,12201,20135,1,0.1,Standard,Credit Card,2566.75,45,940.77,Delivered
505419,2025-06-02,14005,20118,2,0.15,Standard,Cash On Delivery,2051.25,45,532.43,Delivered
505420,2025-08-27,10356,20024,2,0.15,Standard,Upi,3887.8,45,624.34,Delivered
505421,2025-05-25,11492,20264,5,0.15,Standard,Upi,3046.1,45,455.65,Delivered
505422,2024-11-03,10261,20011,1,0.15,Express,Upi,739.87,90,192.97,Delivered
505423,2025-06-16,13030,20066,1,0.0,Standard,Upi,626.14,45,207.42,Delivered
505424,2025-04-24,10641,20263,3,0.1,Standard,Credit Card,9876.71,70,2140.51,Delivered
505425,2025-02-17,11816,20024,1,0.05,Express,Credit Card,2172.59,90,473.36,Delivered
505426,2025-06-06,12996,20141,1,0.15,Standard,Debit Card,1042.8,45,145.55,Delivered
505427,2025-04-09,12239,20231,2,0.1,Standard,Credit Card,997.16,45,432.86,Delivered
505428,2025-02-12,14004,20088,1,0.3,Standard,Debit Card,464.03,45,73.66,Delivered
505429,2024-02-19,12643,20116,1,0.15,Express,Upi,379.0,90,48.7,Delivered
505430,2024-02-14,12389,20280,1,0.0,Standard,Debit Card,1160.46,45,583.64,Delivered
505431,2024-09-27,11500,20038,1,0.05,Standard,Cash On Delivery,1578.21,45,691.95,Delivered
505432,2024-10-01,14086,20199,2,0.25,Standard,Upi,1151.22,45,183.92,Delivered
505433,2025-02-26,10242,20266,2,0.3,Standard,Credit Card,844.38,45,53.38,Delivered
505434,2024-02-04,10011,20158,1,0.05,Standard,Debit Card,1141.42,45,297.91,Delivered
505435,2025-05-18,14747,20231,3,0.1,Standard,Upi,1495.75,45,671.8,Delivered
505436,2025-05-02,11435,20283,3,0.1,Standard,Upi,3654.45,45,942.69,Delivered
505437,2025-10-14,14390,20286,1,0.05,Standard,Cash On Delivery,2313.74,45,1008.58,Delivered
505438,2024-05-23,10088,20128,1,0.1,Standard,Debit Card,1356.65,45,551.63,Delivered
505439,2024-07-11,11513,20207,2,0.1,Standard,Cash On Delivery,1341.85,45,499.13,Delivered
505440,2025-06-30,10474,20258,1,0.15,Standard,Cash On Delivery,572.36,45,180.88,Delivered
505441,2024-06-26,14675,20264,4,0.1,Standard,Upi,2580.23,45,498.87,Delivered
505442,2024-11-13,12969,20145,1,0.2,Express,Net Banking,4992.38,90,1575.35,Delivered
505443,2025-01-25,14888,20048,2,0.25,Standard,Upi,949.41,45,259.41,Delivered
505444,2024-05-30,14861,20064,1,0.1,Express,Net Banking,1874.6,90,735.25,Delivered
505445,2025-09-02,14822,20189,1,0.1,Standard,Net Banking,1133.83,45,226.44,Delivered
505446,2025-03-22,11511,20141,2,0.15,Express,Cash On Delivery,2085.59,90,291.09,Cancelled
505447,2025-06-24,13324,20228,1,0.2,Standard,Cash On Delivery,687.93,45,7.74,Delivered
505448,2024-05-29,10341,20107,2,0.05,Standard,Debit Card,1106.5,45,380.22,Delivered
505449,2024-07-26,10549,20130,1,0.15,Express,Debit Card,504.92,90,134.5,Delivered
505450,2024-12-14,13405,20151,5,0.2,Standard,Net Banking,16990.64,70,5060.84,Delivered
505451,2024-09-18,12475,20213,1,0.15,Express,Net Banking,2634.8,90,350.03,Delivered
505452,2025-12-22,14179,20223,1,0.15,Express,Credit Card,1112.95,90,289.1,Delivered
505453,2025-02-16,13615,20016,1,0.25,Express,Upi,2138.23,90,-28.61,Delivered
505454,2024-03-29,11289,20141,3,0.15,Standard,Net Banking,3128.39,45,526.64,Delivered
505455,2024-09-14,10269,20258,1,0.1,Express,Debit Card,606.02,90,169.54,Delivered
505456,2025-05-06,13943,20114,1,0.2,Express,Debit Card,331.21,90,-23.73,Delivered
505457,2025-12-04,14397,20026,1,0.1,Express,Credit Card,1956.45,90,546.43,Delivered
505458,2025-08-30,13446,20286,4,0.2,Standard,Cash On Delivery,7793.66,70,2683.02,Delivered
505459,2025-07-01,10090,20038,3,0.15,Express,Net Banking,4236.24,90,1622.46,Delivered
505460,2024-04-05,13410,20025,2,0.15,Standard,Upi,5783.67,70,442.65,Delivered
505461,2025-02-07,14456,20052,1,0.15,Standard,Upi,1696.37,45,345.46,Delivered
505462,2025-03-14,13074,20091,1,0.15,Express,Credit Card,4678.35,90,909.98,Delivered
505463,2024-02-06,11163,20138,4,0.1,Standard,Debit Card,8579.09,70,2409.29,Delivered
505464,2025-09-05,12951,20209,1,0.2,Standard,Upi,938.59,45,258.01,Delivered
505465,2025-04-25,14823,20061,1,0.15,Standard,Credit Card,1626.88,45,670.95,Delivered
505466,2024-06-28,14488,20111,1,0.1,Express,Upi,1170.79,90,447.97,Delivered
505467,2024-11-20,10565,20258,1,0.15,Express,Upi,572.36,90,135.88,Delivered
505468,2025-08-04,10057,20135,4,0.1,Standard,Debit Card,10266.98,70,3873.06,Delivered
505469,2025-02-09,12481,20060,1,0.3,Standard,Upi,2467.75,45,252.3,Delivered
505470,2025-04-13,13076,20189,4,0.1,Express,Cash On Delivery,4535.32,90,995.76,Delivered
505471,2025-09-10,10431,20113,2,0.1,Standard,Cash On Delivery,760.97,45,258.39,Delivered
505472,2024-09-27,12141,20027,1,0.1,Standard,Debit Card,895.36,45,375.0,Delivered
505473,2024-12-19,13551,20001,3,0.1,Standard,Upi,4087.29,45,1252.35,Delivered
505474,2025-07-12,13543,20214,1,0.25,Standard,Credit Card,1327.24,45,434.13,Cancelled
505475,2025-04-09,11374,20086,2,0.25,Standard,Debit Card,487.36,45,3.48,Delivered
505476,2025-09-11,14030,20155,1,0.25,Standard,Upi,210.16,45,-41.08,Delivered
505477,2024-12-29,14180,20080,3,0.1,Standard,Net Banking,7679.93,70,3357.43,Delivered
505478,2024-03-09,12649,20060,3,0.15,Same Day,Upi,8989.67,165,2313.32,Delivered
505479,2024-11-03,13299,20036,2,0.05,Standard,Upi,4440.47,45,1943.05,Delivered
505480,2025-02-26,10453,20291,2,0.15,Standard,Upi,1441.8,45,122.38,Delivered
505481,2025-05-28,10323,20289,1,0.05,Standard,Cash On Delivery,1662.02,45,624.26,Delivered
505482,2024-08-06,14015,20175,1,0.15,Standard,Debit Card,217.74,45,-4.27,Delivered
505483,2024-02-14,11964,20089,1,0.15,Standard,Upi,528.61,45,67.01,Delivered
505484,2024-08-20,10054,20059,2,0.3,Standard,Credit Card,8240.83,70,-308.55,Delivered
505485,2025-12-01,11110,20061,1,0.15,Standard,Debit Card,1626.88,45,670.95,Delivered
505486,2025-01-01,13344,20242,1,0.1,Standard,Debit Card,3690.91,45,882.99,Delivered
505487,2024-05-01,11853,20283,3,0.1,Standard,Credit Card,3654.45,45,942.69,Delivered
505488,2025-05-09,11180,20225,5,0.0,Standard,Upi,56150.2,70,18780.15,Delivered
505489,2025-07-30,10496,20222,1,0.25,Standard,Credit Card,281.7,45,7.47,Delivered
505490,2024-05-28,13601,20090,3,0.05,Express,Debit Card,2955.08,90,1274.12,Delivered
505491,2025-04-20,13535,20015,1,0.0,Standard,Debit Card,1366.9,45,657.47,Delivered
505492,2025-08-01,13615,20185,2,0.1,Standard,Credit Card,4639.07,45,1622.79,Cancelled
505493,2024-12-15,14772,20204,2,0.05,Standard,Cash On Delivery,3539.91,45,1816.31,Delivered
505494,2025-07-24,11863,20041,3,0.1,Standard,Cash On Delivery,405.0,45,109.53,Delivered
505495,2024-04-24,13855,20171,1,0.25,Standard,Net Banking,4253.08,45,-38.93,Delivered
505496,2025-09-19,10592,20268,1,0.25,Standard,Upi,2649.87,45,573.92,Delivered
505497,2024-08-24,12335,20196,1,0.05,Standard,Net Banking,1023.24,45,242.54,Delivered
505498,2024-02-16,10024,20250,2,0.2,Standard,Credit Card,4413.73,45,1463.03,Delivered
505499,2025-09-12,10811,20195,1,0.2,Standard,Upi,4181.01,45,991.2,Delivered
505500,2024-09-30,11037,20230,1,0.1,Standard,Net Banking,687.1,45,125.34,Delivered
505501,2024-04-22,11403,20096,1,0.1,Standard,Credit Card,1471.58,45,416.63,Delivered
505502,2025-06-28,13795,20218,1,0.0,Same Day,Upi,618.0,140,97.84,Delivered
505503,2025-02-02,14698,20004,3,0.0,Standard,Credit Card,1024.08,45,271.62,Delivered
505504,2024-10-18,10898,20005,1,0.05,Standard,Upi,400.85,45,123.17,Delivered
505505,2024-11-11,12405,20046,1,0.1,Express,Credit Card,3800.72,90,579.89,Cancelled
505506,2024-06-10,11217,20126,1,0.1,Standard,Credit Card,4407.53,45,1177.2,Delivered
505507,2024-03-30,12956,20137,1,0.0,Standard,Credit Card,320.72,45,117.44,Delivered
505508,2024-02-20,14023,20136,2,0.0,Standard,Credit Card,630.26,45,230.36,Delivered
505509,2025-02-27,12954,20189,1,0.1,Standard,Debit Card,1133.83,45,226.44,Delivered
505510,2025-02-09,13370,20143,1,0.2,Standard,Upi,1614.86,45,477.6,Delivered
505511,2024-05-23,13840,20073,3,0.1,Express,Credit Card,2486.46,90,841.35,Delivered
505512,2025-09-07,10291,20178,1,0.15,Standard,Credit Card,440.51,45,136.79,Delivered
505513,2025-11-12,12157,20226,4,0.1,Standard,Upi,5594.08,70,1345.72,Delivered
505514,2025-06-11,12607,20278,1,0.1,Same Day,Debit Card,6317.72,165,1040.89,Delivered
505515,2024-05-12,10395,20238,2,0.2,Standard,Debit Card,1016.75,45,74.61,Cancelled
505516,2025-05-13,13613,20094,3,0.2,Standard,Credit Card,6295.18,70,1904.52,Delivered
505517,2025-01-24,14859,20197,1,0.05,Express,Net Banking,2882.96,90,628.41,Cancelled
505518,2024-06-18,12845,20064,3,0.2,Standard,Upi,4998.94,45,1805.89,Delivered
505519,2025-06-25,12248,20150,3,0.05,Standard,Credit Card,1335.17,45,404.15,Cancelled
505520,2024-06-08,12424,20141,2,0.0,Standard,Debit Card,2453.64,45,704.14,Delivered
505521,2025-10-20,12414,20231,3,0.15,Standard,Cash On Delivery,1412.65,45,588.7,Delivered
505522,2025-02-15,14552,20245,1,0.05,Standard,Net Banking,791.19,45,155.74,Cancelled
505523,2025-11-17,14897,20277,1,0.05,Same Day,Upi,6044.92,165,2785.75,Cancelled
505524,2025-08-06,13582,20031,1,0.15,Express,Upi,720.08,90,240.12,Delivered
505525,2025-01-18,14259,20038,3,0.1,Standard,Credit Card,4485.43,45,1916.65,Delivered
505526,2025-09-30,14826,20039,1,0.15,Standard,Credit Card,2608.41,45,501.03,Delivered
505527,2025-12-08,14896,20164,1,0.0,Standard,Credit Card,762.34,45,175.29,Delivered
505528,2024-07-03,14276,20267,2,0.1,Express,Upi,1057.19,90,77.13,Delivered
505529,2025-10-23,11543,20069,2,0.1,Standard,Credit Card,3614.92,45,1727.2,Delivered
505530,2024-08-01,12144,20290,1,0.05,Standard,Credit Card,4421.9,45,1312.51,Delivered
505531,2024-04-03,12035,20229,2,0.1,Express,Upi,10970.5,115,2536.54,Delivered
505532,2025-07-23,11802,20261,1,0.1,Standard,Upi,135.0,45,-21.13,Delivered
505533,2024-08-06,11012,20020,1,0.25,Express,Credit Card,265.84,90,-38.26,Delivered
505534,2024-08-06,11432,20063,1,0.2,Standard,Cash On Delivery,210.95,45,-30.34,Delivered
505535,2024-01-13,13805,20170,1,0.2,Standard,Credit Card,1165.03,45,183.91,Delivered
505536,2025-02-26,13728,20013,1,0.0,Standard,Debit Card,253.92,45,15.47,Delivered
505537,2025-02-26,14349,20137,2,0.1,Standard,Net Banking,577.3,45,215.74,Delivered
505538,2025-04-30,14052,20224,1,0.05,Standard,Credit Card,333.1,45,107.73,Delivered
505539,2025-01-11,13577,20094,1,0.05,Standard,Credit Card,2491.84,45,1006.62,Delivered
505540,2025-10-13,12293,20177,2,0.05,Standard,Net Banking,2020.88,45,391.08,Delivered
505541,2025-02-11,14880,20156,3,0.0,Standard,Upi,5784.03,70,1957.25,Delivered
505542,2024-04-28,11139,20121,1,0.1,Standard,Credit Card,980.9,45,442.69,Delivered
505543,2024-09-27,12546,20171,2,0.15,Standard,Debit Card,9640.33,70,1076.31,Delivered
505544,2024-04-06,11246,20198,2,0.1,Express,Debit Card,3575.57,90,1204.79,Delivered
505545,2024-02-16,14357,20169,2,0.05,Standard,Upi,2315.76,45,861.06,Delivered
505546,2025-10-25,10056,20172,1,0.0,Same Day,Upi,1174.12,140,152.57,Delivered
505547,2024-06-21,14633,20157,1,0.2,Standard,Upi,1583.78,45,390.87,Delivered
505548,2024-12-12,13192,20210,1,0.15,Standard,Net Banking,569.47,45,77.6,Delivered
505549,2024-08-24,14146,20281,1,0.05,Standard,Cash On Delivery,1320.86,45,542.34,Delivered
505550,2025-06-26,13437,20196,1,0.05,Standard,Debit Card,1023.24,45,242.54,Delivered
505551,2024-07-31,11960,20270,2,0.15,Standard,Debit Card,1478.05,45,212.87,Delivered
505552,2024-09-28,12789,20187,2,0.15,Standard,Cash On Delivery,4976.82,45,380.94,Delivered
505553,2025-02-10,14978,20062,1,0.15,Express,Upi,290.77,90,-35.98,Delivered
505554,2024-03-18,12892,20145,1,0.0,Standard,Upi,6240.48,70,2843.45,Delivered
505555,2025-07-06,13892,20226,2,0.15,Express,Upi,2641.65,90,462.47,Delivered
505556,2024-05-25,10389,20117,1,0.15,Express,Upi,323.47,90,11.49,Delivered
505557,2024-01-12,13407,20206,2,0.15,Express,Debit Card,1773.63,90,547.55,Delivered
505558,2024-08-16,10685,20066,1,0.2,Express,Upi,500.91,90,37.19,Delivered
505559,2025-11-21,13984,20028,3,0.0,Standard,Credit Card,22264.26,70,5154.86,Delivered
505560,2024-12-06,11235,20264,1,0.0,Express,Upi,716.73,90,117.64,Delivered
505561,2025-11-02,12744,20221,1,0.05,Standard,Cash On Delivery,1567.1,45,617.14,Delivered
505562,2024-06-12,13429,20010,3,0.0,Express,Credit Card,2915.55,90,1010.43,Delivered
505563,2025-11-10,14504,20277,3,0.15,Standard,Credit Card,16225.83,70,6873.32,Delivered
505564,2025-01-16,13235,20291,1,0.0,Express,Debit Card,848.12,90,120.91,Delivered
505565,2025-12-31,10081,20004,1,0.1,Standard,Cash On Delivery,307.22,45,26.4,Delivered
505566,2025-08-04,12935,20181,2,0.2,Express,Debit Card,3083.14,90,270.82,Delivered
505567,2025-02-25,14372,20085,5,0.2,Standard,Debit Card,10179.04,70,1338.84,Delivered
505568,2025-03-13,14921,20025,2,0.1,Standard,Upi,6123.89,70,782.87,Delivered
505569,2024-03-03,13970,20020,1,0.15,Express,Net Banking,301.29,90,-2.81,Delivered
505570,2024-09-02,12092,20199,2,0.05,Standard,Net Banking,1458.21,45,490.91,Cancelled
505571,2024-02-19,14573,20199,1,0.0,Standard,Upi,767.48,45,261.33,Delivered
505572,2024-08-21,11770,20096,1,0.15,Standard,Net Banking,1389.83,45,334.88,Delivered
505573,2025-06-11,12752,20096,1,0.0,Standard,Upi,1635.09,45,580.14,Delivered
505574,2025-05-30,13899,20278,1,0.2,Express,Upi,5615.75,115,388.92,Delivered
505575,2024-10-08,11260,20049,1,0.1,Standard,Upi,690.02,45,107.6,Delivered
505576,2025-10-30,10525,20089,2,0.05,Express,Cash On Delivery,1181.59,90,258.39,Delivered
505577,2024-08-07,10545,20006,4,0.1,Express,Debit Card,2079.9,90,749.18,Delivered
505578,2024-12-13,10330,20146,3,0.3,Standard,Cash On Delivery,1872.23,45,-173.29,Delivered
505579,2024-12-29,11562,20012,2,0.15,Express,Upi,10450.39,115,2266.39,Delivered
505580,2025-07-16,11579,20028,1,0.15,Standard,Credit Card,6308.21,70,558.41,Delivered
505581,2024-02-11,13007,20275,1,0.1,Same Day,Credit Card,2603.56,140,925.31,Delivered
505582,2025-02-26,12524,20043,2,0.1,Express,Credit Card,951.64,90,196.5,Delivered
505583,2024-05-14,12790,20099,1,0.2,Same Day,Cash On Delivery,1855.75,140,171.35,Delivered
505584,2024-09-15,12391,20143,2,0.0,Standard,Credit Card,4037.16,45,1807.64,Delivered
505585,2024-07-09,12916,20292,2,0.0,Standard,Upi,659.54,45,128.82,Delivered
505586,2024-09-12,14048,20097,2,0.15,Standard,Debit Card,843.81,45,168.23,Delivered
505587,2025-05-08,12139,20085,1,0.05,Express,Upi,2417.52,90,573.48,Delivered
505588,2024-03-13,11957,20298,5,0.3,Express,Upi,5330.96,115,1005.86,Delivered
505589,2024-03-14,10729,20091,1,0.3,Express,Credit Card,3852.76,90,84.39,Delivered
505590,2025-09-26,12397,20030,5,0.15,Standard,Debit Card,2212.51,45,329.56,Delivered
505591,2025-08-04,14061,20295,1,0.1,Express,Credit Card,2139.75,90,320.11,Delivered
505592,2025-02-04,11442,20174,3,0.0,Standard,Upi,5350.68,70,2502.8,Delivered
505593,2024-03-19,11492,20186,1,0.15,Standard,Upi,2081.51,45,675.71,Delivered
505594,2024-09-04,10257,20030,3,0.0,Standard,Net Banking,1561.77,45,414.0,Cancelled
505595,2024-07-05,12488,20251,1,0.2,Standard,Net Banking,585.53,45,188.54,Delivered
505596,2025-10-14,14267,20109,3,0.0,Standard,Upi,2906.73,45,1458.69,Cancelled
505597,2025-07-09,14255,20213,1,0.0,Standard,Credit Card,3099.77,45,860.0,Delivered
505598,2025-04-14,11537,20218,3,0.15,Standard,Upi,1575.9,45,390.42,Delivered
505599,2025-08-01,10694,20182,1,0.05,Express,Net Banking,1063.7,90,266.04,Delivered
505600,2025-03-31,11935,20037,2,0.1,Express,Cash On Delivery,3063.67,90,889.47,Delivered
505601,2024-10-02,10178,20150,2,0.2,Standard,Upi,749.57,45,113.89,Delivered
505602,2024-06-27,13488,20097,1,0.0,Standard,Upi,496.36,45,136.07,Cancelled
505603,2024-05-08,10556,20024,3,0.05,Standard,Upi,6517.78,70,1620.09,Delivered
505604,2025-01-13,13515,20122,2,0.05,Express,Upi,7231.82,115,1747.64,Delivered
505605,2024-04-24,11278,20086,1,0.1,Same Day,Debit Card,292.42,140,-67.02,Delivered
505606,2024-11-17,13410,20161,4,0.2,Standard,Upi,8376.16,70,1949.04,Delivered
505607,2025-01-23,10948,20017,1,0.2,Same Day,Cash On Delivery,977.76,140,243.57,Delivered
505608,2025-04-08,10371,20244,2,0.0,Standard,Upi,854.0,45,322.76,Delivered
505609,2024-07-20,14374,20268,2,0.1,Standard,Debit Card,6359.69,70,2227.79,Delivered
505610,2025-09-20,10398,20286,1,0.2,Standard,Credit Card,1948.42,45,643.26,Delivered
505611,2025-06-30,10222,20218,1,0.0,Express,Upi,618.0,90,147.84,Delivered
505612,2025-02-12,12366,20006,2,0.0,Standard,Credit Card,1155.5,45,490.14,Delivered
505613,2025-09-09,11475,20267,1,0.0,Standard,Upi,587.33,45,97.3,Delivered
505614,2024-05-31,10403,20235,1,0.25,Standard,Debit Card,3847.82,45,892.14,Delivered
505615,2025-10-14,14576,20124,2,0.1,Standard,Cash On Delivery,3360.89,45,989.85,Delivered
505616,2025-02-08,13523,20060,1,0.0,Standard,Upi,3525.36,45,1309.91,Delivered
505617,2025-05-05,13589,20010,2,0.3,Same Day,Credit Card,1360.59,140,10.51,Delivered
505618,2024-06-10,10775,20016,3,0.25,Standard,Net Banking,6414.68,70,114.16,Delivered
505619,2024-05-26,10340,20084,1,0.1,Standard,Credit Card,1432.51,45,292.74,Delivered
505620,2025-02-15,10007,20172,2,0.0,Standard,Cash On Delivery,2348.24,45,540.14,Delivered
505621,2024-09-12,11297,20147,2,0.15,Standard,Debit Card,1750.15,45,257.87,Delivered
505622,2025-08-25,12248,20100,1,0.0,Standard,Upi,1236.0,45,244.11,Delivered
505623,2025-01-04,10893,20271,2,0.15,Standard,Credit Card,9238.34,70,2221.74,Delivered
505624,2025-12-30,12951,20215,2,0.15,Standard,Credit Card,963.58,45,378.58,Delivered
505625,2025-10-12,14280,20085,1,0.05,Standard,Upi,2417.52,45,618.48,Delivered
505626,2025-11-19,11854,20039,2,0.25,Express,Credit Card,4603.08,90,388.32,Delivered
505627,2024-10-17,10570,20005,1,0.3,Standard,Upi,295.36,45,17.68,Delivered
505628,2024-12-05,10966,20086,1,0.1,Standard,Debit Card,292.42,45,27.98,Delivered
505629,2024-03-16,11963,20287,4,0.25,Standard,Credit Card,5842.65,70,68.29,Delivered
505630,2025-07-22,13673,20207,2,0.05,Standard,Debit Card,1416.39,45,573.67,Delivered
505631,2025-06-23,14081,20038,1,0.2,Standard,Credit Card,1329.02,45,442.76,Delivered
505632,2025-05-19,12132,20256,2,0.15,Standard,Upi,2167.53,45,626.63,Delivered
505633,2024-11-16,12552,20180,2,0.0,Express,Cash On Delivery,5566.5,115,1825.6,Delivered
505634,2025-10-23,12603,20019,1,0.05,Standard,Upi,487.29,45,152.57,Delivered
505635,2024-11-02,13651,20163,1,0.1,Standard,Debit Card,2589.16,45,417.33,Delivered
505636,2024-12-12,13220,20202,1,0.0,Express,Upi,543.52,90,148.8,Delivered
505637,2025-01-27,10732,20271,2,0.25,Standard,Upi,8151.48,70,1134.88,Delivered
505638,2024-07-17,11181,20088,2,0.05,Standard,Debit Card,1259.51,45,523.77,Delivered
505639,2025-11-06,13044,20175,2,0.25,Standard,Net Banking,384.26,45,-14.76,Delivered
505640,2024-06-30,11113,20243,4,0.1,Standard,Upi,1717.96,45,355.24,Delivered
505641,2024-08-27,13791,20148,1,0.05,Standard,Credit Card,12874.49,70,4501.23,Delivered
505642,2024-03-06,11882,20265,1,0.1,Standard,Debit Card,226.63,45,31.93,Delivered
505643,2024-06-19,12399,20005,4,0.15,Standard,Credit Card,1434.63,45,458.91,Cancelled
505644,2025-10-06,14896,20139,2,0.1,Standard,Credit Card,593.19,45,177.17,Delivered
505645,2025-08-15,11072,20103,2,0.05,Express,Cash On Delivery,1839.07,90,663.65,Delivered
505646,2024-06-13,12247,20258,1,0.2,Standard,Debit Card,538.69,45,147.21,Delivered
505647,2024-03-03,12556,20180,1,0.25,Express,Cash On Delivery,2087.44,90,184.49,Delivered
505648,2024-12-20,12377,20246,1,0.0,Same Day,Credit Card,358.5,140,28.79,Delivered
505649,2024-02-20,11921,20148,2,0.1,Same Day,Credit Card,24393.76,165,7622.24,Delivered
505650,2025-08-06,13670,20021,1,0.05,Standard,Cash On Delivery,11761.57,70,3793.78,Delivered
505651,2024-02-12,11251,20158,2,0.15,Standard,Credit Card,2042.55,45,400.53,Delivered
505652,2024-11-16,11989,20176,1,0.15,Express,Credit Card,217.33,90,3.74,Delivered
505653,2024-11-13,10157,20257,2,0.0,Same Day,Debit Card,691.26,140,34.04,Delivered
505654,2024-08-03,14962,20265,4,0.15,Standard,Upi,856.15,45,212.35,Delivered
505655,2024-07-09,13819,20113,1,0.15,Standard,Credit Card,359.35,45,85.56,Delivered
505656,2025-10-31,14039,20168,1,0.15,Express,Cash On Delivery,1882.51,90,186.48,Delivered
505657,2025-05-04,13692,20021,2,0.2,Standard,Net Banking,19808.96,70,3943.38,Delivered
505658,2024-03-30,13980,20080,1,0.25,Standard,Debit Card,2133.32,45,670.82,Delivered
505659,2025-02-25,10083,20228,3,0.05,Express,Credit Card,2450.74,90,455.17,Delivered
505660,2025-05-05,14789,20037,1,0.15,Standard,Credit Card,1446.73,45,359.63,Delivered
505661,2025-09-07,11894,20091,2,0.1,Standard,Upi,9907.09,70,2480.35,Delivered
505662,2025-07-16,12234,20152,4,0.2,Express,Upi,946.14,90,286.66,Delivered
505663,2024-09-10,11785,20178,2,0.0,Express,Upi,1036.5,90,429.06,Delivered
505664,2024-04-16,10211,20182,1,0.1,Standard,Cash On Delivery,1007.71,45,255.05,Delivered
505665,2024-10-20,14169,20110,1,0.1,Express,Upi,515.09,90,24.85,Cancelled
505666,2025-05-25,13565,20109,1,0.15,Standard,Credit Card,823.57,45,310.89,Cancelled
505667,2024-08-23,11878,20156,1,0.1,Standard,Debit Card,1735.21,45,437.95,Delivered
505668,2025-05-12,12978,20260,1,0.1,Standard,Debit Card,1114.24,45,181.13,Delivered
505669,2024-12-21,10748,20067,1,0.1,Standard,Upi,1485.08,45,287.03,Delivered
505670,2025-09-08,14528,20260,2,0.2,Standard,Upi,1980.86,45,159.64,Delivered
505671,2024-10-30,12806,20271,1,0.1,Standard,Credit Card,4890.89,45,1372.59,Delivered
505672,2025-06-15,13525,20037,1,0.1,Express,Upi,1531.84,90,399.74,Delivered
505673,2025-05-06,12889,20270,4,0.2,Standard,Credit Card,2782.21,45,296.85,Delivered
505674,2025-08-06,13668,20123,1,0.0,Standard,Debit Card,5718.95,70,2187.32,Delivered
505675,2024-04-26,13935,20224,2,0.05,Standard,Upi,666.2,45,260.46,Delivered
505676,2025-01-01,12702,20195,2,0.15,Same Day,Upi,8884.64,165,2430.02,Delivered
505677,2025-10-03,14045,20082,1,0.0,Express,Net Banking,2045.81,90,362.93,Cancelled
505678,2025-04-03,10034,20050,1,0.1,Standard,Net Banking,1778.6,45,724.6,Delivered
505679,2024-04-29,12146,20078,1,0.1,Express,Net Banking,1167.43,90,187.49,Delivered
505680,2024-07-31,13798,20025,2,0.15,Standard,Credit Card,5783.67,70,442.65,Delivered
505681,2024-07-01,11280,20295,1,0.1,Standard,Upi,2139.75,45,365.11,Delivered
505682,2025-10-07,10405,20026,1,0.05,Express,Debit Card,2065.14,90,655.12,Delivered
505683,2024-12-04,11644,20060,3,0.05,Standard,Upi,10047.28,70,3465.93,Delivered
505684,2025-04-22,10623,20070,1,0.05,Standard,Debit Card,1953.11,45,861.7,Delivered
505685,2025-05-08,11858,20154,1,0.25,Standard,Upi,521.52,45,-33.83,Delivered
505686,2024-08-18,13103,20048,3,0.05,Express,Upi,1803.88,90,746.38,Cancelled
505687,2024-12-29,13669,20054,2,0.1,Express,Upi,4997.48,90,2093.92,Delivered
505688,2025-03-21,12903,20114,1,0.25,Standard,Credit Card,310.51,45,0.57,Delivered
505689,2025-04-28,13569,20277,3,0.05,Standard,Net Banking,18134.75,70,8782.24,Cancelled
505690,2024-09-02,11940,20110,3,0.05,Express,Debit Card,1631.11,90,340.39,Delivered
505691,2024-08-12,11246,20072,2,0.1,Express,Upi,2921.47,90,370.67,Cancelled
505692,2024-06-05,12139,20018,1,0.0,Express,Upi,2499.43,90,1252.21,Delivered
505693,2025-09-22,11897,20015,2,0.0,Standard,Cash On Delivery,2733.8,45,1359.94,Cancelled
505694,2025-08-28,12825,20042,1,0.05,Standard,Net Banking,7620.94,70,2719.87,Delivered
505695,2024-12-30,11253,20020,2,0.05,Same Day,Debit Card,673.47,140,105.27,Delivered
505696,2024-07-04,13020,20016,1,0.1,Express,Credit Card,2565.87,90,399.03,Delivered
505697,2025-05-09,11279,20135,1,0.0,Standard,Net Banking,2851.94,45,1225.96,Delivered
505698,2024-07-03,14965,20221,2,0.1,Standard,Credit Card,2969.24,45,1114.32,Delivered
505699,2025-01-21,13405,20095,2,0.1,Standard,Debit Card,2077.6,45,271.96,Delivered
505700,2024-10-06,12092,20093,1,0.15,Standard,Credit Card,604.88,45,148.86,Delivered
505701,2025-04-26,11095,20081,2,0.2,Standard,Credit Card,1091.07,45,314.61,Delivered
505702,2024-09-21,14812,20078,1,0.1,Standard,Credit Card,1167.43,45,232.49,Delivered
505703,2025-10-31,11075,20146,2,0.05,Same Day,Cash On Delivery,1693.93,140,220.25,Delivered
505704,2024-12-17,10401,20026,3,0.1,Standard,Cash On Delivery,5869.34,70,1839.28,Delivered
505705,2025-08-11,10199,20197,4,0.05,Standard,Credit Card,11531.86,70,2803.66,Delivered
505706,2024-03-22,10051,20144,2,0.0,Standard,Cash On Delivery,375.24,45,98.4,Delivered
505707,2024-06-29,13200,20077,2,0.0,Standard,Debit Card,3723.82,45,1262.02,Delivered
505708,2024-12-07,10800,20201,1,0.0,Standard,Net Banking,597.79,45,277.41,Delivered
505709,2024-07-14,11604,20123,1,0.05,Standard,Net Banking,5433.0,70,1901.37,Delivered
505710,2024-02-29,13037,20178,1,0.15,Standard,Cash On Delivery,440.51,45,136.79,Delivered
505711,2024-05-30,12786,20008,3,0.05,Standard,Upi,1659.73,45,713.2,Delivered
505712,2024-03-01,11993,20002,2,0.05,Standard,Debit Card,4398.71,45,1053.43,Delivered
505713,2025-10-08,12012,20146,1,0.2,Express,Cash On Delivery,713.23,90,-43.61,Delivered
505714,2025-03-03,10932,20036,1,0.1,Standard,Upi,2103.38,45,832.17,Delivered
505715,2024-11-26,10652,20088,2,0.0,Standard,Cash On Delivery,1325.8,45,590.06,Delivered
505716,2024-02-08,14614,20119,2,0.05,Standard,Cash On Delivery,6169.62,70,3177.02,Delivered
505717,2024-09-09,12139,20042,1,0.05,Standard,Credit Card,7620.94,70,2719.87,Delivered
505718,2025-09-09,14290,20139,1,0.05,Express,Debit Card,313.07,90,37.56,Delivered
505719,2024-08-20,13401,20059,1,0.25,Standard,Upi,4414.73,45,130.04,Delivered
505720,2024-12-19,14862,20180,1,0.1,Standard,Upi,2504.93,45,646.98,Cancelled
505721,2024-06-18,14037,20202,1,0.1,Standard,Upi,489.17,45,139.45,Delivered
505722,2024-08-04,12550,20221,1,0.3,Standard,Credit Card,1154.71,45,204.75,Delivered
505723,2024-12-13,11775,20049,4,0.1,Standard,Upi,2760.08,45,565.4,Delivered
505724,2025-06-09,12382,20240,1,0.0,Standard,Net Banking,1047.84,45,376.04,Delivered
505725,2025-02-14,14042,20128,1,0.1,Standard,Upi,1356.65,45,551.63,Delivered
505726,2025-06-11,13869,20286,1,0.15,Standard,Upi,2070.19,45,765.03,Delivered
505727,2025-12-31,11903,20028,1,0.1,Standard,Credit Card,6679.28,70,929.48,Delivered
505728,2025-11-11,14593,20093,3,0.2,Express,Upi,1707.89,90,384.83,Delivered
505729,2025-06-09,13655,20179,3,0.25,Standard,Debit Card,1561.79,45,124.55,Delivered
505730,2024-08-30,13811,20217,1,0.0,Standard,Credit Card,530.3,45,240.37,Delivered
505731,2024-01-08,11483,20027,4,0.05,Standard,Net Banking,3780.39,45,1833.95,Delivered
505732,2024-10-09,10245,20127,1,0.2,Standard,Net Banking,3765.46,45,767.93,Delivered
505733,2025-09-14,12112,20098,1,0.2,Express,Credit Card,292.46,90,-76.56,Delivered
505734,2025-07-05,14049,20300,1,0.0,Standard,Debit Card,870.11,45,317.95,Delivered
505735,2025-08-02,10805,20048,3,0.1,Same Day,Upi,1708.94,140,601.44,Delivered
505736,2025-09-26,10932,20272,1,0.05,Standard,Debit Card,1317.73,45,275.55,Delivered
505737,2024-06-14,11761,20188,4,0.1,Standard,Credit Card,10111.68,70,2796.88,Delivered
505738,2024-07-21,13117,20110,1,0.05,Standard,Debit Card,543.7,45,98.46,Delivered
505739,2025-10-01,14649,20015,5,0.15,Standard,Debit Card,5809.32,70,2417.17,Cancelled
505740,2024-12-29,10081,20102,2,0.1,Express,Debit Card,9065.54,115,1603.52,Delivered
505741,2024-05-31,10074,20094,1,0.15,Standard,Net Banking,2229.54,45,744.32,Delivered
505742,2025-02-28,13405,20184,1,0.0,Standard,Debit Card,818.94,45,214.66,Delivered
505743,2025-10-19,10805,20219,3,0.25,Express,Net Banking,7718.15,115,1631.59,Delivered
505744,2025-07-14,13163,20129,1,0.05,Express,Upi,3426.67,90,1430.07,Delivered
505745,2025-04-13,14188,20153,3,0.1,Standard,Net Banking,5059.34,70,1450.96,Delivered
505746,2025-02-13,12488,20092,3,0.1,Express,Upi,9357.47,115,2873.83,Delivered
505747,2025-05-29,12795,20043,1,0.15,Express,Credit Card,449.39,90,26.82,Delivered
505748,2024-09-07,11411,20270,4,0.0,Express,Net Banking,3477.76,90,947.4,Delivered
505749,2024-03-17,13487,20248,1,0.1,Standard,Upi,452.73,45,60.19,Delivered
505750,2025-02-25,10427,20068,3,0.2,Standard,Debit Card,1266.12,45,136.05,Delivered
505751,2025-01-19,14781,20270,1,0.1,Standard,Upi,782.5,45,127.41,Delivered
505752,2025-01-13,14468,20208,2,0.05,Standard,Upi,5231.27,70,1192.63,Delivered
505753,2024-08-15,11066,20226,4,0.2,Express,Debit Card,4972.51,90,704.15,Delivered
505754,2024-04-27,11389,20205,1,0.1,Same Day,Upi,12202.49,165,1913.33,Delivered
505755,2024-09-23,13759,20145,1,0.1,Standard,Debit Card,5616.43,70,2219.4,Delivered
505756,2024-08-22,10611,20092,1,0.25,Standard,Debit Card,2599.3,45,431.42,Cancelled
505757,2024-06-16,14216,20138,1,0.15,Standard,Cash On Delivery,2025.62,45,455.67,Delivered
505758,2025-12-05,11839,20017,1,0.15,Standard,Debit Card,1038.87,45,399.68,Delivered
505759,2025-11-26,11194,20002,1,0.1,Standard,Net Banking,2083.6,45,388.46,Delivered
505760,2025-06-05,11416,20250,3,0.1,Standard,Upi,7448.17,70,3019.62,Delivered
505761,2024-12-02,10473,20119,3,0.1,Standard,Upi,8767.36,70,4313.46,Delivered
505762,2024-11-22,11157,20197,1,0.1,Standard,Cash On Delivery,2731.23,45,521.68,Delivered
505763,2024-12-24,13020,20214,1,0.0,Standard,Debit Card,1769.66,45,876.55,Delivered
505764,2025-03-23,14157,20107,1,0.05,Express,Debit Card,553.25,90,122.61,Delivered
505765,2025-10-14,13234,20208,2,0.3,Express,Debit Card,3854.62,90,-204.02,Delivered
505766,2025-06-17,12032,20117,1,0.15,Standard,Cash On Delivery,323.47,45,56.49,Delivered
505767,2025-12-05,10672,20009,2,0.15,Standard,Debit Card,1275.53,45,151.45,Delivered
505768,2025-08-26,12217,20142,2,0.1,Express,Debit Card,1202.81,90,253.53,Delivered
505769,2024-04-06,11824,20022,1,0.0,Standard,Cash On Delivery,6715.69,70,2499.36,Delivered
505770,2025-10-14,14456,20272,1,0.15,Standard,Upi,1179.02,45,136.84,Delivered
505771,2025-07-03,10068,20169,1,0.05,Express,Net Banking,1157.88,90,363.03,Delivered
505772,2024-09-12,13815,20195,1,0.1,Express,Upi,4703.63,90,1468.82,Delivered
505773,2025-03-17,11174,20094,1,0.25,Express,Upi,1967.24,90,437.02,Delivered
505774,2025-02-12,14577,20193,1,0.15,Standard,Upi,556.1,45,74.82,Delivered
505775,2024-03-25,12433,20288,2,0.25,Standard,Upi,1605.16,45,565.3,Delivered
505776,2025-02-20,10360,20180,2,0.2,Express,Credit Card,4453.2,90,737.3,Delivered
505777,2025-07-02,12959,20267,1,0.0,Standard,Cash On Delivery,587.33,45,97.3,Delivered
505778,2025-05-16,10343,20020,2,0.0,Standard,Upi,708.92,45,235.72,Delivered
505779,2025-11-27,12260,20225,1,0.15,Standard,Upi,9545.53,70,2015.52,Delivered
505780,2024-04-07,14176,20169,2,0.15,Standard,Credit Card,2071.99,45,617.29,Delivered
505781,2025-06-25,10485,20044,1,0.1,Standard,Debit Card,2019.56,45,859.68,Delivered
505782,2025-05-17,14339,20188,1,0.0,Standard,Upi,2808.8,45,952.6,Delivered
505783,2025-03-26,11936,20095,1,0.15,Standard,Credit Card,981.09,45,55.77,Delivered
505784,2024-07-09,11679,20135,1,0.0,Express,Credit Card,2851.94,90,1180.96,Delivered
505785,2024-07-19,14205,20094,2,0.15,Standard,Credit Card,4459.08,45,1533.64,Delivered
505786,2024-11-17,11901,20054,2,0.0,Express,Debit Card,5552.76,115,2624.2,Delivered
505787,2025-12-01,14580,20082,1,0.05,Standard,Upi,1943.52,45,305.64,Delivered
505788,2024-09-14,14863,20269,1,0.1,Standard,Upi,403.6,45,150.59,Delivered
505789,2024-06-03,11602,20289,1,0.15,Standard,Credit Card,1487.07,45,449.31,Delivered
505790,2025-05-01,10476,20135,2,0.15,Standard,Cash On Delivery,4848.3,45,1641.34,Delivered
505791,2024-08-15,12213,20158,1,0.0,Standard,Debit Card,1201.5,45,357.99,Delivered
505792,2025-05-31,11662,20267,1,0.1,Same Day,Upi,528.6,140,-56.43,Cancelled
505793,2025-10-02,10207,20277,1,0.05,Express,Upi,6044.92,115,2835.75,Delivered
505794,2025-05-25,14563,20288,2,0.25,Express,Debit Card,1605.16,90,520.3,Delivered
505795,2024-03-14,13318,20133,1,0.2,Standard,Credit Card,1156.14,45,355.66,Delivered
505796,2024-12-30,13861,20035,1,0.1,Standard,Net Banking,2131.42,45,832.39,Delivered
505797,2024-01-24,12650,20251,1,0.1,Express,Credit Card,658.72,90,216.73,Delivered
505798,2025-04-07,10335,20047,5,0.1,Standard,Upi,2272.5,45,859.6,Delivered
505799,2025-04-25,14834,20268,2,0.15,Standard,Debit Card,6006.37,70,1874.47,Delivered
505800,2025-12-18,12385,20293,1,0.1,Express,Upi,1899.22,90,236.21,Delivered
505801,2025-10-19,10549,20044,1,0.0,Standard,Cash On Delivery,2243.96,45,1084.08,Delivered
505802,2024-03-29,11475,20278,1,0.1,Express,Upi,6317.72,115,1090.89,Delivered
505803,2025-06-17,10623,20139,1,0.2,Express,Upi,263.64,90,-11.87,Delivered
505804,2024-10-26,13339,20237,1,0.15,Standard,Debit Card,550.53,45,172.36,Delivered
505805,2024-02-13,10796,20266,2,0.0,Standard,Upi,1206.26,45,415.26,Delivered
505806,2024-02-06,10551,20170,3,0.15,Standard,Debit Card,3713.54,45,860.18,Delivered
505807,2025-06-02,13764,20216,2,0.15,Standard,Credit Card,10635.49,70,3668.27,Delivered
505808,2025-04-18,10814,20117,2,0.15,Standard,Upi,646.94,45,157.98,Delivered
505809,2024-10-06,14839,20238,2,0.1,Express,Credit Card,1143.85,90,156.71,Delivered
505810,2025-04-05,13411,20256,1,0.15,Standard,Credit Card,1083.77,45,290.82,Delivered
505811,2024-06-17,12167,20244,1,0.0,Express,Credit Card,427.0,90,93.88,Delivered
505812,2024-03-10,13701,20088,1,0.05,Standard,Credit Card,629.76,45,239.39,Delivered
505813,2024-07-31,11680,20234,1,0.05,Standard,Debit Card,7743.5,70,3378.92,Delivered
505814,2025-08-05,10905,20097,1,0.1,Express,Credit Card,446.72,90,41.43,Delivered
505815,2025-12-19,11637,20018,2,0.15,Standard,Debit Card,4249.03,45,1889.59,Delivered
505816,2024-03-12,14394,20111,1,0.1,Standard,Upi,1170.79,45,492.97,Delivered
505817,2024-06-28,11650,20209,2,0.1,Standard,Cash On Delivery,2111.83,45,795.67,Delivered
505818,2024-07-26,12372,20065,3,0.1,Standard,Upi,5836.35,70,1295.42,Delivered
505819,2024-06-25,12836,20123,1,0.1,Express,Net Banking,5147.06,115,1570.43,Delivered
505820,2025-12-07,10834,20238,1,0.25,Standard,Upi,476.6,45,-16.97,Delivered
505821,2024-10-27,11784,20123,1,0.0,Standard,Cash On Delivery,5718.95,70,2187.32,Delivered
505822,2024-06-02,11402,20287,3,0.05,Standard,Cash On Delivery,5550.52,70,1202.25,Delivered
505823,2024-06-02,12710,20218,2,0.3,Standard,Upi,865.2,45,59.88,Delivered
505824,2024-01-30,12374,20222,3,0.25,Express,Upi,845.1,90,67.41,Delivered
505825,2024-01-27,10553,20113,2,0.2,Standard,Debit Card,676.42,45,173.84,Delivered
505826,2024-08-27,12627,20018,1,0.05,Standard,Debit Card,2374.46,45,1172.24,Delivered
505827,2025-10-05,12087,20219,3,0.2,Standard,Debit Card,8232.7,70,2191.14,Delivered
505828,2025-11-21,11968,20161,1,0.0,Standard,Upi,2617.55,45,983.27,Delivered
505829,2024-04-07,11479,20070,2,0.0,Standard,Credit Card,4111.82,45,1974.0,Delivered
505830,2024-11-21,13919,20007,1,0.0,Standard,Debit Card,7404.46,70,2534.23,Delivered
505831,2024-08-24,11154,20001,2,0.1,Standard,Upi,2724.86,45,819.9,Delivered
505832,2024-05-17,13992,20099,2,0.15,Standard,Debit Card,3943.47,45,809.67,Delivered
505833,2025-09-21,13822,20087,4,0.05,Express,Credit Card,1719.23,90,679.03,Delivered
505834,2025-09-09,11894,20080,1,0.15,Standard,Upi,2417.76,45,955.26,Delivered
505835,2025-07-01,13789,20034,1,0.1,Express,Net Banking,952.36,90,250.25,Cancelled
505836,2024-02-15,13069,20226,1,0.3,Express,Upi,1087.74,90,-46.85,Delivered
505837,2025-09-07,11235,20223,4,0.1,Standard,Upi,4713.66,45,1733.26,Delivered
505838,2025-01-24,13752,20180,2,0.15,Standard,Net Banking,4731.52,45,1060.62,Delivered
505839,2024-12-29,10764,20008,2,0.05,Standard,Cash On Delivery,1106.48,45,460.46,Delivered
505840,2024-12-25,11109,20243,1,0.0,Same Day,Credit Card,477.21,140,7.78,Delivered
505841,2025-08-04,11797,20088,1,0.15,Standard,Credit Card,563.46,45,173.09,Delivered
505842,2024-07-25,13020,20143,2,0.05,Standard,Cash On Delivery,3835.3,45,1605.78,Delivered
505843,2025-08-23,14823,20028,2,0.25,Express,Upi,11132.13,115,-342.47,Delivered
505844,2025-05-29,10367,20142,1,0.0,Express,Debit Card,668.23,90,148.59,Delivered
505845,2024-12-31,12212,20090,5,0.25,Same Day,Upi,3888.26,140,1096.66,Delivered
505846,2025-03-13,12553,20186,2,0.0,Standard,Cash On Delivery,4897.66,45,2131.06,Delivered
505847,2024-08-18,12642,20180,3,0.15,Express,Debit Card,7097.29,115,1543.44,Cancelled
505848,2025-02-26,13229,20037,1,0.2,Standard,Upi,1361.63,45,274.53,Delivered
505849,2025-04-13,13892,20002,2,0.1,Standard,Debit Card,4167.2,45,821.92,Delivered
505850,2025-09-21,12922,20034,2,0.15,Same Day,Net Banking,1798.91,140,434.69,Delivered
505851,2024-11-06,12957,20226,3,0.05,Express,Upi,4428.64,90,1204.87,Delivered
505852,2025-01-29,14553,20073,2,0.1,Standard,Net Banking,1657.64,45,575.9,Delivered
505853,2024-04-23,13446,20116,2,0.05,Standard,Cash On Delivery,847.17,45,321.57,Delivered
505854,2024-07-20,11703,20114,2,0.05,Standard,Cash On Delivery,786.62,45,211.74,Cancelled
505855,2025-04-07,12983,20030,1,0.2,Standard,Credit Card,416.47,45,3.88,Delivered
505856,2025-06-25,10966,20083,2,0.15,Standard,Debit Card,1664.42,45,637.26,Delivered
505857,2024-12-29,12050,20208,1,0.2,Standard,Credit Card,2202.64,45,173.32,Delivered
505858,2024-09-03,14214,20107,2,0.1,Standard,Upi,1048.27,45,321.99,Delivered
505859,2025-08-15,13131,20186,2,0.05,Same Day,Upi,4652.78,140,1791.18,Delivered
505860,2024-09-02,12628,20152,1,0.25,Same Day,Credit Card,221.75,140,-60.62,Delivered
505861,2024-07-02,10117,20150,2,0.25,Standard,Debit Card,702.72,45,67.04,Delivered
505862,2025-02-16,13825,20160,1,0.2,Standard,Upi,479.42,45,83.34,Delivered
505863,2024-09-29,14470,20075,2,0.1,Standard,Debit Card,6130.62,70,2968.14,Delivered
505864,2025-06-28,10088,20170,1,0.1,Standard,Cash On Delivery,1310.66,45,329.54,Delivered
505865,2025-09-05,10422,20187,1,0.2,Express,Credit Card,2342.03,90,-23.41,Delivered
505866,2024-10-03,13505,20169,2,0.1,Standard,Debit Card,2193.88,45,739.18,Delivered
505867,2025-09-14,14042,20053,1,0.1,Express,Net Banking,1210.51,90,408.84,Delivered
505868,2025-05-13,11924,20257,3,0.1,Standard,Upi,933.2,45,112.37,Delivered
505869,2025-12-18,13817,20060,1,0.0,Standard,Upi,3525.36,45,1309.91,Delivered
505870,2025-05-04,13092,20222,2,0.2,Standard,Debit Card,600.96,45,97.5,Delivered
505871,2024-08-02,14631,20076,2,0.15,Standard,Credit Card,2963.51,45,531.41,Delivered
505872,2024-04-12,13579,20046,1,0.1,Standard,Net Banking,3800.72,45,624.89,Delivered
505873,2025-08-12,14657,20260,3,0.05,Standard,Credit Card,3528.41,45,819.08,Delivered
505874,2024-06-23,13578,20015,2,0.05,Standard,Credit Card,2597.11,45,1223.25,Delivered
505875,2024-02-21,11539,20116,2,0.15,Standard,Upi,758.0,45,232.4,Delivered
505876,2024-10-23,11229,20012,1,0.25,Standard,Debit Card,4610.47,45,530.97,Delivered
505877,2024-06-23,10546,20001,1,0.1,Standard,Upi,1362.43,45,387.45,Delivered
505878,2024-12-08,10804,20077,2,0.1,Standard,Credit Card,3351.44,45,889.64,Delivered
505879,2025-12-11,14777,20030,1,0.15,Express,Cash On Delivery,442.5,90,-15.09,Delivered
505880,2025-08-22,10623,20202,3,0.2,Standard,Upi,1304.45,45,345.29,Delivered
505881,2024-06-19,10179,20050,1,0.2,Express,Cash On Delivery,1580.98,90,481.98,Delivered
505882,2024-02-06,10615,20130,3,0.15,Standard,Credit Card,1514.75,45,628.49,Delivered
505883,2025-09-26,13679,20006,3,0.05,Standard,Net Banking,1646.59,45,671.05,Delivered
505884,2024-07-19,12577,20075,1,0.05,Standard,Debit Card,3235.6,45,1644.36,Delivered
505885,2024-03-04,13684,20166,1,0.0,Standard,Upi,649.54,45,285.59,Delivered
505886,2025-04-30,12535,20274,1,0.25,Standard,Net Banking,821.66,45,59.07,Delivered
505887,2025-03-30,12694,20156,1,0.1,Same Day,Debit Card,1735.21,140,342.95,Delivered
505888,2025-11-30,12940,20268,1,0.05,Express,Net Banking,3356.5,90,1235.55,Delivered
505889,2025-12-27,10249,20205,1,0.05,Express,Debit Card,12880.4,115,2641.24,Delivered
505890,2025-02-12,13053,20244,1,0.05,Express,Credit Card,405.65,90,72.53,Delivered
505891,2024-05-29,12829,20087,1,0.1,Standard,Cash On Delivery,407.19,45,124.64,Delivered
505892,2025-05-16,11008,20100,1,0.2,Standard,Cash On Delivery,988.8,45,-3.09,Delivered
505893,2025-09-27,14830,20186,3,0.3,Standard,Debit Card,5142.54,70,990.14,Delivered
505894,2025-12-10,12139,20222,1,0.1,Standard,Upi,338.04,45,63.81,Delivered
505895,2025-07-01,10509,20278,4,0.05,Standard,Upi,26674.82,70,6157.5,Delivered
505896,2024-10-04,12160,20173,4,0.05,Standard,Net Banking,2824.08,45,673.16,Delivered
505897,2024-02-04,10938,20042,1,0.05,Standard,Upi,7620.94,70,2719.87,Delivered
505898,2025-09-16,10374,20067,1,0.15,Standard,Upi,1402.58,45,204.53,Delivered
505899,2024-06-23,12100,20192,1,0.25,Standard,Upi,999.6,45,24.06,Delivered
505900,2024-02-02,11709,20143,1,0.1,Standard,Debit Card,1816.72,45,679.46,Delivered
505901,2025-12-25,14474,20154,1,0.05,Express,Credit Card,660.59,90,60.24,Delivered
505902,2025-12-15,14925,20094,1,0.25,Standard,Upi,1967.24,45,482.02,Delivered
505903,2025-01-31,12683,20197,2,0.25,Express,Credit Card,4552.05,90,132.95,Delivered
505904,2024-09-10,10302,20095,1,0.2,Standard,Credit Card,923.38,45,-1.94,Delivered
505905,2025-07-21,14770,20249,1,0.2,Standard,Upi,1507.57,45,12.18,Delivered
505906,2024-11-18,12849,20022,2,0.15,Express,Upi,11416.67,115,3009.01,Delivered
505907,2024-01-13,10239,20054,1,0.05,Standard,Net Banking,2637.56,45,1185.78,Delivered
505908,2024-02-19,12183,20125,1,0.1,Standard,Upi,776.77,45,284.07,Delivered
505909,2024-08-20,10174,20207,1,0.15,Standard,Net Banking,633.65,45,189.79,Delivered
505910,2025-06-23,14132,20181,1,0.2,Standard,Credit Card,1541.57,45,135.41,Delivered
505911,2025-09-07,14398,20275,2,0.05,Standard,Debit Card,5496.4,70,2349.9,Delivered
505912,2024-04-05,14982,20162,1,0.15,Standard,Credit Card,1369.45,45,237.58,Delivered
505913,2024-12-08,10196,20278,2,0.0,Same Day,Debit Card,14039.38,165,3650.72,Delivered
505914,2024-07-11,13835,20141,4,0.2,Standard,Upi,3925.82,45,471.82,Delivered
505915,2025-05-25,12430,20123,1,0.1,Standard,Upi,5147.06,70,1615.43,Delivered
505916,2025-03-26,12774,20192,2,0.05,Standard,Credit Card,2532.32,45,626.24,Delivered
505917,2024-05-04,10693,20056,2,0.2,Same Day,Credit Card,7503.41,165,2214.37,Delivered
505918,2024-03-21,14691,20298,1,0.05,Standard,Upi,1446.97,45,559.95,Delivered
505919,2024-01-07,13131,20247,1,0.1,Standard,Net Banking,1928.66,45,430.04,Delivered
505920,2024-11-25,10874,20191,4,0.0,Express,Credit Card,4129.04,90,1131.84,Delivered
505921,2024-03-23,14415,20170,2,0.1,Standard,Net Banking,2621.32,45,704.08,Delivered
505922,2025-06-19,13097,20219,2,0.25,Same Day,Credit Card,5145.43,165,999.39,Delivered
505923,2025-09-17,10758,20034,5,0.15,Standard,Credit Card,4497.27,45,1391.72,Delivered
505924,2025-06-10,13625,20285,1,0.3,Standard,Net Banking,442.54,45,21.81,Delivered
505925,2024-04-22,12107,20036,1,0.1,Standard,Upi,2103.38,45,832.17,Delivered
505926,2025-03-15,14273,20265,1,0.2,Standard,Upi,201.45,45,6.75,Delivered
505927,2025-10-18,11566,20298,1,0.25,Express,Upi,1142.35,90,210.33,Delivered
505928,2024-01-19,14221,20228,4,0.0,Express,Upi,3439.64,90,808.88,Delivered
505929,2024-01-09,13524,20067,2,0.3,Express,Credit Card,2310.13,90,-85.97,Delivered
505930,2024-07-03,10309,20007,2,0.2,Same Day,Debit Card,11847.14,165,2081.68,Delivered
505931,2024-02-07,10154,20023,3,0.15,Standard,Credit Card,1185.32,45,92.57,Delivered
505932,2025-12-23,12748,20023,1,0.1,Express,Cash On Delivery,418.35,90,-20.9,Delivered
505933,2024-05-13,13669,20272,1,0.1,Standard,Upi,1248.37,45,206.19,Delivered
505934,2024-04-11,12817,20069,1,0.1,Express,Upi,1807.46,90,796.1,Delivered
505935,2024-05-28,10385,20013,2,0.15,Standard,Upi,431.66,45,-0.24,Delivered
505936,2024-04-02,13720,20266,3,0.15,Standard,Upi,1537.98,45,373.98,Delivered
505937,2024-05-19,10777,20248,1,0.05,Standard,Upi,477.88,45,85.34,Delivered
505938,2024-10-21,14720,20059,2,0.15,Express,Upi,10006.73,115,1412.35,Delivered
505939,2025-08-15,12693,20258,1,0.0,Standard,Credit Card,673.36,45,281.88,Delivered
505940,2025-06-27,11732,20208,1,0.05,Standard,Debit Card,2615.64,45,586.32,Delivered
505941,2024-07-06,13251,20129,1,0.05,Same Day,Credit Card,3426.67,140,1380.07,Delivered
505942,2024-05-15,12151,20198,1,0.15,Standard,Credit Card,1688.47,45,503.08,Delivered
505943,2024-06-14,14077,20275,1,0.2,Standard,Upi,2314.27,45,731.02,Delivered
505944,2025-04-21,14869,20097,3,0.0,Standard,Upi,1489.08,45,498.21,Delivered
505945,2024-05-26,12209,20028,4,0.25,Express,Net Banking,22264.26,115,-569.94,Delivered
505946,2024-09-01,11460,20133,1,0.05,Standard,Credit Card,1372.92,45,572.44,Delivered
505947,2024-07-01,12405,20275,2,0.15,Standard,Unknown,4917.83,45,1796.33,Delivered
505948,2024-01-09,11991,20104,2,0.05,Express,Net Banking,1854.29,90,363.89,Delivered
505949,2025-03-11,11364,20042,1,0.1,Standard,Credit Card,7219.84,70,2318.77,Delivered
505950,2024-06-04,12693,20153,2,0.1,Express,Upi,3372.89,90,923.97,Delivered
505951,2025-11-18,14897,20291,4,0.1,Standard,Upi,3053.23,45,459.39,Delivered
505952,2024-04-23,14191,20009,2,0.2,Standard,Cash On Delivery,1200.5,45,76.42,Delivered
505953,2024-06-15,14729,20224,2,0.1,Standard,Credit Card,631.13,45,225.39,Delivered
505954,2025-05-02,12071,20039,1,0.1,Standard,Net Banking,2761.85,45,654.47,Delivered
505955,2025-03-12,12470,20038,2,0.15,Express,Upi,2824.16,90,1051.64,Delivered
505956,2024-08-10,11218,20271,3,0.15,Standard,Net Banking,13857.52,70,3367.62,Delivered
505957,2024-07-09,14179,20109,1,0.0,Express,Net Banking,968.91,90,411.23,Delivered
505958,2025-07-29,10168,20060,2,0.1,Same Day,Upi,6345.65,165,1839.75,Delivered
505959,2024-06-21,12228,20062,2,0.2,Standard,Debit Card,547.33,45,28.83,Delivered
505960,2024-09-13,13033,20031,1,0.15,Standard,Credit Card,720.08,45,285.12,Cancelled
505961,2025-12-15,13860,20030,1,0.15,Express,Credit Card,442.5,90,-15.09,Delivered
505962,2025-03-25,14440,20066,1,0.1,Same Day,Net Banking,563.53,140,49.81,Delivered
505963,2025-05-15,14108,20263,1,0.25,Standard,Debit Card,2743.53,45,143.13,Delivered
505964,2024-03-17,13606,20158,1,0.1,Express,Upi,1081.35,90,192.84,Delivered
505965,2025-09-06,11554,20161,1,0.1,Standard,Debit Card,2355.8,45,721.52,Delivered
505966,2024-08-13,10450,20111,1,0.2,Express,Upi,1040.7,90,317.88,Delivered
505967,2024-08-13,14670,20038,2,0.15,Standard,Cash On Delivery,2824.16,45,1096.64,Delivered
505968,2025-08-30,14028,20212,2,0.1,Standard,Upi,1837.73,45,339.87,Delivered
505969,2024-03-16,12881,20137,3,0.05,Standard,Cash On Delivery,914.05,45,394.21,Delivered
505970,2024-02-02,12710,20158,2,0.25,Standard,Upi,1802.25,45,160.23,Delivered
505971,2025-08-16,14561,20134,2,0.15,Express,Net Banking,1908.25,90,304.47,Cancelled
505972,2024-03-09,12958,20189,1,0.0,Express,Upi,1259.81,90,307.42,Delivered
505973,2025-02-18,13445,20165,2,0.05,Express,Cash On Delivery,655.71,90,250.01,Delivered
505974,2025-12-31,14331,20079,2,0.05,Standard,Net Banking,4097.92,45,824.02,Delivered
505975,2025-03-23,14103,20252,2,0.05,Standard,Upi,1195.38,45,474.92,Delivered
505976,2024-12-27,12121,20206,1,0.15,Express,Debit Card,886.81,90,228.77,Delivered
505977,2025-01-04,13170,20148,4,0.1,Standard,Upi,48787.52,70,15504.48,Delivered
505978,2025-02-02,12178,20286,2,0.05,Standard,Upi,4627.49,45,2062.17,Delivered
505979,2024-04-29,13800,20018,1,0.05,Express,Debit Card,2374.46,90,1127.24,Delivered
505980,2024-02-17,13764,20191,3,0.15,Standard,Upi,2632.26,45,406.86,Delivered
505981,2024-03-08,10429,20185,1,0.0,Standard,Debit Card,2577.26,45,1046.62,Delivered
505982,2024-12-04,13484,20217,5,0.05,Standard,Credit Card,2518.92,45,1249.27,Delivered
505983,2024-03-25,11716,20088,2,0.05,Standard,Net Banking,1259.51,45,523.77,Delivered
505984,2025-01-11,12613,20095,1,0.05,Standard,Upi,1096.51,45,171.19,Delivered
505985,2025-01-19,10901,20274,3,0.1,Express,Upi,2957.96,90,715.19,Delivered
505986,2024-10-02,12603,20061,1,0.15,Standard,Upi,1626.88,45,670.95,Delivered
505987,2024-07-23,13399,20082,2,0.1,Express,Debit Card,3682.46,90,406.7,Delivered
505988,2024-03-05,14824,20078,1,0.05,Standard,Debit Card,1232.28,45,297.34,Delivered
505989,2024-03-19,14956,20196,2,0.1,Express,Upi,1938.76,90,377.36,Delivered
505990,2025-06-09,14029,20040,2,0.1,Standard,Credit Card,1762.72,45,598.28,Delivered
505991,2024-11-20,12412,20024,3,0.2,Express,Credit Card,5488.66,115,545.97,Delivered
505992,2025-01-12,12760,20160,1,0.1,Standard,Net Banking,539.35,45,143.27,Delivered
505993,2025-11-11,14245,20266,2,0.0,Standard,Debit Card,1206.26,45,415.26,Delivered
505994,2025-11-01,13133,20137,1,0.3,Standard,Credit Card,224.5,45,21.22,Delivered
505995,2025-09-19,12842,20039,1,0.05,Standard,Debit Card,2915.28,45,807.9,Cancelled
505996,2024-12-11,11141,20108,2,0.1,Standard,Debit Card,4187.99,45,934.13,Delivered
505997,2025-12-04,11548,20227,3,0.1,Standard,Credit Card,6665.33,70,1236.07,Delivered
505998,2025-03-10,14826,20069,2,0.15,Standard,Credit Card,3414.09,45,1526.37,Delivered
505999,2025-11-25,14554,20263,2,0.05,Express,Debit Card,6950.28,115,1724.48,Cancelled
506000,2025-01-12,12533,20279,1,0.1,Express,Net Banking,1432.33,90,579.66,Delivered
506001,2025-11-10,14143,20017,2,0.1,Standard,Credit Card,2199.96,45,966.58,Cancelled
506002,2024-01-15,14922,20227,5,0.15,Standard,Cash On Delivery,10491.72,70,1489.62,Delivered
506003,2025-03-29,14077,20192,2,0.1,Standard,Net Banking,2399.04,45,492.96,Delivered
506004,2024-07-11,13119,20028,3,0.05,Standard,Credit Card,21151.05,70,4041.65,Delivered
506005,2024-08-20,14929,20215,1,0.15,Standard,Upi,481.79,45,166.79,Delivered
506006,2024-09-19,12446,20018,3,0.1,Standard,Cash On Delivery,6748.46,70,3206.8,Delivered
506007,2025-03-21,14437,20110,3,0.05,Standard,Credit Card,1631.11,45,385.39,Delivered
506008,2024-02-23,12571,20121,2,0.1,Express,Credit Card,1961.8,90,885.38,Delivered
506009,2025-11-22,12100,20300,2,0.1,Same Day,Net Banking,1566.2,140,411.88,Delivered
506010,2024-01-04,11688,20064,1,0.1,Same Day,Upi,1874.6,140,685.25,Delivered
506011,2024-09-13,12329,20037,3,0.2,Express,Upi,4084.9,90,868.6,Delivered
506012,2024-12-26,11557,20003,1,0.2,Standard,Debit Card,409.79,45,22.05,Delivered
506013,2024-08-27,11558,20270,1,0.0,Standard,Upi,869.44,45,214.35,Delivered
506014,2025-04-26,12433,20135,2,0.1,Standard,Debit Card,5133.49,70,1901.53,Delivered
506015,2025-11-05,12333,20083,1,0.0,Express,Credit Card,979.07,90,397.99,Delivered
506016,2025-04-05,10305,20207,1,0.0,Standard,Upi,745.47,45,301.61,Delivered
506017,2024-05-17,11744,20167,1,0.05,Standard,Cash On Delivery,1076.41,45,202.67,Delivered
506018,2025-03-26,10793,20133,1,0.25,Standard,Credit Card,1083.88,45,283.4,Delivered
506019,2024-11-19,10407,20079,2,0.25,Express,Upi,3235.2,90,-83.7,Delivered
506020,2025-04-17,14428,20109,1,0.15,Express,Cash On Delivery,823.57,90,265.89,Delivered
506021,2025-09-05,10466,20026,2,0.05,Standard,Upi,4130.28,45,1445.24,Delivered
506022,2025-04-21,12038,20167,1,0.05,Standard,Upi,1076.41,45,202.67,Delivered
506023,2024-07-11,14795,20173,4,0.05,Express,Credit Card,2824.08,90,628.16,Delivered
506024,2024-11-02,11590,20031,3,0.0,Express,Net Banking,2541.45,90,1281.57,Delivered
506025,2025-06-25,12821,20151,1,0.1,Standard,Upi,3822.89,45,1405.93,Delivered
506026,2024-08-08,14430,20040,4,0.15,Same Day,Net Banking,3329.59,140,950.71,Delivered
506027,2024-06-20,14833,20288,3,0.15,Standard,Upi,2728.78,45,1191.49,Delivered
506028,2024-06-08,11429,20260,1,0.15,Same Day,Debit Card,1052.33,140,24.22,Delivered
506029,2024-06-20,13354,20081,1,0.1,Standard,Credit Card,613.73,45,203.0,Delivered
506030,2024-03-03,11054,20174,3,0.1,Express,Upi,4815.61,90,1947.73,Delivered
506031,2025-07-26,10440,20075,2,0.25,Standard,Credit Card,5108.85,70,1946.37,Delivered
506032,2024-03-05,14354,20042,1,0.1,Express,Upi,7219.84,115,2273.77,Delivered
506033,2024-06-17,10783,20097,4,0.2,Standard,Upi,1588.35,45,282.19,Delivered
506034,2024-03-21,14287,20167,3,0.05,Standard,Net Banking,3229.22,45,698.0,Delivered
506035,2024-09-24,10367,20198,1,0.2,Standard,Net Banking,1589.14,45,403.75,Delivered
506036,2025-01-14,10234,20103,1,0.15,Standard,Credit Card,822.74,45,235.03,Delivered
506037,2024-03-13,14279,20047,1,0.0,Express,Net Banking,505.0,90,141.42,Delivered
506038,2024-11-27,12432,20166,1,0.05,Standard,Debit Card,617.06,45,253.11,Delivered
506039,2024-07-06,14489,20018,1,0.05,Standard,Upi,2374.46,45,1172.24,Delivered
506040,2024-01-25,11684,20002,1,0.1,Express,Net Banking,2083.6,90,343.46,Delivered
506041,2024-08-15,11752,20105,1,0.1,Express,Upi,5305.56,115,873.25,Delivered
506042,2024-04-27,10839,20102,1,0.1,Standard,Credit Card,4532.77,45,814.26,Delivered
506043,2025-03-20,12704,20182,4,0.1,Standard,Credit Card,4030.85,45,1155.21,Delivered
506044,2024-04-17,10227,20209,3,0.2,Standard,Credit Card,2815.78,45,864.04,Delivered
506045,2024-08-29,14206,20216,2,0.0,Standard,Debit Card,12512.34,70,5545.12,Delivered
506046,2025-09-02,14652,20260,2,0.2,Standard,Upi,1980.86,45,159.64,Delivered
506047,2025-06-17,10206,20007,1,0.25,Standard,Debit Card,5553.34,70,683.11,Delivered
506048,2025-04-25,11095,20207,2,0.05,Express,Credit Card,1416.39,90,528.67,Delivered
506049,2025-05-17,10292,20057,2,0.1,Express,Upi,2943.29,90,406.65,Delivered
506050,2025-05-12,10185,20030,5,0.15,Standard,Net Banking,2212.51,45,329.56,Cancelled
506051,2024-02-25,10187,20251,2,0.3,Express,Credit Card,1024.67,90,230.69,Delivered
506052,2024-05-28,14987,20221,2,0.2,Standard,Net Banking,2639.33,45,784.41,Delivered
506053,2024-11-06,14495,20241,1,0.15,Express,Upi,182.29,90,-14.95,Delivered
506054,2025-07-05,12730,20172,1,0.25,Standard,Net Banking,880.59,45,-45.96,Cancelled
506055,2025-10-23,10314,20245,1,0.3,Express,Upi,582.98,90,-97.47,Delivered
506056,2024-04-30,12677,20205,3,0.2,Standard,Cash On Delivery,32539.97,70,2097.49,Delivered
506057,2024-01-26,12035,20231,1,0.05,Express,Debit Card,526.28,90,176.63,Delivered
506058,2024-04-21,13958,20036,1,0.15,Standard,Debit Card,1986.53,45,715.32,Delivered
506059,2025-05-25,14096,20099,5,0.1,Standard,Credit Card,10438.61,70,2646.61,Delivered
506060,2024-01-23,10261,20258,4,0.2,Express,Debit Card,2154.75,90,678.83,Delivered
506061,2025-11-11,10927,20142,2,0.0,Express,Cash On Delivery,1336.46,90,387.18,Delivered
506062,2024-09-20,14488,20208,2,0.2,Express,Upi,4405.28,90,346.64,Delivered
506063,2024-04-25,12187,20113,1,0.05,Standard,Credit Card,401.62,45,127.83,Cancelled
506064,2025-04-24,12109,20100,2,0.15,Standard,Upi,2101.2,45,162.42,Delivered
506065,2024-11-02,12356,20104,1,0.05,Standard,Debit Card,927.14,45,181.94,Delivered
506066,2024-08-18,12072,20240,3,0.0,Standard,Credit Card,3143.52,45,1218.12,Delivered
506067,2025-12-01,10567,20241,1,0.15,Express,Net Banking,182.29,90,-14.95,Delivered
506068,2025-05-06,12139,20291,2,0.1,Express,Upi,1526.62,90,162.2,Delivered
506069,2024-04-29,13400,20149,1,0.2,Standard,Upi,282.31,45,-33.92,Delivered
506070,2024-10-12,14478,20220,2,0.25,Same Day,Upi,6928.14,165,908.22,Delivered
506071,2025-02-10,13147,20082,1,0.1,Same Day,Upi,1841.23,140,108.35,Delivered
506072,2024-12-23,13323,20288,4,0.15,Standard,Debit Card,3638.37,45,1603.65,Delivered
506073,2024-05-31,10612,20151,2,0.05,Standard,Credit Card,8070.55,70,3256.63,Delivered
506074,2025-08-20,10652,20134,1,0.05,Standard,Credit Card,1066.38,45,264.49,Delivered
506075,2024-11-20,14881,20285,2,0.2,Same Day,Credit Card,1011.52,140,120.06,Delivered
506076,2024-09-02,12097,20225,2,0.05,Standard,Upi,21337.08,70,6347.06,Delivered
506077,2024-11-10,12053,20125,3,0.1,Standard,Cash On Delivery,2330.32,45,942.22,Delivered
506078,2024-06-10,11603,20096,2,0.1,Standard,Upi,2943.16,45,878.26,Delivered
506079,2025-09-03,14899,20240,2,0.1,Same Day,Debit Card,1886.11,140,492.51,Delivered
506080,2025-01-03,14490,20085,2,0.15,Standard,Credit Card,4326.09,45,773.01,Delivered
506081,2024-07-03,11415,20084,2,0.1,Standard,Credit Card,2865.02,45,630.48,Delivered
506082,2024-10-02,10369,20272,1,0.1,Standard,Debit Card,1248.37,45,206.19,Delivered
506083,2025-06-12,13479,20006,1,0.15,Standard,Cash On Delivery,491.09,45,135.91,Delivered
506084,2025-03-11,12957,20007,1,0.15,Standard,Upi,6293.79,70,1423.56,Delivered
506085,2024-09-16,11741,20014,1,0.2,Express,Debit Card,6862.1,115,2654.79,Delivered
506086,2024-09-01,13517,20003,1,0.15,Standard,Upi,435.4,45,47.66,Delivered
506087,2024-12-03,10461,20225,3,0.0,Standard,Net Banking,33690.12,70,11240.09,Delivered
506088,2024-02-19,10777,20292,3,0.05,Standard,Net Banking,939.84,45,166.26,Delivered
506089,2024-09-28,10393,20285,1,0.05,Standard,Credit Card,600.59,45,179.86,Delivered
506090,2024-08-22,11852,20168,1,0.2,Same Day,Credit Card,1771.78,140,25.75,Delivered
506091,2025-08-06,10779,20132,1,0.1,Standard,Upi,450.63,45,178.04,Delivered
506092,2025-07-09,13432,20121,1,0.1,Express,Net Banking,980.9,90,397.69,Delivered
506093,2024-11-01,11971,20236,1,0.15,Standard,Cash On Delivery,2990.32,45,1193.53,Delivered
506094,2025-04-21,13255,20023,3,0.0,Standard,Debit Card,1394.49,45,301.74,Delivered
506095,2025-05-02,13455,20102,1,0.15,Express,Upi,4280.95,90,517.44,Delivered
506096,2024-03-20,11771,20132,1,0.1,Same Day,Upi,450.63,140,83.04,Delivered
506097,2024-10-12,13253,20274,2,0.1,Standard,Net Banking,1971.97,45,491.79,Delivered
506098,2025-07-14,13612,20001,3,0.15,Standard,Upi,3860.22,45,1025.28,Delivered
506099,2024-04-07,12613,20032,2,0.0,Standard,Upi,916.2,45,228.76,Delivered
506100,2025-04-22,11846,20149,2,0.0,Express,Debit Card,705.78,90,73.32,Delivered
506101,2025-02-09,14191,20166,1,0.1,Standard,Credit Card,584.59,45,220.64,Delivered
506102,2025-06-20,13893,20297,3,0.0,Standard,Upi,933.06,45,190.32,Delivered
506103,2025-12-26,11774,20177,1,0.1,Standard,Net Banking,957.26,45,119.86,Delivered
506104,2025-07-21,11644,20093,3,0.15,Standard,Upi,1814.63,45,536.57,Delivered
506105,2024-09-11,10134,20117,1,0.15,Express,Upi,323.47,90,11.49,Delivered
506106,2025-10-29,11053,20096,1,0.05,Standard,Net Banking,1553.34,45,498.39,Delivered
506107,2025-05-01,14588,20059,1,0.15,Express,Debit Card,5003.36,115,648.67,Delivered
506108,2025-11-03,13773,20141,5,0.0,Express,Credit Card,6134.1,115,1757.85,Delivered
506109,2024-07-12,11421,20051,1,0.25,Standard,Credit Card,1100.07,45,375.06,Delivered
506110,2025-05-30,14226,20255,2,0.05,Standard,Credit Card,1561.82,45,595.74,Delivered
506111,2025-04-08,12096,20091,1,0.1,Express,Credit Card,4953.55,90,1185.18,Delivered
506112,2025-05-18,13841,20177,2,0.0,Standard,Upi,2127.24,45,497.44,Delivered
506113,2024-02-05,10827,20103,2,0.1,Standard,Cash On Delivery,1742.27,45,611.85,Delivered
506114,2024-01-16,13488,20142,2,0.25,Same Day,Upi,1002.34,140,3.06,Delivered
506115,2025-10-10,14696,20030,5,0.05,Standard,Upi,2472.8,45,589.85,Delivered
506116,2025-08-12,10770,20142,2,0.2,Standard,Upi,1069.17,45,164.89,Delivered
506117,2024-03-13,13971,20203,2,0.1,Express,Debit Card,3317.87,90,977.43,Delivered
506118,2024-11-15,12886,20223,1,0.0,Standard,Net Banking,1309.35,45,530.5,Delivered
506119,2024-09-01,12145,20003,1,0.15,Express,Debit Card,435.4,90,2.66,Delivered
506120,2024-07-13,14899,20039,1,0.1,Standard,Credit Card,2761.85,45,654.47,Delivered
506121,2024-03-29,14631,20275,2,0.1,Express,Credit Card,5207.11,115,2015.61,Delivered
506122,2024-05-18,12484,20098,1,0.15,Standard,Upi,310.73,45,-13.29,Delivered
506123,2025-07-16,14729,20128,1,0.2,Standard,Upi,1205.91,45,400.89,Delivered
506124,2025-10-20,13932,20167,3,0.1,Standard,Upi,3059.26,45,528.04,Delivered
506125,2025-01-31,13930,20266,1,0.15,Standard,Debit Card,512.66,45,94.66,Delivered
506126,2025-04-28,11655,20151,2,0.05,Express,Credit Card,8070.55,115,3211.63,Delivered
506127,2025-01-21,12823,20248,4,0.0,Express,Unknown,2012.12,90,531.96,Delivered
506128,2025-01-02,14225,20059,2,0.0,Standard,Debit Card,11772.62,70,3223.24,Delivered
506129,2025-04-02,14043,20218,1,0.0,Standard,Cash On Delivery,618.0,45,192.84,Cancelled
506130,2025-02-25,14816,20083,2,0.1,Standard,Credit Card,1762.33,45,735.17,Delivered
506131,2024-08-19,11512,20102,3,0.1,Same Day,Upi,13598.31,165,2412.78,Delivered
506132,2025-06-22,13474,20148,1,0.15,Standard,Upi,11519.28,70,3146.02,Delivered
506133,2024-12-09,14344,20244,3,0.0,Standard,Upi,1281.0,45,506.64,Delivered
506134,2025-12-20,13639,20300,1,0.15,Standard,Upi,739.59,45,187.43,Delivered
506135,2024-05-17,11722,20274,4,0.1,Standard,Debit Card,3943.94,45,1028.58,Delivered
506136,2025-01-08,14176,20048,1,0.1,Standard,Credit Card,569.65,45,202.15,Delivered
506137,2025-03-12,14467,20250,1,0.05,Standard,Net Banking,2620.65,45,1122.8,Delivered
506138,2024-06-03,12683,20217,4,0.15,Standard,Upi,1803.02,45,778.3,Delivered
506139,2025-06-02,12935,20235,1,0.2,Express,Cash On Delivery,4104.34,90,1103.66,Delivered
506140,2024-04-24,13633,20001,2,0.0,Express,Upi,3027.62,90,1077.66,Delivered
506141,2024-04-01,12909,20097,2,0.1,Express,Cash On Delivery,893.45,90,172.87,Delivered
506142,2024-12-11,13278,20263,1,0.1,Standard,Upi,3292.24,45,691.84,Delivered
506143,2025-08-16,13940,20090,2,0.2,Express,Upi,1658.99,90,508.35,Delivered
506144,2025-06-08,12945,20199,2,0.2,Standard,Debit Card,1227.97,45,260.67,Delivered
506145,2025-08-06,12498,20100,4,0.1,Standard,Credit Card,4449.6,45,617.04,Delivered
506146,2024-03-31,11126,20152,1,0.05,Same Day,Cash On Delivery,280.89,140,-1.48,Delivered
506147,2025-11-30,11445,20069,3,0.1,Standard,Upi,5422.38,70,2588.3,Delivered
506148,2025-02-01,11094,20214,2,0.1,Standard,Debit Card,3185.39,45,1444.17,Delivered
506149,2024-04-14,11530,20108,2,0.2,Standard,Credit Card,3722.66,45,468.8,Delivered
506150,2025-08-18,13240,20164,2,0.05,Standard,Net Banking,1448.45,45,319.35,Delivered
506151,2025-06-23,12862,20248,2,0.2,Standard,Upi,804.85,45,64.77,Delivered
506152,2024-10-05,10013,20198,4,0.1,Standard,Cash On Delivery,7151.15,70,2519.59,Delivered
506153,2024-01-12,13289,20279,1,0.0,Standard,Upi,1591.48,45,783.81,Delivered
506154,2024-11-02,10320,20012,1,0.05,Express,Net Banking,5839.93,115,1690.43,Delivered
506155,2024-12-29,14388,20156,3,0.05,Express,Cash On Delivery,5494.83,115,1623.05,Delivered
506156,2025-10-23,14869,20186,1,0.1,Standard,Upi,2203.95,45,798.15,Cancelled
506157,2024-11-13,13502,20236,1,0.2,Express,Credit Card,2814.42,90,972.63,Delivered
506158,2025-06-21,12450,20224,2,0.1,Standard,Net Banking,631.13,45,225.39,Delivered
506159,2024-08-01,14254,20034,1,0.1,Standard,Credit Card,952.36,45,295.25,Delivered
506160,2024-11-09,12132,20101,2,0.15,Standard,Upi,3265.09,45,1356.69,Delivered
506161,2025-03-30,12869,20254,3,0.15,Standard,Upi,1155.35,45,422.57,Delivered
506162,2025-02-02,12391,20274,1,0.0,Express,Debit Card,1095.54,90,287.95,Delivered
506163,2024-08-09,10970,20163,1,0.0,Express,Upi,2876.84,90,660.01,Delivered
506164,2025-08-02,10646,20037,1,0.0,Standard,Upi,1702.04,45,614.94,Delivered
506165,2024-09-18,13252,20297,2,0.05,Standard,Upi,590.94,45,80.78,Delivered
506166,2025-05-10,14255,20211,1,0.1,Standard,Debit Card,637.45,45,81.71,Delivered
506167,2025-09-14,10194,20086,1,0.25,Standard,Net Banking,243.68,45,-20.76,Delivered
506168,2024-05-09,10486,20091,4,0.15,Express,Net Banking,18713.4,115,3884.92,Delivered
506169,2024-06-07,14856,20251,2,0.15,Standard,Debit Card,1244.25,45,495.27,Delivered
506170,2024-10-17,13637,20208,1,0.0,Standard,Upi,2753.3,45,723.98,Delivered
506171,2025-06-26,12576,20295,2,0.0,Express,Upi,4755.0,90,1205.72,Delivered
506172,2024-03-29,14425,20260,2,0.05,Standard,Debit Card,2352.28,45,531.06,Delivered
506173,2024-11-27,13189,20113,2,0.1,Express,Net Banking,760.97,90,213.39,Delivered
506174,2025-09-21,12842,20275,1,0.15,Standard,Debit Card,2458.91,45,875.66,Delivered
506175,2025-05-20,10091,20092,1,0.2,Express,Net Banking,2772.58,90,559.7,Delivered
506176,2024-05-09,13678,20273,1,0.05,Standard,Debit Card,1359.43,45,634.81,Delivered
506177,2024-07-25,14173,20173,2,0.15,Standard,Net Banking,1263.41,45,165.45,Delivered
506178,2024-12-25,12675,20130,4,0.1,Express,Credit Card,2138.47,90,926.79,Delivered
506179,2024-02-28,11321,20088,3,0.1,Standard,Upi,1789.83,45,708.72,Cancelled
506180,2024-04-05,13536,20246,1,0.1,Standard,Upi,322.65,45,87.94,Delivered
506181,2024-09-02,12370,20055,1,0.0,Express,Credit Card,2818.6,90,547.2,Delivered
506182,2025-04-03,10718,20004,2,0.2,Standard,Upi,546.18,45,29.54,Delivered
506183,2024-05-24,12594,20029,1,0.15,Standard,Debit Card,1894.01,45,843.27,Delivered
506184,2024-11-05,11658,20189,2,0.15,Express,Upi,2141.68,90,326.9,Delivered
506185,2025-09-28,13378,20046,1,0.1,Standard,Credit Card,3800.72,45,624.89,Delivered
506186,2025-06-17,14038,20097,2,0.3,Standard,Debit Card,694.9,45,19.32,Delivered
506187,2025-01-15,14825,20049,1,0.0,Standard,Upi,766.69,45,184.27,Delivered
506188,2024-12-18,13882,20120,1,0.05,Express,Credit Card,2316.94,90,414.23,Delivered
506189,2024-10-11,11665,20146,3,0.05,Same Day,Credit Card,2540.89,140,400.37,Delivered
506190,2025-12-19,12100,20249,1,0.05,Express,Debit Card,1790.24,90,249.85,Delivered
506191,2025-05-16,12773,20074,4,0.1,Express,Net Banking,3570.59,90,871.95,Delivered
506192,2024-09-14,10650,20273,1,0.15,Express,Credit Card,1216.33,90,446.71,Delivered
506193,2024-02-21,12707,20107,2,0.0,Standard,Cash On Delivery,1164.74,45,438.46,Delivered
506194,2025-07-03,12474,20184,1,0.1,Standard,Upi,737.05,45,132.77,Delivered
506195,2025-10-26,14588,20071,2,0.15,Express,Cash On Delivery,3474.73,90,909.75,Delivered
506196,2024-08-03,14862,20020,1,0.25,Standard,Credit Card,265.84,45,6.74,Delivered
506197,2025-03-21,14616,20157,1,0.05,Standard,Net Banking,1880.73,45,687.82,Delivered
506198,2024-08-10,13261,20225,2,0.2,Standard,Net Banking,17968.06,70,2978.04,Delivered
506199,2025-10-16,12113,20178,1,0.2,Express,Credit Card,414.6,90,65.88,Delivered
506200,2024-04-14,11483,20118,1,0.05,Standard,Debit Card,1146.29,45,364.38,Delivered
506201,2025-06-05,10676,20159,3,0.15,Same Day,Upi,19699.54,165,3276.49,Delivered
506202,2025-01-17,10476,20013,1,0.15,Express,Credit Card,215.83,90,-67.62,Delivered
506203,2024-04-23,11562,20056,4,0.25,Standard,Credit Card,14068.89,70,3750.81,Delivered
506204,2024-03-09,10473,20240,1,0.05,Standard,Upi,995.45,45,323.65,Delivered
506205,2024-12-30,12136,20275,2,0.0,Standard,Upi,5785.68,70,2639.18,Delivered
506206,2024-02-13,14254,20156,1,0.1,Express,Upi,1735.21,90,392.95,Delivered
506207,2025-11-11,10487,20080,2,0.05,Standard,Debit Card,5404.4,70,2499.4,Delivered
506208,2024-07-29,10282,20114,1,0.05,Express,Credit Card,393.31,90,38.37,Cancelled
506209,2024-10-02,10216,20033,3,0.25,Standard,Net Banking,2451.24,45,-76.11,Delivered
506210,2024-04-16,14729,20114,2,0.15,Express,Debit Card,703.82,90,83.94,Delivered
506211,2025-04-23,12627,20063,3,0.15,Express,Credit Card,672.41,90,-6.46,Delivered
506212,2025-11-09,10901,20026,2,0.25,Standard,Debit Card,3260.74,45,575.7,Delivered
506213,2024-07-23,14112,20087,3,0.0,Standard,Net Banking,1357.29,45,599.64,Delivered
506214,2024-04-28,10144,20257,3,0.1,Standard,Net Banking,933.2,45,112.37,Delivered
506215,2025-04-30,13370,20093,1,0.1,Express,Credit Card,640.46,90,139.44,Delivered
506216,2024-04-18,13934,20200,2,0.05,Express,Debit Card,3303.51,90,536.53,Delivered
506217,2025-03-29,12141,20205,1,0.1,Express,Credit Card,12202.49,115,1963.33,Delivered
506218,2024-08-26,12536,20084,1,0.2,Express,Net Banking,1273.34,90,88.57,Delivered
506219,2024-01-08,11414,20107,1,0.1,Standard,Upi,524.13,45,138.49,Cancelled
506220,2025-05-26,11044,20247,1,0.05,Standard,Upi,2035.8,45,537.18,Delivered
506221,2024-02-12,12584,20005,5,0.1,Standard,Net Banking,1898.78,45,690.38,Delivered
506222,2025-01-28,13675,20268,5,0.05,Express,Credit Card,16782.51,115,6512.76,Delivered
506223,2024-05-11,13613,20014,1,0.05,Same Day,Net Banking,8148.74,165,3891.43,Delivered
506224,2025-12-18,14761,20218,3,0.1,Express,Debit Card,1668.6,90,438.12,Delivered
506225,2025-01-28,13292,20234,3,0.0,Standard,Debit Card,24453.15,70,11499.41,Delivered
506226,2025-07-11,12922,20045,4,0.1,Standard,Upi,3179.41,45,719.61,Delivered
506227,2024-07-16,10173,20160,1,0.15,Standard,Upi,509.39,45,113.31,Delivered
506228,2025-04-08,13022,20158,4,0.1,Standard,Credit Card,4325.4,45,1086.36,Delivered
506229,2024-04-30,13467,20268,2,0.1,Standard,Upi,6359.69,70,2227.79,Delivered
506230,2024-10-26,11947,20100,2,0.05,Standard,Debit Card,2348.4,45,409.62,Delivered
506231,2024-08-07,14922,20083,1,0.05,Express,Debit Card,930.12,90,349.04,Delivered
506232,2024-04-03,14611,20044,1,0.05,Standard,Net Banking,2131.76,45,971.88,Cancelled
506233,2024-10-18,11895,20153,2,0.1,Standard,Upi,3372.89,45,968.97,Delivered
506234,2024-06-01,13977,20170,3,0.2,Express,Upi,3495.1,90,596.74,Delivered
506235,2025-06-08,13503,20021,1,0.2,Standard,Upi,9904.48,70,1936.69,Delivered
506236,2025-12-19,10409,20250,1,0.2,Express,Credit Card,2206.86,90,664.01,Cancelled
506237,2025-02-25,13550,20189,1,0.05,Standard,Upi,1196.82,45,289.43,Delivered
506238,2024-06-06,14670,20021,1,0.1,Standard,Credit Card,11142.54,70,3174.75,Delivered
506239,2024-09-26,14023,20282,1,0.1,Standard,Credit Card,648.68,45,200.13,Delivered
506240,2025-08-02,10578,20160,3,0.1,Standard,Net Banking,1618.06,45,519.82,Delivered
506241,2024-09-13,13608,20219,1,0.1,Express,Upi,3087.26,90,1006.74,Delivered
506242,2025-12-01,13129,20017,1,0.1,Standard,Cash On Delivery,1099.98,45,460.79,Delivered
506243,2025-05-29,11721,20004,1,0.0,Express,Credit Card,341.36,90,15.54,Delivered
506244,2024-08-24,10295,20039,2,0.05,Same Day,Cash On Delivery,5830.57,165,1540.81,Delivered
506245,2025-03-20,14070,20271,1,0.1,Standard,Net Banking,4890.89,45,1372.59,Delivered
506246,2025-10-05,14413,20289,2,0.05,Standard,Upi,3324.03,45,1293.51,Delivered
506247,2024-06-19,14237,20189,1,0.2,Standard,Net Banking,1007.85,45,100.46,Delivered
506248,2024-09-26,12316,20142,1,0.2,Standard,Net Banking,534.58,45,59.94,Delivered
506249,2025-08-23,14235,20130,1,0.15,Standard,Cash On Delivery,504.92,45,179.5,Delivered
506250,2025-09-06,12979,20176,2,0.25,Standard,Upi,383.52,45,91.34,Delivered
506251,2025-09-28,11084,20194,1,0.0,Standard,Net Banking,5202.84,70,1078.5,Delivered
506252,2024-03-07,12609,20274,1,0.1,Standard,Upi,985.99,45,223.4,Delivered
506253,2024-01-08,10560,20179,1,0.3,Same Day,Net Banking,485.89,140,-118.19,Delivered
506254,2025-07-09,11085,20240,1,0.15,Express,Credit Card,890.66,90,173.86,Cancelled
506255,2025-03-23,11750,20132,1,0.25,Same Day,Cash On Delivery,375.52,140,7.93,Delivered
506256,2024-05-14,11453,20081,4,0.05,Express,Upi,2591.3,90,1038.38,Delivered
506257,2024-01-25,11656,20161,3,0.1,Same Day,Credit Card,7067.38,165,2134.54,Delivered
506258,2025-04-09,13788,20181,2,0.05,Standard,Upi,3661.22,45,893.9,Delivered
506259,2025-01-08,10040,20269,2,0.2,Express,Cash On Delivery,717.52,90,211.5,Delivered
506260,2024-07-14,10586,20058,1,0.15,Standard,Debit Card,1383.92,45,510.5,Delivered
506261,2025-12-04,11995,20191,2,0.15,Standard,Credit Card,1754.84,45,256.24,Delivered
506262,2025-02-05,14299,20042,1,0.15,Express,Credit Card,6818.73,115,1872.66,Delivered
506263,2024-05-01,11126,20095,1,0.2,Standard,Cash On Delivery,923.38,45,-1.94,Cancelled
506264,2025-07-12,10451,20089,4,0.1,Standard,Credit Card,2238.8,45,527.4,Delivered
506265,2024-07-27,14134,20109,1,0.2,Express,Upi,775.13,90,217.45,Delivered
506266,2024-10-27,10476,20233,2,0.0,Standard,Cash On Delivery,5299.04,70,1423.56,Delivered
506267,2025-08-23,11107,20296,1,0.2,Standard,Cash On Delivery,326.83,45,-7.16,Delivered
506268,2025-05-29,13428,20102,2,0.0,Express,Debit Card,10072.82,115,2610.8,Delivered
506269,2025-10-18,13587,20021,3,0.1,Same Day,Credit Card,33427.62,165,9569.25,Delivered
506270,2025-06-17,14911,20083,3,0.1,Standard,Net Banking,2643.49,45,1125.25,Delivered
506271,2024-02-08,14635,20161,2,0.1,Same Day,Cash On Delivery,4711.59,140,1393.03,Delivered
506272,2025-09-10,12257,20198,3,0.2,Express,Cash On Delivery,4767.43,90,1256.26,Delivered
506273,2025-09-03,13986,20042,1,0.2,Standard,Debit Card,6417.63,70,1516.56,Delivered
506274,2024-07-24,12132,20037,1,0.2,Standard,Upi,1361.63,45,274.53,Delivered
506275,2025-08-05,14680,20200,1,0.3,Express,Debit Card,1217.08,90,-211.41,Delivered
506276,2025-11-11,14154,20154,3,0.05,Standard,Upi,1981.78,45,405.73,Delivered
506277,2025-11-27,12935,20039,2,0.15,Same Day,Debit Card,5216.82,165,927.06,Delivered
506278,2025-02-15,11950,20047,1,0.0,Standard,Upi,505.0,45,186.42,Delivered
506279,2024-11-28,12444,20110,1,0.05,Standard,Upi,543.7,45,98.46,Delivered
506280,2024-07-26,13134,20186,4,0.1,Standard,Cash On Delivery,8815.79,70,3302.59,Delivered
506281,2025-02-08,13518,20185,1,0.05,Standard,Debit Card,2448.4,45,917.76,Delivered
506282,2025-01-22,11184,20216,1,0.3,Express,Debit Card,4379.32,90,840.71,Delivered
506283,2025-05-01,11862,20110,1,0.25,Standard,Upi,429.24,45,-16.0,Delivered
506284,2025-01-16,10207,20200,2,0.1,Standard,Debit Card,3129.64,45,407.66,Delivered
506285,2024-09-27,12207,20173,3,0.1,Express,Net Banking,2006.59,90,337.15,Delivered
506286,2025-03-12,14742,20004,1,0.1,Standard,Cash On Delivery,307.22,45,26.4,Delivered
506287,2025-03-05,12437,20061,1,0.1,Standard,Debit Card,1722.58,45,766.65,Delivered
506288,2025-10-08,12562,20171,3,0.05,Standard,Net Banking,16161.72,70,3350.69,Delivered
506289,2025-10-19,10829,20147,1,0.05,Express,Debit Card,978.02,90,164.38,Delivered
506290,2024-12-10,11047,20129,1,0.25,Standard,Credit Card,2705.26,45,753.66,Delivered
506291,2024-05-28,12205,20147,2,0.05,Standard,Upi,1956.05,45,463.77,Delivered
506292,2025-09-19,13521,20051,2,0.1,Express,Cash On Delivery,2640.17,90,1190.15,Delivered
506293,2025-01-26,12881,20064,1,0.15,Standard,Cash On Delivery,1770.46,45,676.11,Delivered
506294,2024-07-05,13466,20063,2,0.3,Standard,Upi,369.17,45,-68.41,Delivered
506295,2024-01-20,10266,20285,2,0.15,Standard,Cash On Delivery,1074.74,45,278.28,Delivered
506296,2024-12-03,12168,20043,1,0.1,Standard,Credit Card,475.82,45,98.25,Delivered
506297,2025-01-07,10341,20070,5,0.1,Express,Upi,9251.59,115,3904.54,Delivered
506298,2024-03-07,13392,20256,4,0.15,Standard,Net Banking,4335.07,45,1298.27,Delivered
506299,2025-03-14,13378,20295,1,0.15,Standard,Debit Card,2020.88,45,246.24,Delivered
506300,2024-03-02,11591,20023,1,0.3,Same Day,Credit Card,325.38,140,-163.87,Delivered
506301,2025-04-30,11897,20257,1,0.1,Standard,Credit Card,311.07,45,7.46,Delivered
506302,2025-09-13,13957,20061,1,0.05,Express,Cash On Delivery,1818.28,90,817.35,Delivered
506303,2025-07-21,13601,20207,1,0.1,Standard,Credit Card,670.92,45,227.06,Delivered
506304,2024-03-25,13500,20281,1,0.05,Express,Credit Card,1320.86,90,497.34,Delivered
506305,2025-02-09,13402,20132,1,0.0,Standard,Credit Card,500.7,45,228.11,Delivered
506306,2025-01-29,11935,20001,1,0.25,Same Day,Cash On Delivery,1135.36,140,65.38,Delivered
506307,2025-09-10,10186,20040,2,0.0,Standard,Debit Card,1958.58,45,794.14,Delivered
506308,2025-06-07,14662,20277,1,0.1,Standard,Cash On Delivery,5726.76,70,2562.59,Delivered
506309,2024-06-24,13879,20247,2,0.1,Standard,Debit Card,3857.31,45,905.07,Delivered
506310,2024-12-24,10843,20138,1,0.05,Standard,Net Banking,2263.93,45,693.98,Delivered
506311,2025-06-22,11333,20017,1,0.1,Standard,Credit Card,1099.98,45,460.79,Delivered
506312,2024-10-17,14016,20124,4,0.2,Express,Debit Card,5974.91,115,1207.83,Delivered
506313,2024-05-09,10048,20091,2,0.2,Express,Upi,8806.3,115,1334.56,Delivered
506314,2025-04-23,12674,20246,1,0.1,Express,Upi,322.65,90,42.94,Delivered
506315,2025-10-09,11392,20113,1,0.05,Standard,Upi,401.62,45,127.83,Delivered
506316,2025-06-15,13764,20126,1,0.1,Standard,Cash On Delivery,4407.53,45,1177.2,Delivered
506317,2024-09-20,13049,20266,1,0.05,Standard,Upi,572.97,45,154.97,Delivered
506318,2025-11-01,12155,20241,4,0.2,Standard,Credit Card,686.27,45,212.31,Delivered
506319,2025-05-17,13103,20138,3,0.1,Express,Cash On Delivery,6434.32,115,1744.47,Delivered
506320,2024-06-08,10191,20246,1,0.2,Express,Credit Card,286.8,90,7.09,Delivered
506321,2025-06-21,13930,20238,3,0.0,Standard,Net Banking,1906.41,45,515.7,Delivered
506322,2024-03-21,10521,20009,1,0.2,Standard,Upi,600.25,45,15.71,Cancelled
506323,2025-02-16,11645,20046,1,0.05,Standard,Credit Card,4011.87,45,836.04,Delivered
506324,2025-04-19,11590,20124,2,0.25,Express,Credit Card,2800.74,90,384.7,Delivered
506325,2024-01-18,10042,20068,1,0.0,Standard,Debit Card,527.55,45,120.86,Delivered
506326,2024-03-09,12912,20132,1,0.2,Express,Upi,400.56,90,82.97,Delivered
506327,2024-05-09,10476,20237,2,0.1,Standard,Debit Card,1165.82,45,454.48,Delivered
506328,2025-10-08,13952,20213,3,0.05,Standard,Upi,8834.34,70,2180.03,Delivered
506329,2025-12-30,11824,20059,2,0.1,Standard,Net Banking,10595.36,70,2045.98,Delivered
506330,2024-11-05,14944,20153,1,0.05,Standard,Credit Card,1780.14,45,555.68,Delivered
506331,2025-05-01,14978,20281,1,0.05,Standard,Upi,1320.86,45,542.34,Delivered
506332,2024-01-15,11514,20082,1,0.15,Standard,Upi,1738.94,45,101.06,Delivered
506333,2025-05-10,10550,20238,1,0.15,Standard,Net Banking,540.15,45,46.58,Delivered
506334,2024-07-04,13737,20049,1,0.0,Express,Cash On Delivery,766.69,90,139.27,Delivered
506335,2025-02-20,12550,20065,1,0.15,Standard,Upi,1837.37,45,302.06,Delivered
506336,2025-12-07,14632,20189,1,0.1,Express,Credit Card,1133.83,90,181.44,Delivered
506337,2025-12-03,13139,20009,2,0.1,Standard,Cash On Delivery,1350.56,45,226.48,Delivered
506338,2025-03-07,12784,20096,1,0.15,Express,Credit Card,1389.83,90,289.88,Delivered
506339,2024-03-06,13395,20085,2,0.1,Standard,Debit Card,4580.57,45,1027.49,Delivered
506340,2024-03-21,14010,20036,1,0.15,Standard,Credit Card,1986.53,45,715.32,Delivered
506341,2024-02-05,14960,20083,1,0.1,Standard,Net Banking,881.16,45,345.08,Delivered
506342,2024-01-17,11964,20163,1,0.0,Same Day,Cash On Delivery,2876.84,140,610.01,Delivered
506343,2025-05-28,12033,20214,1,0.1,Standard,Debit Card,1592.69,45,699.58,Delivered
506344,2024-02-02,11630,20221,2,0.2,Standard,Upi,2639.33,45,784.41,Delivered
506345,2024-12-14,13250,20119,1,0.0,Express,Upi,3247.17,90,1695.87,Cancelled
506346,2025-01-14,10461,20076,2,0.0,Standard,Upi,3486.48,45,1054.38,Delivered
506347,2025-05-22,13892,20069,2,0.25,Same Day,Debit Card,3012.44,140,1029.72,Delivered
506348,2025-10-07,11136,20094,5,0.2,Standard,Net Banking,10491.96,70,3220.86,Delivered
506349,2024-09-23,12514,20293,2,0.0,Express,Debit Card,4220.5,90,984.48,Delivered
506350,2025-05-31,10224,20254,2,0.25,Standard,Upi,679.62,45,176.1,Delivered
506351,2025-04-29,12446,20004,2,0.05,Standard,Upi,648.58,45,131.94,Delivered
506352,2024-12-12,10454,20056,4,0.1,Standard,Debit Card,16882.67,70,6564.59,Delivered
506353,2025-08-25,14459,20043,3,0.05,Standard,Debit Card,1506.77,45,464.06,Cancelled
506354,2025-10-25,12047,20277,2,0.05,Standard,Upi,12089.83,70,5831.49,Delivered
506355,2025-03-18,12723,20058,1,0.05,Standard,Credit Card,1546.73,45,673.31,Cancelled
506356,2025-01-12,14099,20250,1,0.15,Standard,Cash On Delivery,2344.79,45,846.94,Delivered
506357,2025-09-21,10831,20144,2,0.0,Express,Upi,375.24,90,53.4,Delivered
506358,2025-07-26,13876,20018,4,0.1,Standard,Upi,8997.95,70,4299.07,Delivered
506359,2024-12-23,10691,20166,5,0.1,Standard,Net Banking,2922.93,45,1283.18,Delivered
506360,2025-06-21,13175,20032,1,0.05,Standard,Debit Card,435.2,45,68.98,Delivered
506361,2025-09-12,12258,20112,2,0.05,Express,Credit Card,4797.97,90,911.15,Delivered
506362,2024-07-28,11442,20225,2,0.15,Standard,Debit Card,19091.07,70,4101.05,Delivered
506363,2024-02-11,14018,20275,1,0.2,Standard,Upi,2314.27,45,731.02,Delivered
506364,2024-01-13,12469,20074,1,0.1,Express,Debit Card,892.65,90,150.49,Delivered
506365,2025-08-23,12935,20154,1,0.15,Express,Credit Card,591.06,90,-9.29,Delivered
506366,2025-08-22,12316,20110,1,0.15,Standard,Cash On Delivery,486.47,45,41.23,Delivered
506367,2025-05-03,13926,20173,1,0.2,Express,Upi,594.54,90,-21.94,Delivered
506368,2024-07-05,12616,20271,1,0.15,Express,Cash On Delivery,4619.17,90,1055.87,Delivered
506369,2024-03-03,13677,20146,1,0.05,Express,Upi,846.96,90,90.12,Delivered
506370,2024-12-01,14752,20287,1,0.05,Standard,Upi,1850.17,45,379.08,Delivered
506371,2025-07-08,10011,20102,2,0.2,Standard,Upi,8058.26,70,641.24,Delivered
506372,2024-03-15,10243,20015,1,0.15,Standard,Debit Card,1161.86,45,452.43,Delivered
506373,2024-05-28,14179,20249,1,0.15,Standard,Credit Card,1601.79,45,106.4,Delivered
506374,2025-11-24,10977,20065,1,0.25,Standard,Net Banking,1621.21,45,85.9,Delivered
506375,2024-07-25,12798,20174,2,0.15,Standard,Credit Card,3032.05,45,1135.13,Delivered
506376,2025-11-23,12611,20030,2,0.15,Standard,Debit Card,885.0,45,104.82,Delivered
506377,2025-11-15,13141,20041,1,0.2,Express,Cash On Delivery,120.0,90,-53.49,Delivered
506378,2024-08-28,10081,20067,1,0.15,Standard,Credit Card,1402.58,45,204.53,Delivered
506379,2025-11-06,10910,20273,3,0.05,Standard,Credit Card,4078.29,45,1994.43,Delivered
506380,2025-07-28,10450,20026,3,0.1,Standard,Credit Card,5869.34,70,1839.28,Delivered
506381,2024-08-22,13071,20118,3,0.15,Standard,Credit Card,3076.88,45,821.15,Delivered
506382,2024-05-04,11007,20209,1,0.05,Standard,Upi,1114.58,45,434.0,Delivered
506383,2024-09-13,14079,20248,1,0.15,Standard,Upi,427.58,45,35.04,Delivered
506384,2024-04-01,13637,20095,3,0.15,Standard,Credit Card,2943.26,45,257.3,Delivered
506385,2025-12-07,10192,20095,4,0.05,Same Day,Net Banking,4386.04,140,724.76,Delivered
506386,2024-07-25,14004,20102,1,0.05,Standard,Net Banking,4784.59,45,1066.08,Delivered
506387,2025-02-20,13378,20214,2,0.3,Standard,Upi,2477.52,45,736.3,Delivered
506388,2024-10-14,13373,20131,1,0.1,Standard,Net Banking,168.04,45,34.94,Delivered
506389,2024-08-02,13012,20132,1,0.0,Express,Upi,500.7,90,183.11,Cancelled
506390,2025-11-28,13021,20102,2,0.05,Standard,Upi,9569.18,70,2152.16,Delivered
506391,2025-09-29,13410,20057,2,0.15,Standard,Credit Card,2779.77,45,288.13,Delivered
506392,2025-05-26,14776,20193,2,0.15,Standard,Upi,1112.19,45,194.63,Delivered
506393,2025-07-26,11321,20255,4,0.2,Standard,Upi,2630.43,45,743.27,Delivered
506394,2025-01-02,10327,20162,1,0.15,Standard,Debit Card,1369.45,45,237.58,Delivered
506395,2025-02-04,14609,20032,2,0.15,Express,Upi,778.77,90,46.33,Delivered
506396,2024-07-19,14683,20172,2,0.15,Standard,Credit Card,1996.0,45,187.9,Delivered
506397,2025-08-03,14944,20097,1,0.2,Standard,Upi,397.09,45,36.8,Delivered
506398,2024-10-11,12909,20139,2,0.15,Express,Credit Card,560.24,90,99.22,Delivered
506399,2024-03-03,13044,20292,3,0.0,Standard,Net Banking,989.31,45,215.73,Delivered
506400,2025-10-07,12191,20141,2,0.2,Same Day,Net Banking,1962.91,140,118.41,Delivered
506401,2024-12-26,12242,20153,3,0.3,Standard,Credit Card,3935.04,45,351.66,Delivered
506402,2024-07-05,13268,20198,1,0.0,Standard,Upi,1986.43,45,801.04,Delivered
506403,2025-04-27,13505,20132,1,0.1,Standard,Cash On Delivery,450.63,45,178.04,Delivered
506404,2025-01-05,11303,20026,1,0.0,Standard,Credit Card,2173.83,45,808.81,Delivered
506405,2024-01-21,11141,20269,2,0.25,Express,Upi,672.68,90,166.66,Delivered
506406,2024-11-03,13300,20072,2,0.25,Standard,Upi,2434.56,45,-71.24,Delivered
506407,2024-02-15,11965,20208,2,0.15,Express,Net Banking,4680.61,90,621.97,Delivered
506408,2024-07-12,10480,20170,3,0.1,Express,Upi,3931.98,90,1033.62,Delivered
506409,2024-02-26,13273,20231,3,0.0,Express,Upi,1661.94,90,792.99,Delivered
506410,2025-07-07,13606,20287,1,0.25,Standard,Upi,1460.66,45,-10.43,Delivered
506411,2025-04-01,11788,20168,2,0.3,Express,Debit Card,3100.61,90,-201.45,Delivered
506412,2024-11-28,10764,20215,2,0.15,Same Day,Credit Card,963.58,140,283.58,Delivered
506413,2024-01-16,12646,20116,3,0.0,Standard,Upi,1337.64,45,571.74,Delivered
506414,2025-10-06,12608,20144,1,0.2,Same Day,Net Banking,150.1,140,-105.82,Delivered
506415,2025-05-27,14160,20036,3,0.1,Express,Credit Card,6310.14,115,2516.51,Cancelled
506416,2024-05-29,12766,20223,1,0.3,Standard,Cash On Delivery,916.54,45,137.69,Delivered
506417,2025-09-25,10567,20236,2,0.15,Same Day,Cash On Delivery,5980.63,165,2312.05,Delivered
506418,2024-07-31,13398,20184,1,0.25,Standard,Debit Card,614.21,45,9.93,Delivered
506419,2025-01-25,14767,20242,1,0.0,Standard,Credit Card,4101.01,45,1293.09,Delivered
506420,2024-10-07,12751,20208,2,0.15,Standard,Credit Card,4680.61,45,666.97,Delivered
506421,2025-10-13,14406,20058,3,0.2,Standard,Credit Card,3907.54,45,1377.28,Cancelled
506422,2025-11-01,14799,20271,3,0.15,Standard,Upi,13857.52,70,3367.62,Delivered
506423,2025-06-22,12576,20149,1,0.1,Standard,Debit Card,317.6,45,1.37,Delivered
506424,2024-12-07,13375,20064,2,0.15,Express,Upi,3540.91,90,1352.21,Delivered
506425,2025-11-04,14562,20135,2,0.2,Express,Upi,4563.1,90,1311.14,Delivered
506426,2025-09-21,13714,20019,1,0.15,Standard,Net Banking,436.0,45,101.28,Delivered
506427,2024-12-02,14098,20086,1,0.15,Standard,Cash On Delivery,276.17,45,11.73,Delivered
506428,2024-03-15,11971,20174,1,0.1,Standard,Upi,1605.2,45,634.24,Delivered
506429,2024-04-02,13351,20038,1,0.1,Same Day,Upi,1495.14,140,513.88,Delivered
506430,2025-06-29,13797,20141,2,0.05,Standard,Upi,2330.96,45,581.46,Cancelled
506431,2024-04-24,12701,20300,3,0.15,Express,Net Banking,2218.78,90,607.3,Delivered
506432,2025-02-24,11651,20199,2,0.2,Express,Debit Card,1227.97,90,215.67,Delivered
506433,2024-04-22,14417,20035,1,0.15,Express,Debit Card,2013.0,90,668.97,Delivered
506434,2025-01-02,13549,20131,1,0.1,Standard,Upi,168.04,45,34.94,Cancelled
506435,2024-02-29,10304,20227,3,0.3,Standard,Credit Card,5184.14,70,-245.12,Delivered
506436,2024-10-08,14952,20144,2,0.0,Express,Debit Card,375.24,90,53.4,Delivered
506437,2024-08-24,14031,20144,2,0.05,Standard,Cash On Delivery,356.48,45,79.64,Delivered
506438,2025-09-29,10941,20194,1,0.25,Standard,Debit Card,3902.13,45,-197.21,Delivered
506439,2024-02-14,14652,20166,2,0.1,Express,Net Banking,1169.17,90,441.27,Delivered
506440,2024-07-15,14729,20024,3,0.15,Standard,Net Banking,5831.7,70,934.01,Delivered
506441,2025-12-24,12079,20215,3,0.05,Standard,Debit Card,1615.41,45,760.41,Delivered
506442,2025-05-13,14611,20236,1,0.15,Standard,Credit Card,2990.32,45,1193.53,Delivered
506443,2025-08-05,12612,20123,4,0.15,Standard,Net Banking,19444.43,70,5527.91,Delivered
506444,2025-03-24,12209,20056,1,0.15,Standard,Debit Card,3986.19,45,1379.17,Delivered
506445,2025-11-09,10956,20086,2,0.1,Standard,Debit Card,584.84,45,100.96,Delivered
506446,2024-07-13,13661,20078,2,0.25,Express,Upi,1945.71,90,75.83,Delivered
506447,2025-11-15,14866,20092,1,0.15,Standard,Cash On Delivery,2945.87,45,777.99,Delivered
506448,2024-07-13,14915,20248,1,0.0,Standard,Upi,503.03,45,110.49,Delivered
506449,2025-07-28,10740,20102,4,0.15,Standard,Upi,17123.79,70,2359.75,Delivered
506450,2025-08-04,14258,20073,1,0.05,Standard,Debit Card,874.86,45,311.49,Delivered
506451,2024-11-05,14675,20232,1,0.1,Same Day,Upi,1420.99,140,513.3,Delivered
506452,2025-08-13,12841,20014,4,0.05,Express,Net Banking,32594.96,115,16110.72,Delivered
506453,2025-07-01,13670,20194,3,0.15,Standard,Upi,13267.24,70,1034.22,Delivered
506454,2025-01-23,11700,20234,3,0.25,Standard,Upi,18339.86,70,5386.12,Delivered
506455,2025-12-07,10725,20188,1,0.2,Standard,Upi,2247.04,45,390.84,Delivered
506456,2025-03-10,14632,20277,1,0.25,Standard,Upi,4772.3,45,1633.13,Delivered
506457,2025-12-29,11343,20030,3,0.25,Standard,Credit Card,1171.33,45,23.56,Delivered
506458,2025-10-22,11896,20025,4,0.0,Standard,Upi,13608.64,70,2996.6,Delivered
506459,2025-05-10,12032,20187,1,0.15,Standard,Credit Card,2488.41,45,167.97,Delivered
506460,2024-07-19,14101,20231,1,0.25,Standard,Upi,415.48,45,110.83,Delivered
506461,2025-10-27,12283,20134,1,0.1,Standard,Net Banking,1010.25,45,208.36,Delivered
506462,2025-06-17,12114,20131,2,0.15,Standard,Upi,317.41,45,96.21,Delivered
506463,2024-10-23,14472,20112,1,0.1,Express,Debit Card,2272.72,90,284.31,Cancelled
506464,2025-05-08,12689,20129,1,0.2,Express,Debit Card,2885.62,90,889.02,Delivered
506465,2025-12-27,13874,20065,1,0.05,Standard,Upi,2053.53,45,518.22,Delivered
506466,2024-11-26,11556,20026,1,0.0,Express,Upi,2173.83,90,763.81,Delivered
506467,2025-09-25,14535,20018,2,0.1,Standard,Cash On Delivery,4498.97,45,2139.53,Delivered
506468,2024-09-17,12745,20134,2,0.0,Express,Upi,2245.0,90,641.22,Delivered
506469,2024-02-24,12498,20203,2,0.05,Standard,Credit Card,3502.19,45,1206.75,Delivered
506470,2024-10-08,14401,20254,2,0.05,Standard,Debit Card,860.85,45,357.33,Delivered
506471,2025-09-29,14724,20040,1,0.0,Standard,Upi,979.29,45,374.57,Delivered
506472,2025-03-17,12052,20030,2,0.2,Standard,Credit Card,832.94,45,52.76,Delivered
506473,2024-09-15,11304,20078,1,0.2,Standard,Upi,1037.71,45,102.77,Delivered
506474,2025-07-15,11096,20249,1,0.0,Express,Net Banking,1884.46,90,344.07,Delivered
506475,2024-05-25,14795,20287,1,0.05,Standard,Upi,1850.17,45,379.08,Delivered
506476,2025-01-25,12454,20164,1,0.1,Standard,Upi,686.11,45,99.06,Delivered
506477,2025-01-07,13899,20048,1,0.2,Standard,Credit Card,506.35,45,138.85,Delivered
506478,2024-02-14,14647,20078,3,0.05,Express,Upi,3696.85,90,937.03,Delivered
506479,2025-01-31,12365,20111,2,0.1,Standard,Net Banking,2341.58,45,1030.94,Delivered
506480,2024-09-18,10525,20273,2,0.3,Standard,Net Banking,2003.37,45,599.13,Delivered
506481,2025-04-23,10291,20283,1,0.2,Standard,Net Banking,1082.8,45,148.88,Delivered
506482,2025-07-18,12694,20254,2,0.0,Standard,Net Banking,906.16,45,402.64,Delivered
506483,2025-04-29,13964,20126,3,0.05,Standard,Credit Card,13957.19,70,4331.2,Delivered
506484,2025-12-08,14787,20171,1,0.1,Standard,Credit Card,5103.7,70,786.69,Delivered
506485,2025-05-30,13766,20203,1,0.15,Standard,Debit Card,1566.77,45,396.55,Delivered
506486,2025-07-25,12877,20129,3,0.15,Standard,Net Banking,9197.9,70,3408.1,Delivered
506487,2025-11-15,12259,20280,3,0.0,Express,Credit Card,3481.38,90,1795.92,Delivered
506488,2025-08-06,10933,20008,2,0.3,Standard,Upi,815.3,45,169.28,Delivered
506489,2025-04-30,14543,20286,2,0.05,Standard,Net Banking,4627.49,45,2062.17,Delivered
506490,2025-08-09,10070,20018,1,0.05,Standard,Net Banking,2374.46,45,1172.24,Delivered
506491,2025-04-10,11325,20122,2,0.05,Standard,Credit Card,7231.82,70,1792.64,Cancelled
506492,2025-04-10,11940,20126,2,0.1,Standard,Upi,8815.07,70,2374.41,Delivered
506493,2024-01-22,12330,20228,1,0.1,Standard,Credit Card,773.92,45,93.73,Delivered
506494,2025-01-30,10368,20083,2,0.1,Standard,Upi,1762.33,45,735.17,Delivered
506495,2024-07-27,11884,20188,2,0.25,Standard,Credit Card,4213.2,45,545.8,Delivered
506496,2025-07-16,12089,20154,2,0.0,Standard,Upi,1390.72,45,325.02,Delivered
506497,2024-05-24,13615,20124,1,0.1,Express,Debit Card,1680.44,90,427.42,Delivered
506498,2025-02-23,10198,20095,1,0.3,Express,Upi,807.95,90,-162.37,Delivered
506499,2024-12-14,13714,20122,1,0.05,Standard,Credit Card,3615.91,45,886.32,Cancelled
506500,2024-10-31,10848,20071,1,0.2,Standard,Upi,1635.17,45,352.68,Delivered
506501,2024-02-13,13942,20104,4,0.1,Standard,Upi,3513.38,45,667.58,Delivered
506502,2024-04-16,12770,20154,1,0.25,Express,Cash On Delivery,521.52,90,-78.83,Delivered
506503,2024-05-29,11921,20244,1,0.15,Standard,Debit Card,362.95,45,74.83,Delivered
506504,2025-08-28,13356,20161,1,0.2,Standard,Debit Card,2094.04,45,459.76,Delivered
506505,2024-09-20,11013,20161,1,0.15,Standard,Credit Card,2224.92,45,590.64,Delivered
506506,2024-04-19,12089,20180,3,0.2,Express,Debit Card,6679.8,115,1125.95,Delivered
506507,2024-01-18,13053,20168,1,0.2,Express,Credit Card,1771.78,90,75.75,Delivered
506508,2024-12-01,14654,20054,3,0.05,Express,Credit Card,7912.68,115,3577.34,Delivered
506509,2024-08-26,14029,20239,1,0.2,Express,Net Banking,435.66,90,53.54,Delivered
506510,2025-12-24,11378,20049,1,0.2,Express,Credit Card,613.35,90,-14.07,Delivered
506511,2024-11-23,14826,20134,1,0.15,Same Day,Upi,954.12,140,57.23,Delivered
506512,2024-10-20,11254,20289,3,0.05,Standard,Upi,4986.05,45,1962.77,Delivered
506513,2025-02-16,14872,20133,1,0.0,Standard,Net Banking,1445.18,45,644.7,Delivered
506514,2025-04-05,11060,20146,2,0.15,Standard,Net Banking,1515.62,45,136.94,Delivered
506515,2024-03-21,13930,20131,2,0.15,Standard,Credit Card,317.41,45,96.21,Delivered
506516,2024-09-11,14018,20122,1,0.3,Standard,Credit Card,2664.35,45,-65.24,Delivered
506517,2024-12-28,10779,20002,3,0.1,Standard,Upi,6250.8,70,1230.38,Delivered
506518,2025-12-21,11755,20065,1,0.15,Standard,Net Banking,1837.37,45,302.06,Delivered
506519,2025-04-01,11442,20291,1,0.2,Standard,Upi,678.5,45,-3.71,Delivered
506520,2025-03-18,12375,20035,1,0.2,Standard,Net Banking,1894.59,45,595.56,Delivered
506521,2025-06-16,14364,20285,2,0.1,Standard,Upi,1137.96,45,341.5,Delivered
506522,2024-08-25,14490,20298,2,0.05,Standard,Upi,2893.95,45,1164.91,Delivered
506523,2024-09-17,10601,20113,2,0.0,Standard,Cash On Delivery,845.52,45,342.94,Delivered
506524,2024-09-29,10836,20094,1,0.15,Standard,Credit Card,2229.54,45,744.32,Delivered
506525,2024-10-06,13191,20114,1,0.1,Standard,Cash On Delivery,372.61,45,62.67,Delivered
506526,2024-05-29,12329,20007,1,0.1,Standard,Debit Card,6664.01,70,1793.78,Delivered
506527,2024-05-31,11008,20022,1,0.3,Standard,Debit Card,4700.98,45,509.65,Delivered
506528,2025-07-26,13344,20057,2,0.0,Standard,Credit Card,3270.32,45,778.68,Cancelled
506529,2025-10-09,10566,20173,4,0.05,Standard,Upi,2824.08,45,673.16,Delivered
506530,2024-01-12,10400,20182,1,0.3,Express,Upi,783.78,90,-13.88,Cancelled
506531,2024-01-14,14257,20002,4,0.1,Express,Credit Card,8334.4,115,1618.84,Delivered
506532,2025-05-25,14731,20118,2,0.25,Standard,Upi,1809.93,45,291.11,Delivered
506533,2025-06-25,11772,20084,1,0.2,Standard,Credit Card,1273.34,45,133.57,Delivered
506534,2025-03-20,11613,20290,1,0.15,Standard,Net Banking,3956.44,45,847.05,Delivered
506535,2024-11-13,14174,20044,4,0.15,Standard,Cash On Delivery,7629.46,70,3099.94,Delivered
506536,2024-08-25,14428,20069,1,0.0,Standard,Credit Card,2008.29,45,1041.93,Cancelled
506537,2025-06-22,14246,20053,1,0.05,Standard,Credit Card,1277.76,45,521.09,Delivered
506538,2025-10-15,14738,20289,1,0.1,Express,Credit Card,1574.54,90,491.78,Delivered
506539,2024-03-14,13011,20129,1,0.1,Standard,Upi,3246.32,45,1294.72,Delivered
506540,2025-03-09,14246,20163,4,0.1,Standard,Upi,10356.62,70,1779.3,Delivered
506541,2024-10-24,11609,20251,1,0.1,Standard,Upi,658.72,45,261.73,Delivered
506542,2025-12-11,13119,20025,3,0.2,Standard,Net Banking,8165.18,70,188.65,Delivered
506543,2024-10-22,10362,20132,1,0.25,Express,Net Banking,375.52,90,57.93,Delivered
506544,2024-01-14,13734,20118,2,0.2,Standard,Upi,1930.59,45,411.77,Delivered
506545,2025-09-03,12422,20236,1,0.15,Standard,Debit Card,2990.32,45,1193.53,Delivered
506546,2025-08-25,14191,20115,2,0.15,Express,Net Banking,1898.19,90,716.93,Delivered
506547,2025-01-29,13462,20125,2,0.15,Standard,Net Banking,1467.24,45,526.84,Delivered
506548,2024-07-09,13982,20195,2,0.2,Express,Upi,8362.02,115,1957.4,Delivered
506549,2025-02-24,13249,20094,1,0.0,Express,Upi,2622.99,90,1092.77,Delivered
506550,2024-04-15,14729,20212,2,0.0,Standard,Upi,2041.92,45,544.06,Delivered
506551,2025-01-28,11338,20127,2,0.0,Standard,Credit Card,9413.66,70,3438.6,Delivered
506552,2025-03-13,12051,20138,3,0.25,Express,Credit Card,5361.93,115,672.08,Delivered
506553,2024-01-07,14109,20148,1,0.15,Express,Upi,11519.28,115,3101.02,Delivered
506554,2024-03-21,13580,20296,2,0.1,Standard,Net Banking,735.37,45,112.39,Delivered
506555,2025-10-13,11775,20075,1,0.15,Standard,Upi,2895.02,45,1303.78,Delivered
506556,2025-04-29,11824,20015,2,0.05,Standard,Credit Card,2597.11,45,1223.25,Delivered
506557,2024-12-22,14262,20156,1,0.2,Standard,Credit Card,1542.41,45,245.15,Delivered
506558,2024-11-06,10751,20035,1,0.1,Standard,Net Banking,2131.42,45,832.39,Delivered
506559,2025-05-20,10593,20007,1,0.15,Standard,Cash On Delivery,6293.79,70,1423.56,Delivered
506560,2025-06-02,10401,20182,2,0.3,Standard,Upi,1567.55,45,107.23,Delivered
506561,2025-10-25,10516,20170,3,0.0,Standard,Credit Card,4368.87,45,1515.51,Delivered
506562,2025-09-29,14143,20294,1,0.25,Express,Credit Card,1458.3,90,452.99,Delivered
506563,2025-03-24,10172,20211,2,0.15,Standard,Upi,1204.08,45,137.6,Delivered
506564,2024-10-11,10818,20057,3,0.1,Standard,Net Banking,4414.93,45,699.97,Delivered
506565,2024-10-08,12806,20124,2,0.0,Standard,Upi,3734.32,45,1363.28,Cancelled
506566,2024-03-14,12514,20194,2,0.0,Express,Upi,10405.68,115,2182.0,Delivered
506567,2024-02-14,14901,20083,2,0.1,Express,Cash On Delivery,1762.33,90,690.17,Delivered
506568,2025-06-12,11175,20201,1,0.1,Standard,Upi,538.01,45,217.63,Delivered
506569,2025-11-06,12827,20252,4,0.1,Standard,Credit Card,2264.94,45,869.02,Delivered
506570,2025-04-01,14209,20002,1,0.05,Express,Credit Card,2199.35,90,459.21,Delivered
506571,2025-07-28,10088,20270,1,0.0,Standard,Cash On Delivery,869.44,45,214.35,Delivered
506572,2025-02-10,14032,20241,3,0.2,Standard,Net Banking,514.7,45,147.98,Delivered
506573,2024-04-02,11398,20146,3,0.05,Express,Upi,2540.89,90,450.37,Delivered
506574,2024-11-17,11695,20076,3,0.15,Standard,Debit Card,4445.26,45,819.61,Delivered
506575,2025-04-10,10698,20230,1,0.1,Standard,Upi,687.1,45,125.34,Delivered
506576,2025-08-26,11775,20269,1,0.15,Standard,Credit Card,381.18,45,128.17,Delivered
506577,2025-07-07,13670,20073,3,0.15,Standard,Cash On Delivery,2348.32,45,748.21,Delivered
506578,2024-11-22,13474,20106,4,0.05,Express,Upi,4630.26,90,1910.3,Delivered
506579,2025-08-05,10508,20224,1,0.0,Standard,Upi,350.63,45,125.26,Delivered
506580,2025-12-28,10628,20010,3,0.05,Express,Upi,2769.77,90,864.65,Delivered
506581,2025-07-21,14929,20283,1,0.25,Standard,Credit Card,1015.12,45,81.2,Delivered
506582,2025-08-13,14335,20270,3,0.05,Standard,Credit Card,2477.9,45,602.63,Delivered
506583,2025-02-18,13054,20265,3,0.1,Same Day,Upi,679.89,140,90.79,Delivered
506584,2025-05-13,14609,20137,2,0.1,Express,Upi,577.3,90,170.74,Delivered
506585,2025-03-15,11971,20218,1,0.05,Standard,Cash On Delivery,587.1,45,161.94,Delivered
506586,2025-09-24,14553,20224,1,0.15,Standard,Upi,298.04,45,72.67,Delivered
506587,2025-12-14,13345,20291,1,0.15,Standard,Upi,720.9,45,38.69,Delivered
506588,2025-03-07,11430,20154,1,0.15,Standard,Credit Card,591.06,45,35.71,Delivered
506589,2024-11-23,12162,20169,1,0.1,Express,Upi,1096.94,90,302.09,Delivered
506590,2024-09-13,10027,20106,2,0.1,Express,Debit Card,2193.28,90,788.3,Delivered
506591,2025-10-03,13772,20121,1,0.1,Express,Upi,980.9,90,397.69,Delivered
506592,2025-07-07,11442,20067,1,0.0,Standard,Upi,1650.09,45,452.04,Delivered
506593,2024-03-14,14688,20286,1,0.25,Standard,Debit Card,1826.64,45,521.48,Delivered
506594,2024-08-21,12228,20285,1,0.05,Standard,Credit Card,600.59,45,179.86,Delivered
506595,2025-06-04,10567,20084,1,0.05,Standard,Upi,1512.1,45,372.33,Delivered
506596,2025-06-26,10247,20014,2,0.15,Standard,Credit Card,14581.95,70,6327.33,Delivered
506597,2025-08-30,12475,20180,1,0.2,Standard,Credit Card,2226.6,45,368.65,Delivered
506598,2024-09-14,12365,20039,3,0.15,Standard,Cash On Delivery,7825.24,70,1568.1,Delivered
506599,2024-08-16,13966,20277,1,0.15,Standard,Upi,5408.61,70,2244.44,Delivered
506600,2024-09-01,13693,20006,3,0.1,Standard,Cash On Delivery,1559.92,45,584.38,Delivered
506601,2025-03-02,11774,20183,3,0.2,Standard,Upi,3103.27,45,1236.43,Delivered
506602,2025-12-10,14431,20040,3,0.25,Standard,Cash On Delivery,2203.4,45,479.24,Delivered
506603,2025-03-31,13891,20198,1,0.15,Standard,Credit Card,1688.47,45,503.08,Cancelled
506604,2025-04-17,11092,20153,1,0.0,Standard,Credit Card,1873.83,45,649.37,Delivered
506605,2025-07-16,10687,20252,2,0.0,Standard,Debit Card,1258.3,45,537.84,Delivered
506606,2025-12-29,11575,20229,1,0.1,Standard,Upi,5485.25,70,1255.77,Delivered
506607,2024-06-22,14441,20089,2,0.1,Standard,Net Banking,1119.4,45,241.2,Delivered
506608,2024-03-15,13758,20022,4,0.15,Standard,Cash On Delivery,22833.35,70,6178.03,Delivered
506609,2024-04-08,14952,20120,1,0.3,Standard,Upi,1707.22,45,-150.49,Delivered
506610,2025-05-27,14952,20184,2,0.15,Express,Credit Card,1392.2,90,183.64,Delivered
506611,2024-05-03,13723,20206,2,0.2,Standard,Credit Card,1669.3,45,488.22,Delivered
506612,2024-04-26,12853,20090,3,0.25,Standard,Debit Card,2332.96,45,697.0,Delivered
506613,2024-12-08,10592,20116,1,0.05,Express,Debit Card,423.59,90,93.29,Delivered
506614,2025-12-07,13503,20163,1,0.1,Express,Debit Card,2589.16,90,372.33,Delivered
506615,2024-08-20,12466,20104,4,0.15,Express,Net Banking,3318.2,90,427.4,Delivered
506616,2024-05-08,13356,20148,5,0.15,Express,Debit Card,57596.38,115,15965.08,Delivered
506617,2025-01-08,10409,20271,2,0.1,Express,Credit Card,9781.78,115,2720.18,Delivered
506618,2025-07-28,12383,20110,1,0.2,Same Day,Credit Card,457.86,140,-82.38,Delivered
506619,2024-08-23,12734,20200,3,0.3,Standard,Upi,3651.25,45,-409.22,Delivered
506620,2024-07-08,14743,20280,1,0.1,Standard,Credit Card,1044.41,45,467.59,Delivered
506621,2025-12-01,11484,20225,3,0.1,Express,Cash On Delivery,30321.11,115,7826.08,Delivered
506622,2024-06-16,12123,20080,3,0.05,Standard,Debit Card,8106.6,70,3784.1,Delivered
506623,2025-08-29,12207,20251,4,0.1,Express,Upi,2634.88,90,1136.92,Delivered
506624,2025-10-30,11585,20220,1,0.15,Same Day,Upi,3925.95,140,858.49,Delivered
506625,2024-10-17,10217,20300,1,0.05,Standard,Upi,826.6,45,274.44,Delivered
506626,2024-12-06,13027,20142,1,0.05,Standard,Net Banking,634.82,45,160.18,Delivered
506627,2025-01-29,14514,20073,4,0.05,Standard,Net Banking,3499.46,45,1380.98,Delivered
506628,2025-04-18,13839,20205,2,0.2,Express,Upi,21693.31,115,1329.99,Delivered
506629,2024-05-18,13275,20222,1,0.15,Express,Upi,319.26,90,0.03,Delivered
506630,2024-07-09,14752,20160,1,0.1,Standard,Credit Card,539.35,45,143.27,Delivered
506631,2025-07-21,11671,20080,2,0.25,Express,Upi,4266.63,90,1341.63,Delivered
506632,2025-06-02,13983,20115,2,0.3,Standard,Upi,1563.21,45,426.95,Delivered
506633,2024-02-20,13190,20025,1,0.0,Standard,Upi,3402.16,45,721.65,Delivered
506634,2025-07-04,14047,20177,1,0.2,Same Day,Debit Card,850.9,140,-81.5,Delivered
506635,2024-10-24,10542,20279,3,0.1,Express,Debit Card,4297.0,90,1918.99,Delivered
506636,2024-03-12,11195,20293,1,0.0,Standard,Credit Card,2110.25,45,492.24,Delivered
506637,2024-09-12,10450,20220,1,0.1,Same Day,Upi,4156.88,140,1089.42,Delivered
506638,2024-11-04,12151,20003,2,0.15,Standard,Upi,870.81,45,140.33,Delivered
506639,2024-03-31,11116,20033,2,0.15,Standard,Debit Card,1852.05,45,152.15,Delivered
506640,2024-05-28,12838,20182,1,0.25,Standard,Upi,839.76,45,87.1,Delivered
506641,2024-01-30,13429,20039,3,0.15,Standard,Debit Card,7825.24,70,1568.1,Delivered
506642,2025-04-06,12194,20153,1,0.05,Standard,Net Banking,1780.14,45,555.68,Delivered
506643,2025-09-26,10933,20063,3,0.15,Express,Net Banking,672.41,90,-6.46,Delivered
506644,2025-01-19,12167,20089,1,0.3,Standard,Credit Card,435.32,45,-26.28,Delivered
506645,2025-09-28,13515,20103,1,0.2,Standard,Net Banking,774.34,45,186.63,Delivered
506646,2025-10-07,10264,20187,1,0.0,Standard,Upi,2927.54,45,607.1,Delivered
506647,2025-06-01,11300,20159,3,0.1,Same Day,Credit Card,20858.34,165,4435.29,Delivered
506648,2025-01-07,13419,20049,1,0.05,Standard,Net Banking,728.36,45,145.94,Delivered
506649,2024-07-15,13037,20222,1,0.1,Express,Credit Card,338.04,90,18.81,Delivered
506650,2024-07-08,13877,20188,1,0.1,Same Day,Cash On Delivery,2527.92,140,576.72,Delivered
506651,2024-03-19,10787,20253,2,0.1,Standard,Upi,1049.33,45,432.39,Delivered
506652,2025-06-30,12039,20192,2,0.2,Express,Upi,2132.48,90,181.4,Delivered
506653,2024-03-12,13970,20244,1,0.15,Express,Net Banking,362.95,90,29.83,Delivered
506654,2024-02-12,12410,20071,2,0.1,Standard,Upi,3679.13,45,1159.15,Delivered
506655,2024-05-12,13047,20077,1,0.1,Standard,Credit Card,1675.72,45,422.32,Delivered
506656,2024-04-15,10638,20221,1,0.05,Express,Debit Card,1567.1,90,572.14,Delivered
506657,2025-11-01,13335,20264,3,0.1,Standard,Credit Card,1935.17,45,362.9,Delivered
506658,2024-12-22,11684,20269,2,0.2,Express,Credit Card,717.52,90,211.5,Delivered
506659,2024-01-08,14447,20282,2,0.0,Standard,Upi,1441.5,45,589.4,Delivered
506660,2024-12-08,13616,20221,1,0.15,Standard,Net Banking,1402.14,45,452.18,Delivered
506661,2025-03-12,12891,20091,1,0.1,Express,Debit Card,4953.55,90,1185.18,Delivered
506662,2024-03-20,10432,20056,1,0.2,Standard,Cash On Delivery,3751.7,45,1144.68,Delivered
506663,2025-07-09,14287,20106,1,0.1,Express,Cash On Delivery,1096.64,90,349.15,Delivered
506664,2025-11-19,11006,20287,2,0.2,Standard,Net Banking,3116.08,45,218.9,Delivered
506665,2025-01-26,14056,20273,2,0.15,Express,Credit Card,2432.67,90,983.43,Delivered
506666,2025-07-29,11260,20293,1,0.1,Standard,Credit Card,1899.22,45,281.21,Delivered
506667,2024-10-14,14902,20047,1,0.05,Standard,Cash On Delivery,479.75,45,161.17,Delivered
506668,2024-04-22,14030,20114,1,0.3,Express,Upi,289.81,90,-65.13,Delivered
506669,2025-12-20,14830,20058,2,0.05,Express,Upi,3093.47,90,1346.63,Delivered
506670,2024-08-13,13455,20044,1,0.15,Standard,Debit Card,1907.37,45,747.49,Delivered
506671,2024-11-28,10043,20231,2,0.15,Express,Upi,941.77,90,332.47,Delivered
506672,2025-02-20,14870,20267,2,0.1,Express,Upi,1057.19,90,77.13,Delivered
506673,2024-10-04,14472,20012,2,0.15,Standard,Credit Card,10450.39,70,2311.39,Delivered
506674,2024-01-03,12229,20205,1,0.05,Express,Upi,12880.4,115,2641.24,Delivered
506675,2025-06-28,11763,20054,1,0.05,Express,Upi,2637.56,90,1140.78,Delivered
506676,2025-04-22,11289,20034,4,0.15,Standard,Upi,3597.81,45,1104.37,Delivered
506677,2025-02-13,13892,20248,3,0.05,Standard,Debit Card,1433.64,45,346.02,Delivered
506678,2024-11-02,12154,20136,2,0.2,Express,Cash On Delivery,504.21,90,59.31,Delivered
506679,2024-08-01,14909,20230,3,0.15,Standard,Debit Card,1946.8,45,351.52,Delivered
506680,2024-01-30,14500,20278,3,0.0,Same Day,Credit Card,21059.07,165,5558.58,Delivered
506681,2025-02-22,13335,20261,2,0.15,Standard,Net Banking,255.0,45,-12.26,Delivered
506682,2025-06-20,10608,20020,1,0.1,Standard,Upi,319.01,45,59.91,Delivered
506683,2024-01-28,14045,20215,1,0.05,Standard,Upi,538.47,45,223.47,Delivered
506684,2025-08-31,12834,20232,1,0.1,Standard,Credit Card,1420.99,45,608.3,Delivered
506685,2024-03-27,14716,20118,2,0.15,Express,Upi,2051.25,90,487.43,Delivered
506686,2024-01-26,14133,20049,1,0.25,Standard,Credit Card,575.02,45,-7.4,Delivered
506687,2024-04-29,10710,20119,1,0.1,Standard,Credit Card,2922.45,45,1416.15,Delivered
506688,2025-12-13,10767,20147,1,0.15,Standard,Cash On Delivery,875.08,45,106.44,Delivered
506689,2025-01-26,11450,20218,2,0.1,Standard,Upi,1112.4,45,307.08,Delivered
506690,2024-12-22,13599,20228,1,0.0,Standard,Credit Card,859.91,45,179.72,Delivered
506691,2024-12-18,13721,20263,3,0.25,Standard,Upi,8230.59,70,494.39,Delivered
506692,2024-01-15,12497,20010,1,0.05,Standard,Net Banking,923.26,45,273.22,Delivered
506693,2024-10-31,10615,20150,2,0.1,Standard,Debit Card,843.26,45,207.58,Delivered
506694,2024-09-10,13932,20218,2,0.15,Standard,Cash On Delivery,1050.6,45,245.28,Delivered
506695,2025-09-14,13437,20133,3,0.15,Standard,Credit Card,3685.21,45,1373.77,Delivered
506696,2025-06-03,11751,20204,2,0.2,Express,Cash On Delivery,2980.98,90,1212.38,Delivered
506697,2025-10-01,13949,20024,1,0.1,Standard,Debit Card,2058.25,45,404.02,Delivered
506698,2024-07-04,12045,20143,1,0.15,Standard,Upi,1715.79,45,578.53,Delivered
506699,2025-01-21,10394,20216,3,0.15,Express,Upi,15953.23,115,5492.4,Delivered
506700,2025-05-14,11968,20234,1,0.3,Express,Upi,5705.74,115,1296.16,Delivered
506701,2024-01-14,12882,20055,5,0.15,Express,Upi,11979.05,115,957.05,Delivered
506702,2024-08-17,10886,20171,1,0.25,Standard,Debit Card,4253.08,45,-38.93,Delivered
506703,2024-03-31,13053,20173,1,0.05,Standard,Cash On Delivery,706.02,45,134.54,Delivered
506704,2025-02-07,10505,20281,1,0.1,Express,Upi,1251.34,90,427.82,Delivered
506705,2025-05-19,14425,20144,1,0.1,Standard,Upi,168.86,45,7.94,Delivered
506706,2024-01-04,11326,20247,1,0.2,Standard,Cash On Delivery,1714.36,45,215.74,Delivered
506707,2025-10-25,14438,20029,1,0.1,Standard,Upi,2005.42,45,954.68,Cancelled
506708,2024-08-06,13498,20124,1,0.1,Standard,Net Banking,1680.44,45,472.42,Delivered
506709,2025-08-10,14515,20173,2,0.05,Standard,Upi,1412.04,45,314.08,Delivered
506710,2024-08-03,12926,20234,2,0.05,Express,Cash On Delivery,15487.0,115,6782.84,Delivered
506711,2024-06-07,14308,20026,1,0.1,Standard,Credit Card,1956.45,45,591.43,Delivered
506712,2025-08-01,10585,20085,2,0.0,Standard,Debit Card,5089.52,70,1511.44,Cancelled
506713,2025-12-04,11437,20050,2,0.0,Standard,Cash On Delivery,3952.44,45,1889.44,Delivered
506714,2025-12-31,13061,20155,2,0.15,Standard,Upi,476.36,45,18.88,Delivered
506715,2025-01-07,13355,20100,1,0.0,Same Day,Credit Card,1236.0,140,149.11,Delivered
506716,2024-01-17,13141,20080,2,0.0,Standard,Upi,5688.84,70,2783.84,Delivered
506717,2025-05-09,11701,20029,1,0.0,Standard,Credit Card,2228.25,45,1177.51,Delivered
506718,2025-09-10,10010,20135,1,0.15,Standard,Cash On Delivery,2424.15,45,798.17,Delivered
506719,2025-04-10,11071,20062,1,0.1,Standard,Upi,307.87,45,26.12,Delivered
506720,2025-03-19,11961,20071,1,0.2,Express,Credit Card,1635.17,90,307.68,Delivered
506721,2024-03-21,12469,20290,3,0.05,Standard,Upi,13265.7,70,4002.53,Delivered
506722,2024-06-14,13615,20133,1,0.1,Standard,Credit Card,1300.66,45,500.18,Delivered
506723,2024-12-22,11142,20117,2,0.2,Standard,Upi,608.88,45,119.92,Delivered
506724,2024-08-21,12566,20008,2,0.15,Express,Upi,990.01,90,298.99,Delivered
506725,2024-06-10,14662,20200,2,0.05,Standard,Credit Card,3303.51,45,581.53,Delivered
506726,2024-06-23,12996,20043,3,0.15,Standard,Debit Card,1348.16,45,305.45,Delivered
506727,2025-11-02,14839,20180,1,0.15,Standard,Upi,2365.76,45,507.81,Delivered
506728,2024-12-28,12563,20257,1,0.2,Standard,Net Banking,276.5,45,-27.11,Delivered
506729,2025-01-10,11609,20038,3,0.3,Standard,Cash On Delivery,3488.67,45,919.89,Delivered
506730,2025-11-27,13695,20263,4,0.1,Standard,Upi,13168.94,70,2877.34,Delivered
506731,2024-06-22,11004,20184,1,0.0,Standard,Upi,818.94,45,214.66,Delivered
506732,2024-08-25,12741,20280,2,0.1,Standard,Upi,2088.83,45,980.19,Delivered
506733,2024-06-11,13362,20291,1,0.1,Standard,Upi,763.31,45,81.1,Delivered
506734,2024-08-25,11749,20201,2,0.05,Standard,Debit Card,1135.8,45,540.04,Delivered
506735,2025-09-09,13588,20042,2,0.15,Standard,Net Banking,13637.47,70,3905.33,Delivered
506736,2025-09-21,12756,20300,1,0.0,Standard,Upi,870.11,45,317.95,Delivered
506737,2024-08-19,13618,20004,2,0.1,Express,Debit Card,614.45,90,52.81,Delivered
506738,2025-08-10,14035,20119,1,0.15,Standard,Upi,2760.09,45,1253.79,Delivered
506739,2025-05-31,14772,20077,4,0.15,Standard,Net Banking,6330.49,70,1426.89,Delivered
506740,2025-12-30,10989,20280,4,0.25,Standard,Upi,3481.38,45,1309.1,Delivered
506741,2024-08-23,11195,20123,2,0.0,Standard,Upi,11437.9,70,4444.64,Delivered
506742,2024-11-18,11217,20156,1,0.1,Express,Cash On Delivery,1735.21,90,392.95,Delivered
506743,2025-06-27,10967,20103,1,0.2,Standard,Credit Card,774.34,45,186.63,Delivered
506744,2025-02-10,11650,20102,1,0.05,Standard,Credit Card,4784.59,45,1066.08,Delivered
506745,2024-06-25,12409,20045,1,0.3,Express,Credit Card,618.22,90,-75.48,Delivered
506746,2025-05-14,12421,20070,2,0.05,Standard,Credit Card,3906.23,45,1768.41,Delivered
506747,2024-04-28,11302,20049,4,0.15,Express,Upi,2606.75,90,367.07,Delivered
506748,2024-07-08,10133,20119,1,0.0,Standard,Credit Card,3247.17,45,1740.87,Delivered
506749,2025-09-05,13250,20296,4,0.1,Same Day,Debit Card,1470.74,140,174.78,Delivered
506750,2024-12-30,11420,20018,1,0.05,Standard,Cash On Delivery,2374.46,45,1172.24,Delivered
506751,2025-04-30,10167,20047,1,0.05,Standard,Debit Card,479.75,45,161.17,Cancelled
506752,2024-03-19,10480,20001,2,0.1,Standard,Upi,2724.86,45,819.9,Delivered
506753,2024-11-17,13276,20161,3,0.05,Standard,Upi,7460.02,70,2622.18,Delivered
506754,2024-05-18,14386,20295,1,0.2,Express,Net Banking,1902.0,90,82.36,Delivered
506755,2024-12-01,11562,20112,4,0.05,Standard,Net Banking,9595.95,70,1932.31,Delivered
506756,2025-02-05,11524,20023,2,0.1,Standard,Upi,836.69,45,93.19,Delivered
506757,2024-08-13,12762,20244,1,0.3,Standard,Upi,298.9,45,10.78,Delivered
506758,2024-09-22,10799,20270,1,0.1,Express,Net Banking,782.5,90,82.41,Delivered
506759,2024-11-28,11725,20253,2,0.15,Standard,Debit Card,991.03,45,374.09,Delivered
506760,2024-08-11,11265,20293,1,0.15,Standard,Upi,1793.71,45,175.7,Delivered
506761,2025-07-25,10669,20071,1,0.2,Standard,Debit Card,1635.17,45,352.68,Delivered
506762,2025-07-13,14200,20076,2,0.2,Standard,Debit Card,2789.18,45,357.08,Delivered
506763,2025-08-15,14920,20165,1,0.1,Standard,Cash On Delivery,310.6,45,107.75,Delivered
506764,2025-06-03,10118,20263,2,0.2,Express,Net Banking,5852.86,115,627.06,Delivered
506765,2024-09-05,10239,20109,1,0.05,Express,Upi,920.46,90,362.78,Delivered
506766,2025-11-07,14757,20180,2,0.1,Express,Upi,5009.85,115,1268.95,Delivered
506767,2025-02-24,11567,20145,1,0.15,Express,Credit Card,5304.41,115,1862.38,Delivered
506768,2024-07-05,14763,20190,5,0.05,Standard,Upi,3040.66,45,999.41,Delivered
506769,2024-09-05,13373,20165,1,0.1,Standard,Upi,310.6,45,107.75,Delivered
506770,2024-05-06,14061,20014,1,0.1,Standard,Debit Card,7719.86,70,3557.55,Cancelled
506771,2024-03-28,11492,20244,2,0.05,Standard,Upi,811.3,45,280.06,Delivered
506772,2024-02-14,11186,20057,2,0.15,Standard,Net Banking,2779.77,45,288.13,Delivered
506773,2024-09-02,13347,20004,1,0.15,Standard,Credit Card,290.16,45,9.34,Delivered
506774,2025-02-14,11528,20214,2,0.25,Standard,Debit Card,2654.49,45,913.27,Delivered
506775,2024-08-05,11148,20049,1,0.0,Standard,Upi,766.69,45,184.27,Delivered
506776,2025-03-02,14966,20081,1,0.2,Standard,Credit Card,545.54,45,134.81,Delivered
506777,2024-01-15,10550,20035,1,0.0,Standard,Credit Card,2368.24,45,1069.21,Delivered
506778,2025-11-19,14893,20181,1,0.2,Express,Credit Card,1541.57,90,90.41,Delivered
506779,2024-11-30,13570,20160,5,0.05,Standard,Net Banking,2846.58,45,1046.18,Delivered
506780,2025-12-27,14279,20217,2,0.15,Standard,Debit Card,901.51,45,366.65,Delivered
506781,2025-06-20,13071,20266,2,0.15,Standard,Credit Card,1025.32,45,234.32,Delivered
506782,2025-05-06,10762,20251,3,0.1,Standard,Upi,1976.16,45,875.19,Delivered
506783,2024-10-18,12631,20113,4,0.05,Standard,Credit Card,1606.49,45,646.33,Delivered
506784,2024-04-26,14367,20190,1,0.0,Standard,Debit Card,640.14,45,195.89,Delivered
506785,2025-08-14,12006,20002,1,0.1,Standard,Cash On Delivery,2083.6,45,388.46,Delivered
506786,2025-11-17,12017,20063,2,0.15,Express,Upi,448.27,90,-34.31,Delivered
506787,2025-04-13,14405,20120,2,0.1,Express,Net Banking,4389.98,90,674.56,Cancelled
506788,2025-07-05,14618,20245,1,0.05,Standard,Upi,791.19,45,155.74,Delivered
506789,2025-11-13,13715,20272,3,0.05,Standard,Debit Card,3953.18,45,916.64,Delivered
506790,2025-09-20,13265,20131,2,0.05,Standard,Debit Card,354.75,45,133.55,Delivered
506791,2025-11-26,12538,20217,1,0.2,Standard,Net Banking,424.24,45,134.31,Delivered
506792,2025-08-15,14906,20018,1,0.05,Express,Upi,2374.46,90,1127.24,Delivered
506793,2025-01-21,11223,20231,3,0.1,Standard,Net Banking,1495.75,45,671.8,Delivered
506794,2025-08-05,14532,20298,1,0.15,Standard,Upi,1294.66,45,407.64,Delivered
506795,2025-10-13,11260,20232,3,0.2,Standard,Credit Card,3789.31,45,1441.24,Delivered
506796,2024-07-11,11534,20124,4,0.1,Standard,Net Banking,6721.78,70,1999.7,Delivered
506797,2025-11-13,13822,20050,1,0.15,Same Day,Credit Card,1679.79,140,530.79,Delivered
506798,2024-04-10,10792,20177,1,0.1,Standard,Upi,957.26,45,119.86,Delivered
506799,2024-03-10,10728,20003,1,0.15,Express,Net Banking,435.4,90,2.66,Delivered
506800,2024-06-22,11053,20072,1,0.15,Express,Upi,1379.58,90,59.18,Delivered
506801,2025-03-19,13541,20125,2,0.15,Standard,Debit Card,1467.24,45,526.84,Delivered
506802,2025-12-01,12555,20005,1,0.15,Express,Upi,358.66,90,35.98,Delivered
506803,2025-03-08,12138,20185,3,0.2,Standard,Upi,6185.42,70,1658.5,Delivered
506804,2024-08-02,13249,20084,1,0.2,Standard,Cash On Delivery,1273.34,45,133.57,Delivered
506805,2025-06-20,11716,20153,4,0.2,Standard,Credit Card,5996.26,70,1208.42,Delivered
506806,2025-08-23,13723,20198,4,0.1,Standard,Upi,7151.15,70,2519.59,Delivered
506807,2025-10-04,12651,20220,3,0.2,Standard,Net Banking,11085.02,70,2232.64,Delivered
506808,2025-12-08,10276,20023,1,0.0,Express,Upi,464.83,90,25.58,Delivered
506809,2024-11-14,11716,20138,1,0.1,Standard,Upi,2144.77,45,574.82,Delivered
506810,2024-10-12,13726,20161,4,0.1,Standard,Credit Card,7852.65,70,1425.53,Delivered
506811,2024-08-12,11761,20073,2,0.1,Standard,Upi,1657.64,45,575.9,Delivered
506812,2024-12-14,11965,20195,1,0.2,Express,Upi,4181.01,90,946.2,Delivered
506813,2025-01-22,12460,20097,3,0.1,Standard,Upi,1340.17,45,349.3,Delivered
506814,2024-12-06,10422,20074,1,0.05,Standard,Upi,942.24,45,245.08,Delivered
506815,2025-10-22,14893,20027,4,0.0,Standard,Credit Card,3979.36,45,2032.92,Delivered
506816,2025-05-18,12640,20163,1,0.15,Express,Cash On Delivery,2445.31,90,228.48,Delivered
506817,2024-03-11,14094,20062,2,0.05,Express,Upi,649.95,90,86.45,Delivered
506818,2024-05-08,12218,20263,2,0.1,Standard,Debit Card,6584.47,70,1403.67,Delivered
506819,2025-03-19,11708,20199,2,0.1,Standard,Upi,1381.46,45,414.16,Delivered
506820,2024-10-16,14167,20214,1,0.15,Standard,Upi,1504.21,45,611.1,Delivered
506821,2025-08-21,10661,20266,2,0.15,Express,Upi,1025.32,90,189.32,Delivered
506822,2025-01-21,10005,20027,2,0.15,Express,Debit Card,1691.23,90,650.51,Delivered
506823,2024-01-18,10152,20068,2,0.1,Standard,Upi,949.59,45,181.21,Delivered
506824,2025-07-08,12269,20195,1,0.15,Express,Upi,4442.32,90,1207.51,Delivered
506825,2024-03-16,14253,20098,1,0.15,Standard,Credit Card,310.73,45,-13.29,Delivered
506826,2025-07-06,13330,20202,2,0.05,Standard,Debit Card,1032.69,45,378.25,Delivered
506827,2024-12-30,13078,20248,1,0.15,Standard,Debit Card,427.58,45,35.04,Delivered
506828,2024-10-06,12326,20011,4,0.0,Same Day,Upi,3481.76,140,1514.16,Delivered
506829,2024-10-06,10759,20032,3,0.1,Express,Upi,1236.87,90,183.21,Delivered
506830,2025-03-18,10748,20148,1,0.2,Express,Upi,10841.67,115,2423.41,Delivered
506831,2024-11-24,14977,20133,2,0.0,Express,Cash On Delivery,2890.36,90,1289.4,Delivered
506832,2025-06-19,10192,20269,1,0.1,Express,Credit Card,403.6,90,105.59,Delivered
506833,2025-05-22,13519,20203,1,0.0,Express,Upi,1843.26,90,628.04,Delivered
506834,2025-03-25,10995,20122,2,0.1,Standard,Debit Card,6851.2,70,1412.02,Delivered
506835,2025-01-09,11737,20098,5,0.25,Standard,Debit Card,1370.89,45,-69.21,Delivered
506836,2024-10-22,11623,20236,1,0.1,Standard,Upi,3166.22,45,1369.43,Delivered
506837,2025-04-20,12267,20131,2,0.1,Standard,Upi,336.08,45,114.88,Delivered
506838,2025-01-27,14816,20252,4,0.05,Express,Cash On Delivery,2390.77,90,949.85,Delivered
506839,2024-04-18,13766,20252,5,0.15,Standard,Upi,2673.89,45,940.24,Delivered
506840,2024-12-24,10619,20056,1,0.1,Express,Upi,4220.67,90,1568.65,Delivered
506841,2024-10-15,14726,20249,1,0.05,Standard,Cash On Delivery,1790.24,45,294.85,Delivered
506842,2025-02-21,12188,20202,1,0.0,Standard,Upi,543.52,45,193.8,Delivered
506843,2024-11-13,12566,20249,2,0.2,Express,Debit Card,3015.14,90,24.36,Delivered
506844,2024-12-06,12704,20176,1,0.15,Standard,Credit Card,217.33,45,48.74,Delivered
506845,2024-11-12,10306,20105,2,0.3,Standard,Net Banking,8253.1,70,-451.52,Delivered
506846,2024-12-14,13644,20245,1,0.1,Standard,Upi,749.55,45,114.1,Delivered
506847,2024-01-27,11987,20225,1,0.25,Standard,Debit Card,8422.53,70,892.52,Delivered
506848,2025-09-29,14698,20151,1,0.15,Standard,Credit Card,3610.51,45,1193.55,Delivered
506849,2025-02-04,11235,20054,2,0.1,Standard,Upi,4997.48,45,2138.92,Delivered
506850,2024-11-11,14030,20219,1,0.05,Standard,Debit Card,3258.78,45,1223.26,Delivered
506851,2025-11-12,14617,20236,2,0.0,Standard,Cash On Delivery,7036.04,70,3462.46,Delivered
506852,2025-07-12,12121,20164,1,0.0,Standard,Upi,762.34,45,175.29,Delivered
506853,2025-01-02,14522,20288,2,0.2,Express,Debit Card,1712.18,90,627.32,Delivered
506854,2024-12-08,14899,20057,1,0.15,Standard,Upi,1389.89,45,121.57,Delivered
506855,2025-11-23,10343,20029,3,0.05,Standard,Cash On Delivery,6350.51,70,3263.29,Delivered
506856,2024-12-30,14467,20087,3,0.15,Express,Debit Card,1153.7,90,351.05,Delivered
506857,2024-03-13,11142,20079,3,0.25,Standard,Credit Card,4852.8,45,-35.55,Delivered
506858,2024-05-01,14919,20089,1,0.0,Standard,Credit Card,621.89,45,160.29,Delivered
506859,2024-07-04,13250,20179,5,0.2,Standard,Debit Card,2776.52,45,411.12,Delivered
506860,2024-11-14,11253,20287,2,0.2,Express,Net Banking,3116.08,90,173.9,Delivered
506861,2025-08-16,13990,20084,4,0.15,Standard,Upi,5411.71,70,962.63,Cancelled
506862,2025-06-25,13646,20223,3,0.25,Express,Debit Card,2946.04,90,654.49,Delivered
506863,2025-09-24,11429,20144,3,0.25,Standard,Cash On Delivery,422.14,45,29.38,Delivered
506864,2024-12-18,12370,20164,2,0.15,Express,Upi,1295.98,90,121.88,Delivered
506865,2024-12-20,14661,20295,1,0.05,Standard,Net Banking,2258.62,45,483.98,Delivered
506866,2024-04-15,11167,20139,4,0.0,Standard,Upi,1318.2,45,531.16,Delivered
506867,2025-02-21,13677,20148,1,0.1,Standard,Net Banking,12196.88,70,3823.62,Delivered
506868,2025-10-03,11104,20241,4,0.1,Standard,Upi,772.06,45,298.1,Delivered
506869,2024-07-23,11213,20243,3,0.05,Standard,Upi,1360.05,45,326.76,Delivered
506870,2025-07-18,14119,20170,3,0.0,Standard,Credit Card,4368.87,45,1515.51,Delivered
506871,2025-01-16,10396,20047,1,0.05,Express,Credit Card,479.75,90,116.17,Delivered
506872,2024-10-23,13822,20006,2,0.05,Express,Credit Card,1097.72,90,387.36,Delivered
506873,2024-10-05,13426,20035,1,0.25,Standard,Upi,1776.18,45,477.15,Delivered
506874,2024-07-07,13332,20071,3,0.3,Express,Net Banking,4292.32,90,489.85,Delivered
506875,2025-12-27,11535,20293,2,0.3,Same Day,Debit Card,2954.35,140,-331.67,Delivered
506876,2025-06-26,10045,20178,2,0.2,Standard,Net Banking,829.2,45,266.76,Delivered
506877,2025-03-25,11869,20123,3,0.15,Express,Upi,14583.32,115,4083.43,Delivered
506878,2024-09-14,12038,20245,1,0.25,Standard,Credit Card,624.62,45,-10.83,Delivered
506879,2025-03-28,11808,20009,1,0.1,Standard,Upi,675.28,45,90.74,Delivered
506880,2025-07-25,12275,20213,1,0.1,Standard,Debit Card,2789.79,45,550.02,Delivered
506881,2024-03-18,10560,20051,1,0.1,Standard,Cash On Delivery,1320.08,45,595.07,Delivered
506882,2024-01-23,12161,20064,1,0.1,Standard,Upi,1874.6,45,780.25,Delivered
506883,2025-05-17,13102,20232,2,0.1,Express,Net Banking,2841.98,90,1216.6,Delivered
506884,2024-07-03,12324,20021,1,0.3,Same Day,Net Banking,8666.42,165,603.63,Delivered
506885,2025-06-30,13728,20005,5,0.05,Express,Upi,2004.26,90,750.86,Delivered
506886,2025-05-27,10286,20006,1,0.05,Standard,Upi,548.86,45,193.68,Delivered
506887,2025-09-08,11421,20043,1,0.15,Standard,Net Banking,449.39,45,71.82,Delivered
506888,2025-11-18,10804,20282,3,0.25,Standard,Net Banking,1621.69,45,366.04,Delivered
506889,2024-02-18,12070,20054,1,0.25,Standard,Debit Card,2082.28,45,630.5,Delivered
506890,2024-06-16,14481,20131,1,0.2,Standard,Credit Card,149.37,45,16.27,Delivered
506891,2025-10-31,10491,20139,2,0.1,Express,Upi,593.19,90,132.17,Delivered
506892,2024-01-21,12615,20215,1,0.2,Standard,Upi,453.45,45,138.45,Delivered
506893,2025-01-26,12936,20025,1,0.15,Express,Upi,2891.84,90,166.33,Delivered
506894,2024-04-14,10650,20065,2,0.1,Standard,Net Banking,3890.9,45,865.28,Delivered
506895,2024-10-16,14317,20260,1,0.0,Standard,Upi,1238.04,45,304.93,Delivered
506896,2025-09-24,14527,20198,1,0.2,Standard,Upi,1589.14,45,403.75,Delivered
506897,2025-12-04,12013,20109,2,0.05,Standard,Net Banking,1840.93,45,860.57,Delivered
506898,2025-03-01,13090,20016,1,0.0,Standard,Debit Card,2850.97,45,729.13,Delivered
506899,2024-08-16,14909,20203,3,0.3,Same Day,Upi,3870.85,140,355.19,Delivered
506900,2024-06-29,13484,20142,1,0.25,Standard,Upi,501.17,45,26.53,Delivered
506901,2024-12-17,10143,20113,1,0.15,Standard,Net Banking,359.35,45,85.56,Delivered
506902,2024-08-12,11850,20074,1,0.0,Standard,Credit Card,991.83,45,294.67,Delivered
506903,2024-08-21,13164,20053,1,0.15,Standard,Credit Card,1143.26,45,386.59,Delivered
506904,2024-09-22,10045,20118,1,0.15,Standard,Net Banking,1025.63,45,243.72,Delivered
506905,2024-11-09,10451,20186,2,0.05,Standard,Upi,4652.78,45,1886.18,Delivered
506906,2025-05-13,14155,20063,2,0.1,Express,Credit Card,474.64,90,-7.94,Delivered
506907,2024-08-05,12004,20141,1,0.25,Standard,Unknown,920.12,45,22.87,Delivered
506908,2024-07-29,10227,20226,1,0.0,Express,Credit Card,1553.91,90,419.32,Delivered
506909,2024-04-08,13352,20225,1,0.1,Standard,Upi,10107.04,70,2577.03,Delivered
506910,2025-09-12,11997,20183,3,0.1,Standard,Cash On Delivery,3491.18,45,1624.34,Delivered
506911,2025-01-22,13675,20161,2,0.2,Standard,Credit Card,4188.08,45,964.52,Delivered
506912,2024-12-10,12586,20062,4,0.15,Standard,Credit Card,1163.07,45,171.07,Cancelled
506913,2024-09-09,14889,20081,2,0.0,Standard,Upi,1363.84,45,587.38,Delivered
506914,2025-06-07,14614,20016,3,0.1,Express,Upi,7697.62,115,1352.1,Delivered
506915,2024-04-27,14826,20229,2,0.05,Same Day,Upi,11579.97,165,3096.01,Delivered
506916,2025-08-22,14310,20097,1,0.25,Express,Net Banking,372.27,90,-33.02,Delivered
506917,2024-07-27,10937,20140,2,0.15,Express,Credit Card,1598.83,90,242.59,Delivered
506918,2025-02-12,12072,20130,2,0.05,Same Day,Credit Card,1128.64,140,427.8,Delivered
506919,2025-04-25,14245,20143,1,0.05,Standard,Debit Card,1917.65,45,780.39,Delivered
506920,2025-10-03,11579,20180,1,0.05,Same Day,Credit Card,2644.09,140,691.14,Cancelled
506921,2024-11-24,13788,20163,1,0.1,Standard,Upi,2589.16,45,417.33,Delivered
506922,2024-07-01,11740,20123,2,0.05,Express,Net Banking,10866.0,115,3827.74,Delivered
506923,2025-02-20,11096,20038,2,0.25,Standard,Credit Card,2491.9,45,764.38,Delivered
506924,2024-03-23,11232,20298,1,0.1,Standard,Upi,1370.82,45,483.8,Delivered
506925,2024-09-10,12966,20232,1,0.3,Same Day,Upi,1105.22,140,197.53,Delivered
506926,2024-01-05,13323,20252,1,0.2,Express,Upi,503.32,90,75.59,Delivered
506927,2024-10-29,13840,20007,1,0.2,Standard,Credit Card,5923.57,70,1053.34,Delivered
506928,2025-06-19,11834,20056,1,0.1,Standard,Upi,4220.67,45,1613.65,Delivered
506929,2025-09-24,10549,20168,1,0.05,Express,Debit Card,2103.98,90,407.95,Delivered
506930,2025-08-29,13117,20219,2,0.2,Standard,Net Banking,5488.46,70,1437.42,Delivered
506931,2025-03-03,12628,20065,2,0.0,Standard,Debit Card,4323.22,45,1297.6,Delivered
506932,2024-08-14,11712,20194,5,0.1,Standard,Upi,23412.78,70,3071.08,Delivered
506933,2025-10-15,14909,20093,1,0.05,Standard,Credit Card,676.04,45,220.02,Delivered
506934,2025-07-16,13528,20170,1,0.2,Express,Upi,1165.03,90,138.91,Delivered
506935,2025-01-24,14745,20226,1,0.2,Standard,Upi,1243.13,45,153.54,Delivered
506936,2025-10-18,13869,20231,2,0.05,Standard,Debit Card,1052.56,45,488.26,Delivered
506937,2025-07-17,12488,20281,1,0.1,Standard,Credit Card,1251.34,45,472.82,Delivered
506938,2024-01-12,11197,20006,3,0.05,Standard,Upi,1646.59,45,671.05,Delivered
506939,2024-12-02,13024,20264,3,0.1,Same Day,Debit Card,1935.17,140,267.9,Delivered
506940,2025-08-29,13928,20053,1,0.3,Standard,Cash On Delivery,941.51,45,184.84,Delivered
506941,2024-05-08,10161,20019,2,0.05,Standard,Net Banking,974.59,45,350.15,Delivered
506942,2024-01-11,11502,20265,3,0.0,Standard,Credit Card,755.43,45,261.33,Delivered
506943,2025-05-04,14907,20161,2,0.05,Standard,Upi,4973.34,45,1749.78,Delivered
506944,2024-09-28,14066,20264,1,0.3,Standard,Upi,501.71,45,-52.38,Delivered
506945,2024-12-22,11424,20294,1,0.0,Standard,Upi,1944.4,45,984.09,Delivered
506946,2024-04-01,14839,20160,1,0.0,Standard,Upi,599.28,45,203.2,Delivered
506947,2024-01-09,13479,20023,4,0.05,Express,Debit Card,1766.35,90,279.35,Delivered
506948,2024-05-02,10005,20162,1,0.2,Standard,Debit Card,1288.9,45,157.03,Delivered
506949,2024-10-07,13518,20007,1,0.1,Standard,Credit Card,6664.01,70,1793.78,Delivered
506950,2025-04-02,10981,20024,1,0.1,Express,Net Banking,2058.25,90,359.02,Delivered
506951,2025-03-26,12374,20130,3,0.15,Standard,Upi,1514.75,45,628.49,Delivered
506952,2025-09-22,13344,20255,2,0.0,Standard,Credit Card,1644.02,45,677.94,Delivered
506953,2025-02-10,11706,20256,1,0.15,Standard,Upi,1083.77,45,290.82,Delivered
506954,2025-12-02,11213,20250,4,0.05,Standard,Upi,10482.6,70,4601.2,Delivered
506955,2024-02-25,13932,20106,3,0.2,Standard,Cash On Delivery,2924.38,45,906.91,Delivered
506956,2025-12-08,12069,20032,1,0.15,Standard,Cash On Delivery,389.38,45,23.16,Delivered
506957,2025-01-13,13759,20077,3,0.2,Standard,Upi,4468.58,45,798.38,Delivered
506958,2025-05-16,13146,20093,3,0.05,Express,Credit Card,2028.12,90,705.06,Delivered
506959,2024-01-23,12844,20010,2,0.05,Express,Debit Card,1846.52,90,546.44,Delivered
506960,2024-09-01,12487,20034,1,0.15,Standard,Debit Card,899.45,45,242.34,Delivered
506961,2025-02-21,13997,20111,1,0.25,Standard,Debit Card,975.66,45,297.84,Delivered
506962,2024-08-18,12134,20289,2,0.2,Standard,Debit Card,2799.18,45,768.66,Delivered
506963,2024-07-28,12022,20097,1,0.25,Express,Upi,372.27,90,-33.02,Delivered
506964,2024-06-10,10692,20150,2,0.0,Express,Net Banking,936.96,90,256.28,Delivered
506965,2025-01-11,14631,20204,1,0.05,Standard,Debit Card,1769.95,45,885.65,Delivered
506966,2024-06-18,10196,20222,1,0.15,Express,Credit Card,319.26,90,0.03,Delivered
506967,2024-12-04,11628,20032,2,0.1,Express,Upi,824.58,90,92.14,Delivered
506968,2025-04-18,10295,20125,2,0.15,Standard,Upi,1467.24,45,526.84,Delivered
506969,2024-08-14,13593,20108,3,0.0,Standard,Debit Card,6979.98,70,2096.69,Delivered
506970,2024-12-28,12581,20211,2,0.15,Express,Credit Card,1204.08,90,92.6,Delivered
506971,2025-04-23,13933,20002,2,0.25,Standard,Credit Card,3472.66,45,127.38,Delivered
506972,2025-07-08,12514,20183,1,0.05,Standard,Net Banking,1228.38,45,576.1,Delivered
506973,2025-04-19,13252,20059,3,0.15,Standard,Upi,15010.09,70,2221.02,Delivered
506974,2024-07-13,11155,20289,1,0.1,Standard,Unknown,1574.54,45,536.78,Delivered
506975,2024-01-12,11260,20096,4,0.1,Standard,Credit Card,5886.32,70,1776.52,Cancelled
506976,2025-05-09,13236,20250,3,0.1,Standard,Debit Card,7448.17,70,3019.62,Delivered
506977,2024-03-02,12992,20105,1,0.05,Standard,Upi,5600.32,70,1213.01,Delivered
506978,2025-06-12,13155,20211,3,0.25,Same Day,Credit Card,1593.63,140,-78.59,Delivered
506979,2024-09-27,14344,20270,2,0.0,Standard,Debit Card,1738.88,45,473.7,Delivered
506980,2025-06-21,12433,20059,2,0.15,Standard,Upi,10006.73,70,1457.35,Delivered
506981,2025-07-10,13598,20271,5,0.0,Standard,Credit Card,27171.6,70,9735.1,Delivered
506982,2025-10-18,12421,20029,2,0.2,Standard,Net Banking,3565.2,45,1508.72,Delivered
506983,2024-03-05,13373,20203,1,0.1,Standard,Upi,1658.93,45,488.71,Delivered
506984,2025-04-24,10088,20112,2,0.05,Standard,Debit Card,4797.97,45,956.15,Delivered
506985,2025-05-04,10835,20123,1,0.1,Express,Upi,5147.06,115,1570.43,Delivered
506986,2024-03-08,11378,20201,4,0.25,Standard,Credit Card,1793.37,45,646.85,Delivered
506987,2024-12-27,13481,20185,1,0.05,Standard,Debit Card,2448.4,45,917.76,Delivered
506988,2025-08-30,14607,20058,1,0.15,Standard,Credit Card,1383.92,45,510.5,Delivered
506989,2025-07-25,10212,20255,3,0.1,Standard,Upi,2219.43,45,792.81,Delivered
506990,2024-01-19,12958,20229,4,0.15,Standard,Credit Card,20722.05,70,4014.13,Delivered
506991,2025-06-28,14716,20053,1,0.05,Standard,Upi,1277.76,45,521.09,Delivered
506992,2024-03-31,11515,20244,1,0.15,Standard,Upi,362.95,45,74.83,Delivered
506993,2024-08-25,13234,20258,3,0.2,Standard,Debit Card,1616.06,45,531.62,Delivered
506994,2025-04-06,13083,20060,3,0.0,Standard,Upi,10576.08,70,3994.73,Delivered
506995,2024-01-24,14432,20229,2,0.2,Express,Net Banking,9751.55,115,1317.59,Cancelled
506996,2024-08-14,13146,20118,1,0.1,Standard,Debit Card,1085.96,45,304.05,Delivered
506997,2025-01-15,14701,20026,1,0.05,Standard,Debit Card,2065.14,45,700.12,Delivered
506998,2024-01-06,12032,20150,1,0.15,Express,Debit Card,398.21,90,12.87,Delivered
506999,2025-07-23,14017,20171,1,0.05,Standard,Upi,5387.24,70,1070.23,Delivered
507000,2025-09-03,10296,20253,1,0.3,Standard,Upi,408.07,45,77.1,Delivered
507001,2025-09-25,13281,20020,3,0.05,Express,Cash On Delivery,1010.21,90,277.91,Delivered
507002,2024-12-22,14484,20061,1,0.15,Standard,Cash On Delivery,1626.88,45,670.95,Delivered
507003,2024-06-05,12693,20151,1,0.1,Standard,Cash On Delivery,3822.89,45,1405.93,Delivered
507004,2024-07-19,11481,20236,1,0.1,Standard,Debit Card,3166.22,45,1369.43,Delivered
507005,2024-08-12,11568,20230,1,0.1,Same Day,Credit Card,687.1,140,30.34,Delivered
507006,2025-04-07,12248,20191,2,0.05,Standard,Upi,1961.29,45,462.69,Delivered
507007,2025-10-24,14133,20275,1,0.1,Standard,Credit Card,2603.56,45,1020.31,Delivered
507008,2024-09-13,14279,20203,4,0.1,Same Day,Upi,6635.74,165,1969.86,Delivered
507009,2025-08-15,11991,20204,1,0.15,Standard,Upi,1583.64,45,699.34,Delivered
507010,2025-03-06,13764,20228,4,0.15,Standard,Debit Card,2923.69,45,337.93,Delivered
507011,2025-02-28,12878,20269,2,0.15,Standard,Upi,762.36,45,301.34,Delivered
507012,2025-02-10,11389,20179,2,0.15,Express,Net Banking,1180.02,90,161.86,Delivered
507013,2025-09-03,10930,20257,1,0.1,Standard,Upi,311.07,45,7.46,Delivered
507014,2024-04-14,10178,20169,4,0.15,Standard,Upi,4143.99,45,1279.59,Delivered
507015,2024-09-08,13912,20003,1,0.1,Standard,Upi,461.02,45,73.28,Cancelled
507016,2025-10-06,13686,20008,2,0.15,Standard,Net Banking,990.01,45,343.99,Delivered
507017,2024-04-08,13570,20107,4,0.1,Express,Credit Card,2096.53,90,643.97,Delivered
507018,2024-06-26,10658,20040,3,0.05,Standard,Debit Card,2790.98,45,1066.82,Delivered
507019,2024-09-21,11213,20188,1,0.15,Standard,Upi,2387.48,45,531.28,Delivered
507020,2024-05-11,13822,20264,3,0.1,Express,Cash On Delivery,1935.17,90,317.9,Delivered
507021,2024-07-17,14053,20243,2,0.15,Express,Net Banking,811.26,90,62.4,Delivered
507022,2025-12-05,13793,20165,1,0.15,Standard,Upi,293.34,45,90.49,Delivered
507023,2025-12-20,10758,20283,1,0.3,Standard,Net Banking,947.45,45,13.53,Delivered
507024,2024-02-26,11641,20095,1,0.1,Standard,Upi,1038.8,45,113.48,Delivered
507025,2025-02-12,11231,20131,2,0.15,Standard,Cash On Delivery,317.41,45,96.21,Delivered
507026,2024-09-18,10673,20262,2,0.15,Standard,Credit Card,3608.23,45,350.99,Delivered
507027,2025-10-15,11540,20209,2,0.25,Express,Credit Card,1759.86,90,398.7,Delivered
507028,2025-07-28,13259,20010,1,0.1,Standard,Upi,874.67,45,224.63,Delivered
507029,2024-04-27,13307,20029,4,0.15,Standard,Debit Card,7576.05,70,3483.09,Delivered
507030,2025-04-29,12983,20148,1,0.15,Standard,Upi,11519.28,70,3146.02,Delivered
507031,2024-11-16,10083,20066,2,0.3,Express,Upi,876.6,90,39.16,Delivered
507032,2024-11-03,11123,20012,1,0.1,Express,Credit Card,5532.56,115,1383.06,Delivered
507033,2025-05-04,12892,20013,1,0.05,Standard,Upi,241.22,45,2.77,Delivered
507034,2024-11-16,12923,20102,1,0.15,Express,Upi,4280.95,90,517.44,Delivered
507035,2024-12-21,12873,20173,1,0.1,Standard,Net Banking,668.86,45,97.38,Delivered
507036,2025-10-09,11217,20213,1,0.0,Express,Debit Card,3099.77,90,815.0,Delivered
507037,2025-08-30,13225,20169,1,0.1,Standard,Upi,1096.94,45,347.09,Delivered
507038,2025-06-03,14190,20208,1,0.15,Express,Credit Card,2340.31,90,265.99,Delivered
507039,2025-06-09,10098,20062,1,0.1,Standard,Upi,307.87,45,26.12,Delivered
507040,2024-01-24,14535,20009,4,0.1,Standard,Upi,2701.12,45,497.96,Delivered
507041,2024-07-10,13257,20125,2,0.15,Standard,Credit Card,1467.24,45,526.84,Delivered
507042,2024-12-14,10546,20162,1,0.1,Standard,Credit Card,1450.01,45,318.14,Delivered
507043,2024-01-25,11442,20019,4,0.0,Standard,Net Banking,2051.76,45,847.88,Delivered
507044,2025-01-24,14484,20087,2,0.15,Express,Debit Card,769.13,90,204.03,Delivered
507045,2025-10-02,12680,20018,1,0.05,Express,Net Banking,2374.46,90,1127.24,Delivered
507046,2025-08-21,10864,20237,4,0.15,Standard,Debit Card,2202.11,45,824.43,Delivered
507047,2025-07-21,10546,20174,2,0.05,Standard,Upi,3388.76,45,1491.84,Delivered
507048,2024-07-08,14425,20104,2,0.1,Express,Net Banking,1756.69,90,266.29,Delivered
507049,2024-01-28,14905,20237,1,0.0,Standard,Debit Card,647.68,45,269.51,Delivered
507050,2025-06-24,11050,20126,1,0.05,Standard,Upi,4652.4,45,1422.07,Delivered
507051,2025-05-05,12420,20049,3,0.25,Express,Credit Card,1725.05,90,22.79,Delivered
507052,2025-05-02,14633,20102,1,0.1,Express,Upi,4532.77,90,769.26,Delivered
507053,2024-06-20,14807,20074,1,0.2,Standard,Credit Card,793.46,45,96.3,Delivered
507054,2024-02-07,14297,20171,2,0.25,Express,Debit Card,8506.17,115,-102.85,Delivered
507055,2024-10-25,14580,20138,3,0.05,Standard,Credit Card,6791.78,70,2146.93,Delivered
507056,2024-09-22,10117,20085,5,0.2,Express,Credit Card,10179.04,115,1293.84,Delivered
507057,2024-01-27,10412,20166,1,0.15,Standard,Upi,552.11,45,188.16,Delivered
507058,2025-10-09,13094,20038,4,0.1,Standard,Upi,5980.57,70,2545.53,Delivered
507059,2025-03-27,10633,20249,1,0.1,Standard,Credit Card,1696.01,45,200.62,Delivered
507060,2025-04-13,11374,20268,2,0.05,Standard,Credit Card,6713.0,70,2581.1,Delivered
507061,2024-03-25,11339,20105,1,0.1,Standard,Debit Card,5305.56,70,918.25,Delivered
507062,2024-01-13,11755,20024,2,0.15,Express,Upi,3887.8,90,579.34,Delivered
507063,2025-07-23,10752,20287,2,0.1,Standard,Credit Card,3505.59,45,608.41,Delivered
507064,2024-09-15,11494,20082,1,0.1,Same Day,Credit Card,1841.23,140,108.35,Delivered
507065,2024-04-09,14784,20255,1,0.1,Express,Credit Card,739.81,90,189.27,Delivered
507066,2025-09-07,12523,20023,1,0.0,Same Day,Upi,464.83,140,-24.42,Delivered
507067,2024-09-17,13736,20072,2,0.15,Standard,Debit Card,2759.17,45,253.37,Delivered
507068,2024-10-04,10738,20118,4,0.05,Standard,Credit Card,4585.16,45,1592.52,Delivered
507069,2024-03-06,13889,20038,2,0.1,Express,Credit Card,2990.29,90,1217.77,Delivered
507070,2025-08-23,14844,20156,2,0.2,Standard,Upi,3084.82,45,535.3,Delivered
507071,2025-08-22,12384,20127,1,0.2,Standard,Debit Card,3765.46,45,767.93,Delivered
507072,2025-01-12,11540,20277,2,0.05,Standard,Debit Card,12089.83,70,5831.49,Delivered
507073,2025-05-31,10831,20027,3,0.0,Standard,Credit Card,2984.52,45,1513.44,Delivered
507074,2025-10-17,14820,20056,1,0.1,Standard,Credit Card,4220.67,45,1613.65,Delivered
507075,2024-04-26,13883,20125,1,0.0,Standard,Upi,863.08,45,370.38,Delivered
507076,2025-05-13,14167,20021,2,0.1,Standard,Upi,22285.08,70,6419.5,Delivered
507077,2024-07-23,14861,20014,1,0.2,Standard,Cash On Delivery,6862.1,70,2699.79,Delivered
507078,2025-08-09,10893,20241,1,0.1,Standard,Upi,193.01,45,40.77,Delivered
507079,2024-03-20,13109,20107,1,0.2,Standard,Credit Card,465.9,45,80.26,Delivered
507080,2024-01-18,11344,20070,3,0.25,Standard,Upi,4625.8,45,1441.57,Delivered
507081,2025-12-29,14336,20204,2,0.15,Same Day,Credit Card,3167.29,140,1348.69,Delivered
507082,2025-09-05,12947,20028,1,0.2,Express,Credit Card,5937.14,115,142.34,Cancelled
507083,2025-10-05,13936,20221,1,0.2,Standard,Credit Card,1319.66,45,369.7,Cancelled
507084,2024-02-27,14375,20102,1,0.0,Standard,Upi,5036.41,70,1292.9,Delivered
507085,2024-04-21,13017,20067,1,0.15,Same Day,Upi,1402.58,140,109.53,Delivered
507086,2025-08-19,12986,20124,3,0.15,Standard,Upi,4761.26,45,1227.2,Delivered
507087,2025-09-19,10058,20289,1,0.1,Standard,Credit Card,1574.54,45,536.78,Delivered
507088,2024-11-10,14331,20242,1,0.2,Standard,Net Banking,3280.81,45,472.89,Delivered
507089,2024-06-10,14018,20012,1,0.15,Express,Credit Card,5225.2,115,1075.7,Delivered
507090,2024-11-19,13238,20203,1,0.15,Standard,Credit Card,1566.77,45,396.55,Delivered
507091,2025-12-18,10082,20220,2,0.1,Express,Credit Card,8313.77,115,2343.85,Delivered
507092,2024-11-26,12256,20179,1,0.2,Standard,Net Banking,555.3,45,46.22,Delivered
507093,2025-08-02,11509,20226,3,0.1,Express,Credit Card,4195.56,90,971.79,Delivered
507094,2025-05-16,10262,20214,2,0.05,Standard,Debit Card,3362.35,45,1621.13,Delivered
507095,2024-02-26,13707,20268,2,0.05,Same Day,Debit Card,6713.0,165,2486.1,Delivered
507096,2024-06-13,14114,20019,4,0.1,Standard,Credit Card,1846.58,45,642.7,Delivered
507097,2024-06-14,12318,20269,3,0.15,Standard,Debit Card,1143.55,45,474.52,Delivered
507098,2024-10-23,10010,20275,1,0.0,Express,Credit Card,2892.84,90,1264.59,Delivered
507099,2024-01-04,13282,20164,2,0.15,Standard,Debit Card,1295.98,45,166.88,Delivered
507100,2025-02-13,12912,20214,2,0.1,Standard,Net Banking,3185.39,45,1444.17,Delivered
507101,2024-04-15,10669,20222,1,0.05,Same Day,Net Banking,356.82,140,-12.41,Delivered
507102,2025-09-11,11271,20269,1,0.1,Standard,Upi,403.6,45,150.59,Delivered
507103,2025-11-12,13278,20084,1,0.15,Standard,Upi,1352.93,45,213.16,Delivered
507104,2025-07-19,13402,20231,3,0.15,Standard,Upi,1412.65,45,588.7,Delivered
507105,2024-06-14,11964,20044,1,0.0,Standard,Net Banking,2243.96,45,1084.08,Delivered
507106,2024-09-10,14115,20076,1,0.0,Standard,Debit Card,1743.24,45,504.69,Delivered
507107,2025-10-27,13858,20161,2,0.15,Standard,Credit Card,4449.84,45,1226.28,Delivered
507108,2024-05-07,11900,20236,2,0.2,Standard,Credit Card,5628.83,70,2055.25,Delivered
507109,2025-04-30,11051,20117,2,0.05,Standard,Upi,723.04,45,234.08,Delivered
507110,2024-03-16,10441,20090,1,0.15,Standard,Net Banking,881.34,45,306.02,Delivered
507111,2024-08-08,11514,20269,1,0.05,Standard,Net Banking,426.03,45,173.02,Delivered
507112,2025-03-09,13322,20254,2,0.3,Standard,Credit Card,634.31,45,130.79,Delivered
507113,2025-09-26,10376,20138,3,0.15,Standard,Upi,6076.85,70,1432.0,Delivered
507114,2025-06-20,12062,20095,1,0.2,Express,Net Banking,923.38,90,-46.94,Delivered
507115,2025-03-14,14885,20155,1,0.05,Standard,Upi,266.2,45,14.96,Delivered
507116,2025-03-10,10729,20195,1,0.1,Express,Credit Card,4703.63,90,1468.82,Delivered
507117,2025-09-09,12438,20005,2,0.05,Standard,Net Banking,801.7,45,291.34,Delivered
507118,2025-09-09,12754,20071,1,0.15,Standard,Unknown,1737.37,45,454.88,Delivered
507119,2025-09-06,14048,20104,3,0.3,Standard,Credit Card,2049.47,45,-96.13,Delivered
507120,2025-06-09,12892,20056,3,0.1,Standard,Credit Card,12662.0,70,4905.94,Delivered
507121,2024-05-12,12377,20170,1,0.0,Express,Credit Card,1456.29,90,430.17,Delivered
507122,2025-03-16,11969,20141,3,0.0,Standard,Upi,3680.46,45,1078.71,Delivered
507123,2025-06-17,13724,20034,2,0.15,Express,Upi,1798.91,90,484.69,Delivered
507124,2025-08-09,12744,20053,4,0.05,Standard,Upi,5111.04,70,2194.36,Delivered
507125,2025-01-25,12857,20003,1,0.25,Standard,Cash On Delivery,384.18,45,-3.56,Delivered
507126,2024-08-31,11760,20250,3,0.15,Express,Net Banking,7034.38,115,2560.83,Delivered
507127,2024-05-25,13986,20107,1,0.05,Standard,Debit Card,553.25,45,167.61,Delivered
507128,2025-02-18,13673,20099,2,0.2,Standard,Credit Card,3711.5,45,577.7,Delivered
507129,2025-03-02,13809,20293,1,0.05,Standard,Credit Card,2004.74,45,386.73,Delivered
507130,2024-07-30,10836,20180,2,0.25,Standard,Credit Card,4174.88,45,503.98,Delivered
507131,2024-09-05,12678,20134,1,0.05,Standard,Net Banking,1066.38,45,264.49,Delivered
507132,2024-02-04,14470,20149,2,0.05,Standard,Credit Card,670.49,45,83.03,Delivered
507133,2024-09-09,14532,20133,1,0.1,Express,Net Banking,1300.66,90,455.18,Delivered
507134,2024-10-12,11738,20259,1,0.15,Express,Upi,1175.63,90,19.71,Cancelled
507135,2025-11-23,10046,20276,2,0.15,Express,Cash On Delivery,2934.68,90,261.9,Delivered
507136,2024-07-28,11991,20204,1,0.05,Standard,Upi,1769.95,45,885.65,Cancelled
507137,2024-04-19,14340,20061,1,0.1,Standard,Debit Card,1722.58,45,766.65,Delivered
507138,2024-11-25,10156,20160,1,0.3,Standard,Credit Card,419.5,45,23.42,Delivered
507139,2024-05-21,13911,20147,5,0.1,Express,Debit Card,4632.75,90,924.55,Delivered
507140,2025-11-06,10962,20143,3,0.0,Express,Net Banking,6055.74,115,2663.96,Delivered
507141,2024-03-27,10945,20154,1,0.1,Standard,Credit Card,625.82,45,70.47,Delivered
507142,2024-05-19,12299,20111,1,0.05,Standard,Cash On Delivery,1235.84,45,558.02,Delivered
507143,2024-11-27,12219,20090,1,0.05,Standard,Upi,985.03,45,409.71,Delivered
507144,2025-11-04,12352,20049,2,0.1,Standard,Net Banking,1380.04,45,260.2,Delivered
507145,2024-01-26,14833,20131,2,0.1,Express,Credit Card,336.08,90,69.88,Delivered
507146,2025-10-07,10216,20211,2,0.0,Standard,Credit Card,1416.56,45,350.08,Delivered
507147,2025-09-18,12867,20228,1,0.0,Express,Credit Card,859.91,90,134.72,Delivered
507148,2025-11-23,14460,20253,1,0.15,Express,Upi,495.52,90,119.55,Delivered
507149,2024-12-27,14249,20094,1,0.05,Standard,Debit Card,2491.84,45,1006.62,Delivered
507150,2025-10-20,14310,20165,2,0.2,Standard,Credit Card,552.18,45,191.48,Delivered
507151,2024-12-25,11163,20109,1,0.05,Standard,Net Banking,920.46,45,407.78,Delivered
507152,2024-08-02,13224,20060,2,0.1,Standard,Cash On Delivery,6345.65,70,1934.75,Delivered
507153,2024-03-17,12651,20098,1,0.05,Standard,Upi,347.29,45,23.27,Delivered
507154,2024-04-04,10240,20187,1,0.05,Standard,Debit Card,2781.16,45,460.72,Delivered
507155,2024-08-05,12683,20236,2,0.25,Standard,Upi,5277.03,70,1703.45,Delivered
507156,2025-01-02,12151,20081,4,0.15,Standard,Debit Card,2318.53,45,810.61,Delivered
507157,2024-02-21,11540,20042,1,0.25,Standard,Upi,6016.53,70,1115.46,Delivered
507158,2024-09-30,13870,20151,1,0.05,Express,Net Banking,4035.28,90,1573.32,Delivered
507159,2025-03-19,13659,20073,2,0.15,Express,Net Banking,1565.55,90,438.81,Delivered
507160,2025-11-17,12231,20027,2,0.05,Standard,Upi,1890.2,45,894.48,Delivered
507161,2024-02-02,13629,20081,2,0.15,Standard,Cash On Delivery,1159.26,45,382.8,Delivered
507162,2025-02-19,10242,20233,2,0.2,Standard,Credit Card,4239.23,45,388.75,Delivered
507163,2025-10-05,10527,20174,1,0.05,Express,Credit Card,1694.38,90,678.42,Delivered
507164,2025-02-28,10509,20273,2,0.1,Standard,Upi,2575.76,45,1171.52,Delivered
507165,2024-01-07,11211,20113,5,0.15,Same Day,Credit Card,1796.73,140,512.78,Delivered
507166,2025-05-09,13948,20250,1,0.25,Standard,Credit Card,2068.94,45,571.09,Delivered
507167,2024-12-19,10295,20251,1,0.0,Standard,Upi,731.91,45,334.92,Delivered
507168,2025-11-26,13561,20015,1,0.1,Standard,Credit Card,1230.21,45,520.78,Delivered
507169,2024-07-17,12474,20169,1,0.05,Standard,Credit Card,1157.88,45,408.03,Delivered
507170,2025-12-15,11155,20073,2,0.1,Standard,Credit Card,1657.64,45,575.9,Delivered
507171,2025-03-10,11541,20270,2,0.1,Standard,Upi,1564.99,45,299.81,Delivered
507172,2024-05-15,13039,20264,1,0.15,Standard,Upi,609.22,45,55.13,Delivered
507173,2024-10-14,11900,20067,2,0.3,Standard,Net Banking,2310.13,45,-40.97,Delivered
507174,2025-10-19,12286,20259,1,0.1,Standard,Credit Card,1244.78,45,133.86,Delivered
507175,2025-12-19,14966,20132,3,0.1,Express,Debit Card,1351.89,90,579.12,Delivered
507176,2025-07-20,11052,20124,1,0.1,Standard,Upi,1680.44,45,472.42,Delivered
507177,2025-02-11,13179,20224,3,0.15,Standard,Upi,894.11,45,308.0,Delivered
507178,2025-12-17,13295,20174,2,0.0,Standard,Net Banking,3567.12,45,1670.2,Delivered
507179,2025-12-04,14729,20270,2,0.0,Standard,Debit Card,1738.88,45,473.7,Delivered
507180,2024-12-01,12022,20141,1,0.1,Express,Debit Card,1104.14,90,161.89,Delivered
507181,2024-01-02,13479,20136,1,0.0,Standard,Upi,315.13,45,92.68,Delivered
507182,2024-07-03,12285,20230,1,0.1,Express,Credit Card,687.1,90,80.34,Delivered
507183,2025-11-04,12830,20102,1,0.05,Standard,Upi,4784.59,45,1066.08,Delivered
507184,2025-07-14,10851,20287,1,0.0,Express,Net Banking,1947.55,90,431.46,Delivered
507185,2025-08-24,12660,20091,1,0.0,Standard,Credit Card,5503.94,70,1755.57,Cancelled
507186,2025-03-13,12451,20209,2,0.1,Standard,Upi,2111.83,45,795.67,Delivered
507187,2024-01-22,11059,20035,1,0.1,Standard,Credit Card,2131.42,45,832.39,Delivered
507188,2024-07-30,13983,20062,2,0.2,Standard,Upi,547.33,45,28.83,Delivered
507189,2025-04-21,14331,20152,1,0.05,Same Day,Debit Card,280.89,140,-1.48,Delivered
507190,2025-04-10,10981,20065,1,0.0,Same Day,Debit Card,2161.61,140,531.3,Delivered
507191,2024-08-21,11166,20221,2,0.0,Standard,Debit Card,3299.16,45,1444.24,Delivered
507192,2024-06-20,14929,20300,1,0.1,Standard,Net Banking,783.1,45,230.94,Delivered
507193,2025-08-25,10404,20051,3,0.15,Express,Cash On Delivery,3740.24,90,1610.21,Delivered
507194,2025-11-05,14870,20108,1,0.1,Standard,Cash On Delivery,2093.99,45,444.56,Delivered
507195,2025-06-01,10403,20174,1,0.1,Standard,Cash On Delivery,1605.2,45,634.24,Delivered
507196,2024-08-31,12347,20289,2,0.15,Standard,Net Banking,2974.13,45,943.61,Delivered
507197,2025-02-24,11806,20192,3,0.05,Same Day,Debit Card,3798.48,140,866.86,Delivered
507198,2025-01-13,10184,20167,2,0.2,Standard,Upi,1812.9,45,110.42,Delivered
507199,2025-04-17,14991,20244,3,0.0,Express,Upi,1281.0,90,461.64,Delivered
507200,2024-12-06,10466,20255,3,0.05,Express,Credit Card,2342.73,90,871.11,Delivered
507201,2025-11-01,10302,20058,1,0.15,Express,Net Banking,1383.92,90,465.5,Delivered
507202,2024-05-02,14157,20026,1,0.3,Standard,Debit Card,1521.68,45,156.66,Delivered
507203,2025-03-09,11709,20117,1,0.05,Express,Upi,361.52,90,49.54,Delivered
507204,2024-07-06,13694,20242,1,0.15,Express,Upi,3485.86,90,632.94,Delivered
507205,2024-01-14,11948,20230,1,0.05,Express,Upi,725.28,90,118.52,Delivered
507206,2024-03-10,12612,20253,1,0.05,Standard,Debit Card,553.81,45,222.84,Delivered
507207,2025-10-12,12494,20093,1,0.05,Express,Debit Card,676.04,90,175.02,Delivered
507208,2025-02-14,14279,20221,2,0.05,Standard,Debit Card,3134.2,45,1279.28,Delivered
507209,2025-08-13,14411,20195,2,0.1,Express,Debit Card,9407.27,115,3002.65,Delivered
507210,2024-11-13,13949,20201,4,0.25,Standard,Upi,1793.37,45,646.85,Delivered
507211,2025-03-12,14755,20227,1,0.25,Express,Debit Card,1851.48,90,-24.94,Delivered
507212,2025-08-14,11479,20057,2,0.1,Standard,Cash On Delivery,2943.29,45,451.65,Delivered
507213,2024-05-25,10996,20070,2,0.15,Standard,Upi,3495.05,45,1357.23,Delivered
507214,2024-08-14,12857,20248,1,0.05,Standard,Net Banking,477.88,45,85.34,Delivered
507215,2025-01-16,10652,20073,4,0.1,Standard,Cash On Delivery,3315.28,45,1196.8,Delivered
507216,2024-06-28,10893,20255,1,0.15,Standard,Credit Card,698.71,45,193.17,Delivered
507217,2025-06-19,12925,20264,2,0.1,Standard,Upi,1290.11,45,226.93,Delivered
507218,2024-04-08,12003,20091,1,0.05,Express,Cash On Delivery,5228.74,115,1435.37,Delivered
507219,2025-01-25,10117,20126,4,0.05,Standard,Upi,18609.59,70,5798.27,Delivered
507220,2024-09-26,13455,20290,4,0.05,Express,Net Banking,17687.59,115,5315.03,Delivered
507221,2024-04-03,11065,20240,1,0.05,Same Day,Credit Card,995.45,140,228.65,Delivered
507222,2025-04-07,10171,20010,1,0.0,Express,Debit Card,971.85,90,276.81,Delivered
507223,2025-10-20,13690,20212,1,0.1,Standard,Upi,918.86,45,147.43,Delivered
507224,2024-10-11,10163,20022,3,0.05,Standard,Credit Card,19139.72,70,6630.73,Delivered
507225,2024-01-22,13528,20157,3,0.2,Express,Upi,4751.33,90,1217.6,Delivered
507226,2024-01-02,10779,20159,3,0.2,Standard,Upi,18540.74,70,2212.69,Delivered
507227,2024-04-12,11318,20262,1,0.25,Standard,Credit Card,1591.87,45,-59.25,Delivered
507228,2024-02-05,11288,20110,1,0.2,Standard,Net Banking,457.86,45,12.62,Delivered
507229,2024-09-30,12295,20263,2,0.1,Same Day,Upi,6584.47,165,1308.67,Delivered
507230,2024-02-20,13090,20013,4,0.15,Standard,Upi,863.33,45,44.53,Delivered
507231,2024-05-22,14037,20063,1,0.1,Express,Upi,237.32,90,-48.97,Delivered
507232,2025-04-27,14537,20024,1,0.05,Standard,Net Banking,2172.59,45,518.36,Delivered
507233,2024-01-17,14458,20019,1,0.1,Same Day,Cash On Delivery,461.65,140,31.93,Delivered
507234,2025-08-11,12270,20230,1,0.1,Standard,Net Banking,687.1,45,125.34,Delivered
507235,2024-10-04,10658,20088,1,0.2,Express,Upi,530.32,90,94.95,Delivered
507236,2025-09-26,13620,20069,1,0.0,Standard,Upi,2008.29,45,1041.93,Delivered
507237,2025-03-13,13202,20150,1,0.1,Express,Upi,421.63,90,36.29,Delivered
507238,2025-03-11,10576,20278,2,0.0,Express,Debit Card,14039.38,115,3700.72,Delivered
507239,2025-01-18,10323,20092,2,0.05,Standard,Upi,6584.89,70,2269.13,Delivered
507240,2025-11-16,13507,20145,2,0.1,Standard,Credit Card,11232.86,70,4508.8,Delivered
507241,2024-05-11,11893,20175,1,0.1,Standard,Upi,230.55,45,8.54,Delivered
507242,2024-09-19,10224,20145,1,0.15,Standard,Upi,5304.41,70,1907.38,Delivered
507243,2025-01-28,11374,20191,3,0.15,Standard,Debit Card,2632.26,45,406.86,Delivered
507244,2024-07-26,14794,20135,4,0.05,Standard,Upi,10837.37,70,4443.45,Delivered
507245,2024-08-13,11859,20029,2,0.1,Same Day,Upi,4010.85,140,1859.37,Delivered
507246,2025-12-01,14005,20237,1,0.05,Express,Upi,615.3,90,192.13,Delivered
507247,2025-04-09,12586,20200,1,0.1,Express,Credit Card,1564.82,90,136.33,Delivered
507248,2024-12-23,14020,20260,3,0.1,Standard,Credit Card,3342.71,45,633.38,Delivered
507249,2024-05-23,12865,20118,2,0.15,Standard,Credit Card,2051.25,45,532.43,Delivered
507250,2024-12-19,12981,20272,1,0.05,Standard,Net Banking,1317.73,45,275.55,Delivered
507251,2024-09-07,11700,20080,1,0.0,Standard,Credit Card,2844.42,45,1381.92,Cancelled
507252,2025-01-10,13335,20075,1,0.0,Express,Upi,3405.9,90,1769.66,Delivered
507253,2024-09-01,14482,20187,1,0.25,Standard,Upi,2195.65,45,-124.79,Delivered
507254,2024-01-18,14854,20041,3,0.05,Express,Debit Card,427.5,90,87.03,Delivered
507255,2025-12-15,10161,20246,3,0.15,Standard,Cash On Delivery,914.18,45,300.05,Delivered
507256,2025-12-16,11465,20058,1,0.15,Standard,Debit Card,1383.92,45,510.5,Delivered
507257,2025-04-29,14646,20230,1,0.2,Standard,Cash On Delivery,610.76,45,49.0,Delivered
507258,2024-01-02,12085,20112,2,0.1,Standard,Debit Card,4545.45,45,703.63,Delivered
507259,2025-01-10,13706,20204,2,0.15,Standard,Cash On Delivery,3167.29,45,1443.69,Delivered
507260,2025-07-19,10821,20040,1,0.1,Standard,Upi,881.36,45,276.64,Delivered
507261,2024-06-14,12341,20058,3,0.05,Standard,Upi,4640.2,45,2109.94,Delivered
507262,2024-11-24,14816,20189,4,0.3,Standard,Debit Card,3527.47,45,32.91,Delivered
507263,2025-10-16,13219,20173,1,0.2,Standard,Credit Card,594.54,45,23.06,Delivered
507264,2025-03-23,10576,20077,2,0.1,Standard,Credit Card,3351.44,45,889.64,Delivered
507265,2024-04-01,10276,20048,1,0.15,Standard,Credit Card,538.0,45,170.5,Delivered
507266,2025-06-03,13668,20090,1,0.25,Standard,Upi,777.65,45,202.33,Delivered
507267,2024-09-08,14708,20011,1,0.1,Standard,Net Banking,783.4,45,281.5,Delivered
507268,2025-09-03,11419,20056,1,0.2,Express,Credit Card,3751.7,90,1099.68,Delivered
507269,2024-02-08,12892,20279,2,0.1,Express,Upi,2864.66,90,1249.32,Delivered
507270,2025-03-11,13049,20033,1,0.2,Standard,Upi,871.55,45,-0.9,Delivered
507271,2025-10-09,10252,20180,2,0.1,Standard,Credit Card,5009.85,70,1313.95,Delivered
507272,2024-12-27,13370,20116,1,0.1,Standard,Upi,401.29,45,115.99,Delivered
507273,2025-07-15,13155,20028,2,0.15,Standard,Net Banking,12616.41,70,1186.81,Delivered
507274,2024-03-23,13507,20115,3,0.2,Standard,Cash On Delivery,2679.79,45,997.9,Delivered
507275,2025-12-08,14248,20220,2,0.05,Standard,Upi,8775.64,70,2850.72,Delivered
507276,2024-01-27,13205,20226,3,0.15,Standard,Net Banking,3962.47,45,783.7,Delivered
507277,2025-08-11,12139,20243,3,0.25,Standard,Debit Card,1073.72,45,40.43,Delivered
507278,2024-01-21,13729,20179,2,0.0,Express,Upi,1388.26,90,370.1,Delivered
507279,2024-08-05,14177,20200,2,0.05,Express,Upi,3303.51,90,536.53,Delivered
507280,2024-02-14,14675,20265,1,0.1,Standard,Credit Card,226.63,45,31.93,Delivered
507281,2025-02-10,11302,20274,3,0.15,Express,Debit Card,2793.63,90,550.86,Delivered
507282,2025-11-24,14817,20194,1,0.1,Standard,Upi,4682.56,45,583.22,Delivered
507283,2025-04-23,10831,20082,1,0.25,Standard,Net Banking,1534.36,45,-103.52,Delivered
507284,2025-10-17,14168,20168,1,0.1,Standard,Upi,1993.25,45,342.22,Delivered
507285,2025-07-17,10567,20066,4,0.1,Express,Upi,2254.1,90,669.22,Delivered
507286,2025-09-09,10474,20022,1,0.1,Standard,Credit Card,6044.12,70,1827.79,Delivered
507287,2025-12-11,12953,20101,2,0.2,Standard,Credit Card,3073.02,45,1164.62,Delivered
507288,2024-12-02,11829,20176,3,0.0,Standard,Upi,767.04,45,351.27,Delivered
507289,2024-05-27,13245,20272,2,0.1,Same Day,Credit Card,2496.74,140,362.38,Delivered
507290,2025-09-06,14907,20049,3,0.1,Standard,Credit Card,2070.06,45,412.8,Delivered
507291,2025-02-14,11246,20101,1,0.05,Standard,Upi,1824.61,45,847.91,Delivered
507292,2025-05-28,10798,20063,5,0.15,Express,Net Banking,1120.68,90,49.23,Delivered
507293,2025-07-25,14246,20037,2,0.1,Standard,Credit Card,3063.67,45,934.47,Delivered
507294,2025-01-19,13339,20207,3,0.0,Express,Credit Card,2236.41,90,949.83,Delivered
507295,2025-04-26,14310,20222,1,0.05,Standard,Credit Card,356.82,45,82.59,Delivered
507296,2025-08-25,10322,20223,1,0.05,Standard,Debit Card,1243.88,45,465.03,Delivered
507297,2024-04-10,11957,20032,1,0.05,Standard,Upi,435.2,45,68.98,Delivered
507298,2024-04-23,12391,20151,2,0.15,Express,Net Banking,7221.02,115,2362.1,Delivered
507299,2024-09-18,14205,20074,1,0.15,Express,Upi,843.06,90,100.9,Delivered
507300,2025-02-25,10678,20072,1,0.15,Same Day,Upi,1379.58,140,9.18,Delivered
507301,2024-02-23,10335,20277,1,0.1,Standard,Upi,5726.76,70,2562.59,Delivered
507302,2024-07-06,12668,20203,2,0.15,Standard,Debit Card,3133.54,45,838.1,Delivered
507303,2025-06-22,12095,20103,2,0.15,Standard,Debit Card,1645.48,45,515.06,Delivered
507304,2025-08-14,10645,20175,2,0.15,Standard,Upi,435.49,45,36.47,Delivered
507305,2024-07-08,13845,20211,1,0.15,Standard,Net Banking,602.04,45,46.3,Delivered
507306,2025-08-25,11302,20253,4,0.05,Standard,Cash On Delivery,2215.25,45,1026.37,Delivered
507307,2025-06-30,12681,20294,4,0.05,Standard,Upi,7388.72,70,3657.48,Cancelled
507308,2024-02-27,13957,20154,1,0.15,Same Day,Credit Card,591.06,140,-59.29,Delivered
507309,2025-05-17,13569,20296,2,0.3,Same Day,Credit Card,571.96,140,-146.02,Cancelled
507310,2024-07-07,11411,20144,2,0.15,Standard,Upi,318.95,45,42.11,Delivered
507311,2025-07-01,14868,20019,1,0.1,Standard,Debit Card,461.65,45,126.93,Delivered
507312,2025-08-26,10692,20029,2,0.05,Standard,Net Banking,4233.68,45,2177.2,Delivered
507313,2025-07-21,12625,20189,2,0.05,Standard,Debit Card,2393.64,45,623.86,Delivered
507314,2025-08-01,12141,20164,1,0.1,Standard,Cash On Delivery,686.11,45,99.06,Delivered
507315,2024-11-08,10336,20266,1,0.0,Standard,Credit Card,603.13,45,185.13,Delivered
507316,2024-06-17,11879,20175,2,0.25,Standard,Upi,384.26,45,-14.76,Delivered
507317,2024-05-10,13292,20172,1,0.0,Standard,Net Banking,1174.12,45,247.57,Delivered
507318,2025-11-08,11853,20116,3,0.05,Express,Cash On Delivery,1270.76,90,459.86,Delivered
507319,2025-07-17,14756,20251,3,0.15,Standard,Credit Card,1866.37,45,765.4,Delivered
507320,2024-05-31,12001,20007,1,0.2,Express,Upi,5923.57,115,1008.34,Delivered
507321,2024-04-14,14708,20197,1,0.05,Standard,Upi,2882.96,45,673.41,Delivered
507322,2025-01-01,15000,20275,1,0.0,Standard,Credit Card,2892.84,45,1309.59,Delivered
507323,2024-04-01,10673,20033,1,0.05,Standard,Upi,1034.97,45,162.52,Delivered
507324,2025-12-13,12517,20152,3,0.15,Standard,Credit Card,753.96,45,281.85,Delivered
507325,2025-12-31,14095,20023,1,0.2,Standard,Debit Card,371.86,45,-22.39,Delivered
507326,2025-03-07,12526,20255,1,0.15,Same Day,Credit Card,698.71,140,98.17,Delivered
507327,2025-08-01,10117,20086,1,0.1,Express,Net Banking,292.42,90,-17.02,Delivered
507328,2025-11-11,13990,20181,1,0.15,Express,Upi,1637.92,90,186.76,Delivered
507329,2024-10-31,11094,20149,1,0.1,Express,Net Banking,317.6,90,-43.63,Delivered
507330,2024-01-28,11770,20102,2,0.1,Express,Upi,9065.54,115,1603.52,Delivered
507331,2024-10-14,12749,20091,4,0.2,Express,Credit Card,17612.61,115,2784.13,Delivered
507332,2024-12-20,12916,20037,3,0.25,Express,Debit Card,3829.59,90,613.29,Delivered
507333,2025-06-27,10192,20049,1,0.2,Standard,Debit Card,613.35,45,30.93,Delivered
507334,2025-11-08,12138,20039,2,0.15,Standard,Upi,5216.82,70,1022.06,Delivered
507335,2025-02-07,12481,20030,2,0.1,Standard,Upi,937.06,45,156.88,Delivered
507336,2024-05-15,12778,20043,2,0.05,Standard,Upi,1004.51,45,294.37,Delivered
507337,2024-03-08,12446,20206,1,0.1,Standard,Upi,938.98,45,325.94,Delivered
507338,2024-06-02,11371,20226,2,0.2,Express,Upi,2486.26,90,307.08,Delivered
507339,2025-04-07,10286,20032,1,0.0,Standard,Debit Card,458.1,45,91.88,Delivered
507340,2024-11-21,11853,20126,3,0.1,Standard,Debit Card,13222.6,70,3596.61,Delivered
507341,2024-04-05,14155,20095,4,0.1,Standard,Upi,4155.19,45,588.91,Delivered
507342,2024-07-15,10081,20002,2,0.0,Express,Upi,4630.22,90,1239.94,Delivered
507343,2024-04-17,11413,20099,1,0.0,Express,Credit Card,2319.69,90,685.29,Delivered
507344,2024-02-15,14516,20023,2,0.15,Standard,Net Banking,790.21,45,46.71,Delivered
507345,2024-07-04,13512,20218,4,0.25,Standard,Credit Card,1854.0,45,288.36,Delivered
507346,2025-03-29,12266,20222,4,0.15,Standard,Debit Card,1277.04,45,315.12,Delivered
507347,2024-11-18,12816,20297,3,0.05,Express,Upi,886.41,90,98.67,Delivered
507348,2024-10-11,11731,20298,2,0.05,Standard,Cash On Delivery,2893.95,45,1164.91,Delivered
507349,2024-03-23,10743,20072,3,0.15,Express,Net Banking,4138.75,90,357.55,Delivered
507350,2025-10-11,11169,20167,1,0.3,Standard,Net Banking,793.14,45,-80.6,Delivered
507351,2024-11-22,11172,20225,1,0.15,Standard,Upi,9545.53,70,2015.52,Delivered
507352,2025-03-24,12043,20138,1,0.0,Standard,Credit Card,2383.08,45,813.13,Delivered
507353,2024-11-16,13523,20210,1,0.05,Express,Upi,636.46,90,99.59,Delivered
507354,2024-05-24,13677,20112,1,0.15,Standard,Net Banking,2146.46,45,203.05,Delivered
507355,2024-10-04,14936,20228,2,0.15,Same Day,Upi,1461.85,140,51.47,Delivered
507356,2025-09-03,13883,20233,2,0.0,Standard,Debit Card,5299.04,70,1423.56,Delivered
507357,2024-01-14,11883,20050,1,0.1,Express,Upi,1778.6,90,679.6,Delivered
507358,2024-09-18,10282,20236,1,0.2,Standard,Net Banking,2814.42,45,1017.63,Delivered
507359,2025-02-17,14711,20257,3,0.05,Standard,Upi,985.05,45,164.22,Delivered
507360,2025-05-08,12250,20200,1,0.15,Standard,Upi,1477.89,45,94.4,Delivered
507361,2024-02-16,14413,20197,3,0.1,Standard,Upi,8193.69,70,1630.04,Delivered
507362,2025-10-17,11246,20001,2,0.15,Express,Net Banking,2573.48,90,623.52,Delivered
507363,2024-07-14,13129,20283,2,0.1,Standard,Net Banking,2436.3,45,613.46,Delivered
507364,2024-10-16,13300,20189,1,0.25,Standard,Debit Card,944.86,45,37.47,Delivered
507365,2025-03-07,10062,20125,1,0.05,Express,Cash On Delivery,819.93,90,282.23,Delivered
507366,2025-06-03,13379,20176,1,0.05,Standard,Cash On Delivery,242.9,45,74.31,Delivered
507367,2024-11-19,13546,20279,1,0.05,Standard,Debit Card,1511.91,45,704.24,Delivered
507368,2025-03-04,13886,20139,1,0.15,Standard,Upi,280.12,45,49.61,Cancelled
507369,2024-10-19,10677,20102,4,0.05,Standard,Upi,19138.36,70,4374.32,Delivered
507370,2025-01-11,10999,20287,1,0.1,Standard,Upi,1752.8,45,281.71,Delivered
507371,2025-06-18,11383,20147,1,0.2,Express,Upi,823.6,90,9.96,Delivered
507372,2024-03-24,13997,20296,2,0.05,Standard,Upi,776.23,45,153.25,Delivered
507373,2025-01-07,13379,20273,1,0.05,Express,Upi,1359.43,90,589.81,Delivered
507374,2024-01-24,12949,20012,1,0.1,Express,Credit Card,5532.56,115,1383.06,Delivered
507375,2024-11-20,14223,20143,1,0.15,Standard,Cash On Delivery,1715.79,45,578.53,Delivered
507376,2024-11-11,14715,20167,2,0.1,Express,Upi,2039.51,90,292.03,Delivered
507377,2025-07-03,11937,20269,2,0.1,Standard,Upi,807.21,45,346.19,Delivered
507378,2024-08-08,12877,20094,1,0.05,Standard,Credit Card,2491.84,45,1006.62,Delivered
507379,2024-08-01,10163,20106,2,0.05,Express,Debit Card,2315.13,90,910.15,Delivered
507380,2025-04-16,12754,20275,1,0.15,Standard,Upi,2458.91,45,875.66,Delivered
507381,2025-05-05,10848,20201,2,0.2,Standard,Credit Card,956.46,45,360.7,Delivered
507382,2024-03-25,11853,20092,2,0.1,Express,Upi,6238.31,115,1877.55,Delivered
507383,2025-01-19,12103,20236,1,0.15,Standard,Upi,2990.32,45,1193.53,Delivered
507384,2024-01-04,13973,20060,2,0.05,Express,Upi,6698.18,115,2242.28,Delivered
507385,2025-12-07,14169,20235,2,0.05,Same Day,Cash On Delivery,9747.82,165,3761.46,Cancelled
507386,2024-04-23,12260,20184,1,0.0,Express,Upi,818.94,90,169.66,Delivered
507387,2024-08-02,12993,20233,1,0.05,Standard,Debit Card,2517.04,45,569.3,Delivered
507388,2024-12-01,13546,20127,4,0.15,Express,Upi,16003.22,115,4078.1,Delivered
507389,2025-10-14,10813,20101,1,0.0,Standard,Cash On Delivery,1920.64,45,943.94,Delivered
507390,2024-06-15,11976,20135,1,0.0,Standard,Upi,2851.94,45,1225.96,Delivered
507391,2024-10-13,12227,20233,3,0.15,Standard,Credit Card,6756.28,70,978.06,Delivered
507392,2025-05-09,13998,20068,1,0.1,Standard,Upi,474.79,45,68.1,Delivered
507393,2025-01-18,11953,20087,3,0.15,Same Day,Credit Card,1153.7,140,301.05,Delivered
507394,2025-05-31,12683,20236,2,0.1,Standard,Upi,6332.44,70,2758.86,Delivered
507395,2024-05-06,14005,20108,1,0.1,Standard,Credit Card,2093.99,45,444.56,Delivered
507396,2025-03-08,10595,20137,1,0.25,Standard,Debit Card,240.54,45,37.26,Cancelled
507397,2024-03-26,13561,20265,1,0.2,Standard,Debit Card,201.45,45,6.75,Delivered
507398,2025-08-20,14874,20063,1,0.15,Standard,Cash On Delivery,224.14,45,-17.15,Delivered
507399,2025-06-19,11195,20230,4,0.1,Standard,Upi,2748.42,45,636.38,Delivered
507400,2024-02-14,12017,20238,2,0.0,Standard,Cash On Delivery,1270.94,45,328.8,Cancelled
507401,2025-09-14,14726,20247,2,0.1,Standard,Credit Card,3857.31,45,905.07,Delivered
507402,2024-10-16,11177,20159,3,0.1,Standard,Credit Card,20858.34,70,4530.29,Delivered
507403,2025-11-27,14205,20038,1,0.25,Express,Credit Card,1245.95,90,314.69,Delivered
507404,2024-08-22,12683,20244,3,0.1,Express,Debit Card,1152.9,90,333.54,Delivered
507405,2024-06-05,13283,20007,2,0.15,Standard,Credit Card,12587.58,70,2917.12,Delivered
507406,2025-02-09,12015,20077,2,0.25,Standard,Cash On Delivery,2792.86,45,331.06,Delivered
507407,2025-11-03,14325,20257,1,0.05,Standard,Debit Card,328.35,45,24.74,Delivered
507408,2025-05-19,10345,20037,1,0.1,Standard,Debit Card,1531.84,45,444.74,Delivered
507409,2025-12-12,10265,20066,2,0.1,Standard,Upi,1127.05,45,334.61,Delivered
507410,2024-05-01,14730,20100,2,0.05,Standard,Upi,2348.4,45,409.62,Delivered
507411,2024-08-11,13686,20261,1,0.2,Standard,Debit Card,120.0,45,-36.13,Delivered
507412,2024-01-23,11673,20042,1,0.15,Standard,Credit Card,6818.73,70,1917.66,Delivered
507413,2024-07-15,13648,20049,1,0.3,Standard,Debit Card,536.68,45,-45.74,Delivered
507414,2025-04-23,12141,20071,1,0.2,Express,Credit Card,1635.17,90,307.68,Delivered
507415,2024-10-11,13163,20246,2,0.2,Express,Net Banking,573.6,90,104.18,Delivered
507416,2025-06-01,12911,20002,1,0.0,Express,Debit Card,2315.11,90,574.97,Delivered
507417,2024-11-03,10454,20062,1,0.0,Express,Net Banking,342.08,90,15.33,Delivered
507418,2024-12-10,10349,20027,3,0.15,Same Day,Net Banking,2536.84,140,970.76,Delivered
507419,2025-08-23,10422,20067,1,0.15,Express,Upi,1402.58,90,159.53,Delivered
507420,2025-02-01,12763,20145,3,0.0,Express,Credit Card,18721.44,115,8625.35,Delivered
507421,2025-04-08,14782,20214,2,0.0,Express,Debit Card,3539.32,90,1753.1,Delivered
507422,2024-04-24,13278,20057,2,0.1,Express,Upi,2943.29,90,406.65,Delivered
507423,2025-09-27,12663,20286,1,0.2,Standard,Upi,1948.42,45,643.26,Delivered
507424,2025-03-25,14259,20211,4,0.15,Same Day,Net Banking,2408.15,140,225.19,Delivered
507425,2025-02-07,12352,20193,5,0.1,Standard,Upi,2944.04,45,717.64,Delivered
507426,2025-11-11,12367,20114,1,0.1,Express,Upi,372.61,90,17.67,Delivered
507427,2025-07-01,11030,20122,2,0.15,Express,Unknown,6470.57,115,986.39,Delivered
507428,2024-08-16,11325,20103,1,0.05,Standard,Cash On Delivery,919.53,45,331.82,Delivered
507429,2025-10-07,10101,20155,2,0.15,Express,Cash On Delivery,476.36,90,-26.12,Delivered
507430,2024-08-31,10416,20074,2,0.25,Standard,Credit Card,1487.74,45,138.42,Delivered
507431,2024-03-05,11384,20175,5,0.05,Standard,Net Banking,1216.81,45,286.76,Delivered
507432,2024-08-24,11424,20014,1,0.1,Standard,Debit Card,7719.86,70,3557.55,Cancelled
507433,2024-01-03,11044,20167,2,0.1,Standard,Net Banking,2039.51,45,337.03,Delivered
507434,2025-05-14,13330,20055,1,0.1,Standard,Upi,2536.74,45,310.34,Delivered
507435,2024-02-06,14430,20026,1,0.0,Standard,Upi,2173.83,45,808.81,Delivered
507436,2025-09-12,14444,20044,1,0.15,Express,Net Banking,1907.37,90,702.49,Cancelled
507437,2024-09-06,11289,20069,2,0.15,Standard,Upi,3414.09,45,1526.37,Delivered
507438,2024-01-03,14861,20038,4,0.2,Express,Debit Card,5316.06,115,1836.02,Delivered
507439,2024-08-22,14140,20012,1,0.0,Standard,Debit Card,6147.29,70,2042.79,Delivered
507440,2025-02-20,14171,20105,1,0.1,Express,Debit Card,5305.56,115,873.25,Delivered
507441,2024-09-07,14149,20244,1,0.05,Express,Credit Card,405.65,90,72.53,Delivered
507442,2024-05-22,14254,20273,1,0.15,Same Day,Upi,1216.33,140,396.71,Delivered
507443,2024-02-25,11704,20281,4,0.15,Express,Upi,4727.29,90,1703.21,Delivered
507444,2024-03-01,10766,20192,1,0.1,Express,Upi,1199.52,90,178.98,Delivered
507445,2024-03-08,11563,20088,3,0.05,Standard,Credit Card,1889.26,45,808.15,Delivered
507446,2024-03-19,12465,20139,1,0.15,Standard,Upi,280.12,45,49.61,Delivered
507447,2024-11-22,14807,20146,1,0.05,Standard,Net Banking,846.96,45,135.12,Delivered
507448,2025-01-01,14844,20164,1,0.1,Standard,Debit Card,686.11,45,99.06,Delivered
507449,2025-12-08,12892,20259,1,0.15,Standard,Debit Card,1175.63,45,64.71,Delivered
507450,2025-12-07,10116,20087,1,0.25,Express,Upi,339.32,90,11.77,Delivered
507451,2025-06-18,10279,20239,4,0.15,Express,Credit Card,1851.57,90,593.09,Delivered
507452,2025-06-09,10454,20265,3,0.15,Standard,Debit Card,642.12,45,148.02,Delivered
507453,2025-01-24,13214,20194,4,0.15,Express,Credit Card,17689.66,115,1357.3,Delivered
507454,2024-10-15,13488,20128,1,0.05,Standard,Net Banking,1432.02,45,627.0,Delivered
507455,2025-06-04,14465,20122,2,0.1,Standard,Debit Card,6470.57,70,1031.39,Delivered
507456,2025-10-13,13370,20244,4,0.05,Standard,Debit Card,1622.6,45,605.12,Delivered
507457,2024-09-09,10301,20047,2,0.15,Standard,Upi,858.5,45,266.34,Delivered
507458,2024-04-04,10717,20112,1,0.2,Standard,Net Banking,2020.2,45,76.79,Delivered
507459,2025-11-21,13669,20075,1,0.1,Standard,Upi,3065.31,45,1474.07,Delivered
507460,2024-01-03,10195,20298,1,0.0,Standard,Upi,1523.13,45,636.11,Delivered
507461,2025-11-26,11329,20030,1,0.15,Standard,Upi,442.5,45,29.91,Delivered
507462,2024-02-15,14354,20008,3,0.1,Express,Net Banking,1572.37,90,580.84,Delivered
507463,2025-10-14,11980,20008,2,0.1,Standard,Net Banking,1048.25,45,402.23,Delivered
507464,2025-06-08,13437,20239,1,0.1,Express,Cash On Delivery,490.12,90,108.0,Delivered
507465,2025-11-28,13318,20191,1,0.15,Express,Upi,877.42,90,60.62,Delivered
507466,2025-04-26,14883,20128,3,0.05,Standard,Net Banking,4296.06,45,1971.0,Delivered
507467,2025-08-19,11749,20011,1,0.1,Standard,Credit Card,783.4,45,281.5,Delivered
507468,2025-02-21,10498,20256,1,0.0,Standard,Cash On Delivery,1275.02,45,482.07,Delivered
507469,2024-02-12,10672,20233,3,0.05,Standard,Upi,7551.13,70,1772.91,Delivered
507470,2025-10-29,12846,20186,2,0.1,Express,Upi,4407.89,90,1596.29,Delivered
507471,2025-11-26,12675,20121,1,0.0,Express,Net Banking,1089.89,90,506.68,Delivered
507472,2025-07-12,11281,20167,2,0.0,Standard,Upi,2266.12,45,563.64,Delivered
507473,2024-07-24,13364,20144,1,0.15,Standard,Upi,159.48,45,-1.44,Delivered
507474,2025-12-22,12570,20101,1,0.1,Express,Credit Card,1728.58,90,706.88,Delivered
507475,2024-10-01,12161,20022,2,0.0,Express,Debit Card,13431.38,115,5023.72,Delivered
507476,2025-08-17,13904,20199,1,0.05,Express,Debit Card,729.11,90,177.96,Delivered
507477,2024-04-06,14726,20269,2,0.15,Express,Upi,762.36,90,256.34,Delivered
507478,2024-06-27,12717,20082,1,0.05,Standard,Credit Card,1943.52,45,305.64,Delivered
507479,2024-05-27,14199,20170,2,0.15,Standard,Upi,2475.69,45,558.45,Delivered
507480,2025-01-18,10245,20013,1,0.05,Standard,Credit Card,241.22,45,2.77,Delivered
507481,2024-03-12,14354,20197,3,0.25,Standard,Upi,6828.07,70,264.42,Delivered
507482,2024-08-04,10870,20095,2,0.1,Standard,Debit Card,2077.6,45,271.96,Cancelled
507483,2025-12-21,14535,20267,1,0.05,Express,Debit Card,557.96,90,22.93,Cancelled
507484,2025-03-08,13109,20051,1,0.0,Standard,Credit Card,1466.76,45,741.75,Delivered
507485,2025-09-27,12881,20188,1,0.05,Standard,Upi,2668.36,45,812.16,Delivered
507486,2025-05-15,14737,20004,1,0.15,Standard,Upi,290.16,45,9.34,Delivered
507487,2025-10-29,10686,20263,1,0.05,Standard,Upi,3475.14,45,874.74,Delivered
507488,2024-02-02,11975,20031,1,0.25,Same Day,Net Banking,635.36,140,105.4,Delivered
507489,2024-08-03,11012,20118,1,0.05,Standard,Credit Card,1146.29,45,364.38,Delivered
507490,2024-04-10,14988,20209,1,0.0,Standard,Credit Card,1173.24,45,492.66,Delivered
507491,2025-04-14,10473,20202,1,0.05,Express,Credit Card,516.34,90,121.62,Delivered
507492,2024-06-28,10911,20086,2,0.1,Express,Upi,584.84,90,55.96,Delivered
507493,2025-09-30,11318,20030,3,0.05,Standard,Net Banking,1483.68,45,335.91,Delivered
507494,2024-11-28,14368,20157,2,0.2,Standard,Credit Card,3167.55,45,826.73,Delivered
507495,2025-05-02,10567,20209,1,0.25,Standard,Cash On Delivery,879.93,45,199.35,Delivered
507496,2025-04-04,10265,20043,2,0.15,Express,Credit Card,898.77,90,143.63,Delivered
507497,2025-01-11,11466,20085,3,0.15,Express,Debit Card,6489.14,115,1112.02,Delivered
507498,2025-11-11,14203,20176,2,0.2,Same Day,Net Banking,409.09,140,21.91,Delivered
507499,2024-05-14,14807,20231,4,0.05,Standard,Net Banking,2105.12,45,1021.52,Delivered
507500,2025-08-27,10623,20150,3,0.1,Express,Credit Card,1264.9,90,288.88,Delivered
507501,2025-02-13,12466,20260,3,0.05,Same Day,Credit Card,3528.41,140,724.08,Delivered
507502,2024-06-03,13276,20003,4,0.1,Standard,Upi,1844.06,45,428.1,Delivered
507503,2024-10-06,11897,20235,2,0.05,Express,Debit Card,9747.82,115,3811.46,Delivered
507504,2025-04-23,12587,20082,2,0.2,Standard,Debit Card,3273.3,45,42.54,Delivered
507505,2024-07-17,10669,20252,2,0.2,Standard,Upi,1006.64,45,286.18,Delivered
507506,2025-02-20,13514,20154,1,0.1,Express,Credit Card,625.82,90,25.47,Delivered
507507,2024-04-07,14011,20291,1,0.15,Standard,Credit Card,720.9,45,38.69,Delivered
507508,2024-09-06,12878,20271,1,0.1,Express,Net Banking,4890.89,90,1327.59,Delivered
507509,2024-04-14,11401,20174,3,0.05,Standard,Upi,5083.15,70,2235.27,Delivered
507510,2025-10-02,11569,20024,1,0.05,Standard,Upi,2172.59,45,518.36,Delivered
507511,2024-11-22,10741,20002,1,0.1,Standard,Credit Card,2083.6,45,388.46,Delivered
507512,2025-04-26,10700,20187,2,0.0,Express,Upi,5855.08,115,1189.2,Delivered
507513,2025-01-11,10703,20164,1,0.15,Standard,Credit Card,647.99,45,60.94,Delivered
507514,2025-10-13,10525,20045,2,0.1,Standard,Upi,1589.71,45,337.31,Delivered
507515,2024-01-15,13025,20094,3,0.05,Standard,Upi,7475.52,70,3084.86,Delivered
507516,2025-11-26,14520,20204,1,0.15,Express,Upi,1583.64,90,654.34,Delivered
507517,2025-04-25,12409,20123,1,0.15,Express,Upi,4861.11,90,1309.48,Delivered
507518,2024-01-16,10360,20037,1,0.0,Express,Debit Card,1702.04,90,569.94,Delivered
507519,2025-07-28,13379,20118,2,0.0,Express,Credit Card,2413.24,90,849.42,Cancelled
507520,2025-04-29,11821,20140,2,0.1,Express,Net Banking,1692.88,90,336.64,Delivered
507521,2024-10-05,14745,20122,2,0.15,Standard,Upi,6470.57,70,1031.39,Cancelled
507522,2024-11-28,12004,20232,1,0.1,Standard,Upi,1420.99,45,608.3,Delivered
507523,2024-09-13,10564,20229,3,0.3,Same Day,Upi,12798.91,165,155.47,Delivered
507524,2024-07-03,13243,20228,1,0.1,Standard,Cash On Delivery,773.92,45,93.73,Delivered
507525,2025-08-10,11380,20219,4,0.1,Express,Upi,12349.04,115,4271.96,Delivered
507526,2024-01-27,10279,20155,1,0.15,Standard,Credit Card,238.18,45,-13.06,Delivered
507527,2024-01-25,10060,20007,3,0.25,Standard,Net Banking,16660.04,70,2189.35,Delivered
507528,2024-03-02,12256,20003,2,0.2,Standard,Upi,819.58,45,89.1,Delivered
507529,2025-10-19,13009,20004,1,0.1,Express,Upi,307.22,90,-18.6,Delivered
507530,2024-08-20,11344,20216,4,0.15,Standard,Credit Card,21270.98,70,7406.54,Delivered
507531,2025-04-08,10605,20264,1,0.05,Standard,Upi,680.89,45,126.8,Delivered
507532,2024-12-14,12656,20045,3,0.15,Standard,Debit Card,2252.08,45,395.98,Delivered
507533,2024-10-12,10592,20205,2,0.1,Standard,Debit Card,24404.98,70,4086.66,Delivered
507534,2025-02-17,13955,20201,1,0.05,Standard,Upi,567.9,45,247.52,Delivered
507535,2025-08-18,10012,20250,1,0.05,Express,Credit Card,2620.65,90,1077.8,Delivered
507536,2025-11-17,10122,20212,1,0.05,Express,Upi,969.91,90,153.48,Delivered
507537,2025-02-09,14521,20133,2,0.1,Standard,Credit Card,2601.32,45,1045.36,Delivered
507538,2025-01-15,11167,20174,1,0.2,Express,Net Banking,1426.85,90,410.89,Delivered
507539,2024-06-18,10843,20069,1,0.05,Standard,Upi,1907.88,45,941.52,Delivered
507540,2024-10-16,11926,20291,1,0.0,Standard,Upi,848.12,45,165.91,Delivered
507541,2025-05-30,10878,20143,1,0.15,Standard,Debit Card,1715.79,45,578.53,Delivered
507542,2024-10-13,10786,20017,1,0.15,Express,Upi,1038.87,90,354.68,Delivered
507543,2024-11-02,12399,20248,1,0.0,Standard,Net Banking,503.03,45,110.49,Delivered
507544,2025-07-15,11637,20228,1,0.05,Standard,Upi,816.91,45,136.72,Delivered
507545,2024-01-08,10376,20171,1,0.05,Standard,Upi,5387.24,70,1070.23,Delivered
507546,2024-12-22,13339,20206,1,0.1,Express,Net Banking,938.98,90,280.94,Delivered
507547,2025-08-03,10525,20091,1,0.05,Standard,Debit Card,5228.74,70,1480.37,Delivered
507548,2024-05-18,13512,20114,2,0.15,Express,Net Banking,703.82,90,83.94,Delivered
507549,2025-05-25,12751,20022,4,0.15,Same Day,Credit Card,22833.35,165,6083.03,Delivered
507550,2024-09-04,14279,20137,2,0.15,Standard,Cash On Delivery,545.22,45,183.66,Delivered
507551,2025-06-24,14817,20213,3,0.1,Express,Cash On Delivery,8369.38,115,1670.07,Delivered
507552,2024-07-01,12024,20003,1,0.1,Standard,Credit Card,461.02,45,73.28,Delivered
507553,2025-12-25,10891,20287,1,0.15,Express,Debit Card,1655.42,90,139.33,Delivered
507554,2025-02-26,11953,20013,2,0.1,Express,Credit Card,457.06,90,-19.84,Delivered
507555,2025-01-31,11046,20002,1,0.0,Standard,Upi,2315.11,45,619.97,Cancelled
507556,2024-10-31,12933,20263,3,0.1,Standard,Upi,9876.71,70,2140.51,Delivered
507557,2024-01-19,11442,20285,1,0.3,Standard,Upi,442.54,45,21.81,Delivered
507558,2025-01-17,12208,20132,1,0.1,Express,Upi,450.63,90,133.04,Delivered
507559,2024-08-13,13867,20234,1,0.1,Express,Credit Card,7335.95,115,2926.37,Delivered
507560,2024-08-17,13632,20243,2,0.2,Standard,Cash On Delivery,763.54,45,59.68,Delivered
507561,2025-08-30,13928,20173,1,0.15,Standard,Net Banking,631.7,45,60.22,Delivered
507562,2025-05-09,12350,20264,1,0.1,Express,Upi,645.06,90,45.97,Delivered
507563,2025-04-28,13399,20042,4,0.15,Standard,Cash On Delivery,27274.94,70,7880.66,Delivered
507564,2025-09-18,12280,20145,2,0.1,Standard,Cash On Delivery,11232.86,70,4508.8,Delivered
507565,2024-12-24,12586,20297,2,0.2,Standard,Upi,497.63,45,-12.53,Delivered
507566,2025-11-22,13840,20054,1,0.15,Standard,Upi,2359.92,45,908.14,Delivered
507567,2025-01-07,13541,20160,2,0.05,Standard,Upi,1138.63,45,391.47,Delivered
507568,2024-03-18,13190,20223,1,0.05,Standard,Upi,1243.88,45,465.03,Delivered
507569,2024-11-22,10021,20223,1,0.0,Standard,Upi,1309.35,45,530.5,Delivered
507570,2024-10-02,13505,20043,1,0.2,Express,Credit Card,422.95,90,0.38,Delivered
507571,2024-12-17,10592,20069,1,0.0,Express,Debit Card,2008.29,90,996.93,Delivered
507572,2024-06-30,14105,20100,2,0.1,Standard,Debit Card,2224.8,45,286.02,Delivered
507573,2025-05-19,11224,20204,3,0.2,Standard,Net Banking,4471.46,45,1908.56,Delivered
507574,2025-08-29,11461,20208,2,0.25,Standard,Credit Card,4129.95,45,116.31,Delivered
507575,2025-08-20,11458,20272,1,0.05,Standard,Debit Card,1317.73,45,275.55,Delivered
507576,2025-01-23,11912,20161,1,0.05,Standard,Credit Card,2486.67,45,852.39,Delivered
507577,2025-08-29,13127,20154,4,0.3,Express,Debit Card,1947.01,90,-184.39,Delivered
507578,2024-11-30,14275,20279,2,0.05,Express,Debit Card,3023.81,90,1408.47,Delivered
507579,2025-03-21,12140,20089,2,0.05,Standard,Upi,1181.59,45,303.39,Delivered
507580,2025-05-23,10542,20182,2,0.25,Standard,Debit Card,1679.52,45,219.2,Delivered
507581,2025-10-18,10282,20047,1,0.25,Standard,Upi,378.75,45,60.17,Delivered
507582,2024-09-04,12817,20244,1,0.1,Standard,Upi,384.3,45,96.18,Delivered
507583,2025-11-23,14353,20249,1,0.15,Standard,Upi,1601.79,45,106.4,Delivered
507584,2024-10-19,14784,20241,2,0.1,Standard,Debit Card,386.03,45,126.55,Delivered
507585,2025-06-14,10553,20118,1,0.25,Standard,Upi,904.96,45,123.05,Delivered
507586,2024-05-17,13740,20164,1,0.2,Same Day,Credit Card,609.87,140,-72.18,Delivered
507587,2025-07-09,14398,20291,3,0.1,Standard,Debit Card,2289.92,45,333.29,Delivered
507588,2024-12-10,11429,20171,1,0.1,Same Day,Cash On Delivery,5103.7,165,691.69,Delivered
507589,2024-02-06,12925,20005,1,0.15,Standard,Debit Card,358.66,45,80.98,Delivered
507590,2024-11-09,12808,20260,2,0.15,Standard,Debit Card,2104.67,45,283.45,Delivered
507591,2024-08-07,11043,20058,2,0.0,Standard,Credit Card,3256.28,45,1554.44,Delivered
507592,2025-10-01,13880,20200,2,0.05,Standard,Credit Card,3303.51,45,581.53,Delivered
507593,2024-05-22,13861,20138,1,0.1,Standard,Upi,2144.77,45,574.82,Delivered
507594,2025-02-07,12935,20237,1,0.1,Standard,Credit Card,582.91,45,204.74,Delivered
507595,2025-11-25,14652,20148,1,0.05,Standard,Upi,12874.49,70,4501.23,Delivered
507596,2025-02-07,11806,20288,4,0.05,Standard,Credit Card,4066.42,45,2031.7,Delivered
507597,2025-07-08,10460,20219,1,0.1,Standard,Debit Card,3087.26,45,1051.74,Delivered
507598,2025-04-23,10037,20177,3,0.2,Standard,Debit Card,2552.69,45,130.49,Delivered
507599,2025-12-22,13576,20282,1,0.1,Standard,Credit Card,648.68,45,200.13,Delivered
507600,2025-07-13,12375,20163,5,0.05,Standard,Credit Card,13664.99,70,2960.84,Cancelled
507601,2024-08-07,12575,20284,1,0.2,Standard,Net Banking,262.18,45,55.46,Delivered
507602,2025-01-01,11421,20186,1,0.05,Standard,Cash On Delivery,2326.39,45,920.59,Delivered
507603,2024-07-14,13765,20006,3,0.15,Express,Cash On Delivery,1473.26,90,452.72,Delivered
507604,2025-11-14,13822,20050,1,0.1,Express,Upi,1778.6,90,679.6,Delivered
507605,2025-11-17,13805,20046,2,0.2,Express,Upi,6756.83,115,380.17,Delivered
507606,2024-02-01,11099,20217,2,0.15,Standard,Credit Card,901.51,45,366.65,Delivered
507607,2024-02-23,11421,20209,2,0.2,Same Day,Debit Card,1877.18,140,466.02,Delivered
507608,2025-02-26,14488,20096,3,0.15,Standard,Debit Card,4169.48,45,1094.63,Delivered
507609,2025-11-28,12040,20025,1,0.1,Express,Net Banking,3061.94,90,336.43,Delivered
507610,2024-08-21,12092,20125,3,0.1,Same Day,Credit Card,2330.32,140,847.22,Delivered
507611,2024-04-19,12689,20063,4,0.15,Express,Upi,896.55,90,21.39,Delivered
507612,2024-04-09,14310,20163,2,0.15,Standard,Upi,4890.63,45,591.97,Delivered
507613,2025-12-12,10871,20289,2,0.1,Express,Credit Card,3149.08,90,1073.56,Delivered
507614,2024-07-29,12615,20243,5,0.15,Standard,Cash On Delivery,2028.14,45,335.99,Delivered
507615,2025-02-06,12464,20152,1,0.1,Standard,Debit Card,266.1,45,78.73,Delivered
507616,2024-05-29,14034,20095,1,0.0,Express,Upi,1154.22,90,183.9,Delivered
507617,2025-11-05,12019,20097,1,0.1,Standard,Upi,446.72,45,86.43,Delivered
507618,2025-01-28,14392,20293,1,0.0,Standard,Debit Card,2110.25,45,492.24,Delivered
507619,2025-10-16,13445,20063,3,0.15,Express,Debit Card,672.41,90,-6.46,Delivered
507620,2024-09-14,11246,20248,1,0.2,Standard,Debit Card,402.42,45,9.88,Delivered
507621,2024-09-01,14672,20275,1,0.05,Standard,Debit Card,2748.2,45,1164.95,Delivered
507622,2024-05-29,13778,20039,1,0.15,Standard,Upi,2608.41,45,501.03,Delivered
507623,2025-09-15,10796,20104,1,0.0,Standard,Credit Card,975.94,45,230.74,Delivered
507624,2024-04-08,14226,20083,1,0.05,Standard,Credit Card,930.12,45,394.04,Delivered
507625,2024-04-12,10196,20200,2,0.05,Express,Upi,3303.51,90,536.53,Delivered
507626,2025-12-23,12994,20105,1,0.0,Express,Cash On Delivery,5895.07,115,1462.76,Delivered
507627,2024-01-12,14458,20179,1,0.2,Express,Debit Card,555.3,90,1.22,Delivered
507628,2024-08-13,14572,20060,2,0.1,Standard,Net Banking,6345.65,70,1934.75,Delivered
507629,2025-03-17,14400,20256,1,0.05,Standard,Upi,1211.27,45,418.32,Delivered
507630,2024-05-27,12233,20206,2,0.15,Standard,Credit Card,1773.63,45,592.55,Delivered
507631,2024-06-27,12313,20210,1,0.2,Standard,Net Banking,535.97,45,44.1,Delivered
507632,2024-01-07,11438,20229,2,0.1,Standard,Debit Card,10970.5,70,2581.54,Delivered
507633,2024-05-31,10402,20122,1,0.2,Standard,Credit Card,3044.98,45,315.39,Delivered
507634,2025-08-04,12221,20124,1,0.2,Standard,Upi,1493.73,45,285.71,Delivered
507635,2024-12-18,10042,20135,2,0.15,Standard,Credit Card,4848.3,45,1641.34,Delivered
507636,2025-07-18,13680,20188,2,0.05,Standard,Upi,5336.72,70,1644.32,Delivered
507637,2025-11-04,10907,20133,2,0.1,Standard,Upi,2601.32,45,1045.36,Delivered
507638,2025-02-20,13997,20091,2,0.05,Standard,Upi,10457.49,70,3030.75,Delivered
507639,2025-08-27,11246,20102,1,0.25,Standard,Net Banking,3777.31,45,58.8,Delivered
507640,2025-10-24,14629,20161,2,0.15,Standard,Cash On Delivery,4449.84,45,1226.28,Delivered
507641,2025-07-23,11807,20125,1,0.0,Standard,Credit Card,863.08,45,370.38,Cancelled
507642,2024-07-14,14061,20293,3,0.2,Standard,Upi,5064.6,70,275.57,Delivered
507643,2024-11-20,10977,20143,1,0.0,Standard,Cash On Delivery,2018.58,45,881.32,Delivered
507644,2025-04-26,11366,20273,3,0.15,Standard,Upi,3649.0,45,1565.14,Delivered
507645,2024-07-26,14413,20037,2,0.1,Express,Upi,3063.67,90,889.47,Cancelled
507646,2024-10-29,12926,20259,1,0.05,Standard,Upi,1313.94,45,203.02,Delivered
507647,2024-10-25,14258,20154,1,0.15,Standard,Upi,591.06,45,35.71,Delivered
507648,2025-03-01,12064,20104,3,0.3,Standard,Debit Card,2049.47,45,-96.13,Delivered
507649,2024-03-02,10971,20121,1,0.15,Standard,Upi,926.41,45,388.2,Delivered
507650,2024-07-13,13289,20134,1,0.2,Express,Credit Card,898.0,90,51.11,Delivered
507651,2025-07-20,12144,20099,1,0.25,Standard,Upi,1739.77,45,150.37,Delivered
507652,2024-12-28,13482,20216,2,0.1,Standard,Credit Card,11261.11,70,4293.89,Delivered
507653,2025-07-14,11478,20243,1,0.15,Standard,Credit Card,405.63,45,31.2,Delivered
507654,2025-09-09,12498,20231,1,0.1,Express,Net Banking,498.58,90,148.93,Delivered
507655,2024-03-18,11481,20226,2,0.05,Same Day,Credit Card,2952.43,140,723.25,Delivered
507656,2024-10-10,11788,20013,1,0.0,Same Day,Upi,253.92,140,-79.53,Delivered
507657,2024-02-26,11813,20235,2,0.2,Standard,Debit Card,8208.69,70,2317.33,Delivered
507658,2025-11-11,14212,20083,2,0.0,Standard,Upi,1958.14,45,930.98,Delivered
507659,2025-01-10,11869,20243,1,0.1,Express,Credit Card,429.49,90,10.06,Delivered
507660,2025-01-10,11537,20224,3,0.0,Same Day,Upi,1051.89,140,370.78,Delivered
507661,2025-12-19,14729,20224,2,0.1,Standard,Upi,631.13,45,225.39,Delivered
507662,2025-01-07,10786,20185,1,0.0,Express,Net Banking,2577.26,90,1001.62,Delivered
507663,2025-11-05,11894,20174,2,0.15,Standard,Credit Card,3032.05,45,1135.13,Delivered
507664,2024-08-31,10916,20268,1,0.15,Standard,Net Banking,3003.19,45,927.24,Delivered
507665,2024-02-08,10893,20097,2,0.15,Express,Credit Card,843.81,90,123.23,Delivered
507666,2024-11-04,14313,20127,1,0.1,Express,Upi,4236.15,90,1193.62,Delivered
507667,2025-09-24,11338,20215,1,0.15,Standard,Credit Card,481.79,45,166.79,Delivered
507668,2024-03-26,10163,20028,2,0.1,Express,Net Banking,13358.56,115,1883.96,Delivered
507669,2024-04-08,12869,20050,1,0.1,Standard,Upi,1778.6,45,724.6,Delivered
507670,2025-01-08,14548,20268,4,0.1,Express,Cash On Delivery,12719.38,115,4480.58,Delivered
507671,2025-05-09,13536,20083,3,0.1,Standard,Credit Card,2643.49,45,1125.25,Delivered
507672,2024-07-26,13381,20244,1,0.1,Standard,Credit Card,384.3,45,96.18,Delivered
507673,2025-09-16,13866,20225,1,0.1,Standard,Cash On Delivery,10107.04,70,2577.03,Delivered
507674,2024-03-23,14730,20018,2,0.05,Standard,Credit Card,4748.92,45,2389.48,Delivered
507675,2025-07-30,13400,20226,2,0.15,Express,Credit Card,2641.65,90,462.47,Delivered
507676,2024-01-01,12586,20111,2,0.3,Express,Upi,1821.23,90,465.59,Delivered
507677,2025-03-12,13627,20076,1,0.15,Standard,Net Banking,1481.75,45,243.2,Cancelled
507678,2025-11-16,10269,20023,1,0.1,Standard,Cash On Delivery,418.35,45,24.1,Delivered
507679,2024-09-06,13029,20156,2,0.2,Express,Upi,3084.82,90,490.3,Delivered
507680,2025-02-13,11012,20203,1,0.15,Standard,Cash On Delivery,1566.77,45,396.55,Delivered
507681,2025-01-20,12136,20220,5,0.05,Express,Upi,21939.11,115,7186.81,Delivered
507682,2024-03-24,11249,20040,2,0.15,Standard,Debit Card,1664.79,45,500.35,Delivered
507683,2025-05-04,13208,20098,1,0.15,Standard,Debit Card,310.73,45,-13.29,Cancelled
507684,2024-08-26,11591,20162,1,0.15,Standard,Upi,1369.45,45,237.58,Delivered
507685,2025-06-23,12972,20213,2,0.0,Same Day,Upi,6199.54,165,1645.0,Delivered
507686,2025-01-14,10723,20092,3,0.15,Same Day,Upi,8837.61,165,2303.97,Delivered
507687,2025-01-25,10551,20190,1,0.2,Standard,Net Banking,512.11,45,67.86,Delivered
507688,2024-11-23,13002,20162,3,0.05,Standard,Credit Card,4591.69,45,1286.08,Delivered
507689,2025-04-24,12734,20057,1,0.2,Standard,Net Banking,1308.13,45,39.81,Delivered
507690,2024-10-30,12113,20233,1,0.15,Standard,Net Banking,2252.09,45,304.35,Delivered
507691,2024-10-08,12669,20029,1,0.15,Standard,Debit Card,1894.01,45,843.27,Delivered
507692,2025-11-25,10592,20205,1,0.15,Same Day,Cash On Delivery,11524.57,165,1235.41,Delivered
507693,2024-12-10,14741,20124,2,0.05,Standard,Upi,3547.6,45,1176.56,Delivered
507694,2024-05-14,11152,20008,3,0.05,Express,Upi,1659.73,90,668.2,Cancelled
507695,2025-04-12,11175,20107,1,0.0,Standard,Credit Card,582.37,45,196.73,Delivered
507696,2024-12-26,11910,20092,4,0.1,Standard,Net Banking,12476.63,70,3915.11,Delivered
507697,2025-07-22,14097,20158,2,0.1,Standard,Credit Card,2162.7,45,520.68,Delivered
507698,2024-04-24,14464,20084,3,0.0,Standard,Credit Card,4775.04,45,1445.73,Delivered
507699,2024-07-04,12022,20039,2,0.1,Express,Debit Card,5523.7,115,1283.94,Delivered
507700,2025-04-22,13263,20033,3,0.05,Express,Upi,3104.9,90,532.55,Delivered
507701,2024-01-01,14386,20287,5,0.2,Standard,Cash On Delivery,7790.2,70,589.75,Cancelled
507702,2025-06-24,14896,20208,3,0.1,Standard,Credit Card,7433.91,70,1410.95,Delivered
507703,2025-10-23,14306,20277,1,0.05,Standard,Credit Card,6044.92,70,2880.75,Delivered
507704,2025-02-27,14331,20178,2,0.1,Same Day,Upi,932.85,140,275.41,Delivered
507705,2025-12-02,14839,20188,2,0.0,Standard,Credit Card,5617.6,70,1925.2,Delivered
507706,2024-09-26,11936,20215,1,0.1,Standard,Upi,510.13,45,195.13,Delivered
507707,2025-02-22,11454,20201,2,0.2,Standard,Net Banking,956.46,45,360.7,Delivered
507708,2024-11-22,10422,20172,1,0.1,Standard,Net Banking,1056.71,45,130.16,Delivered
507709,2024-07-13,13301,20207,1,0.05,Standard,Upi,708.2,45,264.34,Delivered
507710,2024-09-11,12205,20288,1,0.25,Standard,Cash On Delivery,802.58,45,260.15,Delivered
507711,2024-03-19,12372,20059,1,0.25,Express,Credit Card,4414.73,90,85.04,Delivered
507712,2024-04-07,12431,20236,1,0.05,Standard,Upi,3342.12,45,1545.33,Delivered
507713,2024-05-29,10813,20081,1,0.05,Same Day,Upi,647.82,140,142.09,Delivered
507714,2025-03-22,10813,20177,1,0.0,Express,Upi,1063.62,90,181.22,Delivered
507715,2024-05-02,13383,20040,2,0.15,Standard,Upi,1664.79,45,500.35,Delivered
507716,2025-09-01,12581,20082,2,0.15,Standard,Credit Card,3477.88,45,247.12,Delivered
507717,2025-11-06,14122,20162,1,0.15,Standard,Upi,1369.45,45,237.58,Delivered
507718,2025-07-11,13250,20113,5,0.05,Standard,Upi,2008.11,45,819.16,Delivered
507719,2024-12-24,12748,20089,2,0.3,Standard,Cash On Delivery,870.65,45,-7.55,Delivered
507720,2024-08-26,11921,20012,1,0.05,Standard,Debit Card,5839.93,70,1735.43,Delivered
507721,2025-06-13,12337,20265,1,0.0,Standard,Net Banking,251.81,45,57.11,Delivered
507722,2025-11-13,10090,20232,2,0.1,Standard,Upi,2841.98,45,1261.6,Delivered
507723,2025-10-30,10885,20089,4,0.1,Express,Upi,2238.8,90,482.4,Delivered
507724,2024-07-22,12375,20216,2,0.1,Standard,Upi,11261.11,70,4293.89,Delivered
507725,2025-10-19,11618,20049,1,0.1,Standard,Net Banking,690.02,45,107.6,Delivered
507726,2024-05-22,13595,20270,2,0.1,Standard,Cash On Delivery,1564.99,45,299.81,Delivered
507727,2024-07-05,13410,20060,2,0.05,Standard,Credit Card,6698.18,70,2287.28,Delivered
507728,2025-05-02,11696,20246,3,0.2,Standard,Credit Card,860.4,45,246.27,Delivered
507729,2024-05-01,14431,20299,1,0.05,Express,Cash On Delivery,1358.63,90,194.76,Delivered
507730,2024-12-15,14042,20214,3,0.3,Standard,Credit Card,3716.29,45,1126.96,Delivered
507731,2024-04-09,10831,20082,3,0.3,Standard,Credit Card,4296.2,45,-527.44,Delivered
507732,2024-10-10,10753,20064,3,0.05,Standard,Net Banking,5936.24,70,2718.19,Delivered
507733,2025-06-10,10716,20258,1,0.1,Express,Net Banking,606.02,90,169.54,Delivered
507734,2025-01-18,12442,20257,2,0.25,Express,Upi,518.44,90,-88.78,Delivered
507735,2025-07-08,10172,20118,3,0.1,Express,Debit Card,3257.87,90,957.14,Delivered
507736,2024-07-05,10475,20024,4,0.15,Standard,Debit Card,7775.6,70,1268.68,Delivered
507737,2024-01-08,12822,20236,1,0.1,Standard,Debit Card,3166.22,45,1369.43,Delivered
507738,2025-09-15,11636,20102,1,0.1,Express,Credit Card,4532.77,90,769.26,Delivered
507739,2025-06-28,14696,20005,2,0.1,Standard,Cash On Delivery,759.51,45,249.15,Delivered
507740,2025-02-22,10678,20109,1,0.1,Express,Debit Card,872.02,90,314.34,Delivered
507741,2024-03-30,13761,20183,2,0.0,Standard,Credit Card,2586.06,45,1326.5,Delivered
507742,2025-05-10,12088,20119,3,0.25,Express,Debit Card,7306.13,115,2807.23,Delivered
507743,2025-10-22,12902,20292,1,0.2,Standard,Upi,263.82,45,-24.04,Delivered
507744,2025-12-24,13101,20183,1,0.2,Standard,Upi,1034.42,45,382.14,Delivered
507745,2024-04-25,13593,20138,3,0.15,Express,Credit Card,6076.85,115,1387.0,Delivered
507746,2025-11-15,12798,20085,1,0.05,Express,Credit Card,2417.52,90,573.48,Delivered
507747,2024-01-20,10809,20174,1,0.05,Standard,Upi,1694.38,45,723.42,Delivered
507748,2024-05-11,14004,20052,1,0.0,Standard,Upi,1995.73,45,644.82,Delivered
507749,2024-10-18,11623,20226,2,0.15,Standard,Cash On Delivery,2641.65,45,507.47,Delivered
507750,2024-12-19,12889,20226,1,0.2,Standard,Net Banking,1243.13,45,153.54,Delivered
507751,2024-08-24,10086,20132,1,0.15,Standard,Upi,425.6,45,153.01,Cancelled
507752,2025-08-11,11684,20184,2,0.2,Express,Credit Card,1310.3,90,101.74,Delivered
507753,2024-08-10,11311,20267,1,0.2,Same Day,Upi,469.86,140,-115.17,Delivered
507754,2025-03-11,10941,20105,3,0.05,Standard,Debit Card,16800.95,70,3779.02,Delivered
507755,2025-09-29,10867,20178,4,0.1,Same Day,Upi,1865.7,140,690.82,Delivered
507756,2024-02-08,11401,20189,1,0.05,Standard,Upi,1196.82,45,289.43,Delivered
507757,2024-11-22,13481,20151,1,0.1,Standard,Net Banking,3822.89,45,1405.93,Delivered
507758,2024-07-27,14596,20113,1,0.1,Standard,Debit Card,380.48,45,106.69,Delivered
507759,2024-04-15,14548,20286,2,0.15,Express,Net Banking,4140.38,90,1530.06,Delivered
507760,2025-10-13,14714,20123,1,0.15,Standard,Net Banking,4861.11,45,1354.48,Cancelled
507761,2024-09-05,13904,20088,3,0.3,Standard,Credit Card,1392.09,45,310.98,Delivered
507762,2025-07-20,10725,20025,3,0.05,Same Day,Debit Card,9696.16,165,1624.63,Delivered
507763,2025-09-21,10188,20030,1,0.05,Standard,Debit Card,494.56,45,81.97,Delivered
507764,2025-11-18,14831,20167,2,0.15,Standard,Cash On Delivery,1926.2,45,223.72,Delivered
507765,2024-12-19,12773,20074,1,0.15,Express,Upi,843.06,90,100.9,Delivered
507766,2025-04-14,14157,20073,4,0.05,Express,Debit Card,3499.46,90,1335.98,Delivered
507767,2025-12-25,12571,20112,1,0.2,Same Day,Upi,2020.2,140,-18.21,Delivered
507768,2024-09-21,13701,20211,5,0.1,Standard,Net Banking,3187.26,45,588.56,Delivered
507769,2025-10-13,12940,20180,2,0.1,Standard,Upi,5009.85,70,1313.95,Delivered
507770,2025-04-08,11853,20005,2,0.15,Standard,Upi,717.32,45,206.96,Delivered
507771,2025-03-16,13225,20202,3,0.15,Standard,Upi,1385.98,45,426.82,Delivered
507772,2024-10-10,13381,20256,3,0.15,Express,Credit Card,3251.3,90,917.45,Delivered
507773,2025-06-17,13250,20142,2,0.0,Standard,Net Banking,1336.46,45,432.18,Delivered
507774,2025-01-03,10361,20020,1,0.05,Standard,Credit Card,336.74,45,77.64,Delivered
507775,2025-11-29,11144,20100,1,0.2,Standard,Upi,988.8,45,-3.09,Delivered
507776,2025-12-19,10214,20281,2,0.25,Express,Credit Card,2085.57,90,528.53,Delivered
507777,2025-10-20,12517,20169,2,0.1,Standard,Net Banking,2193.88,45,739.18,Delivered
507778,2025-05-09,13383,20233,1,0.25,Express,Debit Card,1987.14,90,-5.6,Delivered
507779,2024-06-02,10642,20091,2,0.25,Standard,Credit Card,8255.91,70,829.17,Delivered
507780,2025-09-11,14662,20258,1,0.2,Standard,Upi,538.69,45,147.21,Delivered
507781,2024-11-11,10366,20028,2,0.15,Standard,Credit Card,12616.41,70,1186.81,Delivered
507782,2024-10-26,11229,20044,1,0.1,Standard,Upi,2019.56,45,859.68,Cancelled
507783,2025-03-15,10843,20141,2,0.05,Standard,Net Banking,2330.96,45,581.46,Delivered
507784,2024-05-30,14283,20085,3,0.05,Standard,Credit Card,7252.57,70,1920.45,Delivered
507785,2025-02-09,12772,20299,1,0.05,Standard,Credit Card,1358.63,45,239.76,Delivered
507786,2024-06-23,14159,20268,2,0.2,Standard,Net Banking,5653.06,70,1521.16,Delivered
507787,2024-02-24,12751,20297,1,0.0,Express,Credit Card,311.02,90,-11.56,Delivered
507788,2024-11-06,10090,20044,1,0.05,Express,Upi,2131.76,90,926.88,Delivered
507789,2024-06-02,10989,20011,2,0.15,Same Day,Upi,1479.75,140,425.95,Delivered
507790,2025-05-14,12003,20275,2,0.3,Standard,Net Banking,4049.98,45,928.48,Delivered
507791,2025-05-15,10565,20200,1,0.05,Standard,Debit Card,1651.76,45,268.27,Delivered
507792,2024-07-08,10293,20199,1,0.05,Standard,Debit Card,729.11,45,222.96,Delivered
507793,2025-05-20,10183,20121,2,0.0,Standard,Cash On Delivery,2179.78,45,1148.36,Delivered
507794,2024-05-28,13764,20014,1,0.05,Standard,Net Banking,8148.74,70,3986.43,Delivered
507795,2024-01-08,12450,20064,1,0.2,Standard,Net Banking,1666.31,45,571.96,Delivered
507796,2025-10-21,14266,20220,1,0.05,Standard,Net Banking,4387.82,45,1415.36,Delivered
507797,2025-11-15,11450,20152,2,0.05,Standard,Credit Card,561.77,45,232.03,Delivered
507798,2025-08-15,14986,20246,3,0.05,Express,Debit Card,1021.72,90,362.59,Delivered
507799,2025-08-13,14535,20095,1,0.0,Express,Upi,1154.22,90,183.9,Delivered
507800,2025-04-13,11154,20268,2,0.1,Standard,Debit Card,6359.69,70,2227.79,Delivered
507801,2024-11-16,12616,20193,3,0.2,Express,Net Banking,1570.15,90,171.31,Cancelled
507802,2025-07-25,10223,20058,1,0.1,Standard,Cash On Delivery,1465.33,45,591.91,Delivered
507803,2025-03-26,10984,20094,1,0.1,Same Day,Upi,2360.69,140,780.47,Delivered
507804,2025-08-29,13249,20298,4,0.1,Standard,Cash On Delivery,5483.27,70,2045.19,Delivered
507805,2024-05-07,10977,20001,1,0.1,Standard,Debit Card,1362.43,45,387.45,Cancelled
507806,2025-09-25,10189,20206,1,0.1,Standard,Upi,938.98,45,325.94,Delivered
507807,2024-10-13,13983,20193,1,0.15,Same Day,Upi,556.1,140,-20.18,Delivered
507808,2024-03-27,11952,20224,1,0.1,Standard,Debit Card,315.57,45,90.2,Delivered
507809,2024-03-21,12572,20038,5,0.0,Express,Upi,8306.35,115,3985.05,Delivered
507810,2025-06-17,11187,20111,3,0.2,Same Day,Credit Card,3122.11,140,1083.65,Delivered
507811,2024-09-08,12677,20252,2,0.1,Express,Net Banking,1132.47,90,367.01,Delivered
507812,2024-07-08,13440,20084,1,0.2,Same Day,Upi,1273.34,140,38.57,Delivered
507813,2025-08-20,14199,20160,1,0.1,Standard,Cash On Delivery,539.35,45,143.27,Delivered
507814,2025-04-28,14811,20155,1,0.15,Express,Debit Card,238.18,90,-58.06,Delivered
507815,2025-01-13,11704,20098,1,0.25,Standard,Upi,274.18,45,-49.84,Delivered
507816,2025-03-31,13408,20189,4,0.15,Standard,Upi,4283.35,45,788.79,Delivered
507817,2024-01-08,11302,20086,1,0.1,Standard,Credit Card,292.42,45,27.98,Delivered
507818,2024-11-13,13753,20062,3,0.1,Standard,Cash On Delivery,923.62,45,168.37,Delivered
507819,2024-11-29,10667,20259,1,0.05,Standard,Credit Card,1313.94,45,203.02,Delivered
507820,2024-08-17,14684,20081,2,0.1,Standard,Upi,1227.46,45,451.0,Delivered
507821,2025-10-25,10773,20095,4,0.25,Standard,Debit Card,3462.66,45,-103.62,Delivered
507822,2025-05-22,10012,20287,2,0.0,Same Day,Upi,3895.1,140,902.92,Delivered
507823,2025-06-10,11864,20221,1,0.15,Same Day,Upi,1402.14,140,357.18,Delivered
507824,2025-04-19,14299,20192,1,0.1,Standard,Credit Card,1199.52,45,223.98,Delivered
507825,2025-02-09,12114,20170,1,0.2,Standard,Net Banking,1165.03,45,183.91,Delivered
507826,2024-10-13,14595,20058,3,0.1,Standard,Cash On Delivery,4395.98,45,1865.72,Delivered
507827,2025-03-21,10649,20043,1,0.15,Standard,Cash On Delivery,449.39,45,71.82,Delivered
507828,2024-12-08,14716,20160,1,0.2,Express,Upi,479.42,90,38.34,Delivered
507829,2024-11-20,14896,20158,2,0.1,Same Day,Credit Card,2162.7,140,425.68,Delivered
507830,2024-06-15,12572,20235,3,0.15,Standard,Credit Card,13082.6,70,4280.56,Delivered
507831,2025-08-15,10777,20144,1,0.0,Standard,Upi,187.62,45,26.7,Delivered
507832,2024-10-22,14496,20010,1,0.05,Standard,Upi,923.26,45,273.22,Delivered
507833,2025-08-03,12191,20268,1,0.1,Standard,Credit Card,3179.84,45,1103.89,Delivered
507834,2024-07-01,14745,20156,3,0.1,Express,Upi,5205.63,115,1333.85,Delivered
507835,2025-07-29,14822,20018,1,0.15,Standard,Upi,2124.52,45,922.3,Delivered
507836,2024-03-26,11786,20284,1,0.1,Standard,Debit Card,294.96,45,88.24,Delivered
507837,2025-07-09,11528,20231,1,0.2,Standard,Upi,443.18,45,138.53,Delivered
507838,2024-05-28,13729,20270,1,0.05,Standard,Credit Card,825.97,45,170.88,Delivered
507839,2024-02-28,14320,20264,1,0.05,Standard,Upi,680.89,45,126.8,Delivered
507840,2025-08-28,13032,20259,1,0.1,Express,Credit Card,1244.78,90,88.86,Delivered
507841,2024-01-05,12404,20202,2,0.05,Standard,Upi,1032.69,45,378.25,Delivered
507842,2024-03-23,13783,20137,2,0.15,Express,Debit Card,545.22,90,138.66,Delivered
507843,2025-01-17,11851,20047,1,0.1,Standard,Upi,454.5,45,135.92,Delivered
507844,2025-07-02,11008,20063,2,0.15,Standard,Upi,448.27,45,10.69,Delivered
507845,2025-04-23,13217,20077,1,0.15,Same Day,Upi,1582.62,140,234.22,Delivered
507846,2024-01-27,11281,20121,1,0.05,Express,Upi,1035.4,90,452.19,Delivered
507847,2025-06-08,11667,20013,3,0.1,Standard,Net Banking,685.58,45,60.23,Delivered
507848,2025-07-30,12992,20179,2,0.0,Standard,Debit Card,1388.26,45,415.1,Delivered
507849,2025-02-17,11081,20157,2,0.15,Express,Upi,3365.52,90,979.7,Delivered
507850,2025-12-15,12022,20016,1,0.2,Standard,Debit Card,2280.78,45,158.94,Delivered
507851,2024-06-28,14784,20246,2,0.25,Standard,Credit Card,537.75,45,113.33,Delivered
507852,2025-04-08,13991,20192,1,0.25,Standard,Upi,999.6,45,24.06,Delivered
507853,2025-06-10,12705,20055,2,0.15,Standard,Credit Card,4791.62,45,383.82,Delivered
507854,2024-01-01,12979,20188,1,0.15,Standard,Upi,2387.48,45,531.28,Delivered
507855,2024-09-27,10771,20169,2,0.05,Standard,Upi,2315.76,45,861.06,Delivered
507856,2025-04-28,14816,20208,1,0.1,Standard,Credit Card,2477.97,45,448.65,Delivered
507857,2024-02-17,12164,20009,1,0.1,Standard,Debit Card,675.28,45,90.74,Delivered
507858,2025-11-24,10891,20006,2,0.0,Express,Net Banking,1155.5,90,445.14,Delivered
507859,2024-07-01,12494,20102,1,0.1,Standard,Cash On Delivery,4532.77,45,814.26,Delivered
507860,2025-01-07,13822,20146,2,0.1,Standard,Upi,1604.77,45,226.09,Delivered
507861,2025-12-26,14631,20280,4,0.0,Standard,Credit Card,4641.84,45,2469.56,Delivered
507862,2025-06-22,12806,20051,3,0.25,Standard,Net Banking,3300.21,45,1215.18,Cancelled
507863,2025-05-21,11597,20273,4,0.25,Express,Credit Card,4292.94,90,1484.46,Delivered
507864,2025-10-31,14244,20228,1,0.1,Standard,Net Banking,773.92,45,93.73,Delivered
507865,2025-05-20,10556,20277,3,0.25,Standard,Credit Card,14316.91,70,4964.4,Delivered
507866,2025-07-25,12546,20083,1,0.05,Standard,Upi,930.12,45,394.04,Delivered
507867,2024-03-06,10687,20117,1,0.2,Standard,Upi,304.44,45,37.46,Delivered
507868,2025-11-16,11921,20075,1,0.25,Standard,Net Banking,2554.43,45,963.19,Delivered
507869,2024-02-21,11704,20171,1,0.1,Standard,Credit Card,5103.7,70,786.69,Delivered
507870,2025-04-14,14160,20214,1,0.05,Standard,Debit Card,1681.18,45,788.07,Delivered
507871,2024-08-30,10835,20211,1,0.15,Standard,Credit Card,602.04,45,46.3,Delivered
507872,2024-12-02,11094,20151,1,0.1,Standard,Credit Card,3822.89,45,1405.93,Cancelled
507873,2024-04-30,10192,20240,1,0.1,Express,Upi,943.06,90,226.26,Delivered
507874,2025-07-07,10867,20121,3,0.15,Express,Credit Card,2779.22,90,1209.59,Delivered
507875,2025-11-26,10904,20215,2,0.05,Express,Credit Card,1076.94,90,446.94,Delivered
507876,2024-02-14,12458,20296,2,0.15,Standard,Cash On Delivery,694.52,45,71.54,Delivered
507877,2024-02-21,11304,20265,1,0.1,Standard,Upi,226.63,45,31.93,Delivered
507878,2024-05-30,10143,20152,1,0.05,Express,Upi,280.89,90,48.52,Delivered
507879,2025-02-16,13724,20076,2,0.25,Express,Credit Card,2614.86,90,137.76,Delivered
507880,2025-06-24,12161,20224,1,0.05,Express,Upi,333.1,90,62.73,Delivered
507881,2025-07-22,13391,20130,3,0.1,Standard,Debit Card,1603.85,45,717.59,Delivered
507882,2025-05-12,12696,20251,1,0.15,Standard,Credit Card,622.12,45,225.13,Delivered
507883,2024-07-27,12760,20260,1,0.0,Standard,Debit Card,1238.04,45,304.93,Delivered
507884,2024-01-08,14460,20205,1,0.0,Express,Credit Card,13558.32,115,3319.16,Delivered
507885,2025-01-25,13890,20126,2,0.15,Standard,Cash On Delivery,8325.34,70,1884.68,Delivered
507886,2024-09-03,14306,20192,1,0.15,Standard,Debit Card,1132.88,45,157.34,Delivered
507887,2025-01-29,11722,20036,1,0.15,Express,Credit Card,1986.53,90,670.32,Delivered
507888,2025-12-07,10134,20041,1,0.15,Express,Upi,127.5,90,-45.99,Delivered
507889,2024-12-04,14115,20166,3,0.2,Standard,Upi,1558.9,45,557.05,Delivered
507890,2025-02-15,14741,20143,2,0.1,Standard,Net Banking,3633.44,45,1403.92,Delivered
507891,2025-06-23,12832,20234,2,0.05,Standard,Cash On Delivery,15487.0,70,6827.84,Delivered
507892,2024-12-10,11349,20228,2,0.2,Standard,Upi,1375.86,45,60.48,Delivered
507893,2024-10-22,11755,20191,2,0.1,Standard,Upi,1858.07,45,359.47,Delivered
507894,2024-08-22,11277,20025,4,0.15,Same Day,Net Banking,11567.34,165,860.3,Delivered
507895,2025-10-03,14606,20260,2,0.05,Express,Upi,2352.28,90,486.06,Delivered
507896,2025-08-10,13316,20018,2,0.1,Standard,Upi,4498.97,45,2139.53,Delivered
507897,2025-03-20,11609,20120,3,0.0,Standard,Net Banking,7316.64,70,1808.51,Delivered
507898,2024-08-20,13170,20084,1,0.0,Standard,Net Banking,1591.68,45,451.91,Delivered
507899,2024-11-05,13537,20213,1,0.1,Standard,Debit Card,2789.79,45,550.02,Delivered
507900,2025-12-01,11864,20065,1,0.15,Standard,Upi,1837.37,45,302.06,Delivered
507901,2025-04-22,11587,20027,1,0.25,Express,Debit Card,746.13,90,180.77,Delivered
507902,2025-05-28,14718,20207,1,0.0,Standard,Upi,745.47,45,301.61,Delivered
507903,2024-12-01,13383,20088,2,0.1,Same Day,Net Banking,1193.22,140,362.48,Delivered
507904,2025-07-30,13412,20236,1,0.15,Same Day,Debit Card,2990.32,140,1098.53,Delivered
507905,2024-02-21,12145,20050,4,0.05,Standard,Debit Card,7509.64,70,3403.64,Delivered
507906,2025-06-29,13217,20183,1,0.15,Standard,Credit Card,1099.08,45,446.8,Delivered
507907,2024-10-27,10698,20233,1,0.25,Standard,Credit Card,1987.14,45,39.4,Delivered
507908,2025-10-02,13569,20186,2,0.1,Standard,Upi,4407.89,45,1641.29,Delivered
507909,2024-08-30,11703,20089,1,0.05,Standard,Cash On Delivery,590.8,45,129.2,Delivered
507910,2024-12-21,13899,20086,2,0.15,Standard,Upi,552.35,45,68.47,Delivered
507911,2025-09-01,13515,20104,3,0.05,Standard,Credit Card,2781.43,45,635.83,Delivered
507912,2025-08-10,13441,20110,1,0.05,Express,Net Banking,543.7,90,53.46,Delivered
507913,2025-03-17,13417,20120,1,0.2,Standard,Debit Card,1951.1,45,93.39,Delivered
507914,2025-12-31,13051,20088,2,0.15,Express,Cash On Delivery,1126.93,90,346.19,Delivered
507915,2025-09-04,14978,20056,3,0.2,Standard,Debit Card,11255.11,70,3499.05,Delivered
507916,2024-04-28,10793,20155,1,0.2,Standard,Credit Card,224.17,45,-27.07,Delivered
507917,2025-02-12,10646,20090,3,0.1,Express,Net Banking,2799.55,90,1118.59,Delivered
507918,2025-10-13,13544,20294,2,0.0,Same Day,Cash On Delivery,3888.8,140,1918.18,Delivered
507919,2025-01-05,12280,20196,1,0.1,Express,Debit Card,969.38,90,143.68,Delivered
507920,2024-03-13,10586,20023,1,0.1,Standard,Upi,418.35,45,24.1,Delivered
507921,2025-03-24,10742,20083,1,0.15,Standard,Debit Card,832.21,45,296.13,Delivered
507922,2025-04-15,15000,20184,1,0.2,Standard,Upi,655.15,45,50.87,Delivered
507923,2024-06-04,12034,20207,2,0.15,Same Day,Credit Card,1267.3,140,329.58,Delivered
507924,2025-07-29,11446,20223,2,0.0,Same Day,Upi,2618.7,140,1011.0,Delivered
507925,2024-11-05,10375,20088,1,0.15,Standard,Upi,563.46,45,173.09,Delivered
507926,2024-02-05,12910,20053,1,0.05,Standard,Upi,1277.76,45,521.09,Delivered
507927,2024-09-04,10624,20202,1,0.05,Standard,Net Banking,516.34,45,166.62,Delivered
507928,2025-03-03,11049,20200,4,0.05,Standard,Debit Card,6607.02,70,1183.06,Delivered
507929,2024-02-13,10606,20195,2,0.1,Standard,Upi,9407.27,70,3047.65,Delivered
507930,2025-03-28,12114,20004,1,0.15,Standard,Credit Card,290.16,45,9.34,Delivered
507931,2024-04-28,12577,20021,2,0.0,Standard,Debit Card,24761.2,70,8895.62,Delivered
507932,2024-12-14,14470,20244,1,0.0,Standard,Credit Card,427.0,45,138.88,Delivered
507933,2025-11-23,12058,20126,1,0.25,Same Day,Cash On Delivery,3672.94,140,347.61,Delivered
507934,2025-01-22,12131,20201,1,0.1,Standard,Cash On Delivery,538.01,45,217.63,Delivered
507935,2024-03-10,13882,20052,1,0.15,Express,Upi,1696.37,90,300.46,Delivered
507936,2025-03-29,14124,20243,5,0.2,Standard,Credit Card,1908.84,45,216.69,Delivered
507937,2024-09-23,13172,20211,1,0.1,Express,Credit Card,637.45,90,36.71,Delivered
507938,2025-12-31,13430,20145,4,0.1,Express,Cash On Delivery,22465.73,115,9042.61,Delivered
507939,2025-03-13,14945,20044,2,0.2,Express,Credit Card,3590.34,90,1270.58,Delivered
507940,2024-12-31,12255,20107,4,0.15,Standard,Upi,1980.06,45,572.5,Delivered
507941,2025-12-02,12451,20152,1,0.05,Standard,Credit Card,280.89,45,93.52,Delivered
507942,2024-07-05,13566,20113,4,0.15,Standard,Credit Card,1437.38,45,477.22,Delivered
507943,2024-08-14,13819,20223,1,0.25,Standard,Upi,982.01,45,203.16,Delivered
507944,2024-03-01,14563,20155,1,0.3,Same Day,Credit Card,196.15,140,-150.09,Delivered
507945,2024-06-16,12795,20174,2,0.2,Standard,Upi,2853.7,45,956.78,Cancelled
507946,2024-05-11,11071,20163,2,0.15,Express,Cash On Delivery,4890.63,90,546.97,Delivered
507947,2024-06-03,13776,20185,2,0.2,Express,Debit Card,4123.62,90,1062.34,Delivered
507948,2025-12-22,11811,20285,2,0.1,Standard,Cash On Delivery,1137.96,45,341.5,Delivered
507949,2024-01-07,13609,20198,3,0.1,Standard,Debit Card,5363.36,70,1872.19,Delivered
507950,2025-06-06,10304,20055,2,0.3,Express,Credit Card,3946.04,90,-506.76,Delivered
507951,2025-12-12,11097,20071,2,0.2,Standard,Upi,3270.34,45,750.36,Delivered
507952,2024-09-07,14029,20198,1,0.0,Standard,Credit Card,1986.43,45,801.04,Delivered
507953,2025-07-29,13619,20053,3,0.2,Express,Credit Card,3228.02,90,1003.01,Delivered
507954,2025-11-22,10743,20014,2,0.0,Standard,Upi,17155.24,70,8900.62,Delivered
507955,2025-10-01,11181,20021,3,0.1,Standard,Debit Card,33427.62,70,9664.25,Delivered
507956,2024-09-18,12353,20014,2,0.0,Express,Net Banking,17155.24,115,8855.62,Delivered
507957,2024-04-29,10345,20115,3,0.1,Same Day,Net Banking,3014.77,140,1237.88,Delivered
507958,2024-02-17,10744,20218,3,0.2,Standard,Debit Card,1483.2,45,297.72,Delivered
507959,2024-03-09,10432,20195,2,0.05,Standard,Credit Card,9929.89,70,3570.27,Delivered
507960,2024-09-18,10937,20207,2,0.1,Same Day,Credit Card,1341.85,140,404.13,Delivered
507961,2025-03-20,12611,20111,2,0.05,Standard,Credit Card,2471.67,45,1161.03,Delivered
507962,2025-04-23,11149,20167,2,0.05,Same Day,Net Banking,2152.81,140,355.33,Delivered
507963,2024-08-18,12889,20101,2,0.25,Standard,Credit Card,2880.96,45,972.56,Delivered
507964,2024-08-11,11650,20169,3,0.1,Express,Upi,3290.81,90,1086.26,Delivered
507965,2025-04-01,10657,20156,3,0.0,Standard,Credit Card,5784.03,70,1957.25,Delivered
507966,2025-12-19,11445,20258,1,0.15,Standard,Net Banking,572.36,45,180.88,Delivered
507967,2024-12-31,10776,20278,1,0.1,Standard,Upi,6317.72,70,1135.89,Delivered
507968,2024-01-28,11674,20236,1,0.2,Express,Debit Card,2814.42,90,972.63,Delivered
507969,2025-12-31,12008,20128,1,0.1,Express,Upi,1356.65,90,506.63,Delivered
507970,2024-04-10,12483,20123,1,0.25,Express,Debit Card,4289.21,90,737.58,Delivered
507971,2024-02-27,14708,20189,2,0.0,Standard,Credit Card,2519.62,45,749.84,Delivered
507972,2024-01-24,11894,20292,1,0.1,Express,Credit Card,296.79,90,-36.07,Delivered
507973,2025-02-18,13704,20259,2,0.1,Standard,Debit Card,2489.56,45,312.72,Delivered
507974,2024-08-14,10867,20279,3,0.0,Standard,Credit Card,4774.44,45,2441.43,Delivered
507975,2024-06-17,12180,20231,1,0.0,Standard,Debit Card,553.98,45,249.33,Delivered
507976,2025-05-03,10885,20156,2,0.05,Standard,Cash On Delivery,3663.22,45,1113.7,Delivered
507977,2024-09-02,11613,20109,3,0.1,Express,Upi,2616.06,90,1123.02,Delivered
507978,2025-12-24,10638,20033,2,0.05,Standard,Upi,2069.94,45,370.04,Delivered
507979,2024-12-28,13536,20126,1,0.05,Standard,Credit Card,4652.4,45,1422.07,Delivered
507980,2025-04-09,10834,20068,1,0.05,Express,Upi,501.17,90,49.48,Delivered
507981,2025-03-05,12188,20245,1,0.25,Standard,Credit Card,624.62,45,-10.83,Delivered
507982,2025-02-24,11621,20267,1,0.1,Express,Debit Card,528.6,90,-6.43,Cancelled
507983,2024-01-21,14312,20136,1,0.05,Standard,Credit Card,299.37,45,76.92,Delivered
507984,2025-09-27,12842,20276,2,0.3,Standard,Debit Card,2416.79,45,-210.99,Delivered
507985,2025-01-03,12228,20062,1,0.1,Standard,Credit Card,307.87,45,26.12,Delivered
507986,2025-04-08,11450,20171,1,0.0,Standard,Credit Card,5670.78,70,1353.77,Delivered
507987,2024-04-06,12289,20103,1,0.1,Standard,Credit Card,871.14,45,283.43,Delivered
507988,2025-10-11,14299,20092,2,0.1,Standard,Upi,6238.31,70,1922.55,Delivered
507989,2025-05-06,10358,20075,1,0.15,Express,Credit Card,2895.02,90,1258.78,Delivered
507990,2024-12-18,12093,20114,3,0.15,Standard,Net Banking,1055.73,45,215.91,Delivered
507991,2025-08-27,10172,20121,1,0.1,Standard,Upi,980.9,45,442.69,Delivered
507992,2024-04-04,10081,20214,2,0.05,Express,Debit Card,3362.35,90,1576.13,Delivered
507993,2024-01-24,12035,20198,1,0.1,Standard,Upi,1787.79,45,602.4,Delivered
507994,2025-01-14,13103,20263,1,0.1,Standard,Upi,3292.24,45,691.84,Delivered
507995,2025-01-30,14030,20138,2,0.1,Express,Cash On Delivery,4289.54,90,1149.64,Delivered
507996,2025-02-07,10713,20168,3,0.0,Standard,Upi,6644.16,70,1756.07,Delivered
507997,2025-10-09,14955,20004,2,0.2,Express,Net Banking,546.18,90,-15.46,Delivered
507998,2024-05-12,12358,20201,2,0.1,Standard,Cash On Delivery,1076.02,45,480.26,Cancelled
507999,2024-02-23,11079,20102,1,0.05,Express,Credit Card,4784.59,90,1021.08,Delivered
508000,2024-10-18,12347,20019,1,0.05,Express,Upi,487.29,90,107.57,Delivered
508001,2024-04-21,10014,20022,3,0.1,Standard,Upi,18132.36,70,5623.37,Delivered
508002,2025-02-25,12268,20129,1,0.1,Standard,Net Banking,3246.32,45,1294.72,Delivered
508003,2024-05-10,10169,20149,1,0.1,Same Day,Net Banking,317.6,140,-93.63,Delivered
508004,2025-02-23,14614,20238,1,0.15,Express,Cash On Delivery,540.15,90,1.58,Delivered
508005,2024-10-04,11135,20007,3,0.0,Standard,Net Banking,22213.38,70,7742.69,Delivered
508006,2025-08-12,12662,20023,1,0.2,Express,Upi,371.86,90,-67.39,Delivered
508007,2024-03-08,14825,20090,2,0.05,Express,Credit Card,1970.05,90,819.41,Delivered
508008,2025-07-27,12022,20018,1,0.1,Express,Credit Card,2249.49,90,1002.27,Cancelled
508009,2025-02-06,14301,20071,3,0.15,Standard,Credit Card,5212.1,70,1429.63,Delivered
508010,2024-06-23,11961,20066,1,0.05,Express,Credit Card,594.83,90,131.11,Cancelled
508011,2024-10-06,12588,20053,3,0.2,Standard,Credit Card,3228.02,45,1048.01,Delivered
508012,2025-04-08,11310,20192,1,0.05,Standard,Debit Card,1266.16,45,290.62,Delivered
508013,2025-01-24,12829,20142,2,0.2,Standard,Upi,1069.17,45,164.89,Delivered
508014,2024-05-15,10437,20025,2,0.1,Standard,Debit Card,6123.89,70,782.87,Delivered
508015,2025-02-12,13778,20250,3,0.05,Express,Credit Card,7861.95,115,3388.4,Delivered
508016,2024-08-11,11527,20033,1,0.2,Express,Upi,871.55,90,-45.9,Delivered
508017,2025-08-23,12418,20176,2,0.15,Standard,Credit Card,434.66,45,142.48,Delivered
508018,2025-09-10,13811,20039,1,0.05,Standard,Upi,2915.28,45,807.9,Delivered
508019,2025-07-06,11935,20212,2,0.15,Standard,Debit Card,1735.63,45,237.77,Delivered
508020,2025-11-28,10716,20133,1,0.05,Standard,Credit Card,1372.92,45,572.44,Delivered
508021,2024-07-06,13164,20113,2,0.3,Standard,Cash On Delivery,591.86,45,89.28,Delivered
508022,2025-01-21,14841,20149,2,0.1,Express,Upi,635.2,90,2.74,Delivered
508023,2024-01-09,14066,20077,1,0.05,Standard,Net Banking,1768.81,45,515.41,Delivered
508024,2024-06-28,10132,20014,1,0.0,Standard,Credit Card,8577.62,70,4415.31,Delivered
508025,2025-11-28,11004,20054,1,0.15,Express,Upi,2359.92,90,863.14,Delivered
508026,2025-03-19,14198,20253,1,0.15,Express,Debit Card,495.52,90,119.55,Delivered
508027,2025-08-16,10713,20173,1,0.3,Express,Cash On Delivery,520.23,90,-96.25,Delivered
508028,2025-11-19,11129,20169,2,0.1,Standard,Net Banking,2193.88,45,739.18,Delivered
508029,2025-08-28,13024,20092,4,0.1,Standard,Debit Card,12476.63,70,3915.11,Delivered
508030,2025-03-21,11573,20129,2,0.15,Standard,Upi,6131.93,70,2248.73,Delivered
508031,2024-04-25,10672,20130,1,0.2,Express,Credit Card,475.22,90,104.8,Delivered
508032,2025-11-02,14731,20072,2,0.15,Standard,Upi,2759.17,45,253.37,Delivered
508033,2024-09-01,13716,20255,1,0.15,Standard,Credit Card,698.71,45,193.17,Delivered
508034,2024-10-09,13338,20141,1,0.15,Standard,Credit Card,1042.8,45,145.55,Delivered
508035,2024-07-31,13867,20126,3,0.05,Express,Debit Card,13957.19,115,4286.2,Delivered
508036,2025-10-25,10628,20251,1,0.2,Express,Upi,585.53,90,143.54,Delivered
508037,2025-11-08,13429,20002,4,0.15,Express,Cash On Delivery,7871.37,115,1155.81,Delivered
508038,2025-03-26,12464,20010,1,0.1,Standard,Credit Card,874.67,45,224.63,Delivered
508039,2025-10-16,13461,20286,2,0.15,Standard,Credit Card,4140.38,45,1575.06,Delivered
508040,2024-01-25,14297,20224,4,0.2,Express,Upi,1122.02,90,310.54,Delivered
508041,2025-12-12,12206,20065,2,0.2,Standard,Debit Card,3458.58,45,432.96,Delivered
508042,2024-08-20,12591,20109,4,0.1,Standard,Credit Card,3488.08,45,1572.36,Delivered
508043,2025-05-30,13031,20300,1,0.0,Standard,Cash On Delivery,870.11,45,317.95,Delivered
508044,2024-10-14,13382,20042,1,0.05,Standard,Net Banking,7620.94,70,2719.87,Delivered
508045,2025-11-15,14221,20259,2,0.15,Standard,Credit Card,2351.25,45,174.41,Delivered
508046,2024-07-02,10243,20111,1,0.1,Standard,Net Banking,1170.79,45,492.97,Delivered
508047,2024-09-07,12022,20028,1,0.1,Same Day,Credit Card,6679.28,165,834.48,Delivered
508048,2024-10-17,12856,20051,2,0.05,Standard,Credit Card,2786.84,45,1381.82,Delivered
508049,2024-12-24,12646,20213,3,0.0,Express,Debit Card,9299.31,115,2600.0,Delivered
508050,2025-09-15,13402,20125,2,0.05,Standard,Net Banking,1639.85,45,699.45,Delivered
508051,2024-10-31,14102,20269,1,0.15,Standard,Debit Card,381.18,45,128.17,Delivered
508052,2024-12-15,11228,20040,1,0.15,Express,Net Banking,832.4,90,182.68,Delivered
508053,2024-12-04,14331,20154,2,0.05,Express,Upi,1321.18,90,210.48,Delivered
508054,2025-04-23,12545,20158,2,0.15,Express,Credit Card,2042.55,90,355.53,Delivered
508055,2025-04-09,13620,20294,1,0.25,Express,Credit Card,1458.3,90,452.99,Delivered
508056,2024-05-09,14893,20272,2,0.05,Express,Net Banking,2635.45,90,551.09,Delivered
508057,2024-07-05,12329,20110,1,0.15,Standard,Credit Card,486.47,45,41.23,Delivered
508058,2025-02-24,11079,20234,1,0.15,Same Day,Upi,6928.39,165,2468.81,Delivered
508059,2025-05-10,13289,20177,2,0.1,Express,Cash On Delivery,1914.52,90,239.72,Delivered
508060,2025-06-24,12966,20127,2,0.0,Standard,Upi,9413.66,70,3438.6,Delivered
508061,2025-10-31,13550,20080,1,0.05,Standard,Net Banking,2702.2,45,1239.7,Delivered
508062,2024-08-22,14331,20052,1,0.0,Express,Debit Card,1995.73,90,599.82,Delivered
508063,2024-10-04,11536,20082,1,0.1,Standard,Debit Card,1841.23,45,203.35,Delivered
508064,2024-04-11,10413,20294,3,0.1,Standard,Upi,5249.88,70,2433.95,Delivered
508065,2025-04-03,10839,20273,2,0.1,Express,Net Banking,2575.76,90,1126.52,Delivered
508066,2024-08-19,13688,20041,1,0.15,Express,Net Banking,127.5,90,-45.99,Delivered
508067,2024-09-30,11027,20296,1,0.05,Express,Upi,388.11,90,9.12,Delivered
508068,2024-12-30,13669,20287,2,0.0,Standard,Cash On Delivery,3895.1,45,997.92,Delivered
508069,2025-04-22,14310,20154,2,0.05,Standard,Credit Card,1321.18,45,255.48,Delivered
508070,2025-04-12,12836,20232,1,0.05,Standard,Net Banking,1499.94,45,687.25,Delivered
508071,2025-09-16,12939,20146,1,0.05,Express,Upi,846.96,90,90.12,Delivered
508072,2025-10-12,13032,20291,4,0.1,Express,Upi,3053.23,90,414.39,Delivered
508073,2025-12-28,12578,20056,1,0.2,Standard,Net Banking,3751.7,45,1144.68,Delivered
508074,2024-09-30,13169,20030,4,0.1,Standard,Debit Card,1874.12,45,358.76,Delivered
508075,2024-11-23,13860,20075,1,0.0,Standard,Upi,3405.9,45,1814.66,Delivered
508076,2024-07-02,11402,20052,1,0.2,Express,Upi,1596.58,90,200.67,Delivered
508077,2024-07-12,10777,20196,1,0.0,Standard,Credit Card,1077.09,45,296.39,Delivered
508078,2024-09-28,12948,20228,1,0.1,Standard,Credit Card,773.92,45,93.73,Delivered
508079,2024-10-26,14122,20138,1,0.2,Standard,Credit Card,1906.46,45,336.51,Delivered
508080,2025-08-06,14833,20182,2,0.1,Standard,Cash On Delivery,2015.42,45,555.1,Delivered
508081,2024-07-14,11502,20290,1,0.25,Standard,Credit Card,3490.97,45,381.58,Delivered
508082,2024-11-26,11619,20191,1,0.0,Express,Upi,1032.26,90,215.46,Delivered
508083,2025-04-30,10661,20159,2,0.25,Standard,Debit Card,11587.96,70,679.26,Delivered
508084,2025-09-11,14041,20192,4,0.15,Express,Net Banking,4531.52,90,719.36,Delivered
508085,2025-05-13,13004,20178,4,0.1,Standard,Debit Card,1865.7,45,785.82,Delivered
508086,2025-02-03,12023,20037,3,0.15,Standard,Cash On Delivery,4340.2,45,1168.9,Delivered
508087,2025-01-31,14562,20224,1,0.1,Standard,Credit Card,315.57,45,90.2,Delivered
508088,2024-04-09,14283,20160,1,0.25,Express,Upi,449.46,90,8.38,Delivered
508089,2024-03-21,10508,20209,1,0.1,Standard,Cash On Delivery,1055.92,45,375.34,Cancelled
508090,2024-01-17,13054,20291,3,0.0,Standard,Net Banking,2544.36,45,587.73,Delivered
508091,2025-12-05,14767,20249,1,0.0,Standard,Credit Card,1884.46,45,389.07,Delivered
508092,2024-07-30,11877,20185,4,0.1,Standard,Upi,9278.14,70,3265.58,Delivered
508093,2024-05-05,11277,20288,1,0.3,Standard,Debit Card,749.08,45,206.65,Delivered
508094,2025-09-29,14571,20226,1,0.15,Express,Credit Card,1320.82,90,186.23,Delivered
508095,2024-05-09,14221,20226,2,0.15,Same Day,Upi,2641.65,140,412.47,Delivered
508096,2025-10-18,14566,20008,1,0.25,Express,Upi,436.77,90,46.26,Delivered
508097,2025-06-18,12955,20023,2,0.15,Standard,Debit Card,790.21,45,46.71,Delivered
508098,2024-08-01,10758,20223,2,0.15,Express,Debit Card,2225.9,90,668.2,Delivered
508099,2024-05-08,14669,20166,1,0.05,Standard,Cash On Delivery,617.06,45,253.11,Delivered
508100,2025-06-07,13292,20275,3,0.05,Express,Upi,8244.59,115,3514.84,Delivered
508101,2025-10-14,14863,20036,1,0.2,Standard,Net Banking,1869.67,45,598.46,Delivered
508102,2025-04-06,10407,20177,1,0.1,Express,Upi,957.26,90,74.86,Delivered
508103,2024-02-26,12694,20188,2,0.2,Standard,Upi,4494.08,45,826.68,Delivered
508104,2025-08-20,12494,20227,4,0.0,Standard,Cash On Delivery,9874.56,70,2658.88,Cancelled
508105,2024-09-30,10360,20059,4,0.1,Standard,Upi,21190.72,70,4161.96,Delivered
508106,2025-09-06,13210,20257,3,0.05,Standard,Credit Card,985.05,45,164.22,Delivered
508107,2024-12-04,10872,20097,2,0.05,Express,Credit Card,943.08,90,222.5,Delivered
508108,2024-05-22,10867,20209,2,0.2,Standard,Upi,1877.18,45,561.02,Delivered
508109,2025-02-26,14856,20249,2,0.2,Standard,Credit Card,3015.14,45,69.36,Delivered
508110,2024-11-29,14297,20261,2,0.2,Express,Upi,240.0,90,-72.26,Delivered
508111,2025-11-18,10818,20058,5,0.1,Standard,Credit Card,7326.63,70,3114.53,Delivered
508112,2024-05-12,10777,20057,1,0.25,Standard,Upi,1226.37,45,-41.95,Delivered
508113,2024-09-20,11684,20170,1,0.1,Standard,Cash On Delivery,1310.66,45,329.54,Delivered
508114,2024-05-26,13578,20073,1,0.3,Standard,Credit Card,644.64,45,81.27,Delivered
508115,2025-03-11,14675,20022,2,0.15,Same Day,Credit Card,11416.67,165,2959.01,Delivered
508116,2024-01-12,14859,20053,2,0.15,Express,Upi,2286.52,90,773.18,Cancelled
508117,2024-02-24,13236,20057,4,0.2,Same Day,Credit Card,5232.51,165,174.23,Delivered
508118,2024-08-17,13892,20103,1,0.15,Same Day,Upi,822.74,140,140.03,Delivered
508119,2024-05-01,12909,20112,2,0.1,Same Day,Debit Card,4545.45,140,608.63,Delivered
508120,2024-08-20,12887,20261,2,0.1,Standard,Debit Card,270.0,45,2.74,Delivered
508121,2024-06-10,14745,20135,1,0.05,Standard,Credit Card,2709.34,45,1083.36,Delivered
508122,2025-08-16,12586,20185,2,0.1,Express,Credit Card,4639.07,90,1577.79,Delivered
508123,2025-07-12,11399,20026,1,0.15,Express,Credit Card,1847.76,90,437.74,Delivered
508124,2025-05-14,10364,20025,4,0.05,Standard,Credit Card,12928.21,70,2316.17,Delivered
508125,2025-11-02,10744,20264,1,0.25,Standard,Upi,537.55,45,-16.54,Delivered
508126,2024-06-27,11233,20009,2,0.05,Express,Upi,1425.59,90,256.51,Delivered
508127,2024-12-27,12458,20220,1,0.25,Express,Net Banking,3464.07,90,446.61,Delivered
508128,2024-07-26,11196,20276,1,0.1,Express,Upi,1553.65,90,172.26,Delivered
508129,2025-07-05,14228,20195,1,0.05,Standard,Net Banking,4964.95,45,1775.14,Delivered
508130,2025-12-26,14246,20172,2,0.0,Standard,Credit Card,2348.24,45,540.14,Delivered
508131,2025-03-07,10470,20170,2,0.15,Standard,Credit Card,2475.69,45,558.45,Delivered
508132,2025-03-31,10312,20112,1,0.2,Express,Credit Card,2020.2,90,31.79,Delivered
508133,2025-05-18,13093,20171,1,0.0,Standard,Debit Card,5670.78,70,1353.77,Delivered
508134,2024-06-02,13150,20214,2,0.25,Express,Credit Card,2654.49,90,868.27,Delivered
508135,2024-12-03,14631,20174,1,0.0,Standard,Credit Card,1783.56,45,812.6,Delivered
508136,2024-10-19,11708,20290,1,0.1,Standard,Upi,4189.17,45,1079.78,Delivered
508137,2025-03-11,14324,20068,4,0.1,Express,Cash On Delivery,1899.18,90,362.42,Delivered
508138,2025-01-30,12391,20146,4,0.2,Standard,Net Banking,2852.93,45,140.57,Delivered
508139,2024-06-14,11416,20139,2,0.1,Express,Credit Card,593.19,90,132.17,Delivered
508140,2025-03-27,14111,20219,3,0.1,Express,Upi,9261.78,115,3175.22,Delivered
508141,2025-06-19,10214,20025,1,0.1,Same Day,Cash On Delivery,3061.94,140,286.43,Delivered
508142,2025-02-04,11229,20252,1,0.25,Express,Upi,471.86,90,44.13,Cancelled
508143,2024-04-24,14148,20215,1,0.05,Standard,Upi,538.47,45,223.47,Delivered
508144,2024-12-16,14153,20165,1,0.15,Express,Upi,293.34,90,45.49,Delivered
508145,2024-09-16,11313,20081,1,0.05,Standard,Upi,647.82,45,237.09,Delivered
508146,2024-08-13,11990,20077,1,0.05,Standard,Upi,1768.81,45,515.41,Delivered
508147,2025-09-05,12456,20284,4,0.3,Standard,Debit Card,917.64,45,225.76,Delivered
508148,2025-04-30,12260,20158,4,0.2,Standard,Upi,3844.8,45,605.76,Delivered
508149,2024-05-10,12098,20174,1,0.25,Express,Credit Card,1337.67,90,321.71,Delivered
508150,2024-09-20,10060,20168,4,0.05,Standard,Credit Card,8415.94,70,1921.82,Delivered
508151,2025-06-07,11890,20149,1,0.1,Standard,Debit Card,317.6,45,1.37,Delivered
508152,2024-06-29,14228,20143,2,0.15,Express,Upi,3431.59,90,1157.07,Delivered
508153,2024-12-14,11057,20131,1,0.15,Standard,Credit Card,158.7,45,25.6,Delivered
508154,2025-04-15,10341,20097,1,0.05,Standard,Cash On Delivery,471.54,45,111.25,Delivered
508155,2024-06-09,14613,20264,4,0.1,Standard,Credit Card,2580.23,45,498.87,Delivered
508156,2024-04-23,14238,20165,1,0.05,Standard,Debit Card,327.85,45,125.0,Delivered
508157,2024-01-18,11709,20019,1,0.1,Standard,Cash On Delivery,461.65,45,126.93,Delivered
508158,2024-04-13,13265,20283,5,0.25,Standard,Credit Card,5075.62,70,561.02,Delivered
508159,2024-07-04,11869,20016,2,0.05,Standard,Credit Card,5416.84,70,1193.16,Delivered
508160,2024-12-07,13307,20002,1,0.1,Express,Debit Card,2083.6,90,343.46,Delivered
508161,2025-04-06,14365,20010,3,0.1,Standard,Credit Card,2624.0,45,763.88,Delivered
508162,2025-08-27,11788,20106,2,0.0,Express,Upi,2436.98,90,1032.0,Delivered
508163,2024-05-22,14898,20017,1,0.2,Standard,Upi,977.76,45,338.57,Cancelled
508164,2025-10-16,10721,20204,1,0.1,Express,Debit Card,1676.8,90,747.5,Delivered
508165,2025-09-03,13235,20007,2,0.1,Express,Credit Card,13328.03,115,3612.57,Delivered
508166,2025-03-28,10196,20201,3,0.1,Express,Upi,1614.03,90,697.89,Delivered
508167,2025-03-26,12188,20046,1,0.15,Express,Upi,3589.57,90,368.74,Delivered
508168,2024-03-02,13959,20178,2,0.15,Express,Cash On Delivery,881.02,90,273.58,Delivered
508169,2025-08-18,13753,20010,3,0.1,Standard,Upi,2624.0,45,763.88,Delivered
508170,2024-10-02,14240,20272,4,0.05,Standard,Cash On Delivery,5270.9,70,1212.18,Delivered
508171,2025-11-09,11954,20257,2,0.1,Express,Debit Card,622.13,90,14.91,Delivered
508172,2024-10-21,10781,20137,1,0.15,Standard,Net Banking,272.61,45,69.33,Delivered
508173,2024-05-08,10401,20013,1,0.2,Express,Credit Card,203.14,90,-80.31,Delivered
508174,2024-12-29,10630,20189,4,0.05,Standard,Upi,4787.28,45,1292.72,Delivered
508175,2024-03-07,10920,20144,3,0.2,Express,Upi,450.29,90,12.53,Delivered
508176,2024-02-16,10646,20226,2,0.2,Express,Net Banking,2486.26,90,307.08,Delivered
508177,2025-01-08,13078,20286,1,0.15,Standard,Credit Card,2070.19,45,765.03,Delivered
508178,2025-10-21,10549,20205,1,0.1,Express,Upi,12202.49,115,1963.33,Delivered
508179,2024-05-16,13127,20183,1,0.1,Standard,Credit Card,1163.73,45,511.45,Delivered
508180,2024-04-04,12038,20011,3,0.1,Same Day,Credit Card,2350.19,140,839.49,Delivered
508181,2024-08-25,13542,20048,1,0.1,Standard,Upi,569.65,45,202.15,Delivered
508182,2024-02-04,10437,20263,1,0.15,Standard,Net Banking,3109.33,45,508.93,Cancelled
508183,2024-10-22,11630,20257,2,0.1,Standard,Cash On Delivery,622.13,45,59.91,Delivered
508184,2025-05-06,11474,20087,3,0.1,Standard,Upi,1221.56,45,463.91,Delivered
508185,2024-09-14,10480,20032,1,0.15,Standard,Debit Card,389.38,45,23.16,Delivered
508186,2025-01-21,14630,20143,1,0.05,Standard,Credit Card,1917.65,45,780.39,Delivered
508187,2024-09-26,14841,20092,4,0.15,Express,Upi,11783.48,115,3176.96,Delivered
508188,2024-11-19,12266,20189,2,0.3,Standard,Credit Card,1763.73,45,-6.05,Delivered
508189,2024-02-16,12660,20078,1,0.05,Standard,Debit Card,1232.28,45,297.34,Cancelled
508190,2025-08-28,12760,20034,2,0.25,Standard,Credit Card,1587.27,45,318.05,Delivered
508191,2025-11-24,12004,20148,2,0.1,Standard,Credit Card,24393.76,70,7717.24,Delivered
508192,2025-12-02,10564,20118,2,0.25,Standard,Credit Card,1809.93,45,291.11,Delivered
508193,2025-05-01,13072,20024,2,0.1,Standard,Credit Card,4116.49,45,853.03,Delivered
508194,2025-07-16,13993,20028,2,0.15,Standard,Credit Card,12616.41,70,1186.81,Delivered
508195,2025-12-18,14966,20267,3,0.1,Same Day,Upi,1585.79,140,110.7,Delivered
508196,2025-02-14,14859,20243,1,0.15,Standard,Net Banking,405.63,45,31.2,Delivered
508197,2024-05-04,11150,20214,4,0.15,Standard,Cash On Delivery,6016.84,70,2554.4,Delivered
508198,2024-07-30,10895,20038,1,0.25,Standard,Debit Card,1245.95,45,359.69,Delivered
508199,2025-01-03,11007,20209,2,0.05,Same Day,Upi,2229.16,140,818.0,Delivered
508200,2024-09-22,12505,20214,1,0.25,Standard,Debit Card,1327.24,45,434.13,Delivered
508201,2024-05-14,14965,20129,2,0.1,Standard,Net Banking,6853.34,70,2970.14,Delivered
508202,2024-11-10,12892,20121,1,0.15,Express,Debit Card,926.41,90,343.2,Delivered
508203,2024-10-26,10178,20212,1,0.1,Express,Debit Card,918.86,90,102.43,Delivered
508204,2024-10-24,10640,20161,1,0.0,Standard,Upi,2617.55,45,983.27,Delivered
508205,2024-10-05,12572,20109,1,0.0,Standard,Net Banking,968.91,45,456.23,Delivered
508206,2025-01-08,14749,20065,1,0.1,Standard,Upi,1945.45,45,410.14,Delivered
508207,2025-12-26,10433,20064,2,0.0,Express,Debit Card,4165.78,90,1977.08,Delivered
508208,2025-05-02,13938,20009,1,0.25,Standard,Upi,562.73,45,-21.81,Delivered
508209,2024-03-02,12550,20032,1,0.05,Standard,Debit Card,435.2,45,68.98,Delivered
508210,2024-02-23,11063,20125,1,0.1,Standard,Credit Card,776.77,45,284.07,Delivered
508211,2024-12-03,11481,20282,1,0.1,Standard,Debit Card,648.68,45,200.13,Delivered
508212,2025-01-09,12096,20109,1,0.1,Standard,Upi,872.02,45,359.34,Delivered
508213,2025-04-18,14944,20170,1,0.05,Standard,Cash On Delivery,1383.48,45,402.36,Delivered
508214,2024-04-21,12327,20176,4,0.2,Standard,Net Banking,818.18,45,278.82,Delivered
508215,2024-09-25,14745,20245,2,0.0,Standard,Debit Card,1665.66,45,439.76,Delivered
508216,2024-11-19,11167,20256,4,0.1,Standard,Credit Card,4590.07,45,1553.27,Delivered
508217,2025-09-10,10055,20286,3,0.1,Express,Net Banking,6575.9,115,2680.42,Delivered
508218,2025-11-10,12611,20232,1,0.05,Standard,Debit Card,1499.94,45,687.25,Delivered
508219,2025-08-08,14526,20151,1,0.05,Standard,Upi,4035.28,45,1618.32,Delivered
508220,2025-08-26,12487,20103,2,0.05,Standard,Upi,1839.07,45,708.65,Delivered
508221,2024-03-25,12473,20025,3,0.15,Standard,Credit Card,8675.51,70,698.98,Delivered
508222,2025-01-06,10728,20141,2,0.2,Standard,Debit Card,1962.91,45,213.41,Delivered
508223,2024-03-15,14551,20153,2,0.1,Express,Credit Card,3372.89,90,923.97,Delivered
508224,2025-08-18,10519,20273,2,0.05,Same Day,Net Banking,2718.86,140,1219.62,Delivered
508225,2025-05-22,10010,20108,1,0.0,Express,Upi,2326.66,90,632.23,Delivered
508226,2024-08-15,12221,20027,1,0.2,Express,Credit Card,795.87,90,230.51,Delivered
508227,2025-08-17,14687,20139,1,0.05,Express,Cash On Delivery,313.07,90,37.56,Delivered
508228,2025-01-28,11481,20134,1,0.15,Standard,Upi,954.12,45,152.23,Delivered
508229,2024-01-15,10867,20079,1,0.1,Express,Upi,1941.12,90,236.67,Delivered
508230,2024-06-29,13941,20293,1,0.15,Standard,Upi,1793.71,45,175.7,Delivered
508231,2025-05-22,10176,20224,1,0.1,Standard,Upi,315.57,45,90.2,Delivered
508232,2024-12-03,14857,20216,1,0.25,Standard,Upi,4692.13,45,1198.52,Delivered
508233,2024-09-19,12971,20203,4,0.0,Standard,Credit Card,7373.04,70,2802.16,Delivered
508234,2024-03-18,11926,20106,2,0.15,Standard,Credit Card,2071.43,45,711.45,Delivered
508235,2024-08-16,13546,20165,1,0.0,Standard,Debit Card,345.11,45,142.26,Delivered
508236,2024-01-30,10604,20202,3,0.05,Standard,Upi,1549.03,45,589.87,Delivered
508237,2025-01-08,11743,20010,1,0.15,Express,Credit Card,826.07,90,131.03,Delivered
508238,2024-06-03,13304,20257,3,0.15,Standard,Net Banking,881.36,45,60.53,Delivered
508239,2024-07-03,14361,20237,2,0.1,Standard,Credit Card,1165.82,45,454.48,Delivered
508240,2025-03-23,11062,20052,1,0.15,Standard,Upi,1696.37,45,345.46,Delivered
508241,2025-03-22,13265,20215,2,0.15,Standard,Debit Card,963.58,45,378.58,Delivered
508242,2025-03-07,11868,20146,4,0.0,Standard,Credit Card,3566.16,45,853.8,Delivered
508243,2024-06-17,12419,20261,2,0.15,Standard,Debit Card,255.0,45,-12.26,Delivered
508244,2024-03-21,13430,20223,1,0.1,Standard,Cash On Delivery,1178.42,45,399.57,Delivered
508245,2024-07-28,12627,20103,2,0.1,Express,Upi,1742.27,90,566.85,Delivered
508246,2024-09-15,10185,20212,1,0.1,Standard,Debit Card,918.86,45,147.43,Delivered
508247,2025-07-02,12429,20048,1,0.1,Standard,Credit Card,569.65,45,202.15,Delivered
508248,2024-10-12,14826,20289,1,0.1,Standard,Credit Card,1574.54,45,536.78,Delivered
508249,2024-02-23,11844,20185,2,0.1,Standard,Upi,4639.07,45,1622.79,Delivered
508250,2025-04-13,11372,20103,1,0.0,Express,Net Banking,967.93,90,335.22,Delivered
508251,2025-01-03,12767,20224,1,0.1,Standard,Net Banking,315.57,45,90.2,Delivered
508252,2025-12-24,14626,20281,3,0.1,Express,Cash On Delivery,3754.03,90,1463.47,Delivered
508253,2024-04-09,11013,20300,1,0.1,Express,Debit Card,783.1,90,185.94,Delivered
508254,2025-08-19,12590,20091,5,0.1,Standard,Credit Card,24767.73,70,6305.88,Delivered
508255,2025-12-25,10007,20111,1,0.05,Standard,Upi,1235.84,45,558.02,Delivered
508256,2025-08-20,10188,20128,3,0.0,Standard,Credit Card,4522.17,45,2197.11,Delivered
508257,2025-07-28,14046,20251,1,0.2,Standard,Credit Card,585.53,45,188.54,Delivered
508258,2025-03-22,12097,20196,3,0.1,Same Day,Upi,2908.14,140,561.04,Delivered
508259,2024-07-10,11123,20153,1,0.15,Express,Net Banking,1592.76,90,323.3,Delivered
508260,2025-02-17,10063,20279,2,0.0,Standard,Debit Card,3182.96,45,1612.62,Delivered
508261,2025-04-26,10441,20120,2,0.1,Standard,Debit Card,4389.98,45,719.56,Delivered
508262,2024-04-02,11368,20284,1,0.15,Express,Debit Card,278.57,90,26.85,Delivered
508263,2024-09-09,10587,20264,1,0.25,Standard,Upi,537.55,45,-16.54,Delivered
508264,2025-10-11,10379,20225,2,0.1,Standard,Debit Card,20214.07,70,5224.05,Cancelled
508265,2025-07-14,11256,20254,1,0.05,Standard,Net Banking,430.43,45,156.17,Delivered
508266,2025-09-24,12488,20157,2,0.0,Standard,Credit Card,3959.44,45,1618.62,Delivered
508267,2024-02-08,12442,20184,1,0.1,Standard,Net Banking,737.05,45,132.77,Delivered
508268,2025-06-29,13947,20015,1,0.1,Standard,Credit Card,1230.21,45,520.78,Cancelled
508269,2024-12-23,10737,20293,2,0.1,Express,Debit Card,3798.45,90,562.43,Delivered
508270,2024-01-09,13348,20120,1,0.0,Standard,Debit Card,2438.88,45,581.17,Delivered
508271,2024-07-06,10874,20248,2,0.15,Standard,Net Banking,855.15,45,115.07,Delivered
508272,2025-08-30,14800,20118,2,0.15,Standard,Credit Card,2051.25,45,532.43,Delivered
508273,2025-10-06,12669,20092,1,0.0,Standard,Upi,3465.73,45,1297.85,Delivered
508274,2025-11-05,10099,20036,2,0.1,Standard,Upi,4206.76,45,1709.34,Delivered
508275,2024-05-18,10011,20012,1,0.1,Standard,Credit Card,5532.56,70,1428.06,Delivered
508276,2024-10-24,12032,20028,1,0.05,Standard,Credit Card,7050.35,70,1300.55,Delivered
508277,2024-03-20,11454,20289,1,0.05,Standard,Debit Card,1662.02,45,624.26,Delivered
508278,2025-08-25,10314,20075,2,0.1,Express,Upi,6130.62,115,2923.14,Delivered
508279,2024-09-12,12374,20079,4,0.15,Express,Credit Card,7333.12,115,760.32,Delivered
508280,2025-10-21,14970,20211,3,0.15,Standard,Credit Card,1806.11,45,228.89,Delivered
508281,2024-06-27,11816,20183,1,0.1,Standard,Debit Card,1163.73,45,511.45,Delivered
508282,2024-09-13,14519,20079,1,0.15,Standard,Debit Card,1833.28,45,173.83,Delivered
508283,2024-08-05,14326,20201,2,0.0,Standard,Debit Card,1195.58,45,599.82,Delivered
508284,2024-09-23,11595,20205,1,0.15,Standard,Debit Card,11524.57,70,1330.41,Delivered
508285,2024-11-12,14773,20029,2,0.1,Standard,Net Banking,4010.85,45,1954.37,Delivered
508286,2025-08-13,12523,20282,4,0.0,Standard,Upi,2883.0,45,1223.8,Delivered
508287,2025-11-09,11877,20023,1,0.1,Express,Credit Card,418.35,90,-20.9,Delivered
508288,2025-09-07,10338,20017,3,0.15,Same Day,Upi,3116.61,140,1194.04,Delivered
508289,2024-10-10,14342,20133,1,0.05,Express,Upi,1372.92,90,527.44,Delivered
508290,2024-12-10,14362,20059,1,0.2,Standard,Credit Card,4709.05,45,424.36,Delivered
508291,2025-12-27,10938,20144,1,0.15,Express,Cash On Delivery,159.48,90,-46.44,Delivered
508292,2024-03-15,11217,20103,2,0.0,Express,Upi,1935.86,90,760.44,Delivered
508293,2024-12-01,13234,20094,3,0.3,Same Day,Credit Card,5508.28,165,1022.62,Delivered
508294,2025-08-04,13927,20261,1,0.25,Standard,Cash On Delivery,112.5,45,-43.63,Delivered
508295,2024-12-28,11667,20282,1,0.05,Standard,Upi,684.71,45,236.16,Delivered
508296,2024-07-08,14998,20171,1,0.05,Standard,Upi,5387.24,70,1070.23,Delivered
508297,2025-04-16,13326,20126,1,0.1,Express,Upi,4407.53,90,1132.2,Delivered
508298,2024-04-15,12332,20086,1,0.3,Express,Debit Card,227.44,90,-82.0,Delivered
508299,2024-03-10,14159,20186,1,0.15,Standard,Debit Card,2081.51,45,675.71,Delivered
508300,2025-06-05,14078,20109,1,0.25,Same Day,Upi,726.68,140,119.0,Delivered
508301,2024-08-01,12957,20002,1,0.05,Standard,Cash On Delivery,2199.35,45,504.21,Delivered
508302,2025-05-31,10182,20044,1,0.2,Standard,Upi,1795.17,45,635.29,Delivered
508303,2024-01-28,10208,20204,2,0.0,Standard,Net Banking,3726.22,45,2002.62,Delivered
508304,2024-11-10,13877,20106,1,0.3,Express,Upi,852.94,90,105.45,Delivered
508305,2025-05-21,11194,20219,1,0.0,Standard,Credit Card,3430.29,45,1394.77,Cancelled
508306,2024-08-23,14235,20109,1,0.1,Express,Debit Card,872.02,90,314.34,Delivered
508307,2024-04-01,14350,20044,1,0.2,Express,Cash On Delivery,1795.17,90,590.29,Delivered
508308,2024-12-28,11190,20217,3,0.2,Express,Upi,1272.72,90,447.93,Delivered
508309,2024-02-07,12862,20091,2,0.2,Standard,Cash On Delivery,8806.3,70,1379.56,Delivered
508310,2025-12-31,12420,20081,1,0.05,Standard,Cash On Delivery,647.82,45,237.09,Delivered
508311,2025-10-25,10426,20185,2,0.15,Express,Cash On Delivery,4381.34,90,1320.06,Delivered
508312,2025-12-04,13578,20134,1,0.05,Standard,Credit Card,1066.38,45,264.49,Delivered
508313,2025-09-24,11430,20299,1,0.1,Standard,Upi,1287.13,45,168.26,Delivered
508314,2025-05-05,14858,20044,1,0.2,Standard,Credit Card,1795.17,45,635.29,Delivered
508315,2025-11-13,10569,20066,2,0.1,Standard,Net Banking,1127.05,45,334.61,Delivered
508316,2024-04-19,12627,20019,1,0.0,Standard,Credit Card,512.94,45,178.22,Delivered
508317,2024-05-23,11963,20243,2,0.0,Express,Net Banking,954.42,90,205.56,Delivered
508318,2025-07-31,10995,20248,2,0.2,Standard,Credit Card,804.85,45,64.77,Delivered
508319,2024-07-15,13989,20004,4,0.05,Standard,Credit Card,1297.17,45,308.89,Delivered
508320,2024-02-15,14040,20097,3,0.2,Express,Credit Card,1191.26,90,155.39,Delivered
508321,2024-05-28,13783,20096,1,0.0,Standard,Debit Card,1635.09,45,580.14,Delivered
508322,2025-07-25,12626,20210,2,0.05,Standard,Credit Card,1272.92,45,334.18,Cancelled
508323,2024-05-17,10764,20236,1,0.15,Express,Credit Card,2990.32,90,1148.53,Delivered
508324,2025-05-04,13992,20137,4,0.05,Same Day,Upi,1218.74,140,445.62,Cancelled
508325,2025-02-05,11613,20048,1,0.2,Express,Debit Card,506.35,90,93.85,Delivered
508326,2025-08-24,14114,20164,1,0.05,Standard,Debit Card,724.22,45,137.17,Cancelled
508327,2025-12-24,10586,20195,1,0.1,Same Day,Debit Card,4703.63,140,1418.82,Delivered
508328,2025-11-11,10422,20274,1,0.2,Standard,Cash On Delivery,876.43,45,113.84,Delivered
508329,2025-09-16,10686,20296,1,0.1,Express,Upi,367.69,90,-11.3,Delivered
508330,2024-12-06,10439,20181,2,0.1,Standard,Debit Card,3468.53,45,701.21,Delivered
508331,2025-07-31,13843,20114,3,0.1,Express,Upi,1117.83,90,233.01,Delivered
508332,2024-10-28,11178,20062,1,0.1,Standard,Upi,307.87,45,26.12,Delivered
508333,2024-04-27,11739,20126,3,0.1,Standard,Credit Card,13222.6,70,3596.61,Delivered
508334,2024-05-30,11667,20163,1,0.1,Standard,Cash On Delivery,2589.16,45,417.33,Delivered
508335,2024-06-15,14795,20185,2,0.1,Express,Cash On Delivery,4639.07,90,1577.79,Delivered
508336,2025-08-29,14633,20140,2,0.15,Standard,Cash On Delivery,1598.83,45,287.59,Delivered
508337,2025-02-28,11338,20243,2,0.1,Standard,Credit Card,858.98,45,155.12,Delivered
508338,2025-03-12,12488,20049,1,0.05,Standard,Debit Card,728.36,45,145.94,Delivered
508339,2025-09-23,11405,20150,1,0.15,Standard,Upi,398.21,45,57.87,Delivered
508340,2024-03-14,10989,20090,1,0.05,Standard,Upi,985.03,45,409.71,Delivered
508341,2024-12-27,14513,20278,1,0.0,Standard,Upi,7019.69,70,1837.86,Delivered
508342,2024-04-05,13469,20296,1,0.0,Standard,Upi,408.54,45,74.55,Delivered
508343,2024-10-18,11418,20147,1,0.1,Express,Net Banking,926.55,90,112.91,Cancelled
508344,2024-06-25,10568,20053,2,0.25,Standard,Credit Card,2017.52,45,549.18,Delivered
508345,2024-01-27,13791,20286,1,0.0,Standard,Credit Card,2435.52,45,1130.36,Delivered
508346,2024-10-31,14527,20154,1,0.1,Standard,Upi,625.82,45,70.47,Delivered
508347,2025-12-23,12015,20150,2,0.0,Express,Net Banking,936.96,90,256.28,Delivered
508348,2024-07-23,10451,20061,1,0.15,Same Day,Upi,1626.88,140,575.95,Delivered
508349,2025-07-31,11194,20073,1,0.1,Standard,Net Banking,828.82,45,265.45,Delivered
508350,2025-10-23,12916,20058,1,0.05,Standard,Upi,1546.73,45,673.31,Delivered
508351,2025-11-09,12760,20029,1,0.15,Same Day,Credit Card,1894.01,140,748.27,Delivered
508352,2024-08-07,14299,20224,1,0.0,Standard,Credit Card,350.63,45,125.26,Delivered
508353,2024-10-26,12587,20053,1,0.05,Standard,Cash On Delivery,1277.76,45,521.09,Delivered
508354,2024-09-14,14491,20159,2,0.0,Express,Cash On Delivery,15450.62,115,4496.92,Delivered
508355,2025-12-15,11690,20288,1,0.1,Standard,Net Banking,963.1,45,420.67,Delivered
508356,2024-08-27,12294,20009,2,0.1,Standard,Debit Card,1350.56,45,226.48,Delivered
508357,2024-08-16,10881,20037,3,0.05,Standard,Credit Card,4850.81,45,1679.51,Delivered
508358,2025-04-18,14228,20264,1,0.05,Standard,Upi,680.89,45,126.8,Delivered
508359,2024-06-04,10246,20068,1,0.1,Express,Debit Card,474.79,90,23.1,Delivered
508360,2024-08-05,14167,20273,1,0.05,Standard,Debit Card,1359.43,45,634.81,Delivered
508361,2025-04-09,13115,20021,1,0.05,Standard,Cash On Delivery,11761.57,70,3793.78,Delivered
508362,2024-07-13,10393,20048,2,0.2,Standard,Debit Card,1012.7,45,322.7,Delivered
508363,2024-09-26,11867,20265,1,0.15,Standard,Net Banking,214.04,45,19.34,Delivered
508364,2025-06-11,13356,20252,3,0.1,Express,Credit Card,1698.7,90,595.51,Delivered
508365,2025-07-16,13438,20005,1,0.15,Same Day,Credit Card,358.66,140,-14.02,Delivered
508366,2024-12-21,11171,20006,2,0.1,Standard,Cash On Delivery,1039.95,45,374.59,Delivered
508367,2025-06-23,12496,20230,2,0.25,Standard,Debit Card,1145.18,45,66.66,Delivered
508368,2025-04-20,13228,20046,1,0.05,Standard,Cash On Delivery,4011.87,45,836.04,Delivered
508369,2025-07-18,12563,20097,1,0.05,Express,Upi,471.54,90,66.25,Delivered
508370,2024-11-03,12194,20112,1,0.0,Express,Upi,2525.25,90,536.84,Delivered
508371,2025-09-19,13584,20207,1,0.05,Standard,Upi,708.2,45,264.34,Delivered
508372,2025-02-12,13341,20131,4,0.05,Standard,Net Banking,709.5,45,312.1,Delivered
508373,2025-03-16,13225,20159,1,0.2,Express,Credit Card,6180.25,115,645.9,Delivered
508374,2025-06-04,12362,20103,2,0.1,Standard,Upi,1742.27,45,611.85,Delivered
508375,2025-06-06,12617,20135,3,0.05,Standard,Upi,8128.03,70,3315.09,Delivered
508376,2025-04-29,14826,20016,1,0.2,Standard,Upi,2280.78,45,158.94,Delivered
508377,2025-09-10,11143,20092,1,0.0,Standard,Debit Card,3465.73,45,1297.85,Delivered
508378,2024-09-14,14310,20227,1,0.05,Standard,Upi,2345.21,45,513.79,Cancelled
508379,2025-11-24,13635,20143,1,0.25,Standard,Debit Card,1513.94,45,376.68,Delivered
508380,2024-06-18,14570,20263,1,0.25,Express,Credit Card,2743.53,90,98.13,Delivered
508381,2025-04-05,10565,20112,1,0.1,Standard,Cash On Delivery,2272.72,45,329.31,Delivered
508382,2025-10-12,10588,20240,1,0.2,Express,Upi,838.27,90,121.47,Delivered
508383,2024-04-20,12487,20184,1,0.05,Standard,Credit Card,777.99,45,173.71,Delivered
508384,2025-08-26,11961,20098,2,0.1,Same Day,Credit Card,584.91,140,-113.13,Delivered
508385,2024-08-07,10061,20147,1,0.2,Standard,Debit Card,823.6,45,54.96,Delivered
508386,2024-01-05,11841,20206,1,0.15,Standard,Upi,886.81,45,273.77,Delivered
508387,2025-06-15,12045,20019,3,0.2,Standard,Upi,1231.06,45,316.9,Delivered
508388,2025-09-04,14684,20087,1,0.1,Express,Upi,407.19,90,79.64,Delivered
508389,2024-10-21,11620,20260,3,0.1,Standard,Upi,3342.71,45,633.38,Cancelled
508390,2025-04-02,10088,20192,1,0.15,Standard,Debit Card,1132.88,45,157.34,Delivered
508391,2025-10-30,14257,20130,2,0.15,Standard,Cash On Delivery,1009.83,45,403.99,Delivered
508392,2025-05-27,14831,20204,3,0.1,Standard,Debit Card,5030.4,70,2442.5,Delivered
508393,2024-07-30,11635,20023,2,0.15,Standard,Net Banking,790.21,45,46.71,Delivered
508394,2024-04-28,14406,20184,3,0.0,Standard,Upi,2456.82,45,733.98,Delivered
508395,2025-01-19,13324,20107,1,0.15,Standard,Debit Card,495.01,45,109.37,Delivered
508396,2024-09-16,12391,20082,1,0.1,Express,Credit Card,1841.23,90,158.35,Delivered
508397,2025-02-02,10718,20159,1,0.05,Express,Upi,7339.04,115,1804.69,Delivered
508398,2024-06-23,11268,20268,2,0.0,Standard,Debit Card,7066.32,70,2934.42,Delivered
508399,2025-02-17,13981,20121,5,0.1,Express,Debit Card,4904.51,90,2348.46,Delivered
508400,2024-05-13,10751,20163,1,0.05,Standard,Cash On Delivery,2733.0,45,561.17,Delivered
508401,2024-04-11,10450,20004,3,0.15,Standard,Upi,870.47,45,118.01,Delivered
508402,2025-01-19,14216,20284,3,0.1,Same Day,Debit Card,884.87,140,259.71,Delivered
508403,2025-03-30,13381,20230,3,0.25,Standard,Credit Card,1717.76,45,122.48,Delivered
508404,2024-03-02,12244,20289,1,0.25,Standard,Debit Card,1312.12,45,274.36,Delivered
508405,2025-07-19,10212,20206,1,0.2,Express,Upi,834.65,90,176.61,Delivered
508406,2024-01-07,12332,20005,1,0.15,Standard,Credit Card,358.66,45,80.98,Delivered
508407,2025-05-29,13602,20266,1,0.15,Standard,Debit Card,512.66,45,94.66,Delivered
508408,2024-11-27,12834,20153,3,0.05,Express,Upi,5340.42,115,1687.04,Delivered
508409,2025-01-13,11447,20017,1,0.15,Express,Upi,1038.87,90,354.68,Delivered
508410,2025-03-20,13017,20243,1,0.25,Same Day,Debit Card,357.91,140,-111.52,Delivered
508411,2024-11-30,11533,20189,3,0.05,Standard,Debit Card,3590.46,45,958.29,Delivered
508412,2025-04-12,12954,20212,1,0.2,Express,Upi,816.77,90,0.34,Delivered
508413,2025-10-22,11834,20289,1,0.1,Standard,Debit Card,1574.54,45,536.78,Delivered
508414,2024-10-14,12408,20137,1,0.25,Same Day,Credit Card,240.54,140,-57.74,Delivered
508415,2024-01-12,13306,20178,1,0.1,Standard,Upi,466.42,45,162.7,Delivered
508416,2024-04-13,10624,20159,2,0.15,Standard,Upi,13133.03,70,2224.33,Delivered
508417,2025-09-14,11041,20174,4,0.2,Standard,Net Banking,5707.39,70,1933.55,Delivered
508418,2024-09-19,12254,20243,1,0.15,Standard,Upi,405.63,45,31.2,Delivered
508419,2025-03-10,13998,20111,1,0.1,Standard,Upi,1170.79,45,492.97,Delivered
508420,2024-06-21,14188,20132,2,0.05,Standard,Debit Card,951.33,45,451.15,Delivered
508421,2025-08-29,10936,20031,1,0.0,Standard,Credit Card,847.15,45,412.19,Delivered
508422,2024-11-16,12451,20004,1,0.0,Express,Upi,341.36,90,15.54,Delivered
508423,2025-12-15,12387,20018,1,0.15,Standard,Cash On Delivery,2124.52,45,922.3,Delivered
508424,2024-02-14,10711,20232,2,0.1,Standard,Debit Card,2841.98,45,1261.6,Delivered
508425,2025-06-29,10994,20290,1,0.1,Standard,Upi,4189.17,45,1079.78,Delivered
508426,2024-07-29,10055,20048,5,0.05,Express,Upi,3006.46,90,1303.96,Delivered
508427,2025-02-20,10306,20063,1,0.05,Standard,Credit Card,250.51,45,9.22,Delivered
508428,2024-09-20,11448,20270,3,0.1,Standard,Cash On Delivery,2347.49,45,472.22,Delivered
508429,2024-10-27,13176,20090,4,0.05,Standard,Credit Card,3940.11,45,1773.83,Delivered
508430,2025-03-31,11757,20087,1,0.15,Standard,Net Banking,384.57,45,102.02,Cancelled
508431,2024-08-13,14952,20289,1,0.2,Express,Debit Card,1399.59,90,316.83,Delivered
508432,2024-04-13,12483,20081,4,0.15,Standard,Upi,2318.53,45,810.61,Delivered
508433,2024-08-08,13451,20170,2,0.05,Standard,Upi,2766.95,45,849.71,Delivered
508434,2024-11-29,12496,20160,1,0.1,Standard,Net Banking,539.35,45,143.27,Delivered
508435,2025-02-21,14937,20112,1,0.15,Express,Net Banking,2146.46,90,158.05,Delivered
508436,2024-10-27,12395,20099,1,0.15,Standard,Debit Card,1971.74,45,382.34,Delivered
508437,2025-09-26,12893,20171,1,0.15,Standard,Cash On Delivery,4820.16,45,528.15,Delivered
508438,2025-04-29,11194,20185,2,0.25,Standard,Cash On Delivery,3865.89,45,849.61,Delivered
508439,2025-04-01,10223,20143,1,0.05,Standard,Upi,1917.65,45,780.39,Delivered
508440,2025-03-11,13190,20243,1,0.05,Standard,Credit Card,453.35,45,78.92,Delivered
508441,2025-01-28,12377,20071,1,0.15,Standard,Upi,1737.37,45,454.88,Delivered
508442,2024-02-12,11562,20063,3,0.05,Express,Net Banking,751.52,90,72.65,Delivered
508443,2024-07-28,13020,20070,2,0.05,Standard,Upi,3906.23,45,1768.41,Delivered
508444,2024-01-11,14698,20141,3,0.05,Standard,Debit Card,3496.44,45,894.69,Delivered
508445,2024-08-03,10560,20104,1,0.05,Standard,Debit Card,927.14,45,181.94,Delivered
508446,2024-06-12,12945,20146,4,0.15,Same Day,Upi,3031.24,140,223.88,Delivered
508447,2024-08-12,11197,20163,2,0.05,Standard,Cash On Delivery,5466.0,70,1142.34,Delivered
508448,2024-09-02,12019,20001,1,0.2,Standard,Debit Card,1211.05,45,236.07,Delivered
508449,2025-10-19,12574,20216,1,0.1,Standard,Cash On Delivery,5630.55,70,2111.94,Delivered
508450,2025-12-03,11926,20125,1,0.1,Standard,Credit Card,776.77,45,284.07,Delivered
508451,2024-01-16,10266,20036,1,0.1,Express,Net Banking,2103.38,90,787.17,Delivered
508452,2024-07-12,10867,20242,1,0.05,Express,Net Banking,3895.96,90,1043.04,Delivered
508453,2024-01-09,10295,20208,2,0.05,Standard,Debit Card,5231.27,70,1192.63,Delivered
508454,2025-05-28,14491,20255,1,0.05,Standard,Credit Card,780.91,45,275.37,Delivered
508455,2024-10-19,13733,20253,1,0.25,Express,Cash On Delivery,437.22,90,61.25,Delivered
508456,2024-03-24,13268,20165,2,0.15,Standard,Net Banking,586.69,45,225.99,Delivered
508457,2024-07-27,14505,20122,2,0.1,Standard,Upi,6851.2,70,1412.02,Delivered
508458,2024-02-27,12475,20082,3,0.0,Same Day,Credit Card,6137.43,165,1193.79,Delivered
508459,2025-05-26,11051,20300,1,0.25,Standard,Upi,652.58,45,100.42,Delivered
508460,2025-09-09,11167,20076,2,0.15,Standard,Upi,2963.51,45,531.41,Delivered
508461,2025-10-09,12754,20179,1,0.05,Same Day,Unknown,659.42,140,55.34,Delivered
508462,2024-11-26,12437,20202,1,0.1,Standard,Upi,489.17,45,139.45,Delivered
508463,2025-04-05,10602,20086,2,0.15,Standard,Credit Card,552.35,45,68.47,Delivered
508464,2025-08-11,12939,20265,4,0.05,Standard,Cash On Delivery,956.88,45,313.08,Delivered
508465,2024-11-20,13331,20069,2,0.1,Express,Credit Card,3614.92,90,1682.2,Delivered
508466,2024-07-28,14981,20106,3,0.15,Standard,Net Banking,3107.15,45,1089.68,Delivered
508467,2024-05-04,12895,20065,2,0.05,Standard,Upi,4107.06,45,1081.44,Delivered
508468,2025-11-22,11812,20027,2,0.05,Standard,Debit Card,1890.2,45,894.48,Delivered
508469,2025-04-06,11773,20006,1,0.1,Express,Credit Card,519.98,90,119.8,Delivered
508470,2024-10-16,11725,20117,1,0.15,Standard,Upi,323.47,45,56.49,Delivered
508471,2024-08-01,11364,20146,3,0.1,Standard,Upi,2407.16,45,361.64,Delivered
508472,2025-03-07,14048,20164,2,0.05,Standard,Upi,1448.45,45,319.35,Delivered
508473,2024-04-06,12951,20097,1,0.2,Same Day,Upi,397.09,140,-58.2,Delivered
508474,2024-09-05,14965,20162,2,0.1,Express,Upi,2900.02,90,636.28,Delivered
508475,2025-05-17,14885,20288,1,0.0,Standard,Upi,1070.11,45,527.68,Delivered
508476,2025-06-08,14617,20051,4,0.05,Same Day,Cash On Delivery,5573.69,165,2688.65,Delivered
508477,2025-05-19,14406,20131,4,0.25,Standard,Debit Card,560.13,45,162.73,Delivered
508478,2024-03-31,11923,20254,3,0.15,Standard,Credit Card,1155.35,45,422.57,Delivered
508479,2025-12-05,11987,20013,1,0.1,Standard,Credit Card,228.53,45,-9.92,Delivered
508480,2025-12-11,14043,20008,1,0.05,Express,Debit Card,553.24,90,162.73,Delivered
508481,2025-07-29,11838,20264,3,0.1,Standard,Debit Card,1935.17,45,362.9,Delivered
508482,2024-06-15,14528,20136,1,0.05,Standard,Net Banking,299.37,45,76.92,Delivered
508483,2024-09-07,10501,20248,3,0.05,Express,Upi,1433.64,90,301.02,Delivered
508484,2025-03-22,10729,20199,3,0.15,Standard,Upi,1957.07,45,528.62,Delivered
508485,2024-07-04,13861,20076,3,0.2,Express,Upi,4183.78,90,513.13,Delivered
508486,2024-09-05,14347,20094,1,0.0,Express,Credit Card,2622.99,90,1092.77,Delivered
508487,2024-12-05,10623,20018,2,0.15,Standard,Upi,4249.03,45,1889.59,Delivered
508488,2025-03-21,11627,20172,4,0.15,Standard,Net Banking,3992.01,45,420.81,Delivered
508489,2024-05-17,11228,20148,1,0.1,Standard,Credit Card,12196.88,70,3823.62,Delivered
508490,2024-04-18,14459,20002,2,0.15,Standard,Net Banking,3935.69,45,590.41,Delivered
508491,2025-02-20,12156,20030,1,0.1,Standard,Debit Card,468.53,45,55.94,Delivered
508492,2025-03-01,11878,20172,1,0.05,Standard,Credit Card,1115.41,45,188.86,Delivered
508493,2024-02-13,14062,20250,3,0.15,Express,Cash On Delivery,7034.38,115,2560.83,Delivered
508494,2024-12-07,14616,20047,1,0.15,Standard,Net Banking,429.25,45,110.67,Delivered
508495,2024-07-19,13537,20299,1,0.3,Express,Debit Card,1001.1,90,-162.77,Delivered
508496,2025-01-12,11397,20011,1,0.05,Standard,Net Banking,826.92,45,325.02,Delivered
508497,2024-04-13,10024,20275,1,0.15,Express,Credit Card,2458.91,90,830.66,Cancelled
508498,2025-04-02,13964,20004,3,0.1,Standard,Upi,921.67,45,169.21,Delivered
508499,2025-02-18,10568,20166,1,0.1,Standard,Credit Card,584.59,45,220.64,Delivered
508500,2025-09-23,10261,20201,3,0.15,Express,Credit Card,1524.36,90,608.22,Delivered
508501,2025-02-05,11892,20162,2,0.1,Standard,Upi,2900.02,45,681.28,Delivered
508502,2025-01-24,14238,20239,2,0.15,Express,Credit Card,925.79,90,251.55,Delivered
508503,2024-12-27,12210,20104,1,0.1,Express,Cash On Delivery,878.35,90,88.15,Delivered
508504,2025-03-09,10474,20037,3,0.2,Standard,Upi,4084.9,45,913.6,Delivered
508505,2025-01-17,11830,20224,1,0.3,Standard,Debit Card,245.44,45,20.07,Delivered
508506,2024-01-28,12941,20059,1,0.15,Express,Net Banking,5003.36,115,648.67,Delivered
508507,2024-04-16,10421,20220,2,0.15,Standard,Debit Card,7851.89,70,1926.97,Delivered
508508,2025-06-23,13080,20274,1,0.0,Express,Upi,1095.54,90,287.95,Delivered
508509,2024-07-04,11808,20025,2,0.2,Express,Credit Card,5443.46,115,57.44,Cancelled
508510,2024-07-13,14840,20207,2,0.2,Standard,Credit Card,1192.75,45,350.03,Delivered
508511,2024-05-25,13809,20025,2,0.05,Standard,Upi,6464.1,70,1123.08,Delivered
508512,2025-11-19,12550,20084,1,0.15,Standard,Upi,1352.93,45,213.16,Delivered
508513,2024-05-07,12281,20248,2,0.2,Standard,Debit Card,804.85,45,64.77,Cancelled
508514,2024-04-15,12335,20248,2,0.15,Standard,Net Banking,855.15,45,115.07,Delivered
508515,2025-02-19,13587,20051,1,0.2,Standard,Cash On Delivery,1173.41,45,448.4,Delivered
508516,2024-12-17,11419,20010,1,0.15,Standard,Upi,826.07,45,176.03,Delivered
508517,2025-01-17,14548,20177,1,0.1,Standard,Credit Card,957.26,45,119.86,Cancelled
508518,2025-12-23,13455,20125,1,0.25,Standard,Debit Card,647.31,45,154.61,Delivered
508519,2024-12-14,11786,20166,1,0.25,Standard,Debit Card,487.16,45,123.21,Delivered
508520,2025-04-25,12414,20126,3,0.0,Standard,Debit Card,14691.78,70,5065.79,Delivered
508521,2024-11-09,13569,20247,2,0.05,Express,Net Banking,4071.6,90,1074.36,Delivered
508522,2025-06-06,14136,20070,1,0.1,Standard,Credit Card,1850.32,45,758.91,Delivered
508523,2024-12-25,12597,20011,1,0.15,Standard,Credit Card,739.87,45,237.97,Delivered
508524,2024-11-16,11003,20083,1,0.2,Express,Upi,783.26,90,202.18,Delivered
508525,2025-01-18,12524,20160,1,0.05,Standard,Upi,569.32,45,173.24,Delivered
508526,2024-01-17,14638,20058,1,0.1,Express,Upi,1465.33,90,546.91,Delivered
508527,2025-01-04,11246,20079,2,0.3,Standard,Debit Card,3019.52,45,-254.38,Cancelled
508528,2024-03-06,14988,20185,1,0.2,Standard,Upi,2061.81,45,531.17,Delivered
508529,2024-04-22,13202,20077,1,0.2,Standard,Debit Card,1489.53,45,236.13,Delivered
508530,2025-10-05,14168,20071,1,0.0,Standard,Upi,2043.96,45,761.47,Delivered
508531,2025-02-19,10043,20116,1,0.05,Same Day,Upi,423.59,140,43.29,Delivered
508532,2024-03-11,14437,20185,2,0.1,Express,Upi,4639.07,90,1577.79,Delivered
508533,2024-03-01,10422,20015,1,0.2,Standard,Debit Card,1093.52,45,384.09,Delivered
508534,2025-03-19,12962,20003,2,0.1,Express,Credit Card,922.03,90,146.55,Cancelled
508535,2024-11-09,11647,20058,1,0.05,Standard,Upi,1546.73,45,673.31,Delivered
508536,2025-04-27,10764,20283,1,0.15,Standard,Credit Card,1150.47,45,216.55,Delivered
508537,2024-08-31,12636,20188,2,0.2,Standard,Cash On Delivery,4494.08,45,826.68,Delivered
508538,2025-05-31,10178,20259,1,0.0,Same Day,Upi,1383.09,140,177.17,Delivered
508539,2025-01-04,13160,20175,1,0.1,Standard,Debit Card,230.55,45,8.54,Delivered
508540,2024-11-12,11010,20065,1,0.3,Standard,Debit Card,1513.13,45,-22.18,Delivered
508541,2024-01-21,14478,20011,2,0.0,Same Day,Net Banking,1740.88,140,687.08,Delivered
508542,2025-11-28,14151,20281,2,0.1,Standard,Upi,2502.68,45,990.64,Delivered
508543,2025-12-21,12208,20191,1,0.05,Standard,Debit Card,980.65,45,208.85,Delivered
508544,2024-08-18,13741,20004,2,0.0,Standard,Upi,682.72,45,166.08,Delivered
508545,2025-06-09,13764,20054,1,0.15,Standard,Upi,2359.92,45,908.14,Delivered
508546,2025-08-13,12405,20060,4,0.0,Express,Debit Card,14101.44,115,5304.64,Delivered
508547,2025-04-13,10249,20156,1,0.25,Express,Credit Card,1446.01,90,103.75,Delivered
508548,2025-11-24,11800,20138,4,0.25,Standard,Credit Card,7149.24,70,979.44,Delivered
508549,2024-03-18,12885,20164,3,0.1,Express,Net Banking,2058.32,90,342.17,Delivered
508550,2025-07-16,11323,20080,4,0.15,Express,Upi,9671.03,115,3886.03,Delivered
508551,2025-06-13,12610,20173,1,0.2,Standard,Upi,594.54,45,23.06,Delivered
508552,2024-10-16,14721,20179,1,0.1,Same Day,Credit Card,624.72,140,20.64,Delivered
508553,2024-08-05,12412,20046,2,0.05,Express,Credit Card,8023.74,115,1647.08,Delivered
508554,2024-04-09,10286,20256,1,0.1,Standard,Credit Card,1147.52,45,354.57,Delivered
508555,2024-05-28,11874,20132,2,0.1,Standard,Credit Card,901.26,45,401.08,Delivered
508556,2025-01-19,13033,20170,1,0.15,Standard,Upi,1237.85,45,256.73,Delivered
508557,2024-06-03,10831,20136,1,0.1,Standard,Net Banking,283.62,45,61.17,Delivered
508558,2025-01-29,11991,20105,1,0.25,Standard,Upi,4421.3,45,58.99,Delivered
508559,2025-01-10,11901,20026,1,0.15,Standard,Upi,1847.76,45,482.74,Delivered
508560,2024-04-11,13262,20001,1,0.1,Standard,Upi,1362.43,45,387.45,Delivered
508561,2025-09-18,14495,20254,1,0.15,Express,Credit Card,385.12,90,65.86,Delivered
508562,2024-04-01,10028,20211,1,0.05,Standard,Credit Card,672.87,45,117.13,Delivered
508563,2025-02-14,10104,20210,3,0.1,Standard,Upi,1808.89,45,423.28,Delivered
508564,2025-02-09,11666,20090,1,0.0,Express,Credit Card,1036.87,90,416.55,Delivered
508565,2024-01-21,14663,20039,3,0.1,Express,Upi,8285.54,115,1983.4,Delivered
508566,2025-09-23,14870,20027,2,0.05,Standard,Debit Card,1890.2,45,894.48,Delivered
508567,2025-02-11,12724,20198,2,0.2,Standard,Credit Card,3178.29,45,852.51,Delivered
508568,2024-01-19,13949,20230,4,0.1,Standard,Credit Card,2748.42,45,636.38,Delivered
508569,2025-06-19,11109,20016,1,0.1,Standard,Cash On Delivery,2565.87,45,444.03,Delivered
508570,2025-06-21,10276,20022,1,0.0,Express,Credit Card,6715.69,115,2454.36,Delivered
508571,2024-06-01,10564,20073,2,0.0,Standard,Credit Card,1841.82,45,760.08,Delivered
508572,2024-10-27,14821,20184,2,0.05,Standard,Upi,1555.99,45,392.43,Delivered
508573,2025-02-16,11563,20135,1,0.15,Express,Upi,2424.15,90,753.17,Delivered
508574,2024-07-20,12873,20001,1,0.15,Standard,Upi,1286.74,45,311.76,Delivered
508575,2024-05-18,11203,20208,2,0.3,Express,Upi,3854.62,90,-204.02,Delivered
508576,2024-01-24,14947,20014,3,0.15,Standard,Credit Card,21872.93,70,9526.0,Delivered
508577,2024-01-12,10967,20222,2,0.15,Standard,Upi,638.52,45,135.06,Delivered
508578,2024-05-14,14720,20244,1,0.15,Standard,Debit Card,362.95,45,74.83,Delivered
508579,2024-03-21,13980,20147,2,0.1,Standard,Credit Card,1853.1,45,360.82,Delivered
508580,2024-12-20,10169,20275,2,0.25,Standard,Upi,4339.26,45,1217.76,Delivered
508581,2024-03-10,11320,20077,2,0.15,Express,Upi,3165.25,90,658.45,Delivered
508582,2024-07-22,14221,20108,2,0.0,Standard,Credit Card,4653.32,45,1399.46,Delivered
508583,2025-08-13,10870,20111,2,0.1,Standard,Upi,2341.58,45,1030.94,Delivered
508584,2024-10-05,13637,20125,2,0.05,Standard,Cash On Delivery,1639.85,45,699.45,Delivered
508585,2025-12-11,13358,20093,1,0.05,Standard,Credit Card,676.04,45,220.02,Delivered
508586,2025-01-13,14822,20237,2,0.1,Standard,Credit Card,1165.82,45,454.48,Delivered
508587,2024-10-20,10975,20248,1,0.1,Standard,Net Banking,452.73,45,60.19,Delivered
508588,2025-02-18,11704,20143,2,0.1,Standard,Cash On Delivery,3633.44,45,1403.92,Delivered
508589,2025-03-03,14139,20209,2,0.1,Same Day,Cash On Delivery,2111.83,140,700.67,Delivered
508590,2024-06-04,11965,20023,1,0.05,Express,Credit Card,441.59,90,2.34,Delivered
508591,2025-08-10,12559,20010,2,0.0,Standard,Upi,1943.7,45,688.62,Delivered
508592,2025-12-31,12510,20256,2,0.1,Standard,Net Banking,2295.04,45,754.14,Delivered
508593,2024-10-03,12334,20177,1,0.05,Same Day,Upi,1010.44,140,78.04,Delivered
508594,2024-09-21,11321,20254,2,0.05,Express,Upi,860.85,90,312.33,Delivered
508595,2024-02-18,11580,20290,1,0.0,Standard,Upi,4654.63,45,1545.24,Delivered
508596,2025-09-01,11909,20095,2,0.15,Standard,Net Banking,1962.17,45,156.53,Delivered
508597,2024-10-19,11528,20295,1,0.0,Standard,Cash On Delivery,2377.5,45,602.86,Delivered
508598,2024-01-21,11916,20080,3,0.15,Standard,Net Banking,7253.27,70,2930.77,Delivered
508599,2025-03-19,11591,20218,3,0.15,Express,Upi,1575.9,90,345.42,Delivered
508600,2025-06-18,10257,20209,1,0.0,Standard,Net Banking,1173.24,45,492.66,Delivered
508601,2025-04-16,11241,20100,3,0.2,Express,Upi,2966.4,90,35.73,Delivered
508602,2024-05-17,12013,20023,1,0.1,Express,Net Banking,418.35,90,-20.9,Delivered
508603,2024-08-17,10750,20281,3,0.15,Standard,Cash On Delivery,3545.47,45,1299.91,Delivered
508604,2025-02-08,13323,20197,1,0.1,Standard,Upi,2731.23,45,521.68,Delivered
508605,2024-12-22,13287,20247,5,0.05,Same Day,Credit Card,10179.01,165,2745.91,Delivered
508606,2025-06-24,14098,20090,2,0.05,Express,Debit Card,1970.05,90,819.41,Delivered
508607,2024-01-21,12982,20253,2,0.3,Standard,Credit Card,816.14,45,199.2,Delivered
508608,2025-09-02,12387,20006,2,0.2,Express,Upi,924.4,90,214.04,Delivered
508609,2025-07-28,14324,20019,2,0.2,Standard,Credit Card,820.7,45,196.26,Delivered
508610,2025-10-06,10476,20275,1,0.05,Standard,Debit Card,2748.2,45,1164.95,Delivered
508611,2025-06-10,12414,20110,1,0.15,Standard,Credit Card,486.47,45,41.23,Delivered
508612,2024-04-14,12877,20095,1,0.1,Express,Debit Card,1038.8,90,68.48,Delivered
508613,2025-09-14,13072,20087,4,0.1,Standard,Upi,1628.75,45,633.55,Delivered
508614,2024-12-01,12555,20013,1,0.05,Express,Credit Card,241.22,90,-42.23,Delivered
508615,2025-02-27,11004,20195,1,0.1,Standard,Net Banking,5226.26,70,2011.45,Delivered
508616,2025-09-14,12110,20076,3,0.0,Standard,Cash On Delivery,5229.72,70,1579.07,Delivered
508617,2024-01-04,13403,20229,2,0.15,Standard,Credit Card,10361.02,70,1972.06,Cancelled
508618,2025-04-13,14283,20159,1,0.1,Express,Credit Card,6952.78,115,1418.43,Delivered
508619,2025-10-25,13932,20023,1,0.2,Same Day,Credit Card,371.86,140,-117.39,Delivered
508620,2025-07-07,10851,20205,1,0.15,Standard,Upi,11524.57,70,1330.41,Delivered
508621,2025-06-21,13265,20240,1,0.1,Standard,Upi,943.06,45,271.26,Delivered
508622,2024-07-12,14830,20195,5,0.05,Same Day,Upi,24824.74,165,8935.69,Delivered
508623,2024-12-25,14553,20199,1,0.05,Standard,Cash On Delivery,729.11,45,222.96,Delivered
508624,2025-06-03,13624,20138,3,0.1,Standard,Upi,6434.32,70,1789.47,Delivered
508625,2024-03-13,10561,20223,3,0.2,Standard,Credit Card,3142.44,45,895.89,Delivered
508626,2024-03-18,13020,20215,1,0.1,Express,Unknown,510.13,90,150.13,Delivered
508627,2025-10-21,13948,20008,1,0.15,Standard,Upi,495.01,45,149.5,Delivered
508628,2024-03-08,12488,20216,1,0.1,Standard,Net Banking,5630.55,70,2111.94,Delivered
508629,2025-11-25,11416,20284,1,0.05,Standard,Debit Card,311.34,45,104.62,Delivered
508630,2024-11-29,12270,20255,1,0.1,Standard,Upi,739.81,45,234.27,Delivered
508631,2024-03-25,12808,20205,3,0.15,Standard,Credit Card,34573.72,70,4131.24,Delivered
508632,2025-05-10,11800,20161,2,0.0,Standard,Upi,5235.1,70,1986.54,Delivered
508633,2024-03-19,12213,20114,1,0.15,Express,Credit Card,351.91,90,-3.03,Delivered
508634,2025-07-04,12814,20245,2,0.2,Standard,Upi,1332.53,45,106.63,Delivered
508635,2024-11-01,12003,20203,1,0.25,Standard,Net Banking,1382.44,45,212.22,Delivered
508636,2024-01-20,12120,20217,2,0.2,Same Day,Credit Card,848.48,140,218.62,Delivered
508637,2025-08-04,11169,20145,2,0.05,Standard,Credit Card,11856.91,70,5132.85,Delivered
508638,2024-06-04,12121,20134,4,0.2,Express,Upi,3592.0,90,474.44,Cancelled
508639,2024-04-26,10881,20174,1,0.0,Express,Credit Card,1783.56,90,767.6,Delivered
508640,2025-03-25,12885,20270,1,0.1,Standard,Cash On Delivery,782.5,45,127.41,Delivered
508641,2024-01-28,11094,20165,1,0.1,Standard,Upi,310.6,45,107.75,Delivered
508642,2025-09-01,11685,20107,3,0.05,Standard,Debit Card,1659.75,45,592.83,Delivered
508643,2024-11-24,11349,20248,1,0.2,Standard,Credit Card,402.42,45,9.88,Delivered
508644,2025-10-24,12604,20029,1,0.15,Same Day,Net Banking,1894.01,140,748.27,Delivered
508645,2024-12-29,10237,20220,2,0.15,Standard,Credit Card,7851.89,70,1926.97,Delivered
508646,2025-02-22,12367,20209,2,0.25,Same Day,Cash On Delivery,1759.86,140,348.7,Delivered
508647,2024-01-22,10140,20049,3,0.15,Express,Upi,1955.06,90,252.8,Delivered
508648,2024-09-17,10427,20002,3,0.1,Express,Credit Card,6250.8,115,1185.38,Delivered
508649,2024-02-29,13225,20198,1,0.05,Standard,Upi,1887.11,45,701.72,Delivered
508650,2025-02-16,13997,20089,1,0.2,Standard,Net Banking,497.51,45,35.91,Delivered
508651,2024-06-11,11219,20211,1,0.15,Express,Upi,602.04,90,1.3,Delivered
508652,2024-04-23,14311,20070,3,0.15,Express,Upi,5242.57,115,1988.34,Delivered
508653,2024-12-19,14226,20193,2,0.15,Express,Credit Card,1112.19,90,149.63,Delivered
508654,2024-07-14,14637,20046,1,0.15,Standard,Credit Card,3589.57,45,413.74,Delivered
508655,2024-02-14,10966,20063,1,0.15,Standard,Credit Card,224.14,45,-17.15,Delivered
508656,2025-09-16,12437,20119,1,0.1,Standard,Debit Card,2922.45,45,1416.15,Delivered
508657,2024-06-27,14060,20226,2,0.1,Same Day,Cash On Delivery,2797.04,140,567.86,Delivered
508658,2025-05-07,11718,20027,1,0.2,Standard,Debit Card,795.87,45,275.51,Delivered
508659,2024-11-20,10834,20191,1,0.25,Standard,Credit Card,774.2,45,2.4,Delivered
508660,2025-01-04,13175,20279,1,0.1,Standard,Debit Card,1432.33,45,624.66,Delivered
508661,2025-07-21,11429,20228,1,0.15,Express,Upi,730.92,90,5.73,Delivered
508662,2024-12-12,11312,20224,1,0.1,Express,Upi,315.57,90,45.2,Delivered
508663,2024-04-24,11921,20295,3,0.1,Standard,Debit Card,6419.25,70,1160.33,Delivered
508664,2024-12-22,12790,20058,1,0.15,Standard,Debit Card,1383.92,45,510.5,Delivered
508665,2024-06-15,13107,20209,2,0.05,Standard,Cash On Delivery,2229.16,45,913.0,Delivered
508666,2024-12-19,12915,20142,1,0.1,Standard,Cash On Delivery,601.41,45,126.77,Delivered
508667,2024-04-24,10754,20150,1,0.1,Express,Net Banking,421.63,90,36.29,Delivered
508668,2025-02-11,10484,20017,1,0.15,Standard,Cash On Delivery,1038.87,45,399.68,Delivered
508669,2025-08-14,13593,20240,3,0.2,Standard,Debit Card,2514.82,45,589.42,Delivered
508670,2024-11-18,10388,20038,2,0.05,Express,Net Banking,3156.41,90,1383.89,Delivered
508671,2025-06-24,12553,20287,1,0.1,Express,Upi,1752.8,90,236.71,Delivered
508672,2024-02-11,11124,20098,1,0.1,Same Day,Upi,347.29,140,-71.73,Delivered
508673,2025-04-04,12907,20058,2,0.1,Same Day,Debit Card,2930.65,140,1133.81,Delivered
508674,2024-04-28,11806,20017,3,0.05,Standard,Net Banking,3483.27,45,1655.7,Cancelled
508675,2025-07-27,12747,20120,2,0.05,Express,Upi,4633.87,90,918.45,Delivered
508676,2025-10-28,14405,20023,2,0.05,Standard,Upi,883.18,45,139.68,Delivered
508677,2025-03-25,13430,20210,1,0.1,Standard,Upi,602.96,45,111.09,Delivered
508678,2025-03-16,14227,20213,2,0.2,Express,Upi,4959.63,90,480.09,Delivered
508679,2024-07-07,13861,20148,3,0.05,Standard,Credit Card,38623.46,70,13643.68,Delivered
508680,2024-10-11,13324,20096,2,0.2,Express,Cash On Delivery,2616.14,90,506.24,Delivered
508681,2024-04-13,13536,20260,1,0.25,Standard,Upi,928.53,45,-4.58,Delivered
508682,2025-07-22,14431,20073,2,0.1,Standard,Credit Card,1657.64,45,575.9,Delivered
508683,2025-04-01,14520,20049,1,0.1,Standard,Credit Card,690.02,45,107.6,Delivered
508684,2024-11-06,11809,20222,2,0.15,Standard,Debit Card,638.52,45,135.06,Delivered
508685,2025-11-14,13988,20282,3,0.15,Standard,Credit Card,1837.91,45,582.26,Delivered
508686,2025-01-18,14066,20032,1,0.0,Standard,Net Banking,458.1,45,91.88,Delivered
508687,2025-10-29,12210,20028,3,0.2,Standard,Upi,17811.41,70,702.01,Delivered
508688,2024-06-13,14191,20168,1,0.0,Standard,Upi,2214.72,45,563.69,Delivered
508689,2025-02-10,11307,20037,1,0.1,Express,Debit Card,1531.84,90,399.74,Delivered
508690,2025-08-03,11063,20234,2,0.1,Standard,Cash On Delivery,14671.89,70,6012.73,Delivered
508691,2025-04-20,11820,20179,2,0.2,Express,Net Banking,1110.61,90,92.45,Delivered
508692,2024-02-27,13615,20057,1,0.05,Standard,Debit Card,1553.4,45,285.08,Delivered
508693,2025-12-19,11755,20233,1,0.15,Standard,Upi,2252.09,45,304.35,Delivered
508694,2025-02-19,11492,20072,3,0.2,Standard,Net Banking,3895.3,45,159.1,Delivered
508695,2025-08-19,10586,20195,1,0.1,Standard,Credit Card,4703.63,45,1513.82,Delivered
508696,2025-09-04,11354,20003,4,0.2,Standard,Upi,1639.17,45,223.21,Delivered
508697,2024-09-07,10657,20202,3,0.2,Express,Cash On Delivery,1304.45,90,300.29,Delivered
508698,2024-08-07,14970,20191,1,0.05,Standard,Net Banking,980.65,45,208.85,Delivered
508699,2024-06-08,12816,20207,2,0.2,Standard,Credit Card,1192.75,45,350.03,Delivered
508700,2024-07-05,10456,20111,1,0.15,Express,Upi,1105.75,90,382.93,Delivered
508701,2025-08-21,11177,20051,1,0.2,Standard,Net Banking,1173.41,45,448.4,Delivered
508702,2025-04-08,12085,20238,1,0.05,Standard,Credit Card,603.7,45,110.13,Delivered
508703,2025-05-12,12491,20134,1,0.1,Express,Cash On Delivery,1010.25,90,163.36,Delivered
508704,2024-11-25,10686,20281,1,0.15,Express,Upi,1181.82,90,358.3,Delivered
508705,2024-12-14,13108,20226,1,0.15,Express,Credit Card,1320.82,90,186.23,Delivered
508706,2025-05-14,14449,20026,1,0.3,Express,Cash On Delivery,1521.68,90,111.66,Delivered
508707,2025-10-28,10280,20216,1,0.0,Express,Upi,6256.17,115,2692.56,Delivered
508708,2025-05-04,13189,20080,1,0.1,Standard,Cash On Delivery,2559.98,45,1097.48,Delivered
508709,2024-10-06,13193,20292,1,0.1,Standard,Upi,296.79,45,8.93,Delivered
508710,2024-06-12,13471,20021,1,0.2,Same Day,Debit Card,9904.48,165,1841.69,Delivered
508711,2025-02-01,12218,20222,5,0.05,Standard,Credit Card,1784.1,45,592.95,Delivered
508712,2024-03-08,12979,20049,1,0.05,Same Day,Credit Card,728.36,140,50.94,Delivered
508713,2025-03-03,13521,20060,2,0.1,Standard,Credit Card,6345.65,70,1934.75,Delivered
508714,2025-03-07,12523,20242,1,0.15,Express,Debit Card,3485.86,90,632.94,Delivered
508715,2025-01-09,14515,20019,2,0.3,Standard,Net Banking,718.12,45,93.68,Delivered
508716,2025-12-24,10290,20078,5,0.1,Standard,Debit Card,5837.13,70,1317.43,Delivered
508717,2025-09-23,11537,20131,2,0.15,Same Day,Upi,317.41,140,1.21,Delivered
508718,2025-11-27,11589,20214,1,0.05,Standard,Upi,1681.18,45,788.07,Delivered
508719,2025-02-26,14005,20128,1,0.15,Express,Debit Card,1281.28,90,431.26,Delivered
508720,2025-12-28,10805,20107,3,0.05,Standard,Upi,1659.75,45,592.83,Delivered
508721,2025-10-03,10586,20181,1,0.1,Standard,Upi,1734.26,45,328.1,Delivered
508722,2024-03-18,12187,20194,2,0.0,Standard,Upi,10405.68,70,2227.0,Cancelled
508723,2025-05-02,11970,20045,2,0.1,Same Day,Upi,1589.71,140,242.31,Delivered
508724,2024-06-18,12862,20057,1,0.15,Standard,Debit Card,1389.89,45,121.57,Delivered
508725,2024-02-07,12092,20183,1,0.0,Express,Cash On Delivery,1293.03,90,595.75,Delivered
508726,2025-07-20,11626,20275,1,0.05,Standard,Credit Card,2748.2,45,1164.95,Delivered
508727,2024-10-16,13960,20005,1,0.05,Express,Debit Card,400.85,90,78.17,Delivered
508728,2025-07-11,13575,20154,3,0.15,Standard,Debit Card,1773.17,45,197.12,Delivered
508729,2024-06-19,10161,20019,2,0.15,Express,Upi,872.0,90,202.56,Delivered
508730,2025-10-03,12726,20031,3,0.0,Standard,Debit Card,2541.45,45,1326.57,Delivered
508731,2025-11-06,11043,20147,3,0.1,Standard,Net Banking,2779.65,45,563.73,Delivered
508732,2025-08-04,14109,20125,5,0.15,Express,Net Banking,3668.09,90,1339.59,Delivered
508733,2024-10-18,13479,20025,3,0.3,Standard,Upi,7144.54,70,-831.99,Delivered
508734,2025-08-03,11987,20153,2,0.05,Express,Upi,3560.28,90,1111.36,Delivered
508735,2025-02-25,11879,20237,2,0.0,Express,Debit Card,1295.36,90,539.02,Delivered
508736,2024-04-14,13063,20214,1,0.05,Standard,Debit Card,1681.18,45,788.07,Delivered
508737,2025-07-19,11371,20141,1,0.1,Standard,Cash On Delivery,1104.14,45,206.89,Delivered
508738,2025-02-09,14535,20298,2,0.15,Express,Upi,2589.32,90,815.28,Delivered
508739,2025-04-03,10421,20143,1,0.1,Express,Cash On Delivery,1816.72,90,634.46,Delivered
508740,2024-09-04,13894,20023,1,0.1,Standard,Upi,418.35,45,24.1,Delivered
508741,2024-11-04,11725,20284,2,0.1,Standard,Credit Card,589.91,45,221.47,Delivered
508742,2025-01-07,10246,20112,1,0.05,Same Day,Credit Card,2398.99,140,360.58,Delivered
508743,2024-04-15,14362,20269,1,0.25,Standard,Upi,336.34,45,83.33,Delivered
508744,2024-11-10,10480,20096,1,0.15,Express,Debit Card,1389.83,90,289.88,Delivered
508745,2025-08-31,11334,20172,1,0.1,Standard,Upi,1056.71,45,130.16,Delivered
508746,2025-06-22,12568,20291,2,0.15,Standard,Net Banking,1441.8,45,122.38,Delivered
508747,2024-03-12,14266,20235,2,0.0,Standard,Upi,10260.86,70,4369.5,Delivered
508748,2025-01-12,14215,20087,1,0.15,Standard,Upi,384.57,45,102.02,Delivered
508749,2025-05-10,12778,20296,1,0.05,Express,Credit Card,388.11,90,9.12,Delivered
508750,2024-07-03,12111,20198,1,0.0,Express,Upi,1986.43,90,756.04,Delivered
508751,2024-05-13,14696,20221,2,0.2,Standard,Upi,2639.33,45,784.41,Delivered
508752,2024-06-22,14430,20298,1,0.15,Express,Cash On Delivery,1294.66,90,362.64,Delivered
508753,2025-09-01,11517,20143,1,0.0,Standard,Cash On Delivery,2018.58,45,881.32,Delivered
508754,2025-01-27,11624,20060,2,0.25,Standard,Upi,5288.04,70,877.14,Delivered
508755,2024-03-04,14122,20289,1,0.3,Express,Upi,1224.64,90,141.88,Delivered
508756,2025-02-18,10288,20002,2,0.15,Standard,Credit Card,3935.69,45,590.41,Delivered
508757,2025-02-06,13312,20153,1,0.05,Express,Debit Card,1780.14,90,510.68,Delivered
508758,2024-04-22,12372,20254,1,0.1,Standard,Upi,407.77,45,133.51,Delivered
508759,2024-03-05,11765,20059,4,0.15,Standard,Upi,20013.45,70,2984.69,Delivered
508760,2025-12-28,14714,20251,1,0.05,Standard,Unknown,695.31,45,298.32,Delivered
508761,2025-02-04,11453,20025,1,0.1,Express,Credit Card,3061.94,90,336.43,Delivered
508762,2024-10-16,10738,20133,1,0.0,Standard,Net Banking,1445.18,45,644.7,Delivered
508763,2025-04-27,12552,20243,1,0.1,Standard,Credit Card,429.49,45,55.06,Delivered
508764,2025-02-23,14981,20062,2,0.1,Standard,Upi,615.74,45,97.24,Delivered
508765,2024-11-10,12382,20104,1,0.1,Express,Upi,878.35,90,88.15,Delivered
508766,2024-03-29,13033,20078,1,0.1,Same Day,Debit Card,1167.43,140,137.49,Delivered
508767,2025-10-22,10684,20209,1,0.05,Standard,Credit Card,1114.58,45,434.0,Delivered
508768,2024-12-22,11921,20105,2,0.15,Standard,Credit Card,10021.62,70,1317.0,Delivered
508769,2025-06-01,12577,20091,2,0.15,Standard,Credit Card,9356.7,70,1929.96,Delivered
508770,2024-12-30,12935,20164,3,0.05,Standard,Cash On Delivery,2172.67,45,501.52,Delivered
508771,2024-09-23,12220,20115,2,0.15,Standard,Debit Card,1898.19,45,761.93,Delivered
508772,2025-02-09,13985,20150,3,0.0,Standard,Debit Card,1405.44,45,474.42,Delivered
508773,2024-05-18,13416,20233,1,0.15,Standard,Credit Card,2252.09,45,304.35,Cancelled
508774,2024-06-13,12725,20086,4,0.1,Standard,Upi,1169.68,45,246.92,Delivered
508775,2025-11-27,11890,20028,3,0.15,Express,Debit Card,18924.62,115,1770.22,Delivered
508776,2025-10-27,12845,20048,2,0.1,Standard,Credit Card,1139.29,45,449.29,Cancelled
508777,2024-04-15,11169,20188,2,0.1,Express,Net Banking,5055.84,115,1318.44,Delivered
508778,2024-05-28,13995,20084,1,0.05,Express,Upi,1512.1,90,327.33,Delivered
508779,2024-07-03,10546,20063,3,0.15,Standard,Credit Card,672.41,45,38.54,Delivered
508780,2025-02-13,12114,20002,1,0.05,Express,Cash On Delivery,2199.35,90,459.21,Delivered
508781,2025-12-03,12849,20279,3,0.1,Standard,Credit Card,4297.0,45,1963.99,Delivered
508782,2025-11-05,10133,20051,1,0.15,Express,Credit Card,1246.75,90,476.74,Delivered
508783,2024-07-19,10794,20226,1,0.05,Standard,Upi,1476.21,45,386.62,Delivered
508784,2025-09-09,10619,20080,1,0.1,Standard,Debit Card,2559.98,45,1097.48,Delivered
508785,2025-12-27,10860,20246,3,0.05,Standard,Net Banking,1021.72,45,407.59,Delivered
508786,2024-08-07,14535,20206,1,0.15,Express,Debit Card,886.81,90,228.77,Delivered
508787,2025-04-14,10551,20116,1,0.25,Express,Credit Card,334.41,90,4.11,Delivered
508788,2025-12-29,13764,20257,3,0.25,Standard,Upi,777.67,45,-43.16,Delivered
508789,2025-03-09,13863,20015,1,0.1,Standard,Credit Card,1230.21,45,520.78,Delivered
508790,2024-01-29,10462,20217,1,0.05,Standard,Net Banking,503.78,45,213.85,Cancelled
508791,2024-03-04,11721,20043,2,0.25,Standard,Upi,793.04,45,82.9,Delivered
508792,2024-04-05,11235,20103,3,0.2,Express,Credit Card,2323.03,90,604.9,Delivered
508793,2025-10-27,11137,20294,2,0.05,Standard,Net Banking,3694.36,45,1818.74,Delivered
508794,2025-06-23,14213,20063,1,0.05,Express,Credit Card,250.51,90,-35.78,Delivered
508795,2025-05-24,14659,20231,4,0.0,Express,Net Banking,2215.92,90,1087.32,Delivered
508796,2024-12-05,11684,20238,2,0.25,Standard,Upi,953.2,45,11.06,Delivered
508797,2025-11-18,12823,20250,1,0.0,Same Day,Upi,2758.58,140,1165.73,Delivered
508798,2024-09-07,14252,20078,2,0.1,Standard,Credit Card,2334.85,45,509.97,Delivered
508799,2025-12-06,13301,20083,2,0.2,Standard,Upi,1566.51,45,539.35,Delivered
508800,2024-10-05,14630,20154,1,0.1,Standard,Credit Card,625.82,45,70.47,Delivered
508801,2024-02-08,14850,20230,3,0.1,Standard,Credit Card,2061.32,45,466.04,Delivered
508802,2024-03-09,14868,20097,1,0.1,Standard,Cash On Delivery,446.72,45,86.43,Delivered
508803,2024-10-03,14909,20174,3,0.0,Express,Debit Card,5350.68,115,2457.8,Delivered
508804,2024-04-29,11601,20140,1,0.05,Standard,Upi,893.47,45,215.35,Delivered
508805,2024-03-26,14409,20093,1,0.1,Standard,Net Banking,640.46,45,184.44,Delivered
508806,2024-06-25,13840,20140,3,0.2,Standard,Debit Card,2257.18,45,312.82,Delivered
508807,2025-08-28,12098,20029,1,0.15,Standard,Upi,1894.01,45,843.27,Delivered
508808,2024-04-01,11281,20061,5,0.15,Standard,Upi,8134.41,70,3509.76,Delivered
508809,2025-02-23,11124,20041,1,0.05,Standard,Debit Card,142.5,45,14.01,Delivered
508810,2024-03-21,10652,20148,3,0.1,Standard,Credit Card,36590.64,70,11610.86,Delivered
508811,2024-12-06,12948,20247,4,0.1,Standard,Credit Card,7714.62,70,1830.14,Delivered
508812,2025-02-24,10166,20158,2,0.1,Express,Upi,2162.7,90,475.68,Cancelled
508813,2024-08-15,13139,20295,1,0.1,Standard,Net Banking,2139.75,45,365.11,Delivered
508814,2025-04-17,10069,20246,1,0.2,Express,Net Banking,286.8,90,7.09,Delivered
508815,2024-03-28,12502,20296,2,0.2,Standard,Net Banking,653.66,45,30.68,Delivered
508816,2024-12-15,11961,20179,1,0.15,Standard,Net Banking,590.01,45,80.93,Delivered
508817,2025-10-01,14830,20258,2,0.1,Same Day,Cash On Delivery,1212.05,140,379.09,Delivered
508818,2024-07-08,12358,20218,1,0.0,Express,Upi,618.0,90,147.84,Delivered
508819,2025-10-07,14108,20156,4,0.1,Standard,Credit Card,6940.84,70,1861.8,Delivered
508820,2024-05-15,10577,20120,2,0.2,Standard,Upi,3902.21,45,231.79,Delivered
508821,2024-11-20,14330,20264,1,0.0,Standard,Credit Card,716.73,45,162.64,Delivered
508822,2024-02-09,12889,20287,3,0.15,Standard,Cash On Delivery,4966.25,45,642.98,Delivered
508823,2025-10-11,10591,20039,5,0.2,Standard,Net Banking,12274.88,70,1892.98,Cancelled
508824,2024-10-13,11668,20188,2,0.1,Standard,Upi,5055.84,70,1363.44,Delivered
508825,2024-09-12,11299,20242,2,0.0,Express,Credit Card,8202.02,115,2561.18,Delivered
508826,2025-08-19,13426,20083,3,0.1,Standard,Upi,2643.49,45,1125.25,Delivered
508827,2025-02-23,10525,20205,1,0.15,Standard,Credit Card,11524.57,70,1330.41,Delivered
508828,2025-06-22,13524,20144,3,0.15,Standard,Upi,478.43,45,85.67,Delivered
508829,2024-10-17,12374,20279,1,0.1,Same Day,Credit Card,1432.33,140,529.66,Cancelled
508830,2024-11-11,11816,20182,2,0.15,Standard,Credit Card,1903.46,45,443.14,Delivered
508831,2024-05-11,10758,20012,1,0.05,Same Day,Upi,5839.93,165,1640.43,Delivered
508832,2025-08-25,12419,20292,1,0.05,Standard,Upi,313.28,45,25.42,Delivered
508833,2025-06-22,14245,20057,1,0.2,Express,Debit Card,1308.13,90,-5.19,Cancelled
508834,2024-10-29,12725,20154,2,0.1,Standard,Net Banking,1321.18,45,255.48,Delivered
508835,2024-10-08,13347,20092,2,0.15,Express,Net Banking,5891.74,115,1530.98,Delivered
508836,2025-05-06,14893,20090,1,0.05,Standard,Upi,985.03,45,409.71,Delivered
508837,2024-10-06,11205,20004,5,0.1,Standard,Net Banking,1536.12,45,312.02,Delivered
508838,2025-05-14,13877,20221,4,0.05,Standard,Net Banking,6268.4,70,2578.56,Delivered
508839,2024-07-17,12252,20144,1,0.05,Standard,Credit Card,178.24,45,17.32,Delivered
508840,2025-01-09,14560,20022,2,0.05,Standard,Upi,12759.81,70,4397.15,Delivered
508841,2024-10-26,14065,20192,1,0.25,Express,Net Banking,999.6,90,-20.94,Delivered
508842,2025-10-27,14423,20107,1,0.0,Standard,Upi,582.37,45,196.73,Cancelled
508843,2024-10-25,12347,20220,3,0.1,Standard,Cash On Delivery,12470.65,70,3618.27,Delivered
508844,2025-07-08,11301,20239,1,0.15,Same Day,Upi,462.89,140,30.77,Delivered
508845,2024-11-17,12100,20218,2,0.2,Standard,Upi,988.8,45,183.48,Delivered
508846,2024-04-19,10177,20039,2,0.3,Standard,Debit Card,4296.21,45,126.45,Delivered
508847,2025-09-14,10001,20245,1,0.15,Standard,Credit Card,707.91,45,72.46,Delivered
508848,2025-04-15,12516,20150,1,0.25,Express,Credit Card,351.36,90,-33.98,Delivered
508849,2025-02-15,13446,20030,1,0.25,Express,Upi,390.44,90,-67.15,Delivered
508850,2025-05-27,11941,20161,3,0.1,Standard,Upi,7067.38,70,2229.54,Delivered
508851,2025-04-24,11900,20104,2,0.0,Standard,Upi,1951.88,45,506.48,Delivered
508852,2024-05-19,11713,20158,1,0.1,Express,Credit Card,1081.35,90,192.84,Delivered
508853,2025-11-20,14690,20134,2,0.1,Standard,Upi,2020.5,45,461.72,Delivered
508854,2025-05-18,11623,20054,1,0.1,Express,Upi,2498.74,90,1001.96,Delivered
508855,2024-02-29,12646,20036,4,0.1,Express,Upi,8413.52,115,3393.68,Delivered
508856,2024-07-01,14094,20131,3,0.15,Express,Upi,476.11,90,121.81,Delivered
508857,2025-02-22,12558,20080,1,0.1,Standard,Credit Card,2559.98,45,1097.48,Delivered
508858,2024-08-14,12121,20272,2,0.1,Express,Cash On Delivery,2496.74,90,412.38,Delivered
508859,2025-01-25,11877,20120,1,0.05,Express,Unknown,2316.94,90,414.23,Delivered
508860,2024-05-23,13664,20134,1,0.1,Standard,Cash On Delivery,1010.25,45,208.36,Delivered
508861,2025-07-17,13896,20205,1,0.15,Express,Credit Card,11524.57,115,1285.41,Delivered
508862,2025-08-15,13415,20265,2,0.0,Express,Upi,503.62,90,114.22,Delivered
508863,2025-10-22,10962,20233,1,0.2,Standard,Upi,2119.62,45,171.88,Delivered
508864,2024-01-27,10755,20028,2,0.1,Standard,Credit Card,13358.56,70,1928.96,Delivered
508865,2025-09-14,12206,20058,1,0.3,Express,Cash On Delivery,1139.7,90,221.28,Delivered
508866,2025-05-22,13544,20029,1,0.1,Standard,Net Banking,2005.42,45,954.68,Delivered
508867,2025-08-13,14375,20033,1,0.0,Express,Upi,1089.44,90,171.99,Delivered
508868,2024-05-06,10474,20108,1,0.1,Express,Upi,2093.99,90,399.56,Delivered
508869,2025-03-31,10853,20272,1,0.1,Same Day,Credit Card,1248.37,140,111.19,Delivered
508870,2024-10-07,13331,20191,2,0.15,Standard,Cash On Delivery,1754.84,45,256.24,Delivered
508871,2025-01-29,10432,20081,1,0.05,Standard,Credit Card,647.82,45,237.09,Delivered
508872,2024-11-14,12734,20082,2,0.1,Standard,Net Banking,3682.46,45,451.7,Delivered
508873,2025-03-16,13832,20096,3,0.1,Same Day,Upi,4414.74,140,1244.89,Delivered
508874,2024-12-06,13805,20146,5,0.25,Standard,Upi,3343.27,45,-35.93,Delivered
508875,2025-11-24,12313,20057,1,0.05,Standard,Upi,1553.4,45,285.08,Delivered
508876,2024-04-28,12493,20218,1,0.0,Standard,Debit Card,618.0,45,192.84,Delivered
508877,2025-11-20,11829,20242,1,0.1,Same Day,Debit Card,3690.91,140,787.99,Delivered
508878,2025-12-13,14801,20284,2,0.25,Standard,Credit Card,491.6,45,123.16,Delivered
508879,2025-01-02,14675,20168,1,0.15,Express,Debit Card,1882.51,90,186.48,Delivered
508880,2025-01-19,12741,20136,1,0.15,Standard,Upi,267.86,45,45.41,Delivered
508881,2025-05-24,13403,20141,1,0.2,Express,Upi,981.46,90,39.21,Delivered
508882,2025-08-04,14078,20172,1,0.05,Standard,Debit Card,1115.41,45,188.86,Delivered
508883,2024-06-06,12734,20047,1,0.1,Standard,Upi,454.5,45,135.92,Delivered
508884,2025-09-01,10803,20010,2,0.05,Express,Credit Card,1846.52,90,546.44,Delivered
508885,2025-12-17,14996,20297,1,0.1,Standard,Credit Card,279.92,45,2.34,Delivered
508886,2024-03-26,11304,20195,1,0.0,Standard,Upi,5226.26,70,2011.45,Delivered
508887,2024-12-26,12929,20015,4,0.1,Standard,Credit Card,4920.84,45,2218.12,Delivered
508888,2024-03-25,14664,20216,1,0.05,Standard,Net Banking,5943.36,70,2424.75,Delivered
508889,2024-12-24,11900,20189,1,0.15,Standard,Net Banking,1070.84,45,163.45,Delivered
508890,2025-12-27,10683,20253,4,0.1,Express,Debit Card,2098.66,90,864.78,Delivered
508891,2024-05-12,13059,20052,3,0.15,Express,Credit Card,5089.11,115,1056.38,Delivered
508892,2025-01-21,13189,20059,1,0.1,Express,Credit Card,5297.68,115,942.99,Delivered
508893,2024-09-03,11166,20176,2,0.15,Express,Upi,434.66,90,97.48,Delivered
508894,2024-05-20,11751,20295,1,0.0,Express,Debit Card,2377.5,90,557.86,Delivered
508895,2025-03-22,10896,20126,1,0.05,Standard,Cash On Delivery,4652.4,45,1422.07,Delivered
508896,2024-03-16,10481,20042,1,0.25,Standard,Credit Card,6016.53,70,1115.46,Delivered
508897,2024-04-07,12446,20254,1,0.2,Standard,Cash On Delivery,362.46,45,88.2,Delivered
508898,2024-10-29,12953,20066,2,0.1,Standard,Debit Card,1127.05,45,334.61,Delivered
508899,2025-04-10,12695,20058,1,0.3,Standard,Upi,1139.7,45,266.28,Delivered
508900,2024-02-24,13811,20127,1,0.0,Standard,Credit Card,4706.83,45,1709.3,Delivered
508901,2024-10-31,11975,20004,2,0.1,Standard,Credit Card,477.9,45,-38.74,Delivered
508902,2025-06-17,14015,20235,1,0.0,Standard,Net Banking,5130.43,70,2149.75,Delivered
508903,2024-02-04,12140,20032,4,0.15,Standard,Debit Card,1557.54,45,227.66,Delivered
508904,2025-06-23,13344,20175,1,0.1,Express,Upi,230.55,90,-36.46,Delivered
508905,2025-05-03,12087,20062,3,0.2,Standard,Upi,820.99,45,65.74,Delivered
508906,2025-11-12,10827,20226,2,0.1,Express,Upi,2797.04,90,617.86,Delivered
508907,2024-05-19,12420,20144,1,0.05,Standard,Credit Card,178.24,45,17.32,Delivered
508908,2025-10-02,11831,20018,2,0.05,Standard,Credit Card,4748.92,45,2389.48,Delivered
508909,2024-04-09,12838,20220,1,0.15,Express,Credit Card,3925.95,90,908.49,Delivered
508910,2025-01-07,12153,20234,3,0.2,Express,Cash On Delivery,19562.52,115,6563.78,Delivered
508911,2024-01-23,13025,20235,2,0.1,Standard,Upi,9234.77,70,3343.41,Delivered
508912,2024-10-10,12925,20080,2,0.2,Standard,Cash On Delivery,4551.07,45,1671.07,Delivered
508913,2024-04-22,14055,20293,1,0.05,Standard,Cash On Delivery,2004.74,45,386.73,Delivered
508914,2025-01-07,13118,20073,1,0.1,Standard,Upi,828.82,45,265.45,Delivered
508915,2024-07-15,10335,20100,2,0.1,Same Day,Cash On Delivery,2224.8,140,191.02,Delivered
508916,2024-06-12,10396,20256,1,0.2,Standard,Credit Card,1020.02,45,227.07,Delivered
508917,2025-03-06,12097,20162,1,0.25,Standard,Net Banking,1208.34,45,76.47,Delivered
508918,2025-07-21,11424,20293,2,0.0,Express,Upi,4220.5,90,984.48,Delivered
508919,2024-01-10,12414,20162,1,0.1,Express,Cash On Delivery,1450.01,90,273.14,Delivered
508920,2025-10-06,13468,20129,2,0.1,Standard,Debit Card,6492.64,70,2609.44,Delivered
508921,2025-02-01,14362,20253,1,0.1,Standard,Upi,524.66,45,193.69,Delivered
508922,2024-05-31,11142,20062,1,0.2,Standard,Cash On Delivery,273.66,45,-8.09,Delivered
508923,2024-07-09,14621,20143,2,0.15,Standard,Upi,3431.59,45,1202.07,Delivered
508924,2024-10-03,11459,20223,1,0.1,Standard,Upi,1178.42,45,399.57,Delivered
508925,2025-05-07,11508,20014,3,0.1,Standard,Cash On Delivery,23159.57,70,10812.64,Delivered
508926,2024-08-30,12741,20098,2,0.2,Standard,Credit Card,584.91,45,-18.13,Delivered
508927,2025-05-02,14894,20059,3,0.2,Standard,Upi,14127.14,70,1338.07,Delivered
508928,2024-10-02,13136,20180,1,0.1,Express,Upi,2504.93,90,601.98,Delivered
508929,2024-07-08,14518,20001,2,0.0,Express,Debit Card,3027.62,90,1077.66,Cancelled
508930,2025-09-18,13730,20227,1,0.1,Standard,Credit Card,2345.21,45,513.79,Delivered
508931,2024-11-02,10905,20145,1,0.1,Standard,Credit Card,5616.43,70,2219.4,Cancelled
508932,2024-10-22,12266,20133,3,0.25,Standard,Debit Card,3251.66,45,940.22,Delivered
508933,2024-08-21,14610,20145,1,0.25,Standard,Debit Card,4680.36,45,1308.33,Delivered
508934,2024-12-06,12446,20274,2,0.2,Same Day,Upi,1752.86,140,177.68,Delivered
508935,2025-08-15,13268,20047,1,0.1,Standard,Cash On Delivery,454.5,45,135.92,Delivered
508936,2024-07-11,12852,20208,3,0.1,Standard,Upi,7433.91,70,1410.95,Delivered
508937,2024-12-29,11146,20239,2,0.05,Standard,Net Banking,1034.7,45,405.46,Delivered
508938,2024-09-14,13595,20242,3,0.15,Standard,Upi,10457.58,70,2098.82,Delivered
508939,2025-05-25,10384,20104,1,0.2,Standard,Net Banking,780.75,45,35.55,Delivered
508940,2024-08-18,11987,20277,2,0.2,Standard,Upi,10180.91,70,3922.57,Delivered
508941,2024-01-14,10621,20157,1,0.15,Standard,Cash On Delivery,1682.76,45,489.85,Delivered
508942,2024-01-14,12812,20188,2,0.05,Express,Credit Card,5336.72,115,1599.32,Delivered
508943,2025-07-09,10967,20174,1,0.1,Standard,Credit Card,1605.2,45,634.24,Delivered
508944,2024-07-28,14938,20100,1,0.05,Standard,Upi,1174.2,45,182.31,Delivered
508945,2024-02-09,10619,20010,2,0.2,Express,Credit Card,1554.96,90,254.88,Delivered
508946,2024-02-03,13088,20084,1,0.25,Standard,Upi,1193.76,45,53.99,Delivered
508947,2024-08-21,14647,20053,1,0.25,Standard,Cash On Delivery,1008.76,45,252.09,Delivered
508948,2024-10-16,14098,20127,1,0.25,Standard,Debit Card,3530.12,45,532.59,Delivered
508949,2025-03-08,10206,20135,1,0.05,Express,Credit Card,2709.34,90,1038.36,Delivered
508950,2024-11-13,13001,20286,3,0.05,Standard,Upi,6941.23,70,3090.75,Delivered
508951,2025-10-01,14425,20055,1,0.0,Standard,Credit Card,2818.6,45,592.2,Delivered
508952,2025-02-11,13618,20244,1,0.15,Standard,Debit Card,362.95,45,74.83,Delivered
508953,2025-12-21,10967,20065,4,0.25,Standard,Net Banking,6484.83,70,453.59,Delivered
508954,2024-03-20,14721,20021,3,0.0,Standard,Credit Card,37141.8,70,13378.43,Delivered
508955,2024-06-24,13833,20263,1,0.1,Express,Cash On Delivery,3292.24,90,646.84,Delivered
508956,2024-10-11,13177,20300,1,0.05,Express,Credit Card,826.6,90,229.44,Delivered
508957,2025-09-21,10821,20248,1,0.15,Standard,Upi,427.58,45,35.04,Delivered
508958,2025-11-08,13692,20143,4,0.2,Standard,Upi,6459.46,70,2020.42,Delivered
508959,2024-11-13,11393,20098,1,0.1,Express,Debit Card,329.01,90,-40.01,Delivered
508960,2025-02-13,12862,20002,1,0.15,Standard,Debit Card,1967.84,45,272.7,Delivered
508961,2024-05-21,14551,20131,3,0.1,Standard,Upi,504.12,45,194.82,Delivered
508962,2024-09-03,14024,20176,1,0.25,Standard,Net Banking,191.76,45,23.17,Delivered
508963,2024-06-25,10395,20047,1,0.0,Express,Upi,505.0,90,141.42,Delivered
508964,2024-12-09,11741,20241,2,0.15,Same Day,Upi,364.58,140,10.1,Delivered
508965,2024-09-20,12781,20027,2,0.0,Standard,Credit Card,1989.68,45,993.96,Delivered
508966,2024-06-16,12092,20036,1,0.15,Standard,Credit Card,1986.53,45,715.32,Delivered
508967,2024-01-25,11021,20180,1,0.25,Standard,Credit Card,2087.44,45,229.49,Delivered
508968,2025-12-03,14431,20051,3,0.2,Express,Debit Card,3520.22,90,1390.19,Delivered
508969,2025-06-10,14649,20160,3,0.0,Standard,Cash On Delivery,1797.84,45,699.6,Delivered
508970,2025-06-11,11368,20258,1,0.0,Express,Debit Card,673.36,90,236.88,Delivered
508971,2024-11-05,10333,20017,4,0.25,Standard,Upi,3666.6,45,1244.84,Delivered
508972,2025-09-30,13488,20279,2,0.05,Standard,Cash On Delivery,3023.81,45,1453.47,Delivered
508973,2024-01-28,12481,20172,1,0.05,Standard,Net Banking,1115.41,45,188.86,Delivered
508974,2025-01-04,11289,20054,1,0.05,Standard,Credit Card,2637.56,45,1185.78,Delivered
508975,2025-01-18,12219,20013,1,0.1,Standard,Credit Card,228.53,45,-9.92,Delivered
508976,2024-10-20,12049,20202,1,0.0,Standard,Upi,543.52,45,193.8,Delivered
508977,2025-10-25,11254,20246,1,0.0,Standard,Credit Card,358.5,45,123.79,Delivered
508978,2025-04-23,11714,20271,1,0.1,Express,Credit Card,4890.89,90,1327.59,Delivered
508979,2025-08-02,12289,20228,2,0.1,Standard,Net Banking,1547.84,45,232.46,Delivered
508980,2024-02-06,14627,20062,1,0.2,Standard,Upi,273.66,45,-8.09,Delivered
508981,2025-06-30,13857,20201,2,0.1,Express,Debit Card,1076.02,90,435.26,Delivered
508982,2025-10-07,13278,20152,1,0.1,Standard,Upi,266.1,45,78.73,Delivered
508983,2025-11-03,14697,20070,1,0.25,Express,Credit Card,1541.93,90,405.52,Delivered
508984,2025-01-06,12189,20189,1,0.0,Standard,Credit Card,1259.81,45,352.42,Delivered
508985,2025-09-13,13405,20208,2,0.1,Express,Cash On Delivery,4955.94,90,897.3,Delivered
508986,2024-04-11,14783,20131,1,0.1,Standard,Debit Card,168.04,45,34.94,Delivered
508987,2024-12-20,14487,20157,3,0.15,Standard,Credit Card,5048.29,70,1534.56,Delivered
508988,2025-04-09,11079,20277,3,0.1,Express,Debit Card,17180.29,115,7782.78,Cancelled
508989,2025-11-24,14586,20054,2,0.1,Standard,Upi,4997.48,45,2138.92,Delivered
508990,2025-04-24,11356,20244,1,0.1,Standard,Upi,384.3,45,96.18,Delivered
508991,2025-10-20,10270,20215,2,0.2,Standard,Net Banking,906.9,45,321.9,Delivered
508992,2024-08-03,14458,20011,2,0.1,Standard,Cash On Delivery,1479.75,45,520.95,Delivered
508993,2025-10-12,14241,20219,2,0.1,Standard,Debit Card,6174.52,70,2123.48,Delivered
508994,2024-11-22,12705,20205,1,0.0,Standard,Upi,13558.32,70,3364.16,Delivered
508995,2025-11-30,11153,20201,1,0.2,Express,Cash On Delivery,478.23,90,112.85,Delivered
508996,2025-08-22,10375,20072,3,0.3,Standard,Upi,3408.38,45,-327.82,Delivered
508997,2024-09-03,14952,20109,1,0.15,Standard,Debit Card,823.57,45,310.89,Delivered
508998,2025-11-28,13073,20027,1,0.1,Express,Credit Card,895.36,90,330.0,Delivered
508999,2024-03-28,13146,20289,5,0.1,Standard,Cash On Delivery,7872.71,70,2838.91,Delivered
509000,2024-11-29,10765,20005,2,0.15,Express,Credit Card,717.32,90,161.96,Delivered
509001,2025-10-25,11454,20265,1,0.05,Express,Credit Card,239.22,90,-0.48,Delivered
509002,2024-07-18,13106,20141,1,0.05,Standard,Net Banking,1165.48,45,268.23,Delivered
509003,2025-01-17,10678,20225,2,0.0,Standard,Upi,22460.08,70,7470.06,Delivered
509004,2025-03-03,12734,20089,2,0.25,Express,Credit Card,932.84,90,9.64,Delivered
509005,2024-11-30,12498,20134,2,0.15,Standard,Credit Card,1908.25,45,349.47,Delivered
509006,2025-03-25,12550,20103,1,0.1,Standard,Credit Card,871.14,45,283.43,Delivered
509007,2024-08-03,13283,20125,1,0.2,Standard,Upi,690.46,45,197.76,Delivered
509008,2025-08-08,13992,20083,1,0.1,Standard,Upi,881.16,45,345.08,Delivered
509009,2025-11-02,12601,20267,1,0.1,Standard,Upi,528.6,45,38.57,Delivered
509010,2024-09-11,13735,20263,1,0.05,Express,Cash On Delivery,3475.14,90,829.74,Delivered
509011,2025-06-12,12972,20057,1,0.15,Standard,Upi,1389.89,45,121.57,Delivered
509012,2025-05-19,12628,20287,1,0.2,Standard,Upi,1558.04,45,86.95,Delivered
509013,2025-03-13,14285,20187,2,0.15,Standard,Upi,4976.82,45,380.94,Delivered
509014,2025-10-11,10024,20174,2,0.1,Express,Credit Card,3210.41,90,1268.49,Delivered
509015,2025-04-14,11742,20135,1,0.1,Standard,Debit Card,2566.75,45,940.77,Delivered
509016,2024-01-06,13586,20094,3,0.15,Standard,Upi,6688.62,70,2297.96,Delivered
509017,2024-08-06,11751,20009,3,0.15,Standard,Upi,1913.29,45,249.67,Delivered
509018,2025-05-27,13715,20009,1,0.15,Standard,Credit Card,637.76,45,53.22,Delivered
509019,2025-07-29,12576,20113,1,0.1,Express,Credit Card,380.48,90,61.69,Delivered
509020,2025-12-21,14190,20122,1,0.15,Standard,Upi,3235.29,45,505.7,Delivered
509021,2025-05-27,14955,20108,1,0.1,Standard,Upi,2093.99,45,444.56,Cancelled
509022,2024-07-07,12255,20272,1,0.1,Standard,Debit Card,1248.37,45,206.19,Delivered
509023,2024-09-03,13645,20258,2,0.1,Standard,Credit Card,1212.05,45,474.09,Delivered
509024,2025-11-16,10360,20198,1,0.2,Express,Upi,1589.14,90,358.75,Delivered
509025,2025-09-12,10982,20118,1,0.2,Standard,Credit Card,965.3,45,183.39,Delivered
509026,2025-07-25,13793,20156,1,0.15,Standard,Upi,1638.81,45,341.55,Delivered
509027,2025-07-08,14331,20128,2,0.2,Express,Upi,2411.82,90,801.78,Delivered
509028,2025-03-03,10461,20043,4,0.0,Standard,Debit Card,2114.76,45,739.48,Delivered
509029,2025-07-03,10641,20063,3,0.25,Standard,Net Banking,593.3,45,-40.57,Delivered
509030,2024-12-28,13911,20145,3,0.0,Standard,Credit Card,18721.44,70,8670.35,Delivered
509031,2025-08-16,10048,20275,1,0.25,Express,Upi,2169.63,90,541.38,Delivered
509032,2025-01-30,11456,20023,5,0.05,Standard,Upi,2207.94,45,416.69,Delivered
509033,2025-09-14,12749,20275,1,0.0,Standard,Net Banking,2892.84,45,1309.59,Delivered
509034,2024-05-15,12517,20129,1,0.2,Standard,Upi,2885.62,45,934.02,Delivered
509035,2025-03-09,14833,20299,2,0.0,Standard,Upi,2860.28,45,667.54,Delivered
509036,2024-11-13,13963,20281,4,0.2,Express,Upi,4449.22,90,1425.14,Delivered
509037,2025-06-18,11210,20182,1,0.05,Standard,Debit Card,1063.7,45,311.04,Delivered
509038,2025-05-15,11165,20262,2,0.1,Standard,Upi,3820.48,45,563.24,Delivered
509039,2024-12-14,13680,20228,1,0.0,Standard,Net Banking,859.91,45,179.72,Delivered
509040,2024-02-28,13190,20251,2,0.3,Standard,Debit Card,1024.67,45,275.69,Delivered
509041,2024-05-19,13577,20081,2,0.1,Standard,Credit Card,1227.46,45,451.0,Delivered
509042,2025-09-19,13540,20076,1,0.1,Standard,Upi,1568.92,45,330.37,Delivered
509043,2024-07-22,13373,20281,2,0.0,Express,Upi,2780.76,90,1223.72,Delivered
509044,2024-06-06,11704,20202,2,0.05,Standard,Upi,1032.69,45,378.25,Delivered
509045,2024-11-25,13063,20119,1,0.05,Standard,Upi,3084.81,45,1578.51,Delivered
509046,2024-07-14,12399,20252,1,0.0,Standard,Upi,629.15,45,246.42,Delivered
509047,2025-03-06,11538,20122,3,0.05,Standard,Upi,10847.73,70,2723.96,Delivered
509048,2025-12-24,14430,20174,2,0.25,Express,Debit Card,2675.34,90,733.42,Delivered
509049,2025-07-06,13957,20059,1,0.1,Standard,Debit Card,5297.68,70,987.99,Delivered
509050,2025-06-02,14729,20055,1,0.0,Standard,Cash On Delivery,2818.6,45,592.2,Delivered
509051,2025-09-08,11184,20152,2,0.05,Express,Credit Card,561.77,90,187.03,Cancelled
509052,2025-04-16,11534,20152,1,0.1,Standard,Credit Card,266.1,45,78.73,Delivered
509053,2025-04-02,14297,20168,1,0.05,Same Day,Debit Card,2103.98,140,357.95,Delivered
509054,2024-02-14,10156,20148,3,0.05,Same Day,Upi,38623.46,165,13548.68,Delivered
509055,2024-02-07,12145,20197,1,0.25,Standard,Net Banking,2276.02,45,66.47,Delivered
509056,2025-11-06,11421,20124,2,0.3,Express,Debit Card,2614.02,90,197.98,Delivered
509057,2025-08-15,14885,20228,1,0.15,Standard,Credit Card,730.92,45,50.73,Delivered
509058,2024-12-06,10858,20194,2,0.2,Standard,Upi,8324.54,70,145.86,Delivered
509059,2025-07-23,14859,20079,1,0.1,Standard,Upi,1941.12,45,281.67,Delivered
509060,2024-10-28,10593,20008,3,0.0,Express,Upi,1747.08,90,755.55,Delivered
509061,2025-09-26,13405,20055,2,0.1,Standard,Net Banking,5073.48,70,640.68,Delivered
509062,2025-12-07,11079,20037,1,0.05,Same Day,Credit Card,1616.94,140,434.84,Delivered
509063,2024-07-11,12227,20249,2,0.1,Standard,Net Banking,3392.03,45,446.25,Delivered
509064,2025-09-07,13668,20200,1,0.2,Standard,Upi,1390.95,45,7.46,Delivered
509065,2025-09-15,13009,20270,2,0.15,Standard,Upi,1478.05,45,212.87,Delivered
509066,2024-05-11,14404,20089,2,0.05,Standard,Upi,1181.59,45,303.39,Delivered
509067,2025-08-30,11700,20226,1,0.2,Express,Debit Card,1243.13,90,108.54,Delivered
509068,2025-08-17,14351,20160,1,0.15,Same Day,Debit Card,509.39,140,18.31,Delivered
509069,2025-04-12,10885,20122,1,0.25,Standard,Net Banking,2854.66,45,125.07,Delivered
509070,2024-06-18,12612,20274,1,0.15,Standard,Credit Card,931.21,45,168.62,Delivered
509071,2025-07-14,11093,20237,1,0.3,Express,Debit Card,453.38,90,30.21,Delivered
509072,2025-10-08,12086,20267,1,0.1,Standard,Credit Card,528.6,45,38.57,Delivered
509073,2024-09-21,11645,20132,1,0.1,Express,Debit Card,450.63,90,133.04,Delivered
509074,2024-07-17,10628,20182,1,0.0,Standard,Credit Card,1119.68,45,367.02,Delivered
509075,2024-10-09,14896,20193,1,0.25,Standard,Credit Card,490.67,45,9.39,Delivered
509076,2025-02-08,10425,20110,4,0.1,Express,Upi,2060.35,90,369.39,Delivered
509077,2025-06-30,13503,20214,1,0.2,Standard,Upi,1415.73,45,522.62,Delivered
509078,2025-04-24,10691,20240,2,0.1,Standard,Upi,1886.11,45,587.51,Delivered
509079,2024-07-22,10809,20141,1,0.25,Standard,Credit Card,920.12,45,22.87,Delivered
509080,2025-04-15,11990,20073,1,0.25,Express,Upi,690.68,90,82.31,Delivered
509081,2024-12-14,10661,20003,3,0.0,Express,Credit Card,1536.72,90,418.5,Delivered
509082,2024-02-12,13525,20002,1,0.15,Standard,Credit Card,1967.84,45,272.7,Delivered
509083,2025-04-26,10200,20210,3,0.0,Standard,Credit Card,2009.88,45,624.27,Delivered
509084,2025-01-11,10776,20058,2,0.0,Standard,Upi,3256.28,45,1554.44,Delivered
509085,2024-03-18,10226,20217,2,0.0,Standard,Upi,1060.6,45,525.74,Cancelled
509086,2024-02-05,14567,20257,4,0.0,Express,Upi,1382.52,90,258.08,Delivered
509087,2025-01-17,14854,20113,3,0.1,Standard,Upi,1141.45,45,410.08,Delivered
509088,2024-06-22,14005,20071,1,0.1,Express,Credit Card,1839.56,90,512.07,Delivered
509089,2025-10-08,10629,20102,2,0.1,Standard,Credit Card,9065.54,70,1648.52,Delivered
509090,2024-11-25,12058,20045,2,0.05,Standard,Debit Card,1678.02,45,425.62,Delivered
509091,2025-10-13,10041,20144,1,0.05,Standard,Upi,178.24,45,17.32,Delivered
509092,2024-02-24,14770,20123,2,0.15,Standard,Credit Card,9722.22,70,2728.96,Delivered
509093,2024-10-05,12245,20273,1,0.1,Standard,Net Banking,1287.88,45,563.26,Delivered
509094,2025-04-03,10299,20230,1,0.05,Same Day,Credit Card,725.28,140,68.52,Delivered
509095,2025-11-22,14305,20030,5,0.1,Standard,Credit Card,2342.66,45,459.71,Delivered
509096,2025-06-08,12359,20293,2,0.2,Standard,Debit Card,3376.4,45,185.38,Delivered
509097,2025-12-16,10752,20274,2,0.2,Standard,Upi,1752.86,45,272.68,Delivered
509098,2025-03-30,11585,20204,1,0.1,Standard,Unknown,1676.8,45,792.5,Delivered
509099,2025-07-28,10789,20240,1,0.2,Express,Debit Card,838.27,90,121.47,Delivered
509100,2025-05-06,13896,20267,3,0.1,Standard,Upi,1585.79,45,205.7,Delivered
509101,2024-03-14,11824,20060,2,0.0,Standard,Credit Card,7050.72,70,2639.82,Delivered
509102,2025-03-30,11451,20235,1,0.1,Express,Credit Card,4617.39,90,1616.71,Delivered
509103,2024-06-03,14013,20247,1,0.2,Standard,Upi,1714.36,45,215.74,Delivered
509104,2025-06-02,10243,20154,2,0.0,Standard,Cash On Delivery,1390.72,45,325.02,Delivered
509105,2025-01-09,11991,20080,1,0.05,Standard,Upi,2702.2,45,1239.7,Delivered
509106,2024-11-01,13590,20038,1,0.0,Same Day,Credit Card,1661.27,140,680.01,Delivered
509107,2024-12-08,13808,20137,1,0.15,Express,Credit Card,272.61,90,24.33,Delivered
509108,2025-10-26,13055,20225,2,0.2,Standard,Debit Card,17968.06,70,2978.04,Delivered
509109,2024-02-13,14981,20242,2,0.2,Same Day,Debit Card,6561.62,165,870.78,Delivered
509110,2025-07-01,14910,20211,1,0.0,Standard,Debit Card,708.28,45,152.54,Cancelled
509111,2025-03-16,11020,20046,1,0.15,Express,Upi,3589.57,90,368.74,Delivered
509112,2024-04-06,13509,20172,2,0.1,Same Day,Cash On Delivery,2113.42,140,210.32,Delivered
509113,2024-06-13,13822,20042,2,0.05,Same Day,Upi,15241.88,165,5414.74,Delivered
509114,2024-04-12,14530,20023,1,0.15,Same Day,Upi,395.11,140,-94.14,Delivered
509115,2025-03-11,11828,20290,1,0.0,Express,Upi,4654.63,90,1500.24,Delivered
509116,2025-01-15,13076,20230,1,0.05,Standard,Debit Card,725.28,45,163.52,Delivered
509117,2025-03-22,14273,20197,1,0.25,Same Day,Cash On Delivery,2276.02,140,-28.53,Delivered
509118,2024-01-07,10689,20193,1,0.15,Express,Upi,556.1,90,29.82,Delivered
509119,2024-04-03,12113,20154,1,0.0,Express,Upi,695.36,90,95.01,Delivered
509120,2025-03-19,14956,20055,4,0.15,Express,Cash On Delivery,9583.24,115,742.64,Delivered
509121,2025-04-23,13798,20255,1,0.05,Standard,Debit Card,780.91,45,275.37,Delivered
509122,2025-09-24,12391,20015,1,0.1,Standard,Credit Card,1230.21,45,520.78,Delivered
509123,2025-05-08,12881,20181,1,0.0,Standard,Upi,1926.96,45,520.8,Delivered
509124,2024-02-06,13644,20079,1,0.15,Standard,Credit Card,1833.28,45,173.83,Delivered
509125,2025-06-16,11303,20011,4,0.05,Standard,Upi,3307.67,45,1435.07,Delivered
509126,2024-04-07,11645,20058,1,0.05,Standard,Credit Card,1546.73,45,673.31,Delivered
509127,2024-01-21,10737,20239,2,0.3,Standard,Credit Card,762.41,45,133.17,Delivered
509128,2024-08-19,13555,20298,1,0.05,Standard,Debit Card,1446.97,45,559.95,Delivered
509129,2025-04-12,10955,20197,3,0.15,Standard,Debit Card,7738.48,70,1174.83,Delivered
509130,2024-12-19,12228,20161,3,0.05,Standard,Upi,7460.02,70,2622.18,Delivered
509131,2024-03-12,14749,20172,1,0.25,Standard,Upi,880.59,45,-45.96,Delivered
509132,2024-12-17,14371,20135,1,0.1,Standard,Credit Card,2566.75,45,940.77,Delivered
509133,2024-02-21,11248,20226,1,0.15,Standard,Debit Card,1320.82,45,231.23,Delivered
509134,2024-08-09,13637,20269,1,0.0,Standard,Upi,448.45,45,195.44,Delivered
509135,2024-11-20,11274,20032,1,0.25,Standard,Credit Card,343.58,45,-22.64,Delivered
509136,2025-04-04,10334,20295,2,0.15,Standard,Credit Card,4041.75,45,537.47,Delivered
509137,2024-06-15,12981,20078,1,0.05,Standard,Credit Card,1232.28,45,297.34,Cancelled
509138,2024-10-09,12240,20020,2,0.1,Same Day,Net Banking,638.03,140,69.83,Delivered
509139,2025-05-15,10698,20016,3,0.2,Standard,Credit Card,6842.33,70,541.81,Delivered
509140,2025-12-17,12067,20158,1,0.15,Express,Upi,1021.28,90,132.77,Delivered
509141,2025-01-01,13948,20105,2,0.25,Standard,Upi,8842.6,70,137.98,Delivered
509142,2025-10-11,10550,20214,1,0.25,Standard,Net Banking,1327.24,45,434.13,Delivered
509143,2024-02-05,12074,20074,2,0.1,Standard,Credit Card,1983.66,45,634.34,Delivered
509144,2025-08-29,12795,20072,1,0.15,Same Day,Credit Card,1379.58,140,9.18,Delivered
509145,2025-06-11,12652,20221,1,0.0,Standard,Debit Card,1649.58,45,699.62,Delivered
509146,2025-11-06,10672,20203,1,0.0,Standard,Credit Card,1843.26,45,673.04,Delivered
509147,2025-08-24,14981,20225,2,0.0,Same Day,Cash On Delivery,22460.08,165,7375.06,Delivered
509148,2025-09-11,11169,20049,2,0.3,Standard,Credit Card,1073.37,45,-46.47,Delivered
509149,2025-08-18,12010,20101,1,0.0,Standard,Credit Card,1920.64,45,943.94,Delivered
509150,2024-09-11,12832,20229,3,0.15,Standard,Net Banking,15541.54,70,2993.1,Delivered
509151,2025-11-07,12351,20133,3,0.15,Standard,Upi,3685.21,45,1373.77,Delivered
509152,2024-07-18,13149,20299,1,0.15,Same Day,Upi,1215.62,140,1.75,Delivered
509153,2025-10-30,12221,20047,1,0.15,Standard,Credit Card,429.25,45,110.67,Delivered
509154,2024-01-31,14874,20187,2,0.25,Standard,Cash On Delivery,4391.31,45,-204.57,Delivered
509155,2025-07-31,12845,20197,3,0.2,Standard,Credit Card,7283.28,70,719.63,Delivered
509156,2025-08-23,11695,20255,1,0.05,Standard,Debit Card,780.91,45,275.37,Delivered
509157,2025-04-30,13331,20019,4,0.2,Standard,Credit Card,1641.41,45,437.53,Delivered
509158,2024-09-15,14956,20154,4,0.05,Standard,Debit Card,2642.37,45,555.97,Delivered
509159,2024-09-09,10449,20194,1,0.15,Standard,Credit Card,4422.41,45,323.07,Delivered
509160,2025-05-08,11451,20092,2,0.05,Standard,Cash On Delivery,6584.89,70,2269.13,Delivered
509161,2024-08-21,13892,20131,1,0.25,Standard,Upi,140.03,45,6.93,Delivered
509162,2024-04-16,11964,20050,1,0.15,Standard,Unknown,1679.79,45,625.79,Delivered
509163,2025-08-03,12385,20226,2,0.1,Same Day,Upi,2797.04,140,567.86,Delivered
509164,2024-12-01,14629,20266,2,0.2,Standard,Cash On Delivery,965.01,45,174.01,Delivered
509165,2025-12-13,12869,20184,1,0.0,Standard,Upi,818.94,45,214.66,Delivered
509166,2024-02-22,14299,20016,1,0.15,Standard,Credit Card,2423.32,45,301.48,Delivered
509167,2025-11-17,12409,20293,1,0.0,Standard,Credit Card,2110.25,45,492.24,Delivered
509168,2024-02-11,12284,20100,2,0.05,Standard,Cash On Delivery,2348.4,45,409.62,Delivered
509169,2024-09-16,10433,20278,1,0.05,Standard,Upi,6668.71,70,1486.88,Delivered
509170,2025-01-03,13766,20288,2,0.15,Standard,Upi,1819.19,45,779.33,Delivered
509171,2024-07-28,14946,20081,2,0.25,Standard,Credit Card,1022.88,45,246.42,Delivered
509172,2025-04-10,11860,20252,1,0.1,Express,Credit Card,566.24,90,138.51,Delivered
509173,2024-02-11,11351,20180,1,0.15,Same Day,Upi,2365.76,140,412.81,Delivered
509174,2024-12-18,12855,20033,2,0.15,Standard,Credit Card,1852.05,45,152.15,Delivered
509175,2025-11-12,12675,20120,1,0.2,Express,Upi,1951.1,90,48.39,Cancelled
509176,2024-09-15,11741,20097,1,0.25,Standard,Net Banking,372.27,45,11.98,Delivered
509177,2024-12-02,13575,20014,2,0.15,Standard,Upi,14581.95,70,6327.33,Delivered
509178,2025-12-16,14459,20101,1,0.0,Express,Upi,1920.64,90,898.94,Delivered
509179,2025-01-29,14696,20225,1,0.0,Standard,Credit Card,11230.04,70,3700.03,Delivered
509180,2025-11-05,13513,20239,1,0.2,Standard,Net Banking,435.66,45,98.54,Delivered
509181,2024-04-14,13761,20086,3,0.05,Standard,Credit Card,925.99,45,222.67,Delivered
509182,2025-11-20,12401,20030,1,0.0,Standard,Credit Card,520.59,45,108.0,Delivered
509183,2025-12-03,13171,20283,1,0.25,Express,Upi,1015.12,90,36.2,Delivered
509184,2024-05-03,11648,20064,1,0.1,Same Day,Credit Card,1874.6,140,685.25,Delivered
509185,2025-12-10,13190,20289,1,0.1,Standard,Cash On Delivery,1574.54,45,536.78,Delivered
509186,2024-04-08,13402,20080,2,0.0,Standard,Upi,5688.84,70,2783.84,Delivered
509187,2024-01-06,14449,20155,1,0.2,Standard,Upi,224.17,45,-27.07,Cancelled
509188,2024-09-23,10440,20165,1,0.1,Standard,Credit Card,310.6,45,107.75,Delivered
509189,2024-02-12,14409,20299,2,0.05,Standard,Net Banking,2717.27,45,524.53,Delivered
509190,2025-10-14,11897,20211,5,0.2,Standard,Net Banking,2833.12,45,234.42,Delivered
509191,2024-09-25,12040,20099,2,0.2,Same Day,Upi,3711.5,140,482.7,Delivered
509192,2025-07-04,13117,20267,2,0.15,Standard,Cash On Delivery,998.46,45,63.4,Delivered
509193,2025-11-04,13585,20052,1,0.1,Express,Credit Card,1796.16,90,400.25,Delivered
509194,2024-07-13,13601,20126,4,0.05,Standard,Upi,18609.59,70,5798.27,Delivered
509195,2024-11-19,13539,20122,1,0.1,Express,Credit Card,3425.6,90,651.01,Cancelled
509196,2025-09-07,14124,20032,1,0.1,Express,Net Banking,412.29,90,1.07,Delivered
509197,2024-03-05,13675,20285,1,0.1,Standard,Upi,568.98,45,148.25,Delivered
509198,2024-07-19,11941,20292,2,0.15,Standard,Net Banking,560.61,45,29.89,Delivered
509199,2024-08-29,14779,20088,1,0.0,Standard,Credit Card,662.9,45,272.53,Delivered
509200,2024-01-07,12399,20171,1,0.15,Express,Upi,4820.16,90,483.15,Delivered
509201,2024-08-06,12230,20068,2,0.2,Standard,Credit Card,844.08,45,75.7,Delivered
509202,2024-01-03,13946,20133,1,0.1,Standard,Credit Card,1372.92,45,572.44,Delivered
509203,2025-04-08,12702,20083,2,0.1,Express,Debit Card,1762.33,90,690.17,Delivered
509204,2024-10-31,11029,20176,1,0.15,Standard,Credit Card,217.33,45,48.74,Delivered
509205,2024-11-09,14481,20112,1,0.25,Same Day,Debit Card,1893.94,140,-144.47,Delivered
509206,2025-04-22,13704,20257,1,0.0,Standard,Credit Card,345.63,45,42.02,Delivered
509207,2025-02-14,11934,20258,2,0.15,Standard,Debit Card,1144.71,45,406.75,Delivered
509208,2025-05-12,11776,20191,1,0.1,Standard,Upi,929.03,45,157.23,Delivered
509209,2025-06-17,14488,20059,1,0.1,Standard,Debit Card,5297.68,70,987.99,Delivered
509210,2025-08-28,11614,20262,1,0.0,Standard,Upi,2122.49,45,471.37,Delivered
509211,2024-12-22,13537,20104,1,0.1,Standard,Upi,878.35,45,133.15,Delivered
509212,2024-03-11,10558,20230,2,0.2,Standard,Debit Card,1221.52,45,143.0,Delivered
509213,2024-01-13,10082,20212,4,0.15,Standard,Upi,3471.26,45,520.54,Delivered
509214,2025-02-09,11368,20176,2,0.05,Standard,Upi,485.79,45,193.61,Delivered
509215,2025-05-31,13089,20048,2,0.3,Standard,Upi,886.12,45,196.12,Delivered
509216,2024-01-22,13022,20120,1,0.15,Standard,Cash On Delivery,2073.05,45,215.34,Cancelled
509217,2024-11-04,10586,20032,5,0.05,Express,Net Banking,2175.98,90,479.88,Delivered
509218,2024-10-21,14916,20253,1,0.15,Standard,Credit Card,495.52,45,164.55,Delivered
509219,2025-07-02,12571,20261,2,0.2,Standard,Credit Card,240.0,45,-27.26,Delivered
509220,2024-01-31,13188,20085,4,0.2,Express,Credit Card,8143.23,115,1012.07,Delivered
509221,2024-03-02,13484,20017,1,0.15,Express,Credit Card,1038.87,90,354.68,Delivered
509222,2024-08-08,12375,20024,3,0.0,Standard,Cash On Delivery,6860.82,70,1963.13,Delivered
509223,2024-12-24,10392,20112,2,0.2,Express,Debit Card,4040.4,90,153.58,Delivered
509224,2025-08-15,13507,20082,3,0.25,Standard,Credit Card,4603.07,45,-220.57,Delivered
509225,2025-01-17,12747,20006,2,0.1,Same Day,Upi,1039.95,140,279.59,Cancelled
509226,2025-06-01,10747,20284,2,0.15,Standard,Upi,557.14,45,188.7,Delivered
509227,2025-09-08,14978,20106,1,0.1,Standard,Upi,1096.64,45,394.15,Delivered
509228,2024-12-02,11153,20148,1,0.15,Express,Upi,11519.28,115,3101.02,Delivered
509229,2024-06-10,10953,20208,1,0.15,Standard,Cash On Delivery,2340.31,45,310.99,Delivered
509230,2025-07-17,13940,20147,2,0.1,Express,Upi,1853.1,90,315.82,Delivered
509231,2024-06-06,11150,20008,1,0.1,Same Day,Upi,524.12,140,83.61,Delivered
509232,2024-01-13,13301,20274,1,0.1,Standard,Net Banking,985.99,45,223.4,Delivered
509233,2024-07-04,12437,20293,1,0.1,Standard,Net Banking,1899.22,45,281.21,Delivered
509234,2024-11-04,14838,20189,3,0.1,Standard,Credit Card,3401.49,45,769.32,Delivered
509235,2024-05-27,10176,20173,1,0.15,Standard,Debit Card,631.7,45,60.22,Delivered
509236,2024-02-24,11077,20223,1,0.0,Same Day,Cash On Delivery,1309.35,140,435.5,Delivered
509237,2025-07-24,14351,20038,1,0.1,Express,Cash On Delivery,1495.14,90,563.88,Delivered
509238,2025-12-10,13131,20002,1,0.0,Standard,Upi,2315.11,45,619.97,Delivered
509239,2025-09-01,13282,20224,3,0.15,Same Day,Credit Card,894.11,140,213.0,Delivered
509240,2025-10-29,13312,20059,1,0.05,Same Day,Upi,5591.99,165,1187.3,Delivered
509241,2025-11-22,10199,20075,1,0.1,Express,Upi,3065.31,90,1429.07,Delivered
509242,2025-05-24,12230,20133,3,0.15,Standard,Upi,3685.21,45,1373.77,Delivered
509243,2025-08-08,13836,20221,3,0.1,Standard,Debit Card,4453.87,45,1693.99,Delivered
509244,2025-07-26,14491,20212,2,0.15,Standard,Credit Card,1735.63,45,237.77,Delivered
509245,2024-02-14,10468,20148,3,0.2,Express,Net Banking,32525.02,115,7500.24,Delivered
509246,2025-10-08,10803,20082,3,0.15,Standard,Credit Card,5216.82,70,368.18,Delivered
509247,2025-12-22,13265,20185,2,0.05,Standard,Debit Card,4896.79,45,1880.51,Delivered
509248,2024-03-26,12292,20068,1,0.1,Standard,Cash On Delivery,474.79,45,68.1,Delivered
509249,2024-10-18,12650,20275,4,0.15,Express,Credit Card,9835.66,115,3567.66,Delivered
509250,2024-09-20,13505,20249,1,0.05,Express,Debit Card,1790.24,90,249.85,Delivered
509251,2024-09-24,13068,20253,3,0.25,Standard,Debit Card,1311.66,45,408.75,Delivered
509252,2024-08-12,10336,20087,1,0.25,Express,Debit Card,339.32,90,11.77,Delivered
509253,2024-08-03,14515,20283,2,0.1,Standard,Upi,2436.3,45,613.46,Delivered
509254,2024-08-18,13881,20116,3,0.15,Standard,Credit Card,1136.99,45,371.09,Delivered
509255,2025-12-02,11051,20170,2,0.1,Standard,Upi,2621.32,45,704.08,Delivered
509256,2025-10-15,12016,20252,2,0.15,Express,Net Banking,1069.55,90,304.09,Delivered
509257,2024-06-25,14637,20196,1,0.2,Standard,Credit Card,861.67,45,80.97,Delivered
509258,2025-07-16,13957,20036,3,0.05,Standard,Credit Card,6660.71,70,2912.08,Delivered
509259,2025-12-02,13063,20230,1,0.1,Standard,Upi,687.1,45,125.34,Delivered
509260,2025-05-31,13992,20133,3,0.1,Standard,Upi,3901.99,45,1590.55,Delivered
509261,2025-12-23,13537,20283,1,0.25,Express,Credit Card,1015.12,90,36.2,Delivered
509262,2025-12-07,14098,20165,2,0.05,Standard,Net Banking,655.71,45,295.01,Cancelled
509263,2025-05-27,12916,20027,2,0.25,Standard,Upi,1492.26,45,496.54,Delivered
509264,2024-04-13,10016,20095,1,0.1,Standard,Credit Card,1038.8,45,113.48,Delivered
509265,2024-04-10,14375,20175,2,0.2,Standard,Net Banking,409.87,45,10.85,Delivered
509266,2025-10-01,12529,20076,1,0.1,Standard,Debit Card,1568.92,45,330.37,Delivered
509267,2024-10-31,13521,20128,1,0.15,Standard,Credit Card,1281.28,45,476.26,Cancelled
509268,2024-12-16,10378,20246,3,0.3,Same Day,Upi,752.85,140,43.72,Delivered
509269,2025-03-26,13758,20278,1,0.15,Express,Credit Card,5966.74,115,739.91,Delivered
509270,2024-09-25,13314,20183,3,0.05,Standard,Upi,3685.14,45,1818.3,Delivered
509271,2025-01-06,13963,20052,1,0.05,Standard,Debit Card,1895.94,45,545.03,Delivered
509272,2024-02-07,10358,20102,1,0.1,Standard,Upi,4532.77,45,814.26,Delivered
509273,2024-03-03,11659,20256,1,0.1,Standard,Upi,1147.52,45,354.57,Delivered
509274,2025-05-19,14533,20077,1,0.0,Express,Upi,1861.91,90,563.51,Delivered
509275,2024-09-21,14721,20262,4,0.0,Standard,Debit Card,8489.96,70,1995.48,Delivered
509276,2025-11-06,14621,20002,1,0.1,Standard,Debit Card,2083.6,45,388.46,Delivered
509277,2025-06-18,10054,20203,1,0.1,Express,Debit Card,1658.93,90,443.71,Delivered
509278,2024-03-19,12061,20158,1,0.0,Same Day,Cash On Delivery,1201.5,140,262.99,Delivered
509279,2025-09-21,12019,20128,2,0.1,Standard,Debit Card,2713.3,45,1148.26,Delivered
509280,2024-07-03,10080,20132,1,0.15,Same Day,Net Banking,425.6,140,58.01,Delivered
509281,2025-05-09,11041,20042,2,0.1,Standard,Debit Card,14439.67,70,4707.53,Delivered
509282,2025-07-24,13119,20170,1,0.1,Standard,Credit Card,1310.66,45,329.54,Delivered
509283,2025-01-04,13603,20259,1,0.0,Standard,Net Banking,1383.09,45,272.17,Delivered
509284,2025-08-23,10286,20210,1,0.3,Standard,Credit Card,468.97,45,-22.9,Delivered
509285,2024-11-26,13439,20037,2,0.1,Standard,Cash On Delivery,3063.67,45,934.47,Delivered
509286,2025-03-15,11577,20022,3,0.1,Standard,Upi,18132.36,70,5623.37,Delivered
509287,2024-08-25,10944,20161,2,0.0,Express,Debit Card,5235.1,115,1941.54,Delivered
509288,2024-10-18,10228,20230,1,0.15,Standard,Cash On Delivery,648.93,45,87.17,Delivered
509289,2025-03-01,12141,20035,2,0.05,Standard,Upi,4499.66,45,1946.6,Delivered
509290,2024-10-21,12219,20285,1,0.0,Standard,Upi,632.2,45,211.47,Delivered
509291,2025-05-14,13093,20014,1,0.15,Same Day,Upi,7290.98,165,3033.67,Cancelled
509292,2025-07-09,13317,20048,1,0.1,Express,Upi,569.65,90,157.15,Delivered
509293,2025-08-14,11985,20300,1,0.0,Standard,Credit Card,870.11,45,317.95,Delivered
509294,2025-11-16,13465,20242,4,0.2,Standard,Debit Card,13123.23,70,2001.55,Delivered
509295,2025-10-14,14620,20072,1,0.1,Standard,Net Banking,1460.74,45,185.34,Delivered
509296,2024-02-06,10295,20259,3,0.05,Standard,Credit Card,3941.81,45,699.05,Delivered
509297,2025-06-09,13724,20199,1,0.1,Standard,Debit Card,690.73,45,184.58,Delivered
509298,2025-09-25,12976,20098,2,0.0,Standard,Upi,731.14,45,128.1,Delivered
509299,2025-01-31,11461,20126,3,0.3,Standard,Upi,10284.25,70,658.26,Delivered
509300,2025-01-30,14574,20160,1,0.15,Standard,Credit Card,509.39,45,113.31,Delivered
509301,2025-07-20,11209,20265,1,0.0,Standard,Net Banking,251.81,45,57.11,Delivered
509302,2024-01-22,13796,20247,4,0.05,Express,Upi,8143.21,115,2213.73,Delivered
509303,2024-12-05,12509,20185,2,0.1,Standard,Upi,4639.07,45,1622.79,Delivered
509304,2025-05-09,14048,20058,1,0.15,Standard,Upi,1383.92,45,510.5,Delivered
509305,2025-02-06,11668,20184,1,0.15,Standard,Debit Card,696.1,45,91.82,Delivered
509306,2024-07-21,11497,20271,3,0.1,Same Day,Net Banking,14672.66,165,4087.76,Delivered
509307,2024-12-11,13335,20119,1,0.1,Standard,Debit Card,2922.45,45,1416.15,Delivered
509308,2024-01-15,13919,20223,3,0.0,Standard,Cash On Delivery,3928.05,45,1681.5,Delivered
509309,2024-01-30,11432,20144,2,0.3,Standard,Debit Card,262.67,45,-14.17,Delivered
509310,2024-01-29,11921,20239,2,0.2,Standard,Upi,871.33,45,242.09,Delivered
509311,2024-06-08,10930,20046,1,0.1,Express,Debit Card,3800.72,90,579.89,Delivered
509312,2025-09-20,14483,20229,1,0.0,Standard,Upi,6094.72,70,1865.24,Delivered
509313,2025-10-31,13413,20291,2,0.15,Express,Debit Card,1441.8,90,77.38,Delivered
509314,2025-09-11,11459,20066,2,0.25,Standard,Cash On Delivery,939.21,45,146.77,Delivered
509315,2025-09-18,14310,20290,1,0.15,Standard,Debit Card,3956.44,45,847.05,Delivered
509316,2024-09-28,12781,20227,1,0.0,Standard,Debit Card,2468.64,45,637.22,Delivered
509317,2025-02-23,10366,20287,3,0.1,Express,Credit Card,5258.38,115,865.11,Delivered
509318,2025-05-03,12222,20012,2,0.15,Standard,Debit Card,10450.39,70,2311.39,Delivered
509319,2024-06-24,10273,20175,3,0.05,Standard,Net Banking,730.08,45,154.05,Delivered
509320,2024-08-18,10496,20221,1,0.15,Standard,Upi,1402.14,45,452.18,Delivered
509321,2024-11-13,13643,20065,1,0.1,Standard,Upi,1945.45,45,410.14,Delivered
509322,2025-04-11,14586,20129,2,0.0,Standard,Upi,7214.04,70,3330.84,Delivered
509323,2025-03-15,10602,20250,1,0.15,Express,Cash On Delivery,2344.79,90,801.94,Delivered
509324,2024-02-25,10743,20195,1,0.1,Standard,Upi,4703.63,45,1513.82,Delivered
509325,2024-11-26,10612,20270,1,0.05,Standard,Upi,825.97,45,170.88,Delivered
509326,2024-09-29,10327,20182,3,0.25,Standard,Cash On Delivery,2519.28,45,351.3,Delivered
509327,2025-12-02,11707,20100,1,0.15,Standard,Cash On Delivery,1050.6,45,58.71,Delivered
509328,2024-01-21,14443,20241,3,0.15,Same Day,Upi,546.87,140,85.15,Delivered
509329,2024-06-13,14262,20116,1,0.1,Express,Debit Card,401.29,90,70.99,Delivered
509330,2025-05-06,10172,20164,1,0.15,Standard,Debit Card,647.99,45,60.94,Delivered
509331,2025-02-21,12916,20239,1,0.15,Standard,Debit Card,462.89,45,125.77,Delivered
509332,2025-08-02,12109,20011,2,0.05,Standard,Net Banking,1653.84,45,695.04,Delivered
509333,2024-09-23,11965,20167,2,0.2,Express,Debit Card,1812.9,90,65.42,Delivered
509334,2025-12-30,11210,20010,1,0.2,Standard,Cash On Delivery,777.48,45,127.44,Delivered
509335,2024-12-03,14460,20051,2,0.05,Same Day,Cash On Delivery,2786.84,140,1286.82,Delivered
509336,2025-08-30,13025,20288,3,0.1,Standard,Credit Card,2889.3,45,1352.01,Delivered
509337,2024-07-06,10476,20047,1,0.0,Standard,Upi,505.0,45,186.42,Delivered
509338,2025-04-19,12385,20013,2,0.1,Same Day,Cash On Delivery,457.06,140,-69.84,Delivered
509339,2024-07-26,13723,20121,1,0.15,Standard,Upi,926.41,45,388.2,Delivered
509340,2024-03-14,14055,20298,2,0.0,Standard,Upi,3046.26,45,1317.22,Delivered
509341,2025-11-04,13297,20285,3,0.1,Standard,Upi,1706.94,45,534.75,Delivered
509342,2025-11-03,11900,20245,2,0.2,Same Day,Credit Card,1332.53,140,11.63,Delivered
509343,2025-01-28,14029,20047,1,0.05,Same Day,Upi,479.75,140,66.17,Delivered
509344,2025-05-04,10508,20219,2,0.15,Standard,Credit Card,5831.49,70,1780.45,Delivered
509345,2025-07-25,12806,20286,4,0.0,Standard,Debit Card,9742.08,70,4631.44,Delivered
509346,2024-01-26,10401,20123,1,0.1,Express,Upi,5147.06,115,1570.43,Delivered
509347,2025-06-20,12586,20014,1,0.2,Standard,Upi,6862.1,70,2699.79,Delivered
509348,2025-05-29,11257,20253,1,0.1,Standard,Debit Card,524.66,45,193.69,Delivered
509349,2024-09-13,10286,20079,1,0.15,Standard,Debit Card,1833.28,45,173.83,Delivered
509350,2024-10-06,10549,20238,2,0.15,Standard,Credit Card,1080.3,45,138.16,Delivered
509351,2025-07-09,14298,20110,4,0.15,Standard,Upi,1945.89,45,299.93,Delivered
509352,2024-02-02,13580,20064,3,0.05,Standard,Upi,5936.24,70,2718.19,Cancelled
509353,2024-10-20,14639,20044,1,0.15,Same Day,Upi,1907.37,140,652.49,Delivered
509354,2025-09-15,13579,20270,1,0.05,Standard,Cash On Delivery,825.97,45,170.88,Delivered
509355,2024-11-03,11013,20091,2,0.15,Same Day,Upi,9356.7,165,1834.96,Delivered
509356,2024-10-17,14826,20239,2,0.05,Standard,Net Banking,1034.7,45,405.46,Delivered
509357,2024-10-30,10196,20300,1,0.15,Express,Debit Card,739.59,90,142.43,Delivered
509358,2024-02-12,10088,20258,1,0.05,Standard,Upi,639.69,45,248.21,Delivered
509359,2025-07-09,12463,20243,2,0.15,Standard,Upi,811.26,45,107.4,Delivered
509360,2025-08-21,12038,20079,1,0.05,Standard,Net Banking,2048.96,45,389.51,Delivered
509361,2025-04-24,12420,20238,1,0.05,Standard,Credit Card,603.7,45,110.13,Delivered
509362,2024-03-23,12933,20265,1,0.2,Standard,Debit Card,201.45,45,6.75,Delivered
509363,2024-07-22,12852,20189,1,0.0,Standard,Upi,1259.81,45,352.42,Delivered
509364,2025-10-03,10364,20195,1,0.0,Standard,Credit Card,5226.26,70,2011.45,Delivered
509365,2024-05-17,10403,20166,3,0.15,Standard,Debit Card,1656.33,45,654.48,Delivered
509366,2024-03-23,13618,20198,1,0.05,Express,Upi,1887.11,90,656.72,Delivered
509367,2025-11-17,13054,20068,1,0.2,Standard,Credit Card,422.04,45,15.35,Cancelled
509368,2025-10-09,13569,20195,3,0.05,Standard,Debit Card,14894.84,70,5390.41,Delivered
509369,2025-09-10,10579,20237,4,0.15,Standard,Upi,2202.11,45,824.43,Delivered
509370,2024-05-30,13701,20158,1,0.15,Express,Net Banking,1021.28,90,132.77,Delivered
509371,2025-09-12,13090,20228,2,0.15,Express,Credit Card,1461.85,90,101.47,Delivered
509372,2024-11-14,11771,20062,1,0.15,Standard,Debit Card,290.77,45,9.02,Delivered
509373,2024-09-03,13986,20135,2,0.1,Standard,Debit Card,5133.49,70,1901.53,Delivered
509374,2024-02-06,14248,20160,2,0.25,Standard,Upi,898.92,45,151.76,Delivered
509375,2024-09-24,11475,20107,1,0.1,Express,Net Banking,524.13,90,93.49,Delivered
509376,2025-08-08,14454,20243,3,0.3,Standard,Credit Card,1002.14,45,-31.15,Delivered
509377,2024-04-24,14222,20243,1,0.1,Express,Upi,429.49,90,10.06,Delivered
509378,2024-03-21,10252,20101,1,0.1,Express,Cash On Delivery,1728.58,90,706.88,Delivered
509379,2025-12-05,10382,20225,2,0.1,Standard,Net Banking,20214.07,70,5224.05,Delivered
509380,2025-12-26,13787,20282,2,0.1,Standard,Credit Card,1297.35,45,445.25,Delivered
509381,2025-06-10,11988,20043,1,0.15,Standard,Net Banking,449.39,45,71.82,Delivered
509382,2024-12-01,14813,20023,2,0.05,Standard,Debit Card,883.18,45,139.68,Delivered
509383,2024-03-24,12500,20064,1,0.0,Standard,Net Banking,2082.89,45,988.54,Delivered
509384,2024-06-02,13493,20183,1,0.05,Express,Cash On Delivery,1228.38,90,531.1,Delivered
509385,2024-09-09,12099,20144,1,0.1,Standard,Upi,168.86,45,7.94,Delivered
509386,2025-05-16,11084,20120,5,0.2,Standard,Net Banking,9755.52,70,621.97,Delivered
509387,2025-03-23,14791,20265,1,0.1,Express,Upi,226.63,90,-13.07,Cancelled
509388,2024-09-29,10565,20260,2,0.1,Express,Debit Card,2228.47,90,362.25,Delivered
509389,2025-05-21,11991,20039,1,0.15,Standard,Net Banking,2608.41,45,501.03,Delivered
509390,2024-05-11,10771,20300,2,0.1,Standard,Credit Card,1566.2,45,506.88,Delivered
509391,2025-12-11,14754,20297,5,0.2,Standard,Upi,1244.08,45,36.18,Delivered
509392,2024-11-20,12882,20269,1,0.0,Standard,Upi,448.45,45,195.44,Delivered
509393,2024-12-16,11748,20076,3,0.0,Standard,Upi,5229.72,70,1579.07,Delivered
509394,2024-03-23,10672,20280,1,0.0,Express,Debit Card,1160.46,90,538.64,Cancelled
509395,2024-05-05,12949,20048,2,0.0,Standard,Cash On Delivery,1265.88,45,575.88,Cancelled
509396,2024-08-01,10019,20205,1,0.05,Standard,Cash On Delivery,12880.4,70,2686.24,Delivered
509397,2025-12-27,12576,20099,2,0.3,Standard,Upi,3247.57,45,113.77,Delivered
509398,2025-08-22,10794,20288,1,0.1,Standard,Upi,963.1,45,420.67,Delivered
509399,2025-04-06,11999,20277,1,0.1,Standard,Upi,5726.76,70,2562.59,Delivered
509400,2025-09-16,11863,20159,1,0.25,Standard,Credit Card,5793.98,70,304.63,Delivered
509401,2024-04-14,11903,20163,3,0.2,Standard,Debit Card,6904.42,70,453.93,Delivered
509402,2025-01-05,14638,20144,1,0.05,Same Day,Cash On Delivery,178.24,140,-77.68,Delivered
509403,2024-03-03,12986,20168,1,0.2,Standard,Credit Card,1771.78,45,120.75,Delivered
509404,2025-04-13,11941,20090,1,0.0,Standard,Net Banking,1036.87,45,461.55,Delivered
509405,2024-01-26,14535,20038,1,0.15,Express,Upi,1412.08,90,480.82,Delivered
509406,2025-10-01,13701,20259,1,0.0,Express,Net Banking,1383.09,90,227.17,Delivered
509407,2024-01-01,12139,20165,1,0.05,Standard,Credit Card,327.85,45,125.0,Delivered
509408,2024-04-03,12705,20100,5,0.2,Standard,Net Banking,4944.0,45,164.55,Delivered
509409,2025-03-27,12912,20258,2,0.1,Express,Upi,1212.05,90,429.09,Delivered
509410,2024-01-12,13637,20259,5,0.1,Express,Debit Card,6223.9,115,779.3,Delivered
509411,2025-11-08,10619,20104,2,0.15,Standard,Net Banking,1659.1,45,213.7,Delivered
509412,2024-10-24,13715,20175,3,0.15,Standard,Upi,653.23,45,77.2,Delivered
509413,2025-02-23,13569,20106,1,0.05,Standard,Upi,1157.57,45,455.08,Delivered
509414,2025-08-01,11459,20111,1,0.25,Standard,Debit Card,975.66,45,297.84,Delivered
509415,2024-06-15,12749,20027,5,0.1,Express,Debit Card,4476.78,90,2009.98,Delivered
509416,2024-09-10,10550,20038,1,0.15,Standard,Upi,1412.08,45,525.82,Cancelled
509417,2025-07-24,13554,20172,1,0.15,Standard,Cash On Delivery,998.0,45,71.45,Delivered
509418,2024-10-20,10365,20008,2,0.2,Standard,Upi,931.78,45,285.76,Delivered
509419,2024-05-23,14916,20023,1,0.05,Standard,Credit Card,441.59,45,47.34,Delivered
509420,2024-07-27,10409,20134,1,0.25,Express,Upi,841.88,90,-5.01,Delivered
509421,2024-08-13,10363,20059,4,0.15,Standard,Upi,20013.45,70,2984.69,Delivered
509422,2025-04-02,13441,20058,1,0.05,Standard,Credit Card,1546.73,45,673.31,Delivered
509423,2024-10-10,12677,20256,1,0.2,Standard,Cash On Delivery,1020.02,45,227.07,Delivered
509424,2025-08-25,10758,20282,2,0.1,Standard,Cash On Delivery,1297.35,45,445.25,Delivered
509425,2025-04-30,14801,20175,1,0.1,Standard,Credit Card,230.55,45,8.54,Delivered
509426,2024-04-20,13552,20096,1,0.3,Express,Credit Card,1144.56,90,44.61,Delivered
509427,2024-12-15,12079,20147,2,0.0,Express,Cash On Delivery,2059.0,90,521.72,Delivered
509428,2024-11-28,12532,20117,4,0.25,Standard,Cash On Delivery,1141.65,45,208.73,Delivered
509429,2024-03-20,13202,20240,2,0.15,Express,Net Banking,1781.33,90,437.73,Delivered
509430,2025-01-20,11863,20154,1,0.1,Standard,Upi,625.82,45,70.47,Delivered
509431,2025-02-07,11792,20200,1,0.15,Standard,Credit Card,1477.89,45,94.4,Delivered
509432,2025-12-16,12180,20014,2,0.05,Express,Credit Card,16297.48,115,7997.86,Delivered
509433,2024-11-23,14571,20154,2,0.1,Standard,Net Banking,1251.65,45,185.95,Delivered
509434,2024-10-20,10291,20047,1,0.2,Standard,Credit Card,404.0,45,85.42,Delivered
509435,2025-05-08,10237,20248,1,0.05,Express,Debit Card,477.88,90,40.34,Delivered
509436,2024-07-02,10301,20094,3,0.1,Express,Credit Card,7082.07,115,2646.41,Delivered
509437,2024-07-30,10542,20232,1,0.0,Express,Credit Card,1578.88,90,721.19,Delivered
509438,2024-09-07,13977,20106,5,0.2,Standard,Upi,4873.96,45,1541.51,Delivered
509439,2024-06-15,12670,20228,1,0.1,Standard,Credit Card,773.92,45,93.73,Cancelled
509440,2025-06-26,12305,20258,1,0.1,Standard,Debit Card,606.02,45,214.54,Delivered
509441,2025-10-24,14472,20158,2,0.05,Standard,Upi,2282.85,45,640.83,Delivered
509442,2024-06-10,14015,20280,1,0.15,Standard,Net Banking,986.39,45,409.57,Delivered
509443,2025-08-30,13471,20245,4,0.05,Standard,Cash On Delivery,3164.75,45,757.95,Delivered
509444,2024-09-29,10165,20082,1,0.0,Express,Credit Card,2045.81,90,362.93,Delivered
509445,2025-06-19,13791,20023,2,0.05,Standard,Upi,883.18,45,139.68,Delivered
509446,2025-02-22,12253,20117,1,0.15,Express,Net Banking,323.47,90,11.49,Delivered
509447,2025-09-21,14786,20070,1,0.0,Standard,Net Banking,2055.91,45,964.5,Delivered
509448,2025-02-10,14226,20075,2,0.1,Standard,Cash On Delivery,6130.62,70,2968.14,Delivered
509449,2025-01-26,10029,20135,3,0.2,Express,Upi,6844.66,115,1986.72,Delivered
509450,2025-03-13,13523,20225,3,0.1,Standard,Upi,30321.11,70,7871.08,Delivered
509451,2024-03-27,12153,20138,1,0.1,Standard,Upi,2144.77,45,574.82,Delivered
509452,2025-02-08,10920,20201,4,0.1,Standard,Credit Card,2152.04,45,1005.52,Delivered
509453,2024-10-01,14198,20240,3,0.05,Standard,Debit Card,2986.34,45,1060.94,Delivered
509454,2025-02-18,12600,20025,1,0.3,Same Day,Upi,2381.51,140,-394.0,Delivered
509455,2025-07-15,13361,20217,1,0.05,Standard,Credit Card,503.78,45,213.85,Delivered
509456,2024-11-22,10490,20280,1,0.15,Standard,Upi,986.39,45,409.57,Delivered
509457,2024-04-21,13761,20012,2,0.05,Standard,Credit Card,11679.85,70,3540.85,Delivered
509458,2024-10-28,14163,20199,3,0.2,Standard,Upi,1841.95,45,413.5,Delivered
509459,2024-05-15,13223,20134,2,0.2,Standard,Credit Card,1796.0,45,237.22,Delivered
509460,2024-11-28,10278,20083,1,0.1,Standard,Upi,881.16,45,345.08,Delivered
509461,2024-01-03,14077,20036,1,0.05,Express,Net Banking,2220.24,90,904.03,Delivered
509462,2024-06-10,11755,20231,1,0.0,Standard,Upi,553.98,45,249.33,Delivered
509463,2025-05-26,10628,20100,1,0.1,Standard,Upi,1112.4,45,120.51,Delivered
509464,2024-03-17,12696,20199,2,0.05,Standard,Upi,1458.21,45,490.91,Delivered
509465,2024-07-03,11171,20193,1,0.25,Standard,Debit Card,490.67,45,9.39,Delivered
509466,2025-07-23,14616,20170,1,0.05,Express,Upi,1383.48,90,357.36,Delivered
509467,2025-04-24,10216,20142,1,0.05,Standard,Debit Card,634.82,45,160.18,Delivered
509468,2024-06-11,14945,20248,2,0.15,Express,Debit Card,855.15,90,70.07,Delivered
509469,2024-01-21,13362,20012,3,0.1,Standard,Credit Card,16597.68,70,4424.18,Delivered
509470,2025-07-30,10981,20211,1,0.1,Standard,Upi,637.45,45,81.71,Delivered
509471,2025-07-31,12443,20270,1,0.1,Express,Net Banking,782.5,90,82.41,Delivered
509472,2024-10-24,10772,20115,1,0.1,Standard,Upi,1004.92,45,414.29,Delivered
509473,2024-10-25,10803,20270,1,0.1,Standard,Credit Card,782.5,45,127.41,Delivered
509474,2024-10-08,11163,20137,2,0.1,Standard,Debit Card,577.3,45,215.74,Delivered
509475,2025-04-16,10424,20157,1,0.15,Standard,Upi,1682.76,45,489.85,Delivered
509476,2025-02-13,14398,20061,3,0.05,Standard,Debit Card,5454.84,70,2652.05,Delivered
509477,2025-01-26,10416,20289,2,0.05,Express,Debit Card,3324.03,90,1248.51,Cancelled
509478,2025-11-17,10309,20168,3,0.2,Standard,Credit Card,5315.33,70,427.24,Delivered
509479,2024-06-13,12006,20023,2,0.0,Express,Upi,929.66,90,141.16,Delivered
509480,2024-03-22,12745,20059,1,0.25,Same Day,Net Banking,4414.73,140,35.04,Delivered
509481,2025-10-19,11424,20171,1,0.1,Standard,Upi,5103.7,70,786.69,Delivered
509482,2025-12-16,10549,20084,1,0.25,Same Day,Upi,1193.76,140,-41.01,Delivered
509483,2024-06-12,10437,20248,1,0.3,Standard,Credit Card,352.12,45,-40.42,Delivered
509484,2024-04-13,13276,20134,2,0.1,Standard,Credit Card,2020.5,45,461.72,Delivered
509485,2024-05-09,11831,20288,2,0.05,Standard,Upi,2033.21,45,993.35,Delivered
509486,2025-08-18,14310,20193,1,0.25,Standard,Debit Card,490.67,45,9.39,Delivered
509487,2024-04-29,14249,20188,1,0.2,Express,Upi,2247.04,90,345.84,Delivered
509488,2024-09-15,11297,20152,1,0.05,Standard,Net Banking,280.89,45,93.52,Delivered
509489,2024-04-13,13872,20157,5,0.05,Express,Upi,9403.67,115,3549.12,Delivered
509490,2024-12-29,11618,20008,4,0.3,Standard,Upi,1630.61,45,383.57,Delivered
509491,2025-06-29,11644,20269,2,0.1,Standard,Upi,807.21,45,346.19,Delivered
509492,2025-01-03,12834,20063,3,0.1,Standard,Debit Card,711.96,45,78.09,Delivered
509493,2025-11-16,11804,20025,2,0.15,Standard,Cash On Delivery,5783.67,70,442.65,Delivered
509494,2024-11-21,12488,20157,3,0.2,Express,Net Banking,4751.33,90,1217.6,Delivered
509495,2024-07-03,10183,20187,4,0.0,Standard,Net Banking,11710.16,70,2538.4,Delivered
509496,2025-01-28,14884,20088,4,0.0,Standard,Debit Card,2651.6,45,1225.12,Delivered
509497,2024-12-09,14909,20125,2,0.15,Standard,Credit Card,1467.24,45,526.84,Delivered
509498,2025-06-13,10098,20243,4,0.15,Standard,Debit Card,1622.51,45,259.79,Delivered
509499,2025-02-20,10223,20026,1,0.3,Express,Upi,1521.68,90,111.66,Delivered
509500,2024-08-18,10909,20084,1,0.0,Standard,Upi,1591.68,45,451.91,Delivered
509501,2024-05-14,13626,20196,1,0.0,Standard,Credit Card,1077.09,45,296.39,Delivered
509502,2024-02-14,10686,20278,1,0.1,Standard,Credit Card,6317.72,70,1135.89,Delivered
509503,2025-09-15,10463,20135,1,0.15,Standard,Debit Card,2424.15,45,798.17,Cancelled
509504,2025-05-06,12741,20118,1,0.05,Standard,Credit Card,1146.29,45,364.38,Delivered
509505,2025-08-17,11815,20266,1,0.05,Standard,Net Banking,572.97,45,154.97,Delivered
509506,2025-02-25,13238,20287,2,0.0,Standard,Net Banking,3895.1,45,997.92,Delivered
509507,2025-07-04,13438,20026,4,0.0,Standard,Upi,8695.32,70,3345.24,Delivered
509508,2024-05-24,14902,20183,2,0.0,Standard,Debit Card,2586.06,45,1326.5,Delivered
509509,2024-11-12,14535,20239,2,0.0,Standard,Debit Card,1089.16,45,459.92,Delivered
509510,2025-07-16,11603,20109,2,0.2,Standard,Net Banking,1550.26,45,569.9,Delivered
509511,2024-10-19,13539,20090,1,0.1,Express,Net Banking,933.18,90,312.86,Delivered
509512,2025-08-01,10758,20281,1,0.15,Express,Upi,1181.82,90,358.3,Delivered
509513,2025-06-19,11559,20120,1,0.05,Standard,Upi,2316.94,45,459.23,Delivered
509514,2025-09-25,12169,20180,3,0.0,Same Day,Credit Card,8349.75,165,2745.9,Delivered
509515,2025-04-10,11885,20018,1,0.3,Express,Upi,1749.6,90,502.38,Delivered
509516,2024-02-18,14739,20152,1,0.2,Standard,Debit Card,236.54,45,49.17,Delivered
509517,2025-10-22,13540,20108,3,0.2,Express,Credit Card,5583.98,115,655.69,Delivered
509518,2025-04-03,13189,20143,2,0.15,Standard,Upi,3431.59,45,1202.07,Delivered
509519,2025-11-27,11708,20264,2,0.05,Express,Debit Card,1361.79,90,253.61,Delivered
509520,2025-02-28,12547,20043,3,0.0,Standard,Credit Card,1586.07,45,543.36,Delivered
509521,2025-10-18,10737,20217,1,0.15,Standard,Net Banking,450.75,45,160.82,Delivered
509522,2025-10-22,13061,20024,2,0.2,Standard,Upi,3659.1,45,395.64,Delivered
509523,2024-03-08,12507,20250,2,0.1,Standard,Upi,4965.44,45,2014.74,Delivered
509524,2025-05-23,10619,20102,1,0.15,Standard,Upi,4280.95,45,562.44,Delivered
509525,2024-07-28,10123,20026,2,0.3,Same Day,Credit Card,3043.36,140,263.32,Delivered
509526,2025-12-04,10392,20154,1,0.1,Standard,Upi,625.82,45,70.47,Delivered
509527,2024-10-26,13927,20270,1,0.2,Standard,Upi,695.55,45,40.46,Delivered
509528,2024-05-03,12416,20129,4,0.2,Standard,Debit Card,11542.46,70,3846.06,Delivered
509529,2024-10-18,10755,20094,2,0.0,Express,Net Banking,5245.98,115,2250.54,Delivered
509530,2025-02-24,14041,20037,1,0.1,Standard,Upi,1531.84,45,444.74,Delivered
509531,2024-02-19,13144,20274,2,0.1,Standard,Debit Card,1971.97,45,491.79,Delivered
509532,2024-07-01,12560,20158,3,0.05,Express,Credit Card,3424.27,90,938.74,Delivered
509533,2024-09-03,10371,20155,1,0.1,Standard,Upi,252.19,45,0.95,Delivered
509534,2024-03-28,14629,20188,1,0.1,Same Day,Cash On Delivery,2527.92,140,576.72,Cancelled
509535,2025-10-11,14142,20113,1,0.05,Same Day,Credit Card,401.62,140,32.83,Delivered
509536,2025-07-03,11051,20030,1,0.0,Express,Upi,520.59,90,63.0,Delivered
509537,2025-07-14,10476,20245,1,0.1,Standard,Credit Card,749.55,45,114.1,Delivered
509538,2024-03-12,12414,20100,1,0.15,Standard,Credit Card,1050.6,45,58.71,Delivered
509539,2025-07-09,14578,20021,4,0.1,Standard,Upi,44570.16,70,12909.0,Delivered
509540,2024-10-17,11199,20018,1,0.05,Standard,Debit Card,2374.46,45,1172.24,Delivered
509541,2025-05-18,11451,20162,5,0.05,Standard,Debit Card,7652.82,70,2148.47,Delivered
509542,2025-09-19,14751,20159,3,0.1,Standard,Debit Card,20858.34,70,4530.29,Cancelled
509543,2025-10-22,12285,20010,3,0.25,Standard,Net Banking,2186.66,45,326.54,Delivered
509544,2024-11-08,10755,20250,1,0.15,Same Day,Credit Card,2344.79,140,751.94,Delivered
509545,2024-10-14,10821,20004,1,0.0,Standard,Debit Card,341.36,45,60.54,Delivered
509546,2025-12-30,10831,20015,2,0.05,Standard,Cash On Delivery,2597.11,45,1223.25,Delivered
509547,2025-05-22,10999,20053,3,0.15,Standard,Upi,3429.78,45,1249.77,Cancelled
509548,2024-03-11,11224,20187,1,0.05,Standard,Net Banking,2781.16,45,460.72,Delivered
509549,2024-06-09,14311,20055,1,0.2,Standard,Upi,2254.88,45,28.48,Delivered
509550,2024-05-06,11675,20233,1,0.0,Standard,Credit Card,2649.52,45,701.78,Delivered
509551,2025-03-31,12479,20156,1,0.05,Standard,Credit Card,1831.61,45,534.35,Delivered
509552,2025-11-12,13948,20139,2,0.15,Express,Debit Card,560.24,90,99.22,Delivered
509553,2025-06-12,11592,20162,5,0.15,Standard,Debit Card,6847.26,70,1342.91,Delivered
509554,2024-10-30,14345,20250,2,0.15,Standard,Debit Card,4689.59,45,1738.89,Cancelled
509555,2025-05-04,10734,20125,1,0.1,Standard,Credit Card,690.46,45,197.76,Cancelled
509556,2024-08-26,12853,20116,3,0.25,Express,Upi,1003.23,90,192.33,Delivered
509557,2024-06-24,10468,20219,2,0.05,Express,Debit Card,6517.55,115,2421.51,Delivered
509558,2024-07-28,12809,20281,1,0.05,Express,Upi,1320.86,90,497.34,Delivered
509559,2025-07-22,10510,20240,1,0.1,Express,Credit Card,943.06,90,226.26,Delivered
509560,2024-12-24,12774,20102,1,0.1,Standard,Upi,4532.77,45,814.26,Delivered
509561,2024-07-07,10167,20040,3,0.1,Express,Upi,2644.08,90,874.92,Delivered
509562,2025-05-23,12017,20093,4,0.0,Same Day,Credit Card,2846.48,140,1062.4,Delivered
509563,2025-07-09,11821,20191,1,0.2,Same Day,Debit Card,825.81,140,-40.99,Delivered
509564,2025-09-25,11510,20011,1,0.15,Express,Credit Card,739.87,90,192.97,Delivered
509565,2024-02-02,12213,20188,1,0.15,Standard,Credit Card,2387.48,45,531.28,Delivered
509566,2025-05-15,11238,20192,1,0.3,Express,Debit Card,932.96,90,-87.58,Delivered
509567,2024-11-07,12358,20246,4,0.1,Standard,Upi,1290.6,45,486.76,Delivered
509568,2025-06-23,13527,20132,5,0.05,Standard,Upi,2378.32,45,1195.37,Delivered
509569,2024-05-30,11695,20056,2,0.2,Standard,Net Banking,7503.41,70,2309.37,Delivered
509570,2025-07-28,11402,20044,1,0.15,Standard,Upi,1907.37,45,747.49,Delivered
509571,2025-06-02,14004,20209,1,0.15,Standard,Credit Card,997.25,45,316.67,Delivered
509572,2024-04-20,11415,20261,1,0.05,Standard,Net Banking,142.5,45,-13.63,Delivered
509573,2025-10-03,13537,20195,1,0.15,Standard,Upi,4442.32,45,1252.51,Delivered
509574,2024-05-11,13188,20080,1,0.15,Standard,Net Banking,2417.76,45,955.26,Delivered
509575,2025-06-03,10011,20068,1,0.0,Standard,Debit Card,527.55,45,120.86,Delivered
509576,2024-10-31,14767,20137,3,0.05,Express,Net Banking,914.05,90,349.21,Delivered
509577,2024-01-29,13020,20004,1,0.05,Express,Credit Card,324.29,90,-1.53,Delivered
509578,2024-12-16,14134,20117,2,0.05,Standard,Upi,723.04,45,234.08,Delivered
509579,2025-06-01,14651,20095,4,0.05,Express,Debit Card,4386.04,90,774.76,Delivered
509580,2025-05-06,13379,20209,1,0.1,Standard,Upi,1055.92,45,375.34,Delivered
509581,2025-02-11,12405,20016,1,0.05,Express,Debit Card,2708.42,90,541.58,Cancelled
509582,2025-05-22,11543,20111,1,0.1,Standard,Upi,1170.79,45,492.97,Delivered
509583,2025-09-15,14404,20222,1,0.0,Standard,Debit Card,375.6,45,101.37,Delivered
509584,2024-04-14,11585,20271,3,0.15,Express,Upi,13857.52,115,3322.62,Delivered
509585,2025-12-19,10098,20159,3,0.1,Standard,Upi,20858.34,70,4530.29,Delivered
509586,2025-07-05,10133,20094,1,0.05,Standard,Credit Card,2491.84,45,1006.62,Delivered
509587,2024-11-15,12046,20300,2,0.2,Standard,Cash On Delivery,1392.18,45,332.86,Delivered
509588,2024-02-15,11454,20164,1,0.15,Express,Credit Card,647.99,90,15.94,Delivered
509589,2024-08-28,14279,20296,2,0.2,Standard,Upi,653.66,45,30.68,Delivered
509590,2024-09-26,14825,20255,2,0.2,Standard,Upi,1315.22,45,349.14,Delivered
509591,2025-10-28,12025,20273,2,0.15,Standard,Debit Card,2432.67,45,1028.43,Delivered
509592,2025-09-19,12982,20038,3,0.0,Standard,Cash On Delivery,4983.81,45,2415.03,Delivered
509593,2024-02-06,13919,20182,2,0.0,Standard,Credit Card,2239.36,45,779.04,Delivered
509594,2024-07-23,12604,20187,2,0.0,Express,Credit Card,5855.08,115,1189.2,Delivered
509595,2025-04-30,13102,20025,2,0.05,Standard,Net Banking,6464.1,70,1123.08,Delivered
509596,2024-04-19,14770,20142,1,0.2,Standard,Credit Card,534.58,45,59.94,Delivered
509597,2025-04-30,10134,20124,1,0.0,Standard,Debit Card,1867.16,45,659.14,Delivered
509598,2024-11-13,11097,20025,1,0.0,Standard,Debit Card,3402.16,45,721.65,Delivered
509599,2025-08-14,14729,20291,1,0.0,Express,Net Banking,848.12,90,120.91,Delivered
509600,2024-03-16,10765,20175,2,0.1,Same Day,Upi,461.11,140,-32.91,Delivered
509601,2025-09-01,11100,20232,4,0.05,Standard,Upi,5999.74,70,2858.98,Delivered
509602,2025-05-12,10358,20145,1,0.25,Express,Cash On Delivery,4680.36,90,1263.33,Delivered
509603,2025-04-23,13653,20023,1,0.05,Standard,Cash On Delivery,441.59,45,47.34,Delivered
509604,2025-01-23,12916,20224,2,0.2,Standard,Net Banking,561.01,45,155.27,Delivered
509605,2025-08-10,11671,20122,3,0.15,Standard,Upi,9705.86,70,1582.09,Delivered
509606,2025-08-15,14466,20223,1,0.15,Same Day,Credit Card,1112.95,140,239.1,Delivered
509607,2024-12-29,14862,20230,1,0.1,Express,Debit Card,687.1,90,80.34,Delivered
509608,2024-11-04,11806,20017,2,0.0,Standard,Upi,2444.4,45,1211.02,Delivered
509609,2024-03-03,14998,20285,3,0.1,Standard,Cash On Delivery,1706.94,45,534.75,Delivered
509610,2024-09-23,11863,20002,3,0.15,Standard,Net Banking,5903.53,70,883.11,Delivered
509611,2024-02-02,13807,20267,1,0.15,Same Day,Debit Card,499.23,140,-85.8,Delivered
509612,2024-02-09,11800,20016,2,0.1,Express,Net Banking,5131.75,115,863.07,Delivered
509613,2025-11-16,13959,20021,1,0.3,Same Day,Credit Card,8666.42,165,603.63,Delivered
509614,2024-09-16,14103,20251,1,0.1,Standard,Upi,658.72,45,261.73,Delivered
509615,2024-09-23,14009,20277,2,0.0,Standard,Upi,12726.14,70,6467.8,Cancelled
509616,2025-10-28,12370,20006,2,0.2,Standard,Debit Card,924.4,45,259.04,Delivered
509617,2025-10-22,11159,20237,1,0.15,Standard,Cash On Delivery,550.53,45,172.36,Delivered
509618,2024-08-12,11458,20023,1,0.1,Standard,Upi,418.35,45,24.1,Delivered
509619,2025-01-17,11999,20185,4,0.15,Express,Debit Card,8762.68,115,2705.12,Delivered
509620,2025-05-12,13794,20224,4,0.15,Express,Debit Card,1192.14,90,380.66,Delivered
509621,2025-09-30,13262,20039,2,0.25,Standard,Net Banking,4603.08,45,433.32,Delivered
509622,2024-01-05,13191,20031,1,0.1,Standard,Cash On Delivery,762.44,45,327.48,Delivered
509623,2025-03-21,10341,20002,2,0.15,Standard,Upi,3935.69,45,590.41,Delivered
509624,2024-10-14,10302,20165,1,0.1,Standard,Upi,310.6,45,107.75,Delivered
509625,2024-02-27,10951,20300,2,0.05,Standard,Upi,1653.21,45,593.89,Delivered
509626,2024-03-12,13899,20127,1,0.05,Same Day,Net Banking,4471.49,140,1378.96,Delivered
509627,2025-10-28,11590,20075,2,0.15,Standard,Upi,5790.03,70,2627.55,Delivered
509628,2025-11-10,12480,20076,1,0.05,Standard,Upi,1656.08,45,417.53,Delivered
509629,2025-06-24,14099,20275,5,0.1,Standard,Upi,13017.78,70,5256.53,Delivered
509630,2024-03-22,13577,20235,2,0.15,Express,Credit Card,8721.73,115,2785.37,Delivered
509631,2025-09-09,11071,20055,4,0.1,Standard,Debit Card,10146.96,70,1351.36,Delivered
509632,2024-10-03,10207,20199,2,0.1,Standard,Upi,1381.46,45,414.16,Delivered
509633,2025-06-05,10672,20029,2,0.05,Standard,Upi,4233.68,45,2177.2,Delivered
509634,2025-07-27,13550,20063,2,0.15,Standard,Upi,448.27,45,10.69,Delivered
509635,2024-05-15,11974,20149,1,0.15,Same Day,Credit Card,299.96,140,-111.27,Delivered
509636,2024-04-23,11024,20269,4,0.1,Standard,Credit Card,1614.42,45,737.38,Delivered
509637,2024-06-05,10772,20155,2,0.15,Standard,Debit Card,476.36,45,18.88,Delivered
509638,2025-01-30,13856,20196,1,0.15,Express,Credit Card,915.53,90,89.83,Delivered
509639,2024-08-16,14527,20105,4,0.15,Standard,Upi,20043.24,70,2704.0,Delivered
509640,2025-09-03,13508,20265,2,0.05,Standard,Net Banking,478.44,45,134.04,Delivered
509641,2024-09-11,11056,20074,1,0.1,Standard,Upi,892.65,45,195.49,Delivered
509642,2024-06-27,11514,20075,3,0.15,Same Day,Debit Card,8685.04,165,3881.32,Delivered
509643,2024-08-16,12451,20097,1,0.15,Standard,Debit Card,421.91,45,61.62,Delivered
509644,2025-01-01,13989,20241,4,0.05,Standard,Upi,814.95,45,340.99,Delivered
509645,2024-01-31,11648,20139,1,0.0,Standard,Unknown,329.55,45,99.04,Delivered
509646,2024-04-17,10356,20109,1,0.15,Standard,Credit Card,823.57,45,310.89,Delivered
509647,2024-10-08,10816,20028,3,0.05,Express,Net Banking,21151.05,115,3996.65,Delivered
509648,2025-09-12,11448,20102,2,0.2,Express,Credit Card,8058.26,115,596.24,Delivered
509649,2025-01-24,14596,20119,3,0.25,Standard,Upi,7306.13,70,2852.23,Delivered
509650,2025-06-24,10802,20072,1,0.2,Standard,Net Banking,1298.43,45,23.03,Delivered
509651,2025-06-12,10342,20027,3,0.05,Express,Net Banking,2835.29,90,1319.21,Delivered
509652,2025-02-07,10327,20150,1,0.2,Express,Debit Card,374.78,90,-10.56,Cancelled
509653,2024-06-18,11397,20170,2,0.05,Standard,Credit Card,2766.95,45,849.71,Delivered
509654,2024-06-23,13546,20160,1,0.05,Standard,Net Banking,569.32,45,173.24,Delivered
509655,2024-03-14,13991,20142,1,0.2,Standard,Upi,534.58,45,59.94,Delivered
509656,2025-03-29,13400,20154,1,0.05,Express,Debit Card,660.59,90,60.24,Delivered
509657,2025-05-23,10403,20250,3,0.05,Express,Upi,7861.95,115,3388.4,Delivered
509658,2024-08-27,12195,20183,2,0.2,Standard,Debit Card,2068.85,45,809.29,Delivered
509659,2024-04-05,14030,20203,1,0.3,Standard,Upi,1290.28,45,120.06,Delivered
509660,2025-05-28,11204,20071,1,0.15,Same Day,Debit Card,1737.37,140,359.88,Delivered
509661,2024-07-20,10491,20183,1,0.15,Standard,Upi,1099.08,45,446.8,Delivered
509662,2024-02-06,12566,20173,4,0.1,Standard,Net Banking,2675.45,45,524.53,Delivered
509663,2024-03-31,11704,20030,1,0.05,Standard,Upi,494.56,45,81.97,Delivered
509664,2024-08-20,14503,20154,3,0.0,Standard,Credit Card,2086.08,45,510.03,Delivered
509665,2025-10-20,12734,20089,3,0.1,Same Day,Net Banking,1679.1,140,289.3,Delivered
509666,2024-09-09,10740,20221,1,0.2,Express,Debit Card,1319.66,90,324.7,Delivered
509667,2025-01-05,10510,20025,1,0.2,Express,Net Banking,2721.73,90,-3.78,Delivered
509668,2025-12-24,10594,20098,2,0.1,Standard,Debit Card,658.03,45,54.99,Delivered
509669,2025-03-19,11517,20042,2,0.25,Standard,Credit Card,12033.06,70,2300.92,Delivered
509670,2025-03-16,10920,20300,1,0.1,Standard,Credit Card,783.1,45,230.94,Delivered
509671,2024-03-04,10755,20069,2,0.15,Standard,Upi,3414.09,45,1526.37,Delivered
509672,2024-01-05,11463,20264,2,0.1,Express,Credit Card,1290.11,90,181.93,Delivered
509673,2025-10-19,14060,20063,1,0.0,Express,Cash On Delivery,263.69,90,-22.6,Delivered
509674,2024-03-12,11063,20206,1,0.2,Express,Debit Card,834.65,90,176.61,Delivered
509675,2025-01-31,10335,20148,3,0.25,Same Day,Upi,30492.2,165,5417.42,Delivered
509676,2025-09-08,10105,20255,3,0.15,Standard,Upi,2096.13,45,669.51,Delivered
509677,2024-11-25,14611,20251,2,0.1,Express,Debit Card,1317.44,90,523.46,Delivered
509678,2025-07-01,14922,20261,2,0.2,Same Day,Upi,240.0,140,-122.26,Delivered
509679,2024-05-26,13753,20129,3,0.15,Standard,Credit Card,9197.9,70,3408.1,Delivered
509680,2025-02-18,14981,20011,1,0.0,Standard,Cash On Delivery,870.44,45,368.54,Delivered
509681,2024-12-14,13488,20017,1,0.25,Standard,Cash On Delivery,916.65,45,277.46,Delivered
509682,2024-12-30,12255,20068,3,0.1,Standard,Upi,1424.38,45,294.31,Delivered
509683,2025-02-19,12033,20005,1,0.05,Express,Credit Card,400.85,90,78.17,Delivered
509684,2025-09-16,11954,20206,2,0.05,Standard,Debit Card,1982.29,45,801.21,Delivered
509685,2025-05-21,14314,20082,1,0.1,Standard,Upi,1841.23,45,203.35,Delivered
509686,2025-06-06,10937,20067,1,0.0,Express,Upi,1650.09,90,407.04,Delivered
509687,2025-12-06,10690,20245,1,0.05,Standard,Upi,791.19,45,155.74,Delivered
509688,2024-09-06,14808,20267,1,0.0,Express,Cash On Delivery,587.33,90,52.3,Delivered
509689,2024-09-05,11661,20239,1,0.05,Standard,Net Banking,517.35,45,180.23,Delivered
509690,2024-12-16,13747,20231,2,0.0,Express,Upi,1107.96,90,498.66,Delivered
509691,2024-09-25,14576,20228,2,0.15,Standard,Net Banking,1461.85,45,146.47,Delivered
509692,2025-03-23,13430,20153,1,0.1,Standard,Debit Card,1686.45,45,461.99,Delivered
509693,2024-03-23,12673,20042,1,0.0,Standard,Credit Card,8022.04,70,3120.97,Delivered
509694,2025-06-24,13925,20291,1,0.15,Standard,Credit Card,720.9,45,38.69,Delivered
509695,2025-02-10,14188,20079,2,0.15,Standard,Debit Card,3666.56,45,392.66,Delivered
509696,2024-12-04,10117,20059,4,0.05,Standard,Credit Card,22367.98,70,5339.22,Delivered
509697,2024-03-20,10751,20117,1,0.0,Standard,Credit Card,380.55,45,113.57,Delivered
509698,2024-04-04,13331,20249,4,0.05,Standard,Upi,7160.95,70,1289.39,Delivered
509699,2024-09-15,13282,20048,4,0.0,Standard,Debit Card,2531.76,45,1196.76,Delivered
509700,2024-05-01,11645,20213,2,0.15,Standard,Upi,5269.61,70,810.07,Delivered
509701,2024-05-03,12742,20259,2,0.0,Standard,Net Banking,2766.18,45,589.34,Delivered
509702,2025-06-18,11253,20024,1,0.05,Standard,Debit Card,2172.59,45,518.36,Delivered
509703,2025-12-28,10261,20236,1,0.1,Express,Credit Card,3166.22,90,1324.43,Delivered
509704,2024-10-15,10551,20197,5,0.0,Standard,Credit Card,15173.5,70,4280.75,Delivered
509705,2025-04-06,11945,20033,2,0.1,Standard,Cash On Delivery,1960.99,45,261.09,Delivered
509706,2024-04-01,10303,20175,2,0.1,Standard,Credit Card,461.11,45,62.09,Delivered
509707,2024-01-24,10418,20053,2,0.1,Standard,Net Banking,2421.02,45,952.68,Delivered
509708,2024-04-16,12116,20173,2,0.25,Same Day,Upi,1114.77,140,-78.19,Delivered
509709,2024-02-21,13484,20211,2,0.05,Standard,Upi,1345.73,45,279.25,Delivered
509710,2025-12-11,14297,20213,1,0.15,Standard,Upi,2634.8,45,395.03,Delivered
509711,2024-10-20,12647,20198,2,0.1,Express,Credit Card,3575.57,90,1204.79,Delivered
509712,2024-10-26,14221,20296,1,0.1,Express,Cash On Delivery,367.69,90,-11.3,Delivered
509713,2024-12-10,13111,20003,2,0.25,Standard,Upi,768.36,45,37.88,Delivered
509714,2025-01-16,11138,20049,1,0.2,Express,Debit Card,613.35,90,-14.07,Delivered
509715,2025-07-21,12168,20014,2,0.05,Standard,Net Banking,16297.48,70,8042.86,Delivered
509716,2024-07-12,12183,20206,2,0.3,Express,Credit Card,1460.63,90,234.55,Cancelled
509717,2025-07-10,12911,20194,2,0.0,Express,Debit Card,10405.68,115,2182.0,Delivered
509718,2025-03-11,11744,20281,2,0.0,Standard,Cash On Delivery,2780.76,45,1268.72,Delivered
509719,2025-01-19,10805,20260,1,0.0,Standard,Debit Card,1238.04,45,304.93,Cancelled
509720,2025-01-06,12643,20247,1,0.1,Standard,Cash On Delivery,1928.66,45,430.04,Delivered
509721,2024-11-15,10787,20063,1,0.1,Standard,Upi,237.32,45,-3.97,Delivered
509722,2024-08-26,12992,20055,1,0.0,Standard,Upi,2818.6,45,592.2,Delivered
509723,2025-01-26,13247,20258,3,0.15,Standard,Upi,1717.07,45,632.63,Delivered
509724,2025-10-09,14267,20023,1,0.1,Standard,Cash On Delivery,418.35,45,24.1,Delivered
509725,2024-10-11,12139,20108,1,0.25,Standard,Credit Card,1745.0,45,95.57,Delivered
509726,2024-01-13,13609,20176,2,0.3,Standard,Credit Card,357.95,45,65.77,Delivered
509727,2025-01-19,12069,20015,3,0.15,Express,Net Banking,3485.6,90,1402.31,Delivered
509728,2025-06-24,12338,20152,1,0.0,Express,Net Banking,295.67,90,63.3,Delivered
509729,2025-11-20,14362,20276,1,0.1,Express,Credit Card,1553.65,90,172.26,Delivered
509730,2024-10-19,11817,20038,3,0.15,Standard,Debit Card,4236.24,45,1667.46,Delivered
509731,2024-09-13,12155,20281,2,0.25,Standard,Credit Card,2085.57,45,573.53,Delivered
509732,2024-04-17,11671,20086,2,0.1,Standard,Upi,584.84,45,100.96,Cancelled
509733,2025-08-03,11811,20080,1,0.0,Standard,Credit Card,2844.42,45,1381.92,Delivered
509734,2025-11-18,13646,20171,3,0.1,Express,Debit Card,15311.11,115,2455.08,Delivered
509735,2024-07-01,12140,20071,1,0.1,Standard,Upi,1839.56,45,557.07,Delivered
509736,2025-12-06,13758,20088,2,0.0,Standard,Upi,1325.8,45,590.06,Delivered
509737,2025-01-01,10037,20057,4,0.15,Standard,Upi,5559.54,70,596.26,Delivered
509738,2025-06-17,13403,20167,1,0.1,Standard,Net Banking,1019.75,45,146.01,Delivered
509739,2025-06-06,12359,20119,1,0.1,Express,Debit Card,2922.45,90,1371.15,Delivered
509740,2024-10-11,14228,20285,1,0.1,Standard,Upi,568.98,45,148.25,Delivered
509741,2024-09-15,14435,20236,1,0.0,Standard,Debit Card,3518.02,45,1721.23,Delivered
509742,2024-06-21,10221,20020,2,0.15,Standard,Net Banking,602.58,45,129.38,Delivered
509743,2025-12-17,14878,20007,1,0.15,Express,Credit Card,6293.79,115,1378.56,Delivered
509744,2024-11-25,12897,20210,2,0.05,Express,Upi,1272.92,90,289.18,Delivered
509745,2025-03-27,13848,20238,1,0.0,Same Day,Upi,635.47,140,46.9,Delivered
509746,2025-04-15,14173,20114,2,0.1,Standard,Debit Card,745.22,45,170.34,Delivered
509747,2024-03-21,11829,20158,4,0.15,Standard,Upi,4085.1,45,846.06,Delivered
509748,2024-11-16,13951,20127,1,0.1,Standard,Upi,4236.15,45,1238.62,Delivered
509749,2025-03-16,11537,20203,2,0.15,Standard,Unknown,3133.54,45,838.1,Delivered
509750,2025-02-02,11367,20224,1,0.15,Standard,Debit Card,298.04,45,72.67,Delivered
509751,2024-07-06,12218,20070,2,0.0,Standard,Upi,4111.82,45,1974.0,Delivered
509752,2025-03-13,12726,20120,2,0.1,Standard,Net Banking,4389.98,45,719.56,Delivered
509753,2025-03-23,11405,20153,2,0.3,Express,Upi,2623.36,90,174.44,Delivered
509754,2025-04-14,13276,20023,2,0.0,Standard,Credit Card,929.66,45,186.16,Delivered
509755,2025-06-23,13512,20140,2,0.2,Express,Upi,1504.78,90,148.54,Delivered
509756,2025-04-05,12369,20112,2,0.0,Standard,Cash On Delivery,5050.5,70,1183.68,Delivered
509757,2025-05-29,10529,20138,1,0.15,Express,Net Banking,2025.62,90,410.67,Delivered
509758,2024-08-24,10868,20180,4,0.25,Standard,Cash On Delivery,8349.75,70,1027.95,Delivered
509759,2024-06-29,11894,20119,2,0.15,Standard,Debit Card,5520.19,70,2527.59,Delivered
509760,2025-02-13,11421,20130,1,0.05,Standard,Debit Card,564.32,45,238.9,Delivered
509761,2025-05-30,12488,20188,3,0.05,Standard,Upi,8005.08,70,2501.48,Delivered
509762,2024-03-12,11965,20081,1,0.0,Standard,Credit Card,681.92,45,271.19,Delivered
509763,2024-06-30,11758,20201,2,0.1,Standard,Credit Card,1076.02,45,480.26,Delivered
509764,2024-04-13,12420,20074,1,0.1,Standard,Upi,892.65,45,195.49,Delivered
509765,2024-09-28,13721,20278,2,0.2,Standard,Upi,11231.5,70,937.84,Delivered
509766,2024-10-13,11376,20126,3,0.1,Standard,Debit Card,13222.6,70,3596.61,Delivered
509767,2024-03-27,10716,20156,3,0.25,Standard,Upi,4338.02,45,536.24,Delivered
509768,2025-01-20,11784,20183,2,0.15,Standard,Upi,2198.15,45,938.59,Delivered
509769,2024-03-13,13386,20106,3,0.1,Express,Upi,3289.92,90,1227.45,Delivered
509770,2025-08-25,13050,20147,1,0.05,Standard,Cash On Delivery,978.02,45,209.38,Delivered
509771,2025-11-15,12018,20001,3,0.15,Standard,Net Banking,3860.22,45,1025.28,Delivered
509772,2024-11-05,10257,20184,1,0.05,Standard,Upi,777.99,45,173.71,Delivered
509773,2025-11-29,12837,20088,1,0.1,Standard,Cash On Delivery,596.61,45,206.24,Delivered
509774,2025-03-18,13861,20192,3,0.0,Express,Net Banking,3998.4,90,1116.78,Delivered
509775,2024-08-23,12069,20087,1,0.0,Standard,Credit Card,452.43,45,169.88,Delivered
509776,2025-11-04,10161,20069,2,0.1,Standard,Upi,3614.92,45,1727.2,Delivered
509777,2025-08-07,14299,20110,2,0.05,Standard,Upi,1087.41,45,241.93,Delivered
509778,2024-08-17,11770,20172,1,0.1,Standard,Credit Card,1056.71,45,130.16,Delivered
509779,2024-09-10,14784,20177,1,0.2,Express,Debit Card,850.9,90,-31.5,Delivered
509780,2025-11-04,14178,20099,1,0.1,Express,Net Banking,2087.72,90,453.32,Delivered
509781,2024-12-20,14633,20036,2,0.15,Same Day,Upi,3973.05,140,1380.63,Delivered
509782,2025-05-09,13857,20225,2,0.2,Standard,Credit Card,17968.06,70,2978.04,Delivered
509783,2025-02-13,14114,20293,5,0.05,Standard,Credit Card,10023.69,70,2088.64,Delivered
509784,2024-07-17,13569,20253,2,0.25,Standard,Debit Card,874.44,45,257.5,Delivered
509785,2025-03-04,10961,20051,1,0.1,Standard,Credit Card,1320.08,45,595.07,Delivered
509786,2025-04-19,14117,20293,1,0.15,Standard,Upi,1793.71,45,175.7,Cancelled
509787,2025-08-10,14094,20153,1,0.2,Express,Credit Card,1499.06,90,229.6,Delivered
509788,2024-12-07,12686,20237,3,0.15,Same Day,Credit Card,1651.58,140,512.07,Delivered
509789,2025-04-18,12985,20261,3,0.05,Standard,Debit Card,427.5,45,49.11,Delivered
509790,2025-01-31,10736,20136,3,0.05,Express,Upi,898.12,90,275.77,Delivered
509791,2025-03-01,11166,20254,2,0.05,Standard,Upi,860.85,45,357.33,Delivered
509792,2024-02-14,14542,20105,1,0.05,Express,Upi,5600.32,115,1168.01,Delivered
509793,2024-12-08,10287,20283,3,0.2,Express,Upi,3248.4,90,491.64,Delivered
509794,2025-11-21,10586,20084,1,0.1,Express,Debit Card,1432.51,90,247.74,Delivered
509795,2024-01-17,14761,20199,1,0.05,Express,Upi,729.11,90,177.96,Delivered
509796,2024-08-06,13389,20045,1,0.05,Standard,Credit Card,839.01,45,190.31,Cancelled
509797,2025-08-18,12834,20189,2,0.0,Standard,Credit Card,2519.62,45,749.84,Delivered
509798,2024-07-09,12269,20050,1,0.2,Standard,Net Banking,1580.98,45,526.98,Delivered
509799,2025-01-25,14324,20201,2,0.15,Express,Net Banking,1016.24,90,375.48,Delivered
509800,2025-03-14,14968,20175,4,0.05,Express,Cash On Delivery,973.45,90,175.41,Delivered
509801,2025-10-05,10179,20142,1,0.2,Express,Credit Card,534.58,90,14.94,Delivered
509802,2025-05-11,11912,20275,1,0.2,Standard,Cash On Delivery,2314.27,45,731.02,Delivered
509803,2024-04-03,14968,20190,2,0.15,Standard,Upi,1088.24,45,244.74,Delivered
509804,2024-04-04,11459,20134,5,0.1,Express,Upi,5051.25,115,1151.8,Delivered
509805,2025-11-26,14513,20101,1,0.15,Standard,Upi,1632.54,45,655.84,Delivered
509806,2025-10-05,12658,20269,2,0.1,Standard,Net Banking,807.21,45,346.19,Delivered
509807,2024-03-22,12072,20033,1,0.1,Express,Upi,980.5,90,63.05,Delivered
509808,2024-12-05,12171,20116,2,0.1,Standard,Upi,802.58,45,276.98,Delivered
509809,2024-12-25,12742,20097,1,0.3,Same Day,Cash On Delivery,347.45,140,-107.84,Delivered
509810,2024-04-21,14716,20041,1,0.1,Standard,Credit Card,135.0,45,6.51,Delivered
509811,2024-10-29,12755,20207,1,0.1,Standard,Upi,670.92,45,227.06,Delivered
509812,2024-02-20,12470,20029,4,0.2,Standard,Upi,7130.4,70,3037.44,Delivered
509813,2025-12-01,13680,20263,2,0.0,Standard,Debit Card,7316.08,70,2135.28,Delivered
509814,2025-12-20,10975,20095,1,0.05,Express,Upi,1096.51,90,126.19,Delivered
509815,2025-10-22,13729,20182,2,0.15,Express,Credit Card,1903.46,90,398.14,Delivered
509816,2024-10-07,14357,20011,1,0.15,Express,Cash On Delivery,739.87,90,192.97,Delivered
509817,2024-04-22,12820,20042,2,0.1,Standard,Upi,14439.67,70,4707.53,Delivered
509818,2024-02-05,14543,20261,4,0.15,Express,Upi,510.0,90,-24.52,Delivered
509819,2025-09-14,12934,20002,4,0.05,Standard,Upi,8797.42,70,2126.86,Delivered
509820,2025-11-13,13251,20043,2,0.15,Standard,Upi,898.77,45,188.63,Delivered
509821,2024-03-18,12643,20004,3,0.0,Standard,Net Banking,1024.08,45,271.62,Delivered
509822,2025-06-23,11079,20095,1,0.3,Standard,Upi,807.95,45,-117.37,Delivered
509823,2024-02-14,11688,20059,3,0.15,Same Day,Upi,15010.09,165,2126.02,Delivered
509824,2024-10-30,10060,20030,1,0.05,Same Day,Credit Card,494.56,140,-13.03,Delivered
509825,2025-01-26,10068,20088,2,0.15,Standard,Upi,1126.93,45,391.19,Delivered
509826,2025-10-15,12925,20220,3,0.15,Standard,Upi,11777.84,70,2925.46,Delivered
509827,2024-01-15,13354,20128,2,0.25,Standard,Credit Card,2261.08,45,696.04,Delivered
509828,2025-10-01,14870,20171,1,0.05,Standard,Upi,5387.24,70,1070.23,Delivered
509829,2024-06-15,11162,20225,2,0.0,Standard,Upi,22460.08,70,7470.06,Delivered
509830,2025-10-26,10411,20274,1,0.05,Standard,Credit Card,1040.76,45,278.17,Cancelled
509831,2024-03-03,12414,20165,1,0.1,Standard,Upi,310.6,45,107.75,Delivered
509832,2025-07-24,12032,20158,3,0.05,Standard,Credit Card,3424.27,45,983.74,Delivered
509833,2024-07-21,12347,20197,2,0.15,Standard,Debit Card,5158.99,70,759.89,Delivered
509834,2024-06-05,14714,20030,1,0.0,Standard,Upi,520.59,45,108.0,Delivered
509835,2025-05-29,10024,20196,2,0.05,Standard,Debit Card,2046.47,45,530.07,Delivered
509836,2025-07-04,13680,20169,1,0.05,Standard,Upi,1157.88,45,408.03,Delivered
509837,2024-10-04,10891,20067,1,0.1,Express,Net Banking,1485.08,90,242.03,Delivered
509838,2024-04-10,12619,20184,1,0.05,Standard,Upi,777.99,45,173.71,Delivered
509839,2024-06-17,13537,20238,2,0.1,Standard,Net Banking,1143.85,45,201.71,Delivered
509840,2025-06-15,11977,20202,1,0.05,Standard,Upi,516.34,45,166.62,Delivered
509841,2025-02-06,14406,20109,1,0.15,Express,Debit Card,823.57,90,265.89,Delivered
509842,2024-05-20,11299,20218,5,0.15,Standard,Upi,2626.5,45,680.7,Delivered
509843,2024-12-12,12952,20076,2,0.2,Standard,Upi,2789.18,45,357.08,Delivered
509844,2024-07-11,13859,20002,1,0.25,Express,Credit Card,1736.33,90,-3.81,Delivered
509845,2024-05-31,14281,20011,1,0.2,Express,Credit Card,696.35,90,149.45,Delivered
509846,2025-01-20,10755,20076,1,0.2,Standard,Upi,1394.59,45,156.04,Delivered
509847,2024-07-26,10741,20092,2,0.1,Standard,Upi,6238.31,70,1922.55,Delivered
509848,2025-07-02,10937,20097,3,0.05,Standard,Net Banking,1414.63,45,423.76,Delivered
509849,2025-01-22,13900,20170,3,0.05,Standard,Credit Card,4150.43,45,1297.07,Delivered
509850,2024-03-18,12338,20259,4,0.1,Same Day,Upi,4979.12,140,575.44,Delivered
509851,2024-06-20,14862,20297,1,0.1,Same Day,Upi,279.92,140,-92.66,Delivered
509852,2025-07-10,11435,20083,2,0.05,Standard,Upi,1860.23,45,833.07,Delivered
509853,2024-12-02,11322,20082,3,0.0,Standard,Upi,6137.43,70,1288.79,Delivered
509854,2025-08-18,13281,20293,3,0.1,Standard,Credit Card,5697.68,70,908.65,Delivered
509855,2025-03-06,10243,20223,1,0.3,Standard,Credit Card,916.54,45,137.69,Delivered
509856,2025-08-27,11270,20263,1,0.15,Standard,Debit Card,3109.33,45,508.93,Delivered
509857,2025-05-03,10592,20038,1,0.25,Standard,Debit Card,1245.95,45,359.69,Delivered
509858,2025-10-27,13866,20133,1,0.1,Standard,Upi,1300.66,45,500.18,Delivered
509859,2024-04-15,12472,20061,5,0.3,Express,Credit Card,6698.93,115,2029.28,Delivered
509860,2024-07-27,11440,20083,2,0.05,Express,Debit Card,1860.23,90,788.07,Delivered
509861,2025-12-16,14129,20205,5,0.1,Standard,Credit Card,61012.44,70,10321.64,Delivered
509862,2024-12-13,12953,20028,1,0.05,Express,Debit Card,7050.35,115,1255.55,Delivered
509863,2024-12-17,10248,20185,4,0.05,Standard,Debit Card,9793.59,70,3781.03,Delivered
509864,2024-02-17,13868,20130,1,0.25,Standard,Upi,445.52,45,120.1,Delivered
509865,2024-09-02,11645,20070,1,0.1,Express,Upi,1850.32,90,713.91,Cancelled
509866,2024-01-31,13775,20207,1,0.0,Standard,Credit Card,745.47,45,301.61,Delivered
509867,2025-11-25,10790,20156,1,0.1,Standard,Credit Card,1735.21,45,437.95,Delivered
509868,2025-04-19,14301,20037,1,0.2,Standard,Cash On Delivery,1361.63,45,274.53,Delivered
509869,2025-04-21,14114,20217,1,0.0,Standard,Cash On Delivery,530.3,45,240.37,Delivered
509870,2024-09-13,13807,20096,3,0.0,Standard,Upi,4905.27,45,1830.42,Delivered
509871,2024-05-05,10461,20249,1,0.2,Standard,Upi,1507.57,45,12.18,Delivered
509872,2024-08-06,12562,20183,1,0.15,Standard,Debit Card,1099.08,45,446.8,Delivered
509873,2024-09-01,11118,20101,2,0.0,Standard,Upi,3841.28,45,1932.88,Delivered
509874,2025-04-24,10857,20228,1,0.05,Standard,Credit Card,816.91,45,136.72,Delivered
509875,2025-03-18,12213,20003,1,0.0,Standard,Debit Card,512.24,45,124.5,Cancelled
509876,2025-10-12,12949,20071,1,0.0,Standard,Upi,2043.96,45,761.47,Delivered
509877,2025-05-15,11041,20097,2,0.2,Standard,Upi,794.18,45,118.6,Delivered
509878,2024-08-14,13203,20085,1,0.15,Same Day,Cash On Delivery,2163.05,140,269.01,Delivered
509879,2024-09-11,10298,20239,1,0.1,Express,Upi,490.12,90,108.0,Delivered
509880,2024-03-10,10998,20176,2,0.05,Standard,Upi,485.79,45,193.61,Delivered
509881,2025-03-30,10057,20293,2,0.15,Standard,Upi,3587.42,45,396.4,Delivered
509882,2025-07-31,13202,20131,4,0.05,Standard,Upi,709.5,45,312.1,Delivered
509883,2024-01-02,12003,20177,2,0.05,Standard,Credit Card,2020.88,45,391.08,Delivered
509884,2025-05-09,13329,20101,1,0.1,Express,Net Banking,1728.58,90,706.88,Delivered
509885,2024-11-20,14287,20217,1,0.2,Standard,Credit Card,424.24,45,134.31,Delivered
509886,2025-02-06,10561,20188,1,0.15,Express,Net Banking,2387.48,90,486.28,Delivered
509887,2024-05-08,13559,20246,1,0.15,Standard,Cash On Delivery,304.72,45,70.01,Delivered
509888,2025-04-27,13776,20269,1,0.05,Standard,Upi,426.03,45,173.02,Delivered
509889,2024-05-25,14313,20181,1,0.25,Standard,Credit Card,1445.22,45,39.06,Delivered
509890,2025-09-16,11197,20154,3,0.0,Same Day,Credit Card,2086.08,140,415.03,Delivered
509891,2024-04-05,13427,20181,2,0.1,Standard,Credit Card,3468.53,45,701.21,Delivered
509892,2025-05-15,11005,20057,1,0.1,Express,Net Banking,1471.64,90,158.32,Delivered
509893,2025-03-31,11310,20046,1,0.15,Standard,Credit Card,3589.57,45,413.74,Delivered
509894,2025-02-07,12255,20086,2,0.25,Express,Upi,487.36,90,-41.52,Delivered
509895,2024-01-08,12771,20235,1,0.0,Express,Credit Card,5130.43,115,2104.75,Delivered
509896,2024-08-07,13403,20082,4,0.05,Standard,Credit Card,7774.08,70,1332.56,Delivered
509897,2025-12-25,12741,20178,1,0.1,Same Day,Debit Card,466.42,140,67.7,Cancelled
509898,2024-04-11,14820,20093,4,0.15,Standard,Debit Card,2419.51,45,730.43,Delivered
509899,2025-11-08,13405,20198,1,0.05,Express,Cash On Delivery,1887.11,90,656.72,Delivered
509900,2024-01-02,11721,20162,1,0.05,Same Day,Net Banking,1530.56,140,303.69,Delivered
509901,2025-12-14,13069,20226,1,0.2,Standard,Debit Card,1243.13,45,153.54,Delivered
509902,2025-05-04,14050,20193,4,0.2,Express,Cash On Delivery,2093.54,90,258.42,Cancelled
509903,2025-11-25,14929,20146,3,0.15,Standard,Upi,2273.43,45,227.91,Delivered
509904,2024-07-18,13610,20254,3,0.1,Standard,Credit Card,1223.32,45,490.54,Delivered
509905,2024-01-26,11243,20283,1,0.1,Standard,Credit Card,1218.15,45,284.23,Delivered
509906,2024-12-15,12352,20010,1,0.15,Standard,Cash On Delivery,826.07,45,176.03,Delivered
509907,2024-04-11,13853,20130,1,0.15,Standard,Upi,504.92,45,179.5,Delivered
509908,2025-10-09,12737,20091,2,0.05,Standard,Upi,10457.49,70,3030.75,Delivered
509909,2024-11-26,14281,20063,1,0.1,Same Day,Upi,237.32,140,-98.97,Delivered
509910,2025-01-06,11503,20015,1,0.3,Standard,Upi,956.83,45,247.4,Delivered
509911,2024-07-15,10748,20242,1,0.05,Standard,Upi,3895.96,45,1088.04,Delivered
509912,2025-05-24,11637,20193,1,0.0,Standard,Credit Card,654.23,45,172.95,Delivered
509913,2024-01-30,11810,20216,2,0.0,Express,Upi,12512.34,115,5500.12,Delivered
509914,2024-10-25,14988,20262,2,0.15,Express,Net Banking,3608.23,90,305.99,Delivered
509915,2024-05-12,11874,20221,2,0.2,Express,Upi,2639.33,90,739.41,Delivered
509916,2025-06-15,10486,20134,1,0.05,Standard,Debit Card,1066.38,45,264.49,Delivered
509917,2024-11-03,11238,20294,1,0.0,Express,Net Banking,1944.4,90,939.09,Delivered
509918,2024-01-21,12603,20015,1,0.15,Standard,Net Banking,1161.86,45,452.43,Delivered
509919,2024-02-10,13946,20029,1,0.15,Express,Credit Card,1894.01,90,798.27,Delivered
509920,2025-05-12,14962,20258,1,0.05,Standard,Credit Card,639.69,45,248.21,Delivered
509921,2025-04-16,10306,20201,1,0.0,Standard,Credit Card,597.79,45,277.41,Delivered
509922,2025-10-25,10801,20088,1,0.2,Standard,Upi,530.32,45,139.95,Delivered
509923,2024-11-03,10650,20162,1,0.1,Standard,Credit Card,1450.01,45,318.14,Delivered
509924,2025-04-03,14192,20024,1,0.1,Express,Cash On Delivery,2058.25,90,359.02,Delivered
509925,2025-05-28,11770,20241,1,0.2,Standard,Credit Card,171.57,45,19.33,Delivered
509926,2025-05-17,10174,20102,2,0.05,Standard,Debit Card,9569.18,70,2152.16,Delivered
509927,2024-02-13,11864,20281,2,0.05,Standard,Upi,2641.72,45,1129.68,Delivered
509928,2024-02-10,10055,20117,1,0.1,Express,Credit Card,342.5,90,30.52,Delivered
509929,2024-09-19,10710,20033,1,0.15,Standard,Upi,926.02,45,53.57,Delivered
509930,2024-10-20,13936,20254,1,0.1,Standard,Credit Card,407.77,45,133.51,Delivered
509931,2025-11-15,11815,20299,1,0.0,Standard,Debit Card,1430.14,45,311.27,Delivered
509932,2024-01-09,11714,20017,1,0.0,Standard,Upi,1222.2,45,583.01,Delivered
509933,2024-02-22,12350,20007,1,0.05,Standard,Upi,7034.24,70,2164.01,Delivered
509934,2024-05-07,13277,20027,2,0.05,Standard,Credit Card,1890.2,45,894.48,Delivered
509935,2025-06-14,12951,20036,2,0.05,Standard,Net Banking,4440.47,45,1943.05,Delivered
509936,2025-10-05,14524,20271,2,0.1,Standard,Upi,9781.78,70,2765.18,Delivered
509937,2025-06-08,14237,20070,2,0.0,Standard,Credit Card,4111.82,45,1974.0,Delivered
509938,2024-05-19,12187,20185,4,0.05,Standard,Credit Card,9793.59,70,3781.03,Delivered
509939,2024-08-19,14254,20228,2,0.2,Standard,Upi,1375.86,45,60.48,Cancelled
509940,2025-07-21,11741,20069,1,0.05,Express,Upi,1907.88,90,896.52,Delivered
509941,2024-03-28,12790,20053,3,0.05,Standard,Credit Card,3833.28,45,1653.27,Delivered
509942,2025-07-17,11950,20237,1,0.1,Express,Credit Card,582.91,90,159.74,Delivered
509943,2025-09-28,14385,20197,1,0.05,Express,Debit Card,2882.96,90,628.41,Delivered
509944,2024-07-19,14728,20002,2,0.15,Standard,Upi,3935.69,45,590.41,Delivered
509945,2025-01-22,12013,20107,1,0.0,Standard,Credit Card,582.37,45,196.73,Delivered
509946,2024-12-26,14375,20146,4,0.1,Express,Net Banking,3209.54,90,452.18,Delivered
509947,2024-05-11,10288,20160,1,0.1,Standard,Credit Card,539.35,45,143.27,Delivered
509948,2024-06-25,14321,20239,1,0.05,Standard,Credit Card,517.35,45,180.23,Delivered
509949,2024-02-21,11907,20126,4,0.15,Standard,Net Banking,16650.68,70,3839.36,Delivered
509950,2025-06-29,13894,20157,3,0.0,Standard,Net Banking,5939.16,70,2425.43,Delivered
509951,2024-01-22,11711,20208,4,0.1,Express,Upi,9911.88,115,1859.6,Delivered
509952,2025-10-14,13249,20203,1,0.2,Express,Upi,1474.61,90,259.39,Delivered
509953,2024-11-14,14180,20127,1,0.05,Standard,Debit Card,4471.49,45,1473.96,Delivered
509954,2024-06-16,11806,20284,4,0.1,Standard,Upi,1179.83,45,487.95,Delivered
509955,2024-02-07,14273,20155,2,0.2,Standard,Credit Card,448.34,45,-9.14,Delivered
509956,2025-07-20,10008,20136,3,0.05,Standard,Credit Card,898.12,45,320.77,Delivered
509957,2025-01-07,13734,20151,1,0.0,Standard,Net Banking,4247.66,45,1830.7,Delivered
509958,2025-09-23,13646,20032,2,0.0,Standard,Cash On Delivery,916.2,45,228.76,Delivered
509959,2025-07-31,11655,20015,2,0.05,Standard,Credit Card,2597.11,45,1223.25,Delivered
509960,2025-03-02,13734,20128,1,0.15,Express,Debit Card,1281.28,90,431.26,Delivered
509961,2024-06-14,14204,20096,1,0.1,Standard,Credit Card,1471.58,45,416.63,Delivered
509962,2025-12-22,13928,20101,1,0.1,Standard,Credit Card,1728.58,45,751.88,Delivered
509963,2025-05-16,13698,20118,1,0.0,Standard,Debit Card,1206.62,45,424.71,Delivered
509964,2024-03-15,12285,20010,3,0.2,Standard,Cash On Delivery,2332.44,45,472.32,Delivered
509965,2025-03-15,12015,20117,3,0.1,Express,Upi,1027.49,90,271.55,Delivered
509966,2025-10-07,10530,20180,1,0.15,Standard,Net Banking,2365.76,45,507.81,Delivered
509967,2024-09-21,11628,20224,3,0.0,Standard,Credit Card,1051.89,45,465.78,Delivered
509968,2025-02-09,14725,20224,1,0.15,Standard,Credit Card,298.04,45,72.67,Delivered
509969,2025-11-16,14563,20248,1,0.1,Standard,Upi,452.73,45,60.19,Delivered
509970,2024-08-30,14633,20254,3,0.05,Express,Credit Card,1291.28,90,513.5,Delivered
509971,2025-08-23,10686,20137,2,0.15,Express,Credit Card,545.22,90,138.66,Delivered
509972,2025-06-26,12102,20230,2,0.1,Standard,Debit Card,1374.21,45,295.69,Delivered
509973,2024-10-03,11882,20041,3,0.15,Standard,Debit Card,382.5,45,87.03,Delivered
509974,2025-07-03,13788,20040,3,0.15,Standard,Net Banking,2497.19,45,773.03,Delivered
509975,2024-11-03,13289,20272,4,0.0,Standard,Debit Card,5548.32,70,1489.6,Delivered
509976,2025-02-06,12546,20252,2,0.15,Standard,Cash On Delivery,1069.55,45,349.09,Delivered
509977,2025-10-11,11744,20025,1,0.1,Express,Upi,3061.94,90,336.43,Delivered
509978,2025-03-05,13680,20138,1,0.25,Express,Debit Card,1787.31,90,172.36,Delivered
509979,2024-03-16,11990,20009,1,0.2,Standard,Upi,600.25,45,15.71,Delivered
509980,2024-12-04,11656,20296,1,0.15,Same Day,Credit Card,347.26,140,-81.73,Delivered
509981,2025-03-25,13282,20057,5,0.15,Express,Upi,6949.43,115,717.83,Delivered
509982,2024-03-19,11617,20119,1,0.2,Standard,Credit Card,2597.74,45,1091.44,Delivered
509983,2024-02-07,13045,20263,2,0.2,Express,Net Banking,5852.86,115,627.06,Delivered
509984,2024-11-13,10546,20171,2,0.25,Standard,Debit Card,8506.17,70,-57.85,Delivered
509985,2024-11-23,14886,20204,1,0.2,Express,Cash On Delivery,1490.49,90,561.19,Delivered
509986,2025-03-05,13025,20057,1,0.1,Standard,Net Banking,1471.64,45,203.32,Delivered
509987,2024-06-11,10396,20145,2,0.15,Same Day,Net Banking,10608.82,165,3789.76,Delivered
509988,2024-12-23,11175,20025,4,0.2,Standard,Debit Card,10886.91,70,274.87,Delivered
509989,2025-10-01,10828,20111,2,0.2,Express,Upi,2081.41,90,725.77,Delivered
509990,2025-10-31,12384,20055,2,0.15,Standard,Credit Card,4791.62,45,383.82,Delivered
509991,2024-11-24,13005,20147,2,0.1,Standard,Debit Card,1853.1,45,360.82,Delivered
509992,2025-02-17,14661,20032,1,0.0,Standard,Debit Card,458.1,45,91.88,Delivered
509993,2025-08-17,10792,20087,3,0.1,Standard,Credit Card,1221.56,45,463.91,Delivered
509994,2025-04-20,11900,20160,2,0.15,Express,Upi,1018.78,90,226.62,Delivered
509995,2025-03-31,13893,20072,1,0.1,Standard,Cash On Delivery,1460.74,45,185.34,Delivered
509996,2025-12-29,14877,20022,1,0.15,Express,Upi,5708.34,115,1447.01,Delivered
509997,2025-12-14,13402,20238,1,0.2,Express,Cash On Delivery,508.38,90,-30.19,Delivered
509998,2024-05-31,11585,20183,2,0.1,Standard,Upi,2327.45,45,1067.89,Delivered
509999,2025-06-21,12049,20136,4,0.15,Standard,Credit Card,1071.44,45,316.64,Delivered
510000,2025-02-18,10786,20046,1,0.1,Express,Credit Card,3800.72,90,579.89,Delivered
510001,2024-12-08,14124,20005,1,0.0,Standard,Upi,421.95,45,144.27,Delivered
510002,2025-01-20,12235,20012,3,0.1,Standard,Net Banking,16597.68,70,4424.18,Delivered
510003,2024-06-15,14022,20027,2,0.1,Same Day,Upi,1790.71,140,699.99,Delivered
510004,2025-04-16,12045,20084,1,0.1,Standard,Upi,1432.51,45,292.74,Delivered
510005,2024-05-19,14155,20036,3,0.1,Express,Upi,6310.14,115,2516.51,Delivered
510006,2024-08-16,10487,20052,1,0.15,Standard,Credit Card,1696.37,45,345.46,Delivered
510007,2024-03-13,12171,20130,2,0.0,Standard,Credit Card,1188.04,45,582.2,Delivered
510008,2025-03-03,11169,20074,2,0.0,Express,Net Banking,1983.66,90,589.34,Delivered
510009,2024-10-25,14611,20248,1,0.05,Standard,Credit Card,477.88,45,85.34,Delivered
510010,2024-08-23,11440,20012,1,0.1,Express,Credit Card,5532.56,115,1383.06,Delivered
510011,2025-12-07,13838,20055,3,0.1,Standard,Upi,7610.22,70,996.02,Delivered
510012,2025-08-22,11210,20254,2,0.1,Standard,Upi,815.54,45,312.02,Delivered
510013,2024-04-06,14674,20159,1,0.15,Express,Credit Card,6566.51,115,1032.16,Delivered
510014,2025-04-22,14745,20091,1,0.05,Standard,Net Banking,5228.74,70,1480.37,Delivered
510015,2025-11-08,14432,20160,1,0.1,Standard,Credit Card,539.35,45,143.27,Delivered
510016,2025-05-05,13874,20104,1,0.3,Standard,Credit Card,683.16,45,-62.04,Delivered
510017,2024-10-22,10390,20091,1,0.25,Standard,Debit Card,4127.96,45,404.59,Delivered
510018,2025-02-09,11703,20281,1,0.1,Express,Debit Card,1251.34,90,427.82,Delivered
510019,2025-12-15,11536,20068,3,0.05,Standard,Net Banking,1503.52,45,373.45,Delivered
510020,2025-03-22,11998,20172,1,0.2,Standard,Net Banking,939.3,45,12.75,Delivered
510021,2025-11-29,11798,20171,2,0.15,Standard,Credit Card,9640.33,70,1076.31,Delivered
510022,2024-10-01,13670,20143,1,0.05,Standard,Upi,1917.65,45,780.39,Delivered
510023,2024-01-20,11845,20225,2,0.1,Standard,Net Banking,20214.07,70,5224.05,Delivered
510024,2025-08-07,10055,20197,2,0.1,Standard,Debit Card,5462.46,70,1063.36,Delivered
510025,2025-03-02,12362,20198,1,0.1,Express,Upi,1787.79,90,557.4,Delivered
510026,2024-12-26,14700,20173,3,0.15,Standard,Credit Card,1895.11,45,270.67,Delivered
510027,2024-11-05,10981,20153,3,0.15,Standard,Credit Card,4778.27,45,1194.89,Delivered
510028,2025-08-16,12754,20153,1,0.2,Express,Cash On Delivery,1499.06,90,229.6,Delivered
510029,2024-12-21,13584,20010,3,0.05,Express,Upi,2769.77,90,864.65,Cancelled
510030,2024-01-27,11659,20190,1,0.1,Standard,Upi,576.13,45,131.88,Delivered
510031,2025-10-14,12841,20012,1,0.15,Standard,Debit Card,5225.2,70,1120.7,Delivered
510032,2024-02-16,11947,20029,1,0.15,Standard,Debit Card,1894.01,45,843.27,Delivered
510033,2025-03-31,14784,20043,4,0.2,Standard,Credit Card,1691.81,45,316.53,Delivered
510034,2024-04-21,10348,20088,2,0.15,Standard,Credit Card,1126.93,45,391.19,Delivered
510035,2025-10-24,12327,20111,2,0.0,Standard,Net Banking,2601.76,45,1291.12,Delivered
510036,2025-01-09,13930,20069,1,0.15,Standard,Credit Card,1707.05,45,740.69,Delivered
510037,2024-11-10,12415,20119,1,0.0,Express,Credit Card,3247.17,90,1695.87,Delivered
510038,2024-05-05,14427,20267,1,0.1,Standard,Upi,528.6,45,38.57,Delivered
510039,2024-01-07,10397,20247,1,0.15,Same Day,Upi,1821.51,140,227.89,Delivered
510040,2025-07-15,10385,20022,1,0.2,Express,Cash On Delivery,5372.55,115,1111.22,Delivered
510041,2024-12-25,11744,20192,4,0.15,Same Day,Upi,4531.52,140,669.36,Delivered
510042,2025-07-31,10568,20090,3,0.15,Standard,Debit Card,2644.02,45,1008.06,Delivered
510043,2024-12-27,10975,20134,1,0.05,Express,Upi,1066.38,90,219.49,Delivered
510044,2025-11-09,13400,20299,1,0.0,Standard,Cash On Delivery,1430.14,45,311.27,Delivered
510045,2025-12-08,13429,20125,1,0.0,Same Day,Credit Card,863.08,140,275.38,Delivered
510046,2025-11-25,10944,20190,2,0.05,Standard,Debit Card,1216.27,45,372.77,Delivered
510047,2024-09-20,11786,20082,1,0.1,Standard,Upi,1841.23,45,203.35,Delivered
510048,2024-10-01,10568,20227,1,0.1,Express,Net Banking,2221.78,90,345.36,Delivered
510049,2025-09-21,10772,20180,4,0.05,Standard,Credit Card,10576.35,70,3254.55,Delivered
510050,2025-01-30,13116,20152,1,0.2,Standard,Net Banking,236.54,45,49.17,Delivered
510051,2024-11-08,11387,20154,2,0.0,Standard,Upi,1390.72,45,325.02,Delivered
510052,2025-05-06,12072,20221,5,0.05,Same Day,Credit Card,7835.5,165,3145.7,Delivered
510053,2025-02-07,10163,20294,5,0.1,Express,Upi,8749.8,115,4058.25,Delivered
510054,2025-01-11,10758,20036,2,0.05,Express,Upi,4440.47,90,1898.05,Delivered
510055,2025-10-05,14134,20122,1,0.05,Standard,Upi,3615.91,45,886.32,Delivered
510056,2025-10-20,10313,20182,5,0.25,Standard,Upi,4198.8,45,615.5,Delivered
510057,2025-06-24,13860,20096,2,0.1,Express,Credit Card,2943.16,90,833.26,Delivered
510058,2024-11-15,12165,20104,3,0.0,Express,Debit Card,2927.82,90,737.22,Delivered
510059,2024-08-12,11700,20082,5,0.0,Standard,Upi,10229.05,70,2194.65,Delivered
510060,2025-03-31,10261,20024,1,0.15,Standard,Cash On Delivery,1943.9,45,289.67,Delivered
510061,2025-10-12,13301,20168,1,0.1,Standard,Credit Card,1993.25,45,342.22,Delivered
510062,2024-10-15,14270,20103,1,0.05,Express,Cash On Delivery,919.53,90,286.82,Delivered
510063,2024-10-07,11999,20264,5,0.15,Express,Cash On Delivery,3046.1,90,410.65,Delivered
510064,2025-02-20,14013,20231,2,0.15,Standard,Credit Card,941.77,45,377.47,Delivered
510065,2025-04-28,10816,20182,1,0.1,Standard,Upi,1007.71,45,255.05,Delivered
510066,2025-06-21,11534,20115,1,0.25,Standard,Net Banking,837.44,45,246.81,Delivered
510067,2024-11-08,11513,20267,1,0.1,Standard,Cash On Delivery,528.6,45,38.57,Delivered
510068,2025-08-31,11829,20227,1,0.1,Express,Net Banking,2221.78,90,345.36,Delivered
510069,2025-10-11,11079,20216,1,0.15,Standard,Debit Card,5317.74,70,1799.13,Delivered
510070,2025-08-30,12144,20298,3,0.2,Standard,Upi,3655.51,45,1084.45,Delivered
510071,2024-02-26,11344,20262,2,0.05,Standard,Upi,4032.73,45,775.49,Delivered
510072,2024-05-02,10010,20003,3,0.15,Standard,Credit Card,1306.21,45,232.99,Delivered
510073,2024-10-16,14551,20036,2,0.15,Standard,Cash On Delivery,3973.05,45,1475.63,Delivered
510074,2025-08-20,14223,20184,2,0.0,Standard,Credit Card,1637.88,45,474.32,Cancelled
510075,2024-11-05,12741,20180,2,0.05,Standard,Cash On Delivery,5288.18,70,1592.28,Delivered
510076,2025-07-16,11951,20125,2,0.0,Standard,Credit Card,1726.16,45,785.76,Delivered
510077,2024-08-15,12436,20160,2,0.2,Same Day,Upi,958.85,140,116.69,Delivered
510078,2024-01-06,12828,20112,2,0.25,Standard,Upi,3787.88,45,-53.94,Delivered
510079,2025-03-18,10181,20134,1,0.2,Express,Upi,898.0,90,51.11,Delivered
510080,2024-11-05,11171,20202,5,0.05,Standard,Net Banking,2581.72,45,1013.12,Delivered
510081,2024-01-02,12744,20152,1,0.2,Standard,Credit Card,236.54,45,49.17,Delivered
510082,2025-08-25,11136,20077,3,0.0,Standard,Net Banking,5585.73,70,1890.53,Delivered
510083,2025-01-09,12213,20265,2,0.15,Express,Credit Card,428.08,90,38.68,Delivered
510084,2024-09-02,11888,20254,1,0.05,Standard,Credit Card,430.43,45,156.17,Delivered
510085,2025-04-16,10891,20070,1,0.0,Express,Debit Card,2055.91,90,919.5,Delivered
510086,2025-08-13,14658,20023,3,0.05,Standard,Credit Card,1324.77,45,232.02,Delivered
510087,2024-10-30,10509,20213,1,0.25,Same Day,Credit Card,2324.83,140,-9.94,Delivered
510088,2024-02-27,13504,20273,1,0.15,Standard,Credit Card,1216.33,45,491.71,Delivered
510089,2024-08-12,12923,20098,2,0.1,Express,Credit Card,658.03,90,9.99,Delivered
510090,2025-03-01,11004,20123,2,0.25,Standard,Net Banking,8578.42,70,1585.16,Delivered
510091,2024-07-20,11423,20025,2,0.1,Express,Upi,6123.89,115,737.87,Delivered
510092,2025-06-01,13059,20038,1,0.0,Express,Cash On Delivery,1661.27,90,730.01,Delivered
510093,2024-01-30,12742,20259,1,0.15,Standard,Net Banking,1175.63,45,64.71,Delivered
510094,2024-05-30,11137,20195,1,0.2,Express,Credit Card,4181.01,90,946.2,Delivered
510095,2025-07-01,11680,20270,3,0.05,Standard,Upi,2477.9,45,602.63,Delivered
510096,2024-04-19,13551,20266,1,0.05,Same Day,Upi,572.97,140,59.97,Delivered
510097,2024-04-30,10230,20066,1,0.15,Standard,Debit Card,532.22,45,113.5,Delivered
510098,2024-08-28,11726,20199,1,0.2,Express,Upi,613.98,90,62.83,Delivered
510099,2025-08-24,13409,20142,1,0.1,Standard,Credit Card,601.41,45,126.77,Delivered
510100,2024-01-30,14788,20241,5,0.0,Express,Upi,1072.3,90,446.1,Delivered
510101,2025-04-10,14018,20209,1,0.15,Standard,Upi,997.25,45,316.67,Cancelled
510102,2025-04-09,12228,20126,2,0.1,Express,Cash On Delivery,8815.07,115,2329.41,Delivered
510103,2024-08-24,11296,20266,2,0.25,Standard,Upi,904.7,45,113.7,Delivered
510104,2025-01-05,12581,20176,1,0.05,Standard,Upi,242.9,45,74.31,Delivered
510105,2025-11-12,13877,20047,1,0.1,Standard,Upi,454.5,45,135.92,Delivered
510106,2024-05-28,12985,20060,1,0.15,Express,Net Banking,2996.56,90,736.11,Delivered
510107,2025-01-08,12798,20281,1,0.05,Express,Upi,1320.86,90,497.34,Delivered
510108,2025-08-22,11824,20135,2,0.05,Standard,Upi,5418.69,70,2186.73,Delivered
510109,2025-05-30,11248,20121,2,0.15,Standard,Upi,1852.81,45,821.39,Delivered
510110,2025-03-08,13307,20167,1,0.05,Standard,Credit Card,1076.41,45,202.67,Delivered
510111,2024-09-08,12488,20043,1,0.0,Same Day,Debit Card,528.69,140,56.12,Delivered
510112,2025-04-17,12895,20046,1,0.05,Standard,Credit Card,4011.87,45,836.04,Delivered
510113,2025-07-16,11229,20217,1,0.2,Standard,Upi,424.24,45,134.31,Delivered
510114,2025-06-19,10451,20299,1,0.2,Standard,Debit Card,1144.11,45,25.24,Delivered
510115,2024-02-15,14042,20285,3,0.0,Standard,Credit Card,1896.6,45,724.41,Delivered
510116,2025-09-19,12363,20103,1,0.0,Same Day,Credit Card,967.93,140,285.22,Delivered
510117,2025-06-22,11270,20086,1,0.2,Same Day,Net Banking,259.93,140,-99.51,Delivered
510118,2025-08-29,12586,20194,4,0.25,Standard,Cash On Delivery,15608.52,70,-678.84,Cancelled
510119,2025-03-10,13344,20214,3,0.1,Standard,Net Banking,4778.08,45,2188.75,Delivered
510120,2025-09-02,10848,20226,3,0.2,Standard,Debit Card,3729.38,45,550.61,Delivered
510121,2025-09-19,14885,20197,1,0.2,Standard,Upi,2427.76,45,218.21,Delivered
510122,2024-10-02,12362,20155,1,0.1,Standard,Upi,252.19,45,0.95,Delivered
510123,2025-05-22,13546,20003,1,0.1,Standard,Upi,461.02,45,73.28,Delivered
510124,2024-04-04,12187,20277,1,0.1,Standard,Debit Card,5726.76,70,2562.59,Delivered
510125,2025-12-11,14633,20024,1,0.15,Standard,Upi,1943.9,45,289.67,Delivered
510126,2024-05-25,12169,20148,1,0.1,Standard,Upi,12196.88,70,3823.62,Delivered
510127,2025-10-28,12412,20013,4,0.1,Same Day,Credit Card,914.11,140,0.31,Delivered
510128,2025-02-05,11522,20218,1,0.0,Standard,Credit Card,618.0,45,192.84,Delivered
510129,2025-05-18,14257,20171,2,0.0,Express,Upi,11341.56,115,2732.54,Delivered
510130,2025-02-18,11674,20078,2,0.15,Standard,Debit Card,2205.14,45,380.26,Delivered
510131,2024-10-02,11834,20239,3,0.1,Standard,Credit Card,1470.37,45,549.01,Delivered
510132,2024-11-21,10550,20245,1,0.0,Standard,Credit Card,832.83,45,197.38,Delivered
510133,2024-09-12,11074,20102,1,0.05,Standard,Upi,4784.59,45,1066.08,Delivered
510134,2025-07-10,14188,20030,1,0.15,Standard,Upi,442.5,45,29.91,Cancelled
510135,2025-05-27,12933,20271,1,0.1,Standard,Debit Card,4890.89,45,1372.59,Delivered
510136,2024-05-26,11459,20203,3,0.2,Express,Debit Card,4423.82,90,958.16,Delivered
510137,2024-10-21,12769,20212,2,0.1,Express,Debit Card,1837.73,90,294.87,Delivered
510138,2025-01-09,11249,20153,2,0.0,Same Day,Upi,3747.66,140,1248.74,Delivered
510139,2025-10-28,13381,20166,1,0.05,Express,Upi,617.06,90,208.11,Delivered
510140,2024-02-25,12747,20043,1,0.0,Standard,Cash On Delivery,528.69,45,151.12,Delivered
510141,2024-08-13,11738,20040,1,0.1,Express,Debit Card,881.36,90,231.64,Delivered
510142,2025-06-02,11536,20151,2,0.1,Express,Net Banking,7645.79,115,2786.87,Delivered
510143,2024-01-20,14406,20044,2,0.0,Standard,Upi,4487.92,45,2213.16,Delivered
510144,2024-06-07,14257,20081,2,0.05,Express,Credit Card,1295.65,90,474.19,Delivered
510145,2025-04-14,10435,20257,1,0.25,Express,Cash On Delivery,259.22,90,-89.39,Delivered
510146,2025-08-13,11254,20103,1,0.3,Standard,Upi,677.55,45,89.84,Delivered
510147,2024-12-31,14583,20041,1,0.1,Standard,Net Banking,135.0,45,6.51,Delivered
510148,2024-01-01,14398,20188,3,0.05,Standard,Upi,8005.08,70,2501.48,Delivered
510149,2024-08-16,11501,20208,2,0.05,Standard,Upi,5231.27,70,1192.63,Delivered
510150,2025-12-25,12157,20108,3,0.0,Express,Upi,6979.98,115,2051.69,Delivered
510151,2024-10-09,14968,20194,1,0.0,Standard,Upi,5202.84,70,1078.5,Delivered
510152,2024-04-28,14639,20057,3,0.05,Standard,Debit Card,4660.21,45,945.25,Delivered
510153,2024-08-14,10805,20121,1,0.1,Standard,Net Banking,980.9,45,442.69,Delivered
510154,2024-01-24,11993,20298,2,0.15,Express,Upi,2589.32,90,815.28,Delivered
510155,2025-12-02,14779,20085,2,0.05,Standard,Debit Card,4835.04,45,1281.96,Delivered
510156,2024-11-03,12974,20066,1,0.1,Express,Upi,563.53,90,99.81,Delivered
510157,2024-11-02,12312,20070,2,0.0,Standard,Upi,4111.82,45,1974.0,Delivered
510158,2025-07-22,12440,20233,1,0.15,Standard,Credit Card,2252.09,45,304.35,Delivered
510159,2025-05-08,13218,20243,2,0.1,Standard,Upi,858.98,45,155.12,Delivered
510160,2025-05-22,10529,20267,2,0.2,Standard,Net Banking,939.73,45,4.67,Delivered
510161,2024-11-06,12681,20004,3,0.2,Express,Upi,819.26,90,21.8,Delivered
510162,2024-03-29,11194,20079,2,0.05,Standard,Upi,4097.92,45,824.02,Delivered
510163,2024-10-01,13983,20218,2,0.1,Standard,Net Banking,1112.4,45,307.08,Delivered
510164,2025-09-12,11645,20236,2,0.1,Express,Cash On Delivery,6332.44,115,2713.86,Delivered
510165,2025-10-14,11593,20079,1,0.3,Standard,Debit Card,1509.76,45,-149.69,Delivered
510166,2025-04-24,13732,20177,1,0.25,Same Day,Upi,797.71,140,-134.69,Delivered
510167,2025-04-01,11749,20242,1,0.25,Express,Debit Card,3075.76,90,222.84,Delivered
510168,2025-08-08,10078,20165,1,0.1,Standard,Upi,310.6,45,107.75,Delivered
510169,2024-12-20,14195,20276,1,0.3,Standard,Upi,1208.4,45,-127.99,Delivered
510170,2024-09-18,12694,20178,1,0.0,Standard,Upi,518.25,45,214.53,Delivered
510171,2024-06-24,11339,20159,3,0.25,Standard,Net Banking,17381.95,70,1053.9,Delivered
510172,2025-02-07,12161,20300,2,0.05,Standard,Upi,1653.21,45,593.89,Delivered
510173,2024-08-17,13024,20031,2,0.3,Standard,Debit Card,1186.01,45,361.09,Delivered
510174,2025-08-10,12935,20041,1,0.1,Standard,Upi,135.0,45,6.51,Delivered
510175,2024-11-18,12821,20004,3,0.1,Standard,Credit Card,921.67,45,169.21,Delivered
510176,2025-11-25,10646,20270,1,0.2,Standard,Upi,695.55,45,40.46,Delivered
510177,2024-10-03,14281,20174,1,0.3,Standard,Upi,1248.49,45,277.53,Delivered
510178,2025-11-07,14652,20092,3,0.05,Standard,Debit Card,9877.33,70,3438.69,Delivered
510179,2024-10-01,13189,20089,4,0.15,Standard,Net Banking,2114.43,45,403.03,Delivered
510180,2024-08-04,11138,20087,1,0.15,Standard,Net Banking,384.57,45,102.02,Delivered
510181,2024-07-08,10679,20033,1,0.15,Standard,Credit Card,926.02,45,53.57,Delivered
510182,2024-01-18,12781,20137,1,0.05,Standard,Credit Card,304.68,45,101.4,Delivered
510183,2025-02-17,14628,20166,2,0.0,Same Day,Debit Card,1299.08,140,521.18,Delivered
510184,2024-07-02,10230,20089,1,0.1,Express,Cash On Delivery,559.7,90,53.1,Delivered
510185,2025-09-09,10779,20082,1,0.2,Express,Net Banking,1636.65,90,-46.23,Delivered
510186,2024-08-30,12124,20043,2,0.3,Standard,Credit Card,740.17,45,30.03,Delivered
510187,2025-03-01,11662,20135,2,0.1,Express,Credit Card,5133.49,115,1856.53,Cancelled
510188,2024-02-22,13333,20296,1,0.25,Standard,Upi,306.41,45,-27.58,Delivered
510189,2024-08-13,11393,20119,1,0.15,Express,Upi,2760.09,90,1208.79,Delivered
510190,2025-12-14,14115,20183,2,0.0,Same Day,Upi,2586.06,140,1231.5,Delivered
510191,2025-08-20,12025,20035,1,0.1,Same Day,Upi,2131.42,140,737.39,Delivered
510192,2025-07-15,14178,20171,1,0.15,Standard,Credit Card,4820.16,45,528.15,Delivered
510193,2024-11-14,11661,20011,1,0.1,Same Day,Credit Card,783.4,140,186.5,Delivered
510194,2025-12-07,13658,20079,1,0.15,Standard,Credit Card,1833.28,45,173.83,Delivered
510195,2025-01-03,12694,20133,4,0.15,Express,Upi,4913.61,90,1801.69,Delivered
510196,2024-09-04,11622,20168,2,0.3,Express,Credit Card,3100.61,90,-201.45,Delivered
510197,2025-07-21,11579,20236,1,0.25,Express,Credit Card,2638.52,90,796.73,Delivered
510198,2024-06-25,13788,20021,1,0.1,Standard,Credit Card,11142.54,70,3174.75,Delivered
510199,2025-04-20,10281,20137,2,0.2,Standard,Upi,513.15,45,151.59,Delivered
510200,2025-10-23,10038,20155,2,0.1,Express,Credit Card,504.38,90,1.9,Delivered
510201,2024-01-13,14626,20273,1,0.15,Standard,Net Banking,1216.33,45,491.71,Cancelled
510202,2024-12-26,13372,20066,1,0.0,Standard,Upi,626.14,45,207.42,Delivered
510203,2024-10-15,14319,20232,2,0.15,Standard,Upi,2684.1,45,1103.72,Delivered
510204,2025-03-06,10758,20026,2,0.3,Standard,Upi,3043.36,45,358.32,Delivered
510205,2025-07-29,13087,20200,1,0.1,Express,Upi,1564.82,90,136.33,Delivered
510206,2024-12-04,10546,20173,2,0.25,Standard,Credit Card,1114.77,45,16.81,Delivered
510207,2025-09-08,12781,20183,1,0.2,Standard,Upi,1034.42,45,382.14,Delivered
510208,2024-02-03,14247,20040,1,0.0,Express,Upi,979.29,90,329.57,Delivered
510209,2024-11-19,13637,20272,3,0.0,Standard,Debit Card,4161.24,45,1124.7,Delivered
510210,2025-07-04,14306,20212,1,0.1,Standard,Credit Card,918.86,45,147.43,Delivered
510211,2025-03-31,13821,20224,1,0.05,Express,Net Banking,333.1,90,62.73,Delivered
510212,2024-08-12,11806,20160,3,0.1,Standard,Upi,1618.06,45,519.82,Delivered
510213,2025-10-02,12667,20035,2,0.1,Standard,Net Banking,4262.83,45,1709.77,Delivered
510214,2024-05-12,12138,20121,1,0.1,Same Day,Credit Card,980.9,140,347.69,Cancelled
510215,2025-04-24,11947,20286,2,0.05,Express,Debit Card,4627.49,90,2017.17,Delivered
510216,2025-07-05,11099,20170,2,0.05,Express,Credit Card,2766.95,90,804.71,Delivered
510217,2024-08-08,13205,20231,2,0.1,Standard,Upi,997.16,45,432.86,Delivered
510218,2025-02-04,13679,20100,1,0.15,Standard,Upi,1050.6,45,58.71,Delivered
510219,2025-08-28,14968,20233,1,0.15,Standard,Upi,2252.09,45,304.35,Delivered
510220,2025-09-02,13967,20002,2,0.0,Standard,Credit Card,4630.22,45,1284.94,Delivered
510221,2024-02-29,13508,20016,4,0.05,Standard,Debit Card,10833.69,70,2456.33,Delivered
510222,2025-10-02,10208,20221,2,0.1,Standard,Net Banking,2969.24,45,1114.32,Delivered
510223,2024-05-11,12152,20263,4,0.1,Same Day,Cash On Delivery,13168.94,165,2782.34,Delivered
510224,2025-01-27,11934,20183,1,0.1,Standard,Upi,1163.73,45,511.45,Delivered
510225,2025-08-03,14566,20023,1,0.1,Express,Debit Card,418.35,90,-20.9,Delivered
510226,2024-01-14,10580,20247,3,0.2,Standard,Upi,5143.08,70,712.22,Delivered
510227,2025-03-10,14346,20257,4,0.2,Standard,Net Banking,1106.02,45,26.58,Delivered
510228,2025-04-18,11459,20116,3,0.25,Same Day,Credit Card,1003.23,140,142.33,Delivered
510229,2024-05-30,11952,20069,1,0.1,Standard,Upi,1807.46,45,841.1,Delivered
510230,2025-11-16,13554,20141,3,0.05,Standard,Credit Card,3496.44,45,894.69,Delivered
510231,2025-04-14,12767,20052,1,0.15,Express,Credit Card,1696.37,90,300.46,Delivered
510232,2025-02-14,12989,20096,1,0.15,Standard,Net Banking,1389.83,45,334.88,Delivered
510233,2024-12-10,14698,20055,5,0.1,Express,Debit Card,12683.7,115,1661.7,Delivered
510234,2024-07-14,13946,20285,1,0.2,Express,Debit Card,505.76,90,40.03,Delivered
510235,2025-06-27,14095,20146,1,0.15,Standard,Debit Card,757.81,45,45.97,Delivered
510236,2024-03-13,12405,20283,2,0.3,Standard,Upi,1894.9,45,72.06,Delivered
510237,2024-07-12,13482,20050,2,0.1,Standard,Upi,3557.2,45,1494.2,Delivered
510238,2025-07-15,11650,20298,2,0.25,Standard,Debit Card,2284.7,45,555.66,Delivered
510239,2025-07-22,10096,20195,4,0.1,Standard,Credit Card,18814.54,70,6165.3,Delivered
510240,2025-09-20,13116,20222,1,0.2,Standard,Upi,300.48,45,26.25,Delivered
510241,2024-07-10,13511,20138,2,0.1,Express,Cash On Delivery,4289.54,90,1149.64,Delivered
510242,2025-03-05,11532,20009,1,0.2,Express,Credit Card,600.25,90,-29.29,Cancelled
510243,2025-05-15,14876,20003,1,0.0,Standard,Upi,512.24,45,124.5,Cancelled
510244,2024-08-04,10615,20038,1,0.1,Standard,Upi,1495.14,45,608.88,Delivered
510245,2025-09-14,14938,20070,4,0.0,Express,Net Banking,8223.64,115,3923.0,Delivered
510246,2025-04-29,10480,20069,4,0.1,Standard,Upi,7229.84,70,3474.4,Cancelled
510247,2025-08-23,14227,20158,1,0.1,Standard,Credit Card,1081.35,45,237.84,Delivered
510248,2024-12-25,12146,20270,2,0.2,Standard,Debit Card,1391.1,45,125.92,Delivered
510249,2024-11-04,11060,20002,1,0.2,Standard,Upi,1852.09,45,156.95,Cancelled
510250,2025-10-30,10460,20101,1,0.05,Standard,Credit Card,1824.61,45,847.91,Delivered
510251,2025-02-24,10199,20136,2,0.2,Standard,Upi,504.21,45,104.31,Delivered
510252,2025-08-03,13879,20213,2,0.05,Express,Credit Card,5889.56,115,1385.02,Delivered
510253,2025-02-14,12890,20083,3,0.15,Standard,Upi,2496.63,45,978.39,Delivered
510254,2025-05-31,12742,20274,2,0.05,Express,Upi,2081.53,90,556.35,Delivered
510255,2024-08-30,10971,20141,3,0.25,Standard,Upi,2760.34,45,158.59,Delivered
510256,2025-09-21,10280,20140,3,0.25,Standard,Debit Card,2116.1,45,171.74,Delivered
510257,2024-06-20,10522,20296,1,0.05,Standard,Net Banking,388.11,45,54.12,Delivered
510258,2025-10-16,11934,20088,3,0.0,Standard,Credit Card,1988.7,45,907.59,Delivered
510259,2025-04-04,10561,20281,1,0.15,Same Day,Upi,1181.82,140,308.3,Delivered
510260,2024-12-30,14205,20241,1,0.05,Express,Upi,203.74,90,6.5,Delivered
510261,2024-03-18,14926,20112,2,0.0,Standard,Cash On Delivery,5050.5,70,1183.68,Delivered
510262,2025-07-22,12656,20141,1,0.2,Standard,Cash On Delivery,981.46,45,84.21,Delivered
510263,2025-05-04,14754,20152,2,0.1,Express,Net Banking,532.21,90,157.47,Delivered
510264,2025-06-15,11205,20204,1,0.25,Standard,Credit Card,1397.33,45,513.03,Delivered
510265,2025-06-09,12499,20258,1,0.05,Standard,Credit Card,639.69,45,248.21,Delivered
510266,2024-07-24,13121,20275,3,0.1,Standard,Net Banking,7810.67,70,3125.92,Delivered
510267,2025-11-23,11497,20214,2,0.25,Express,Net Banking,2654.49,90,868.27,Delivered
510268,2024-10-17,14762,20280,1,0.1,Standard,Credit Card,1044.41,45,467.59,Delivered
510269,2025-12-01,14869,20189,1,0.05,Standard,Credit Card,1196.82,45,289.43,Delivered
510270,2025-05-18,10329,20133,2,0.1,Same Day,Credit Card,2601.32,140,950.36,Delivered
510271,2025-10-20,13992,20080,2,0.1,Standard,Upi,5119.96,70,2214.96,Delivered
510272,2025-07-07,11465,20101,1,0.15,Express,Debit Card,1632.54,90,610.84,Delivered
510273,2025-03-03,13193,20064,1,0.1,Same Day,Upi,1874.6,140,685.25,Delivered
510274,2025-04-15,12959,20012,2,0.0,Express,Cash On Delivery,12294.58,115,4110.58,Delivered
510275,2025-05-27,14190,20123,1,0.15,Standard,Credit Card,4861.11,45,1354.48,Delivered
510276,2024-11-19,10503,20109,3,0.2,Standard,Upi,2325.38,45,877.34,Delivered
510277,2025-09-07,11215,20187,2,0.25,Standard,Debit Card,4391.31,45,-204.57,Delivered
510278,2024-09-11,14629,20206,1,0.1,Standard,Debit Card,938.98,45,325.94,Delivered
510279,2025-12-21,14515,20047,1,0.0,Standard,Debit Card,505.0,45,186.42,Delivered
510280,2025-12-30,11124,20099,1,0.15,Standard,Credit Card,1971.74,45,382.34,Delivered
510281,2025-08-12,13791,20234,1,0.1,Standard,Upi,7335.95,70,2971.37,Delivered
510282,2024-02-20,12651,20221,1,0.25,Standard,Upi,1237.18,45,287.22,Delivered
510283,2024-04-09,11041,20078,1,0.2,Express,Debit Card,1037.71,90,57.77,Delivered
510284,2025-12-24,10039,20217,1,0.2,Express,Upi,424.24,90,89.31,Delivered
510285,2025-04-08,12713,20174,1,0.15,Standard,Credit Card,1516.03,45,545.07,Delivered
510286,2025-05-13,12915,20106,3,0.05,Standard,Credit Card,3472.7,45,1455.23,Delivered
510287,2024-08-24,10039,20165,2,0.1,Standard,Debit Card,621.2,45,260.5,Delivered
510288,2025-04-16,10187,20113,1,0.2,Standard,Cash On Delivery,338.21,45,64.42,Delivered
510289,2025-02-01,12838,20146,1,0.15,Standard,Upi,757.81,45,45.97,Delivered
510290,2024-06-05,10082,20132,1,0.2,Same Day,Credit Card,400.56,140,32.97,Delivered
510291,2024-10-24,12216,20084,1,0.1,Standard,Net Banking,1432.51,45,292.74,Delivered
510292,2024-01-14,14558,20001,1,0.05,Express,Upi,1438.12,90,418.14,Delivered
510293,2024-04-25,14820,20253,2,0.0,Express,Credit Card,1165.92,90,503.98,Delivered
510294,2024-05-18,10971,20024,1,0.05,Express,Debit Card,2172.59,90,473.36,Delivered
510295,2024-03-15,14874,20298,1,0.0,Standard,Debit Card,1523.13,45,636.11,Delivered
510296,2024-12-25,10178,20188,3,0.1,Standard,Debit Card,7583.76,70,2080.16,Delivered
510297,2024-01-24,12108,20111,2,0.25,Standard,Credit Card,1951.32,45,640.68,Delivered
510298,2025-02-09,14749,20024,2,0.05,Express,Upi,4345.19,90,1036.73,Delivered
510299,2025-11-19,13983,20056,1,0.25,Express,Net Banking,3517.22,90,865.2,Delivered
510300,2025-07-20,12604,20069,1,0.3,Express,Cash On Delivery,1405.8,90,394.44,Delivered
510301,2025-12-25,10216,20018,3,0.0,Standard,Debit Card,7498.29,70,3956.63,Delivered
510302,2024-11-21,12355,20228,3,0.2,Express,Upi,2063.78,90,68.21,Delivered
510303,2024-11-29,13324,20058,1,0.25,Same Day,Cash On Delivery,1221.1,140,252.68,Delivered
510304,2024-11-24,12097,20163,2,0.05,Express,Upi,5466.0,115,1097.34,Delivered
510305,2025-11-05,13383,20132,3,0.1,Standard,Cash On Delivery,1351.89,45,624.12,Delivered
510306,2024-10-26,14952,20219,1,0.2,Standard,Credit Card,2744.23,45,708.71,Delivered
510307,2025-11-06,13883,20284,2,0.05,Standard,Credit Card,622.69,45,254.25,Delivered
510308,2024-03-29,11856,20139,3,0.1,Standard,Credit Card,889.79,45,288.26,Delivered
510309,2024-01-15,14887,20003,3,0.05,Standard,Upi,1459.88,45,386.66,Delivered
510310,2024-10-27,13582,20259,1,0.15,Standard,Debit Card,1175.63,45,64.71,Delivered
510311,2025-09-25,10422,20281,1,0.15,Standard,Credit Card,1181.82,45,403.3,Delivered
510312,2024-11-13,10615,20012,1,0.15,Standard,Upi,5225.2,70,1120.7,Delivered
510313,2024-06-26,14668,20053,2,0.25,Same Day,Debit Card,2017.52,140,454.18,Delivered
510314,2025-04-06,11163,20254,3,0.15,Standard,Debit Card,1155.35,45,422.57,Delivered
510315,2024-09-25,10109,20096,1,0.05,Standard,Upi,1553.34,45,498.39,Delivered
510316,2024-04-14,12523,20232,1,0.05,Express,Upi,1499.94,90,642.25,Delivered
510317,2025-11-01,13201,20266,2,0.05,Express,Upi,1145.95,90,309.95,Delivered
510318,2025-05-31,12316,20112,1,0.0,Standard,Credit Card,2525.25,45,581.84,Delivered
510319,2024-12-04,11433,20047,1,0.1,Same Day,Credit Card,454.5,140,40.92,Delivered
510320,2025-01-26,12135,20182,3,0.1,Standard,Net Banking,3023.14,45,855.16,Delivered
510321,2024-05-20,14063,20235,4,0.15,Express,Debit Card,17443.46,115,5685.74,Delivered
510322,2024-06-17,13928,20254,2,0.1,Express,Net Banking,815.54,90,267.02,Delivered
510323,2024-01-17,13466,20007,4,0.2,Standard,Debit Card,23694.27,70,4423.35,Delivered
510324,2025-06-27,12498,20288,1,0.1,Standard,Upi,963.1,45,420.67,Delivered
510325,2024-01-05,12977,20279,3,0.3,Express,Credit Card,3342.11,90,964.1,Delivered
510326,2024-05-16,14899,20195,3,0.1,Standard,Debit Card,14110.9,70,4606.47,Delivered
510327,2025-09-10,12604,20025,1,0.2,Standard,Credit Card,2721.73,45,41.22,Delivered
510328,2024-06-10,12982,20006,2,0.05,Standard,Upi,1097.72,45,432.36,Delivered
510329,2025-11-10,11882,20143,1,0.0,Standard,Upi,2018.58,45,881.32,Delivered
510330,2025-04-07,13991,20191,1,0.1,Express,Credit Card,929.03,90,112.23,Cancelled
510331,2025-03-13,11302,20148,3,0.1,Express,Net Banking,36590.64,115,11565.86,Delivered
510332,2025-01-16,10371,20171,3,0.25,Standard,Net Banking,12759.26,70,-51.77,Delivered
510333,2025-01-16,12362,20096,1,0.05,Standard,Cash On Delivery,1553.34,45,498.39,Delivered
510334,2025-04-26,14390,20195,2,0.05,Express,Credit Card,9929.89,115,3525.27,Cancelled
510335,2024-12-20,12263,20260,4,0.1,Standard,Credit Card,4456.94,45,859.5,Delivered
510336,2024-09-01,10960,20236,1,0.1,Standard,Net Banking,3166.22,45,1369.43,Delivered
510337,2025-09-16,11560,20006,2,0.15,Express,Credit Card,982.18,90,271.82,Delivered
510338,2025-11-20,10486,20059,1,0.05,Standard,Upi,5591.99,70,1282.3,Delivered
510339,2025-04-20,10681,20249,1,0.05,Standard,Cash On Delivery,1790.24,45,294.85,Delivered
510340,2025-04-09,10619,20052,2,0.2,Standard,Upi,3193.17,45,536.35,Delivered
510341,2024-07-08,14675,20275,1,0.1,Standard,Cash On Delivery,2603.56,45,1020.31,Delivered
510342,2025-05-08,14362,20122,2,0.25,Express,Upi,5709.33,115,225.15,Delivered
510343,2025-06-06,11921,20026,1,0.15,Standard,Net Banking,1847.76,45,482.74,Cancelled
510344,2025-06-18,14381,20217,1,0.0,Standard,Cash On Delivery,530.3,45,240.37,Delivered
510345,2025-09-22,13701,20183,1,0.0,Standard,Net Banking,1293.03,45,640.75,Delivered
510346,2024-10-08,12444,20089,1,0.2,Standard,Cash On Delivery,497.51,45,35.91,Cancelled
510347,2025-03-05,14351,20038,1,0.05,Standard,Debit Card,1578.21,45,691.95,Delivered
510348,2025-08-03,11929,20084,1,0.05,Standard,Credit Card,1512.1,45,372.33,Delivered
510349,2025-10-07,10652,20108,1,0.2,Standard,Cash On Delivery,1861.33,45,211.9,Delivered
510350,2024-09-09,13836,20163,1,0.25,Standard,Upi,2157.63,45,-14.2,Delivered
510351,2025-07-16,11909,20197,1,0.15,Same Day,Upi,2579.5,140,274.95,Delivered
510352,2024-02-12,11372,20253,1,0.0,Standard,Net Banking,582.96,45,251.99,Delivered
510353,2025-04-26,14956,20227,1,0.0,Express,Debit Card,2468.64,90,592.22,Delivered
510354,2024-05-20,11487,20003,1,0.15,Same Day,Net Banking,435.4,140,-47.34,Delivered
510355,2025-05-25,12961,20297,1,0.0,Express,Credit Card,311.02,90,-11.56,Delivered
510356,2025-06-20,13948,20160,1,0.1,Same Day,Net Banking,539.35,140,48.27,Delivered
510357,2024-09-26,14757,20292,2,0.1,Express,Credit Card,593.59,90,17.87,Delivered
510358,2024-12-26,10207,20030,1,0.0,Standard,Upi,520.59,45,108.0,Delivered
510359,2025-09-07,10632,20116,2,0.25,Standard,Debit Card,668.82,45,143.22,Delivered
510360,2024-10-21,13973,20167,1,0.0,Express,Upi,1133.06,90,214.32,Delivered
510361,2025-10-26,14279,20093,1,0.1,Standard,Upi,640.46,45,184.44,Delivered
510362,2025-04-19,11862,20218,1,0.2,Standard,Upi,494.4,45,69.24,Delivered
510363,2025-04-16,11222,20109,3,0.3,Standard,Debit Card,2034.71,45,586.67,Delivered
510364,2024-06-09,10568,20089,1,0.0,Express,Credit Card,621.89,90,115.29,Delivered
510365,2024-02-14,10770,20188,2,0.25,Express,Net Banking,4213.2,90,500.8,Delivered
510366,2025-11-08,13563,20184,1,0.1,Express,Upi,737.05,90,87.77,Delivered
510367,2024-07-25,13565,20210,2,0.05,Standard,Upi,1272.92,45,334.18,Delivered
510368,2024-04-17,12839,20186,1,0.2,Standard,Debit Card,1959.06,45,553.26,Delivered
510369,2025-05-18,10252,20282,1,0.15,Same Day,Upi,612.64,140,69.09,Delivered
510370,2025-03-17,11360,20184,2,0.0,Express,Credit Card,1637.88,90,429.32,Delivered
510371,2024-03-05,14954,20137,5,0.15,Standard,Credit Card,1363.06,45,526.66,Delivered
510372,2024-09-23,10728,20288,1,0.2,Standard,Upi,856.09,45,313.66,Delivered
510373,2025-02-02,10073,20107,1,0.1,Standard,Net Banking,524.13,45,138.49,Delivered
510374,2025-11-27,11183,20088,3,0.1,Express,Debit Card,1789.83,90,663.72,Delivered
510375,2024-08-11,10483,20125,1,0.05,Standard,Upi,819.93,45,327.23,Delivered
510376,2025-10-26,11240,20197,3,0.15,Express,Upi,7738.48,115,1129.83,Delivered
510377,2024-10-15,11645,20110,1,0.1,Standard,Upi,515.09,45,69.85,Delivered
510378,2024-10-11,13088,20048,1,0.2,Standard,Debit Card,506.35,45,138.85,Delivered
510379,2024-07-04,10403,20190,1,0.15,Standard,Cash On Delivery,544.12,45,99.87,Delivered
510380,2024-08-13,10765,20111,2,0.15,Standard,Debit Card,2211.5,45,900.86,Delivered
510381,2024-07-18,11836,20222,3,0.2,Standard,Credit Card,901.44,45,168.75,Delivered
510382,2025-05-18,11442,20069,3,0.1,Standard,Cash On Delivery,5422.38,70,2588.3,Delivered
510383,2024-01-11,10804,20184,1,0.15,Standard,Upi,696.1,45,91.82,Delivered
510384,2025-05-12,14202,20164,2,0.2,Standard,Upi,1219.74,45,90.64,Delivered
510385,2024-10-03,14218,20292,1,0.1,Standard,Net Banking,313.28,45,25.42,Delivered
510386,2024-01-03,13003,20007,2,0.05,Standard,Upi,14068.47,70,4398.01,Delivered
510387,2025-07-27,12763,20221,1,0.1,Standard,Upi,1484.62,45,534.66,Delivered
510388,2024-01-05,10270,20219,1,0.1,Express,Credit Card,3087.26,90,1006.74,Delivered
510389,2025-06-04,12405,20058,1,0.0,Express,Net Banking,1628.14,90,709.72,Delivered
510390,2025-07-23,13196,20276,1,0.05,Standard,Credit Card,1639.97,45,303.58,Delivered
510391,2024-10-06,12858,20051,1,0.0,Express,Credit Card,1466.76,90,696.75,Delivered
510392,2025-02-26,13828,20215,1,0.1,Standard,Cash On Delivery,510.13,45,195.13,Delivered
510393,2024-08-25,14795,20161,1,0.15,Standard,Upi,2224.92,45,590.64,Delivered
510394,2024-11-12,12961,20001,1,0.2,Standard,Upi,1211.05,45,236.07,Delivered
510395,2024-05-06,12257,20067,1,0.1,Express,Upi,1485.08,90,242.03,Delivered
510396,2024-10-30,10435,20050,3,0.0,Standard,Credit Card,5928.66,70,2831.66,Delivered
510397,2025-12-31,13124,20035,1,0.15,Express,Upi,2013.0,90,668.97,Delivered
510398,2024-06-26,10743,20163,2,0.1,Express,Upi,5178.31,115,809.65,Delivered
510399,2025-05-04,14224,20097,1,0.2,Standard,Cash On Delivery,397.09,45,36.8,Delivered
510400,2025-03-12,12672,20013,2,0.1,Express,Upi,457.06,90,-19.84,Delivered
510401,2025-10-22,10120,20278,2,0.15,Standard,Net Banking,11933.47,70,1639.81,Delivered
510402,2024-02-07,11303,20056,4,0.05,Standard,Credit Card,17820.59,70,7502.51,Delivered
510403,2025-09-21,14810,20081,2,0.25,Standard,Upi,1022.88,45,246.42,Delivered
510404,2025-04-27,10177,20202,5,0.05,Express,Upi,2581.72,90,968.12,Delivered
510405,2024-11-10,12162,20251,3,0.0,Express,Upi,2195.73,90,1049.76,Delivered
510406,2025-04-28,13615,20219,2,0.0,Same Day,Credit Card,6860.58,165,2714.54,Delivered
510407,2024-04-06,12443,20015,1,0.05,Standard,Upi,1298.56,45,589.13,Delivered
510408,2024-01-17,13188,20109,1,0.05,Standard,Credit Card,920.46,45,407.78,Delivered
510409,2025-03-22,14550,20298,1,0.05,Standard,Credit Card,1446.97,45,559.95,Cancelled
510410,2024-10-05,10232,20124,3,0.1,Standard,Upi,5041.33,70,1482.27,Delivered
510411,2025-03-27,11595,20071,1,0.1,Express,Net Banking,1839.56,90,512.07,Delivered
510412,2025-10-27,10755,20185,2,0.15,Standard,Debit Card,4381.34,45,1365.06,Delivered
510413,2025-08-28,14301,20192,2,0.2,Standard,Upi,2132.48,45,226.4,Delivered
510414,2025-11-17,10243,20060,1,0.1,Same Day,Credit Card,3172.82,140,862.37,Delivered
510415,2024-01-29,11639,20031,1,0.15,Standard,Cash On Delivery,720.08,45,285.12,Delivered
510416,2025-06-29,10993,20055,1,0.15,Express,Debit Card,2395.81,90,124.41,Delivered
510417,2024-01-10,13736,20162,1,0.0,Standard,Upi,1611.12,45,479.25,Delivered
510418,2024-04-10,14029,20225,2,0.1,Standard,Upi,20214.07,70,5224.05,Delivered
510419,2025-10-14,14354,20132,1,0.1,Standard,Cash On Delivery,450.63,45,178.04,Delivered
510420,2024-03-27,10565,20102,2,0.15,Standard,Debit Card,8561.9,70,1144.88,Delivered
510421,2025-04-14,12477,20224,2,0.1,Standard,Cash On Delivery,631.13,45,225.39,Delivered
510422,2024-10-27,13572,20231,4,0.1,Standard,Credit Card,1994.33,45,910.73,Delivered
510423,2025-10-01,12140,20059,3,0.05,Standard,Credit Card,16775.98,70,3986.91,Delivered
510424,2024-07-24,13757,20297,1,0.1,Standard,Upi,279.92,45,2.34,Cancelled
510425,2025-08-23,11713,20218,3,0.0,Standard,Cash On Delivery,1854.0,45,668.52,Delivered
510426,2024-03-22,11601,20283,3,0.1,Standard,Debit Card,3654.45,45,942.69,Delivered
510427,2024-07-30,14947,20079,1,0.25,Standard,Upi,1617.6,45,-41.85,Delivered
510428,2024-04-28,10630,20149,3,0.0,Express,Credit Card,1058.67,90,154.98,Delivered
510429,2024-05-15,14230,20091,2,0.05,Express,Upi,10457.49,115,2985.75,Delivered
510430,2025-01-11,12923,20226,1,0.15,Standard,Upi,1320.82,45,231.23,Delivered
510431,2025-03-03,12066,20139,5,0.15,Same Day,Credit Card,1400.59,140,333.04,Delivered
510432,2025-12-20,14464,20114,1,0.1,Standard,Credit Card,372.61,45,62.67,Delivered
510433,2024-11-09,10168,20022,1,0.25,Standard,Credit Card,5036.77,70,820.44,Delivered
510434,2025-02-07,14006,20023,1,0.1,Express,Cash On Delivery,418.35,90,-20.9,Delivered
510435,2024-08-30,14013,20065,2,0.0,Standard,Cash On Delivery,4323.22,45,1297.6,Delivered
510436,2024-12-10,10017,20059,1,0.1,Standard,Debit Card,5297.68,70,987.99,Delivered
510437,2025-09-03,13324,20089,1,0.1,Express,Upi,559.7,90,53.1,Delivered
510438,2025-09-18,10467,20198,2,0.1,Express,Upi,3575.57,90,1204.79,Delivered
510439,2025-02-27,13814,20114,4,0.25,Standard,Net Banking,1242.03,45,137.27,Delivered
510440,2024-01-16,11498,20028,1,0.1,Standard,Upi,6679.28,70,929.48,Delivered
510441,2025-05-30,10543,20210,4,0.15,Express,Upi,2277.86,90,400.38,Delivered
510442,2024-09-22,10727,20239,5,0.1,Express,Debit Card,2450.61,90,900.01,Delivered
510443,2025-07-13,10379,20257,2,0.15,Standard,Upi,587.57,45,25.35,Delivered
510444,2025-12-16,14437,20285,1,0.0,Standard,Net Banking,632.2,45,211.47,Delivered
510445,2024-01-20,14303,20046,3,0.25,Standard,Net Banking,9501.8,70,39.31,Delivered
510446,2025-12-06,11137,20185,1,0.15,Standard,Credit Card,2190.67,45,660.03,Delivered
510447,2024-01-11,11097,20140,1,0.05,Standard,Debit Card,893.47,45,215.35,Delivered
510448,2024-01-20,10846,20167,2,0.05,Standard,Upi,2152.81,45,450.33,Delivered
510449,2024-10-05,12183,20213,5,0.15,Same Day,Debit Card,13174.02,165,2035.17,Delivered
510450,2024-11-28,14822,20159,2,0.05,Standard,Credit Card,14678.09,70,3769.39,Delivered
510451,2025-06-30,10674,20039,1,0.1,Standard,Upi,2761.85,45,654.47,Delivered
510452,2025-02-04,10392,20102,3,0.15,Express,Net Banking,12842.85,115,1707.32,Delivered
510453,2024-02-07,12529,20110,2,0.2,Standard,Net Banking,915.71,45,70.23,Delivered
510454,2024-03-23,12607,20264,3,0.2,Express,Net Banking,1720.15,90,102.88,Delivered
510455,2024-02-01,14738,20298,2,0.15,Express,Net Banking,2589.32,90,815.28,Delivered
510456,2024-02-23,14798,20096,1,0.05,Standard,Cash On Delivery,1553.34,45,498.39,Delivered
510457,2025-09-10,12942,20061,1,0.05,Standard,Credit Card,1818.28,45,862.35,Delivered
510458,2025-06-20,14313,20139,2,0.1,Standard,Credit Card,593.19,45,177.17,Delivered
510459,2024-02-14,13450,20230,1,0.2,Standard,Cash On Delivery,610.76,45,49.0,Delivered
510460,2025-09-21,14004,20032,1,0.1,Standard,Net Banking,412.29,45,46.07,Delivered
510461,2024-10-20,12654,20133,1,0.15,Standard,Credit Card,1228.4,45,427.92,Delivered
510462,2024-05-04,11062,20235,1,0.2,Same Day,Upi,4104.34,140,1053.66,Delivered
510463,2025-07-01,14551,20235,5,0.05,Same Day,Debit Card,24369.54,165,9651.14,Delivered
510464,2024-12-09,11319,20242,2,0.25,Standard,Upi,6151.52,70,555.68,Delivered
510465,2025-02-26,10088,20295,5,0.05,Standard,Net Banking,11293.12,70,2574.92,Delivered
510466,2024-06-15,13586,20249,2,0.1,Standard,Debit Card,3392.03,45,446.25,Delivered
510467,2024-09-25,13222,20023,1,0.15,Standard,Credit Card,395.11,45,0.86,Delivered
510468,2024-07-12,10133,20225,1,0.1,Standard,Cash On Delivery,10107.04,70,2577.03,Delivered
510469,2024-05-03,12148,20144,1,0.15,Express,Debit Card,159.48,90,-46.44,Delivered
510470,2024-09-27,12450,20072,1,0.05,Standard,Upi,1541.89,45,266.49,Delivered
510471,2024-02-27,13076,20225,3,0.05,Standard,Upi,32005.61,70,9555.58,Delivered
510472,2024-02-28,14806,20048,1,0.0,Standard,Upi,632.94,45,265.44,Delivered
510473,2025-03-25,12886,20034,1,0.15,Express,Net Banking,899.45,90,197.34,Delivered
510474,2024-08-04,11701,20254,2,0.25,Standard,Upi,679.62,45,176.1,Delivered
510475,2025-08-03,13021,20063,1,0.15,Standard,Cash On Delivery,224.14,45,-17.15,Delivered
510476,2025-04-26,11025,20102,1,0.15,Standard,Credit Card,4280.95,45,562.44,Delivered
510477,2024-08-31,10600,20017,1,0.1,Standard,Net Banking,1099.98,45,460.79,Delivered
510478,2024-04-12,10848,20241,2,0.15,Standard,Credit Card,364.58,45,105.1,Delivered
510479,2025-05-31,10678,20290,1,0.15,Same Day,Cash On Delivery,3956.44,140,752.05,Delivered
510480,2024-09-20,12423,20256,2,0.05,Standard,Net Banking,2422.54,45,881.64,Delivered
510481,2024-08-28,10646,20067,1,0.15,Standard,Cash On Delivery,1402.58,45,204.53,Delivered
510482,2024-08-16,11517,20280,3,0.05,Express,Net Banking,3307.31,90,1621.85,Delivered
510483,2025-03-27,13197,20266,1,0.05,Express,Debit Card,572.97,90,109.97,Delivered
510484,2025-03-30,11708,20005,3,0.1,Standard,Net Banking,1139.26,45,396.22,Delivered
510485,2025-06-27,12836,20031,2,0.05,Standard,Upi,1609.58,45,784.66,Delivered
510486,2025-01-08,11647,20152,1,0.1,Standard,Credit Card,266.1,45,78.73,Delivered
510487,2024-01-24,10451,20267,3,0.1,Express,Credit Card,1585.79,90,160.7,Delivered
510488,2024-11-01,14869,20051,1,0.2,Standard,Net Banking,1173.41,45,448.4,Delivered
510489,2025-01-08,11011,20247,2,0.1,Standard,Credit Card,3857.31,45,905.07,Cancelled
510490,2024-07-05,10427,20048,3,0.3,Express,Credit Card,1329.17,90,271.67,Delivered
510491,2025-10-01,12183,20132,1,0.15,Express,Upi,425.6,90,108.01,Delivered
510492,2024-04-21,13415,20136,1,0.15,Standard,Credit Card,267.86,45,45.41,Delivered
510493,2025-05-07,12954,20007,3,0.3,Standard,Cash On Delivery,15549.37,70,1078.68,Delivered
510494,2024-10-20,13511,20119,1,0.05,Express,Net Banking,3084.81,90,1533.51,Delivered
510495,2025-02-25,11454,20288,2,0.15,Express,Debit Card,1819.19,90,734.33,Delivered
510496,2024-05-28,13776,20278,3,0.2,Standard,Debit Card,16847.26,70,1441.77,Delivered
510497,2024-05-30,11506,20218,1,0.25,Express,Credit Card,463.5,90,-6.66,Delivered
510498,2024-06-22,13776,20115,1,0.1,Standard,Net Banking,1004.92,45,414.29,Delivered
510499,2024-07-15,12978,20164,2,0.1,Standard,Upi,1372.21,45,243.11,Delivered
510500,2024-09-11,12743,20285,1,0.0,Express,Net Banking,632.2,90,166.47,Delivered
510501,2025-02-17,14072,20223,2,0.2,Express,Cash On Delivery,2094.96,90,537.26,Delivered
510502,2024-06-16,14767,20086,3,0.25,Standard,Upi,731.05,45,27.73,Delivered
510503,2024-03-22,14638,20189,3,0.2,Standard,Debit Card,3023.54,45,391.37,Delivered
510504,2024-03-10,14925,20053,1,0.05,Standard,Net Banking,1277.76,45,521.09,Delivered
510505,2025-03-01,12957,20015,3,0.05,Express,Credit Card,3895.67,90,1812.38,Delivered
510506,2025-02-05,12878,20127,2,0.25,Standard,Net Banking,7060.24,70,1085.18,Delivered
510507,2025-06-08,14854,20176,2,0.15,Standard,Debit Card,434.66,45,142.48,Delivered
510508,2025-09-22,13032,20118,2,0.15,Express,Net Banking,2051.25,90,487.43,Delivered
510509,2024-07-30,11424,20182,1,0.1,Standard,Net Banking,1007.71,45,255.05,Delivered
510510,2024-04-11,13277,20068,3,0.15,Express,Debit Card,1345.25,90,170.18,Delivered
510511,2025-12-08,12951,20192,1,0.05,Express,Upi,1266.16,90,245.62,Delivered
510512,2025-08-11,10165,20194,4,0.25,Express,Debit Card,15608.52,115,-723.84,Delivered
510513,2024-12-03,13787,20178,1,0.25,Standard,Upi,388.69,45,84.97,Delivered
510514,2024-11-28,12271,20047,2,0.2,Standard,Upi,808.0,45,215.84,Delivered
510515,2024-07-23,12156,20142,1,0.05,Standard,Cash On Delivery,634.82,45,160.18,Delivered
510516,2025-05-01,10684,20009,1,0.2,Express,Credit Card,600.25,90,-29.29,Delivered
510517,2024-08-16,13109,20012,1,0.15,Standard,Credit Card,5225.2,70,1120.7,Delivered
510518,2024-07-07,12044,20092,1,0.05,Standard,Credit Card,3292.44,45,1124.56,Delivered
510519,2024-04-08,13093,20013,2,0.2,Express,Debit Card,406.27,90,-70.63,Delivered
510520,2025-02-14,12916,20277,2,0.0,Standard,Debit Card,12726.14,70,6467.8,Delivered
510521,2025-12-30,13078,20038,1,0.15,Standard,Credit Card,1412.08,45,525.82,Delivered
510522,2025-04-04,11653,20282,1,0.3,Standard,Net Banking,504.52,45,55.97,Delivered
510523,2024-07-12,10652,20278,2,0.1,Standard,Upi,12635.44,70,2341.78,Delivered
510524,2025-07-08,11195,20244,4,0.15,Standard,Net Banking,1451.8,45,434.32,Delivered
510525,2025-09-27,10875,20244,2,0.05,Standard,Upi,811.3,45,280.06,Delivered
510526,2024-01-20,12316,20037,5,0.1,Standard,Debit Card,7659.18,70,2378.68,Delivered
510527,2024-11-06,10593,20232,1,0.0,Express,Upi,1578.88,90,721.19,Delivered
510528,2025-11-10,14077,20173,4,0.15,Standard,Cash On Delivery,2526.81,45,375.89,Delivered
510529,2025-07-11,12808,20251,1,0.15,Standard,Debit Card,622.12,45,225.13,Delivered
510530,2024-03-19,12118,20120,2,0.1,Standard,Cash On Delivery,4389.98,45,719.56,Delivered
510531,2024-06-18,12658,20014,4,0.15,Standard,Credit Card,29163.91,70,12724.67,Delivered
510532,2024-09-02,10933,20274,1,0.15,Same Day,Cash On Delivery,931.21,140,73.62,Delivered
510533,2025-04-16,14606,20135,1,0.25,Standard,Credit Card,2138.96,45,512.98,Delivered
510534,2024-04-08,10734,20188,3,0.1,Standard,Credit Card,7583.76,70,2080.16,Delivered
510535,2024-11-17,14556,20055,2,0.1,Standard,Debit Card,5073.48,70,640.68,Delivered
510536,2024-05-20,14870,20290,1,0.1,Standard,Upi,4189.17,45,1079.78,Delivered
510537,2024-04-18,12108,20127,1,0.1,Standard,Upi,4236.15,45,1238.62,Delivered
510538,2024-11-08,14663,20259,4,0.2,Standard,Credit Card,4425.89,45,117.21,Delivered
510539,2025-10-10,14135,20100,2,0.25,Standard,Credit Card,1854.0,45,-84.78,Delivered
510540,2024-04-30,13479,20159,2,0.05,Standard,Credit Card,14678.09,70,3769.39,Delivered
510541,2024-04-08,10262,20023,1,0.1,Standard,Net Banking,418.35,45,24.1,Delivered
510542,2025-07-31,10199,20200,2,0.1,Standard,Upi,3129.64,45,407.66,Delivered
510543,2025-05-08,14205,20065,1,0.2,Standard,Upi,1729.29,45,193.98,Delivered
510544,2024-05-23,12959,20183,1,0.25,Express,Credit Card,969.77,90,272.49,Delivered
510545,2024-04-19,12496,20227,1,0.2,Same Day,Upi,1974.91,140,48.49,Cancelled
510546,2025-04-28,10386,20111,1,0.0,Standard,Upi,1300.88,45,623.06,Delivered
510547,2024-05-09,10210,20079,3,0.05,Standard,Debit Card,6146.88,70,1233.53,Delivered
510548,2025-02-03,11371,20245,1,0.2,Standard,Credit Card,666.26,45,30.81,Delivered
510549,2025-05-20,11540,20092,1,0.1,Express,Debit Card,3119.16,90,906.28,Delivered
510550,2024-07-28,11807,20140,2,0.1,Standard,Upi,1692.88,45,381.64,Delivered
510551,2024-12-26,10131,20001,1,0.1,Same Day,Upi,1362.43,140,292.45,Delivered
510552,2024-06-02,12475,20267,3,0.2,Standard,Debit Card,1409.59,45,29.5,Delivered
510553,2025-10-06,12057,20051,2,0.2,Standard,Debit Card,2346.82,45,941.8,Delivered
510554,2025-06-16,14633,20229,1,0.2,Express,Debit Card,4875.78,90,626.3,Delivered
510555,2025-06-30,14708,20045,3,0.2,Standard,Upi,2119.61,45,263.51,Delivered
510556,2024-12-25,13067,20099,1,0.0,Standard,Net Banking,2319.69,45,730.29,Cancelled
510557,2024-11-05,12855,20072,1,0.15,Standard,Credit Card,1379.58,45,104.18,Delivered
510558,2025-04-18,14548,20287,2,0.15,Standard,Upi,3310.84,45,413.66,Delivered
510559,2025-09-27,12157,20085,2,0.05,Standard,Credit Card,4835.04,45,1281.96,Delivered
510560,2024-10-26,12878,20181,1,0.15,Standard,Credit Card,1637.92,45,231.76,Delivered
510561,2024-12-06,14251,20217,2,0.15,Standard,Upi,901.51,45,366.65,Delivered
510562,2024-01-04,11802,20297,1,0.1,Standard,Net Banking,279.92,45,2.34,Delivered
510563,2025-09-26,12858,20156,1,0.1,Standard,Credit Card,1735.21,45,437.95,Delivered
510564,2025-07-07,10103,20065,1,0.05,Standard,Credit Card,2053.53,45,518.22,Delivered
510565,2024-06-17,14174,20143,2,0.0,Standard,Upi,4037.16,45,1807.64,Delivered
510566,2025-02-23,13381,20231,1,0.0,Standard,Debit Card,553.98,45,249.33,Delivered
510567,2024-10-06,14859,20020,1,0.1,Standard,Upi,319.01,45,59.91,Delivered
510568,2025-01-23,11808,20192,1,0.05,Express,Credit Card,1266.16,90,245.62,Delivered
510569,2024-07-03,10339,20295,3,0.1,Standard,Upi,6419.25,70,1160.33,Delivered
510570,2024-11-18,14050,20135,1,0.1,Standard,Credit Card,2566.75,45,940.77,Delivered
510571,2024-01-11,12781,20203,1,0.1,Standard,Debit Card,1658.93,45,488.71,Delivered
510572,2025-11-15,10755,20159,3,0.1,Express,Cash On Delivery,20858.34,115,4485.29,Delivered
510573,2025-08-30,13757,20162,3,0.15,Same Day,Debit Card,4108.36,140,707.75,Delivered
510574,2024-10-04,11393,20203,1,0.0,Express,Upi,1843.26,90,628.04,Delivered
510575,2024-05-18,12439,20088,2,0.3,Standard,Net Banking,928.06,45,192.32,Delivered
510576,2025-11-08,11281,20051,2,0.1,Standard,Debit Card,2640.17,45,1235.15,Delivered
510577,2025-11-29,10210,20184,2,0.1,Standard,Credit Card,1474.09,45,310.53,Delivered
510578,2024-03-26,11284,20285,1,0.05,Standard,Upi,600.59,45,179.86,Delivered
510579,2024-08-18,12798,20250,1,0.05,Express,Net Banking,2620.65,90,1077.8,Delivered
510580,2025-03-26,12222,20213,1,0.15,Express,Debit Card,2634.8,90,350.03,Delivered
510581,2024-05-17,11619,20289,1,0.3,Express,Credit Card,1224.64,90,141.88,Delivered
510582,2025-06-14,10975,20006,1,0.2,Standard,Credit Card,462.2,45,107.02,Delivered
510583,2024-12-03,13513,20037,1,0.25,Standard,Net Banking,1276.53,45,189.43,Delivered
510584,2024-06-04,13379,20181,1,0.1,Standard,Credit Card,1734.26,45,328.1,Delivered
510585,2025-08-29,13836,20258,1,0.1,Standard,Debit Card,606.02,45,214.54,Delivered
510586,2024-01-17,12643,20106,2,0.15,Standard,Credit Card,2071.43,45,711.45,Delivered
510587,2024-09-17,10556,20222,1,0.1,Express,Debit Card,338.04,90,18.81,Delivered
510588,2024-06-08,12255,20117,2,0.2,Standard,Credit Card,608.88,45,119.92,Delivered
510589,2024-11-04,11141,20179,4,0.15,Standard,Upi,2360.04,45,458.72,Delivered
510590,2024-03-21,13805,20091,2,0.1,Express,Debit Card,9907.09,115,2435.35,Delivered
510591,2025-11-27,11786,20150,4,0.0,Standard,Credit Card,1873.92,45,647.56,Delivered
510592,2024-07-31,13589,20171,1,0.05,Same Day,Upi,5387.24,165,975.23,Delivered
510593,2025-03-02,11900,20294,1,0.2,Express,Net Banking,1555.52,90,550.21,Delivered
510594,2024-12-07,13616,20192,1,0.1,Standard,Credit Card,1199.52,45,223.98,Delivered
510595,2024-12-24,11241,20037,1,0.2,Standard,Upi,1361.63,45,274.53,Delivered
510596,2025-11-09,13893,20100,1,0.15,Express,Upi,1050.6,90,13.71,Delivered
510597,2024-07-24,12959,20294,2,0.05,Standard,Upi,3694.36,45,1818.74,Delivered
510598,2024-12-01,14126,20031,2,0.1,Standard,Credit Card,1524.87,45,699.95,Delivered
510599,2024-09-17,12869,20300,2,0.15,Standard,Credit Card,1479.19,45,419.87,Delivered
510600,2024-08-30,14767,20094,4,0.2,Standard,Upi,8393.57,70,2562.69,Delivered
510601,2025-08-04,12121,20270,3,0.0,Standard,Debit Card,2608.32,45,733.05,Delivered
510602,2025-01-29,14429,20098,2,0.3,Same Day,Credit Card,511.8,140,-186.24,Delivered
510603,2025-12-25,10265,20052,4,0.1,Express,Upi,7184.63,115,1845.99,Delivered
510604,2024-12-02,11448,20298,2,0.05,Express,Debit Card,2893.95,90,1119.91,Cancelled
510605,2024-10-05,12714,20007,3,0.1,Same Day,Net Banking,19992.04,165,5426.35,Delivered
510606,2024-09-05,11107,20246,1,0.2,Standard,Debit Card,286.8,45,52.09,Delivered
510607,2025-12-08,12453,20018,3,0.1,Standard,Upi,6748.46,70,3206.8,Delivered
510608,2024-01-30,13637,20185,1,0.0,Standard,Upi,2577.26,45,1046.62,Delivered
510609,2024-05-10,12299,20230,2,0.1,Standard,Credit Card,1374.21,45,295.69,Delivered
510610,2025-06-07,10281,20202,1,0.0,Standard,Debit Card,543.52,45,193.8,Delivered
510611,2025-04-04,11716,20044,2,0.0,Express,Net Banking,4487.92,90,2168.16,Delivered
510612,2025-01-29,11114,20098,3,0.05,Standard,Upi,1041.87,45,159.81,Delivered
510613,2025-06-11,12177,20063,3,0.1,Express,Upi,711.96,90,33.09,Delivered
510614,2025-02-16,13537,20160,2,0.15,Standard,Upi,1018.78,45,271.62,Delivered
510615,2024-04-26,11988,20143,1,0.0,Standard,Credit Card,2018.58,45,881.32,Delivered
510616,2024-05-28,14581,20002,4,0.05,Standard,Upi,8797.42,70,2126.86,Delivered
510617,2024-04-18,13179,20151,1,0.1,Standard,Upi,3822.89,45,1405.93,Delivered
510618,2024-08-23,13022,20023,2,0.05,Standard,Debit Card,883.18,45,139.68,Delivered
510619,2025-03-02,14562,20227,3,0.05,Express,Debit Card,7035.62,115,1561.36,Delivered
510620,2025-05-31,12856,20282,2,0.2,Same Day,Credit Card,1153.2,140,206.1,Delivered
510621,2024-06-28,12840,20241,2,0.1,Standard,Upi,386.03,45,126.55,Delivered
510622,2025-01-30,11882,20141,1,0.2,Standard,Credit Card,981.46,45,84.21,Delivered
510623,2024-01-01,11131,20168,1,0.05,Standard,Upi,2103.98,45,452.95,Delivered
510624,2024-01-08,11448,20116,1,0.15,Standard,Upi,379.0,45,93.7,Delivered
510625,2024-05-23,13930,20010,2,0.05,Standard,Credit Card,1846.52,45,591.44,Delivered
510626,2025-10-16,10937,20167,3,0.1,Standard,Upi,3059.26,45,528.04,Delivered
510627,2024-10-01,13637,20090,1,0.15,Same Day,Credit Card,881.34,140,211.02,Cancelled
510628,2025-10-26,11930,20111,3,0.1,Standard,Upi,3512.38,45,1568.92,Delivered
510629,2024-10-13,14317,20180,1,0.05,Express,Upi,2644.09,90,741.14,Delivered
510630,2025-05-04,14606,20184,2,0.2,Express,Debit Card,1310.3,90,101.74,Delivered
510631,2025-10-03,12446,20264,1,0.1,Same Day,Upi,645.06,140,-4.03,Delivered
510632,2025-09-24,13225,20181,2,0.15,Standard,Debit Card,3275.83,45,508.51,Delivered
510633,2025-07-24,14401,20013,1,0.2,Standard,Upi,203.14,45,-35.31,Delivered
510634,2025-12-29,14726,20174,1,0.1,Standard,Debit Card,1605.2,45,634.24,Delivered
510635,2024-01-31,14725,20086,2,0.1,Standard,Debit Card,584.84,45,100.96,Delivered
510636,2025-03-27,12757,20036,2,0.1,Standard,Upi,4206.76,45,1709.34,Delivered
510637,2024-08-31,11435,20171,1,0.0,Standard,Debit Card,5670.78,70,1353.77,Delivered
510638,2024-05-19,13053,20094,1,0.15,Express,Upi,2229.54,90,699.32,Delivered
510639,2025-02-04,11522,20063,1,0.15,Express,Credit Card,224.14,90,-62.15,Delivered
510640,2025-12-25,12419,20068,2,0.0,Standard,Cash On Delivery,1055.1,45,286.72,Delivered
510641,2025-06-24,14093,20141,2,0.05,Standard,Net Banking,2330.96,45,581.46,Delivered
510642,2024-06-12,11029,20134,2,0.15,Standard,Net Banking,1908.25,45,349.47,Delivered
510643,2024-04-13,13919,20146,2,0.05,Standard,Credit Card,1693.93,45,315.25,Delivered
510644,2024-03-03,12871,20264,1,0.15,Express,Cash On Delivery,609.22,90,10.13,Delivered
510645,2024-01-15,14123,20169,5,0.15,Standard,Debit Card,5179.98,70,1585.73,Delivered
510646,2025-05-08,11711,20213,1,0.05,Standard,Upi,2944.78,45,705.01,Delivered
510647,2024-06-27,13187,20056,3,0.15,Standard,Upi,11958.56,70,4202.5,Delivered
510648,2025-06-06,14279,20122,1,0.1,Standard,Debit Card,3425.6,45,696.01,Delivered
510649,2025-03-16,14193,20234,1,0.05,Standard,Cash On Delivery,7743.5,70,3378.92,Delivered
510650,2025-06-08,11160,20160,2,0.0,Standard,Debit Card,1198.56,45,451.4,Delivered
510651,2025-12-27,13389,20123,1,0.25,Standard,Credit Card,4289.21,45,782.58,Delivered
510652,2025-05-02,12450,20022,1,0.1,Standard,Upi,6044.12,70,1827.79,Delivered
510653,2024-11-06,12784,20218,2,0.1,Standard,Net Banking,1112.4,45,307.08,Delivered
510654,2025-07-28,11899,20041,2,0.15,Same Day,Credit Card,255.0,140,-51.98,Delivered
510655,2024-05-09,11439,20045,2,0.15,Standard,Upi,1501.39,45,248.99,Delivered
510656,2025-04-10,10335,20261,3,0.1,Standard,Upi,405.0,45,26.61,Delivered
510657,2025-05-16,10029,20012,1,0.1,Express,Credit Card,5532.56,115,1383.06,Delivered
510658,2024-09-19,11160,20233,1,0.15,Express,Credit Card,2252.09,90,259.35,Delivered
510659,2024-06-19,11215,20233,1,0.15,Standard,Credit Card,2252.09,45,304.35,Delivered
510660,2025-02-09,12615,20288,1,0.15,Standard,Credit Card,909.59,45,367.16,Delivered
510661,2025-12-02,11390,20274,4,0.1,Standard,Net Banking,3943.94,45,1028.58,Delivered
510662,2024-01-25,11051,20202,1,0.25,Standard,Upi,407.64,45,57.92,Delivered
510663,2025-03-24,12397,20087,2,0.05,Standard,Upi,859.62,45,339.52,Delivered
510664,2024-06-08,14490,20181,4,0.0,Standard,Upi,7707.84,70,2193.2,Delivered
510665,2024-08-04,11671,20170,2,0.05,Standard,Debit Card,2766.95,45,849.71,Delivered
510666,2025-11-18,12751,20229,1,0.05,Standard,Credit Card,5789.98,70,1560.5,Delivered
510667,2025-05-04,11538,20082,4,0.25,Express,Upi,6137.43,115,-349.09,Delivered
510668,2024-10-06,14939,20211,1,0.0,Standard,Credit Card,708.28,45,152.54,Delivered
510669,2024-03-21,11487,20166,1,0.2,Express,Debit Card,519.63,90,110.68,Delivered
510670,2024-05-04,12742,20028,2,0.1,Standard,Credit Card,13358.56,70,1928.96,Delivered
510671,2024-06-18,11783,20022,1,0.1,Express,Debit Card,6044.12,115,1782.79,Cancelled
510672,2025-08-04,12549,20294,2,0.15,Express,Upi,3305.48,90,1384.86,Delivered
510673,2025-08-12,11751,20032,1,0.0,Standard,Cash On Delivery,458.1,45,91.88,Delivered
510674,2024-03-30,12983,20137,3,0.1,Standard,Net Banking,865.94,45,346.1,Delivered
510675,2025-01-14,14588,20293,1,0.0,Express,Upi,2110.25,90,447.24,Delivered
510676,2024-04-20,10088,20065,2,0.0,Same Day,Upi,4323.22,140,1202.6,Delivered
510677,2024-06-12,12675,20079,1,0.15,Standard,Credit Card,1833.28,45,173.83,Delivered
510678,2025-02-18,12549,20255,1,0.05,Standard,Net Banking,780.91,45,275.37,Delivered
510679,2025-10-01,14801,20063,1,0.05,Standard,Upi,250.51,45,9.22,Delivered
510680,2024-06-03,11232,20076,4,0.0,Standard,Credit Card,6972.96,70,2128.76,Delivered
510681,2024-07-12,13330,20282,3,0.2,Standard,Upi,1729.8,45,474.15,Delivered
510682,2025-04-20,13430,20035,1,0.15,Standard,Upi,2013.0,45,713.97,Delivered
510683,2025-11-15,12466,20078,1,0.0,Standard,Credit Card,1297.14,45,362.2,Delivered
510684,2024-01-21,12347,20263,1,0.15,Express,Net Banking,3109.33,90,463.93,Delivered
510685,2024-04-18,13519,20053,1,0.0,Standard,Upi,1345.01,45,588.34,Delivered
510686,2025-02-02,12389,20297,1,0.1,Express,Credit Card,279.92,90,-42.66,Delivered
510687,2024-05-08,12121,20004,2,0.15,Standard,Debit Card,580.31,45,63.67,Delivered
510688,2025-05-23,14601,20002,1,0.05,Express,Upi,2199.35,90,459.21,Delivered
510689,2024-10-06,13766,20291,1,0.15,Standard,Credit Card,720.9,45,38.69,Delivered
510690,2025-03-02,13821,20141,2,0.1,Standard,Net Banking,2208.28,45,458.78,Delivered
510691,2024-01-27,12785,20115,2,0.05,Same Day,Net Banking,2121.5,140,890.24,Delivered
510692,2024-12-09,13053,20115,3,0.1,Standard,Debit Card,3014.77,45,1332.88,Delivered
510693,2025-02-04,14346,20263,1,0.0,Standard,Upi,3658.04,45,1057.64,Delivered
510694,2025-08-26,14608,20124,1,0.1,Standard,Upi,1680.44,45,472.42,Delivered
510695,2024-10-21,10345,20250,3,0.1,Standard,Upi,7448.17,70,3019.62,Delivered
510696,2025-07-20,14643,20295,2,0.1,Standard,Cash On Delivery,4279.5,45,775.22,Delivered
510697,2024-07-14,10556,20091,1,0.15,Same Day,Debit Card,4678.35,140,859.98,Delivered
510698,2024-06-04,11254,20049,1,0.1,Standard,Upi,690.02,45,107.6,Delivered
510699,2025-03-15,13301,20273,2,0.1,Same Day,Debit Card,2575.76,140,1076.52,Delivered
510700,2024-04-10,12221,20153,2,0.0,Express,Upi,3747.66,90,1298.74,Delivered
510701,2025-05-14,12789,20222,2,0.05,Express,Net Banking,713.64,90,165.18,Cancelled
510702,2024-10-11,10831,20142,2,0.1,Standard,Net Banking,1202.81,45,298.53,Delivered
510703,2024-03-09,12536,20221,2,0.0,Express,Debit Card,3299.16,90,1399.24,Delivered
510704,2025-01-20,10422,20261,3,0.25,Standard,Upi,337.5,45,-40.89,Delivered
510705,2025-03-27,12550,20199,3,0.2,Express,Credit Card,1841.95,90,368.5,Delivered
510706,2024-05-17,10060,20083,2,0.1,Standard,Debit Card,1762.33,45,735.17,Delivered
510707,2024-09-04,14673,20213,2,0.15,Standard,Credit Card,5269.61,70,810.07,Delivered
510708,2024-04-12,13186,20213,1,0.1,Standard,Debit Card,2789.79,45,550.02,Delivered
510709,2025-09-11,11795,20273,1,0.1,Standard,Upi,1287.88,45,563.26,Delivered
510710,2025-12-12,14445,20126,2,0.05,Express,Credit Card,9304.79,115,2819.13,Delivered
510711,2025-05-24,14248,20061,3,0.1,Standard,Upi,5167.75,70,2364.96,Delivered
510712,2025-01-09,14770,20031,1,0.05,Same Day,Debit Card,804.79,140,274.83,Delivered
510713,2025-12-27,11620,20015,2,0.15,Standard,Upi,2323.73,45,949.87,Delivered
510714,2024-06-03,14772,20040,2,0.15,Standard,Credit Card,1664.79,45,500.35,Delivered
510715,2024-03-27,12004,20276,3,0.2,Standard,Debit Card,4143.07,45,223.9,Delivered
510716,2025-04-26,14234,20233,2,0.0,Standard,Debit Card,5299.04,70,1423.56,Delivered
510717,2024-07-27,14914,20288,3,0.1,Express,Credit Card,2889.3,90,1307.01,Delivered
510718,2024-06-26,10751,20240,2,0.1,Same Day,Upi,1886.11,140,492.51,Delivered
510719,2025-08-08,12183,20150,2,0.05,Express,Credit Card,890.11,90,209.43,Delivered
510720,2024-09-14,14399,20062,1,0.05,Standard,Upi,324.98,45,43.23,Delivered
510721,2024-09-29,12951,20221,2,0.2,Standard,Credit Card,2639.33,45,784.41,Cancelled
510722,2024-01-24,12457,20251,2,0.15,Standard,Upi,1244.25,45,495.27,Delivered
510723,2025-08-05,14077,20011,3,0.2,Standard,Cash On Delivery,2089.06,45,673.36,Delivered
510724,2025-08-17,12413,20038,1,0.15,Standard,Credit Card,1412.08,45,525.82,Delivered
510725,2025-02-03,14013,20065,1,0.0,Express,Net Banking,2161.61,90,581.3,Delivered
510726,2024-12-18,11821,20191,3,0.0,Standard,Credit Card,3096.78,45,871.38,Delivered
510727,2024-10-27,14341,20038,1,0.15,Standard,Upi,1412.08,45,525.82,Delivered
510728,2024-01-10,13537,20255,1,0.15,Express,Credit Card,698.71,90,148.17,Delivered
510729,2024-02-12,11097,20269,2,0.2,Same Day,Net Banking,717.52,140,161.5,Delivered
510730,2024-02-20,13723,20244,2,0.1,Express,Upi,768.6,90,192.36,Delivered
510731,2025-12-19,14111,20280,1,0.1,Express,Credit Card,1044.41,90,422.59,Delivered
510732,2024-04-16,10534,20292,3,0.1,Express,Upi,890.38,90,71.8,Delivered
510733,2025-12-06,10941,20148,1,0.15,Standard,Credit Card,11519.28,70,3146.02,Delivered
510734,2024-08-22,13938,20043,1,0.1,Standard,Debit Card,475.82,45,98.25,Delivered
510735,2025-05-04,14357,20109,2,0.15,Standard,Debit Card,1647.15,45,666.79,Delivered
510736,2025-11-05,14299,20099,1,0.1,Express,Upi,2087.72,90,453.32,Delivered
510737,2025-04-19,12002,20043,1,0.25,Express,Debit Card,396.52,90,-26.05,Delivered
510738,2025-08-03,13225,20104,1,0.1,Standard,Net Banking,878.35,45,133.15,Delivered
510739,2024-10-18,14890,20193,3,0.05,Express,Debit Card,1864.56,90,465.72,Delivered
510740,2025-04-25,11421,20115,1,0.2,Standard,Credit Card,893.26,45,302.63,Delivered
510741,2025-04-04,11383,20046,1,0.1,Express,Debit Card,3800.72,90,579.89,Delivered
510742,2025-02-28,11725,20062,1,0.05,Standard,Net Banking,324.98,45,43.23,Delivered
510743,2024-11-24,12184,20114,1,0.25,Standard,Credit Card,310.51,45,0.57,Delivered
510744,2024-07-03,14542,20198,1,0.05,Express,Net Banking,1887.11,90,656.72,Delivered
510745,2025-05-20,12092,20252,1,0.0,Standard,Cash On Delivery,629.15,45,246.42,Delivered
510746,2025-09-19,14115,20105,3,0.05,Standard,Upi,16800.95,70,3779.02,Delivered
510747,2025-04-22,14236,20029,1,0.15,Same Day,Net Banking,1894.01,140,748.27,Delivered
510748,2024-01-14,11676,20169,2,0.0,Standard,Upi,2437.64,45,982.94,Delivered
510749,2025-12-27,10004,20015,2,0.25,Express,Upi,2050.35,90,631.49,Delivered
510750,2024-04-02,11424,20122,1,0.1,Standard,Credit Card,3425.6,45,696.01,Cancelled
510751,2024-06-28,10452,20019,2,0.1,Standard,Credit Card,923.29,45,298.85,Delivered
510752,2025-07-19,12421,20096,1,0.25,Standard,Upi,1226.32,45,171.37,Delivered
510753,2024-10-31,10007,20284,1,0.1,Standard,Cash On Delivery,294.96,45,88.24,Delivered
510754,2025-04-19,11167,20186,2,0.15,Express,Upi,4163.01,90,1351.41,Delivered
510755,2025-06-25,12331,20053,1,0.0,Standard,Debit Card,1345.01,45,588.34,Delivered
510756,2025-06-07,12760,20298,3,0.0,Express,Credit Card,4569.39,90,1953.33,Delivered
510757,2024-04-20,11952,20091,1,0.15,Standard,Upi,4678.35,45,954.98,Delivered
510758,2025-02-18,11726,20019,1,0.25,Standard,Net Banking,384.71,45,49.99,Delivered
510759,2025-02-24,13929,20077,4,0.15,Standard,Net Banking,6330.49,70,1426.89,Delivered
510760,2025-02-14,14434,20130,1,0.05,Standard,Cash On Delivery,564.32,45,238.9,Delivered
510761,2025-09-15,10456,20146,1,0.2,Standard,Net Banking,713.23,45,1.39,Delivered
510762,2025-11-11,14696,20245,1,0.15,Express,Credit Card,707.91,90,27.46,Delivered
510763,2025-09-07,11919,20181,1,0.0,Standard,Upi,1926.96,45,520.8,Cancelled
510764,2025-06-06,14199,20136,1,0.1,Express,Net Banking,283.62,90,16.17,Delivered
510765,2024-11-24,14506,20212,2,0.15,Express,Upi,1735.63,90,192.77,Delivered
510766,2024-09-28,11650,20137,1,0.05,Same Day,Debit Card,304.68,140,6.4,Delivered
510767,2024-01-14,10558,20205,2,0.2,Standard,Upi,21693.31,70,1374.99,Delivered
510768,2024-06-23,14558,20149,1,0.1,Standard,Upi,317.6,45,1.37,Delivered
510769,2024-06-06,11788,20044,3,0.1,Express,Credit Card,6058.69,115,2599.05,Delivered
510770,2025-09-13,11154,20060,4,0.0,Standard,Credit Card,14101.44,70,5349.64,Delivered
510771,2025-10-25,14538,20249,1,0.05,Standard,Cash On Delivery,1790.24,45,294.85,Delivered
510772,2024-08-21,14742,20126,1,0.2,Express,Cash On Delivery,3917.81,90,642.48,Delivered
510773,2024-05-20,13688,20045,1,0.0,Standard,Debit Card,883.17,45,234.47,Delivered
510774,2025-04-25,11600,20002,2,0.1,Express,Cash On Delivery,4167.2,90,776.92,Delivered
510775,2024-04-28,10157,20162,3,0.0,Express,Upi,4833.36,90,1482.75,Delivered
510776,2025-01-16,12255,20197,2,0.05,Standard,Credit Card,5765.93,70,1366.83,Delivered
510777,2025-06-04,11636,20194,3,0.05,Standard,Net Banking,14828.09,70,2595.07,Delivered
510778,2025-11-19,14958,20047,2,0.1,Express,Upi,909.0,90,271.84,Cancelled
510779,2025-02-13,11048,20226,2,0.15,Standard,Credit Card,2641.65,45,507.47,Delivered
510780,2024-02-18,14616,20002,4,0.1,Express,Net Banking,8334.4,115,1618.84,Delivered
510781,2025-01-04,10207,20212,2,0.2,Standard,Debit Card,1633.54,45,135.68,Cancelled
510782,2024-11-28,12784,20215,1,0.05,Standard,Debit Card,538.47,45,223.47,Delivered
510783,2024-05-28,14065,20293,2,0.15,Express,Net Banking,3587.42,90,351.4,Delivered
510784,2024-06-05,11129,20080,1,0.2,Standard,Net Banking,2275.54,45,813.04,Delivered
510785,2025-08-26,12496,20119,1,0.15,Standard,Credit Card,2760.09,45,1253.79,Cancelled
510786,2024-05-31,12083,20086,2,0.1,Standard,Upi,584.84,45,100.96,Delivered
510787,2025-04-05,13863,20056,1,0.15,Standard,Credit Card,3986.19,45,1379.17,Delivered
510788,2025-01-10,10081,20063,1,0.0,Standard,Upi,263.69,45,22.4,Delivered
510789,2025-11-12,10183,20008,2,0.25,Standard,Credit Card,873.54,45,227.52,Delivered
510790,2025-08-18,12256,20183,2,0.1,Standard,Credit Card,2327.45,45,1067.89,Delivered
510791,2025-02-28,10225,20235,1,0.05,Express,Upi,4873.91,90,1873.23,Delivered
510792,2024-02-17,13839,20090,1,0.25,Standard,Net Banking,777.65,45,202.33,Delivered
510793,2024-11-30,13437,20104,1,0.0,Express,Upi,975.94,90,185.74,Delivered
510794,2025-12-29,11389,20279,1,0.15,Standard,Net Banking,1352.76,45,545.09,Delivered
510795,2025-08-11,14515,20250,3,0.1,Standard,Upi,7448.17,70,3019.62,Delivered
510796,2025-07-08,10211,20128,2,0.2,Standard,Debit Card,2411.82,45,846.78,Delivered
510797,2025-04-13,14752,20180,2,0.2,Same Day,Upi,4453.2,140,687.3,Delivered
510798,2025-07-28,10742,20093,1,0.05,Standard,Credit Card,676.04,45,220.02,Delivered
510799,2024-09-01,13356,20182,1,0.2,Standard,Cash On Delivery,895.74,45,143.08,Delivered
510800,2025-09-23,12786,20212,3,0.3,Standard,Debit Card,2144.02,45,-80.27,Delivered
510801,2024-09-18,10308,20204,2,0.25,Standard,Upi,2794.66,45,1071.06,Delivered
510802,2024-09-06,11267,20037,1,0.1,Standard,Debit Card,1531.84,45,444.74,Delivered
510803,2025-05-11,14167,20218,1,0.05,Express,Upi,587.1,90,116.94,Delivered
510804,2024-02-21,11141,20146,2,0.2,Express,Upi,1426.46,90,2.78,Delivered
510805,2025-05-03,13029,20059,2,0.25,Express,Credit Card,8829.46,115,235.08,Delivered
510806,2024-05-21,14048,20129,2,0.25,Express,Net Banking,5410.53,115,1482.33,Delivered
510807,2025-01-06,11054,20141,1,0.2,Express,Net Banking,981.46,90,39.21,Delivered
510808,2024-09-07,11454,20033,2,0.05,Express,Debit Card,2069.94,90,325.04,Delivered
510809,2024-11-09,12029,20022,1,0.15,Standard,Upi,5708.34,70,1492.01,Delivered
510810,2024-08-12,11952,20205,2,0.25,Standard,Net Banking,20337.48,70,19.16,Delivered
510811,2025-10-26,12798,20072,2,0.1,Express,Net Banking,2921.47,90,370.67,Delivered
510812,2024-02-25,12419,20181,1,0.2,Standard,Cash On Delivery,1541.57,45,135.41,Delivered
510813,2024-12-04,13009,20188,1,0.0,Express,Credit Card,2808.8,90,907.6,Delivered
510814,2025-06-04,14050,20050,2,0.15,Express,Net Banking,3359.57,90,1251.57,Delivered
510815,2025-05-14,12009,20083,2,0.0,Standard,Debit Card,1958.14,45,930.98,Delivered
510816,2025-04-28,14594,20024,3,0.1,Standard,Net Banking,6174.74,70,1277.05,Delivered
510817,2024-06-12,11663,20069,1,0.1,Express,Upi,1807.46,90,796.1,Delivered
510818,2025-03-16,13415,20008,1,0.05,Standard,Upi,553.24,45,207.73,Delivered
510819,2024-05-12,11874,20249,4,0.1,Standard,Credit Card,6784.06,70,912.5,Delivered
510820,2024-03-21,12282,20099,1,0.15,Standard,Upi,1971.74,45,382.34,Delivered
510821,2024-12-15,10530,20198,1,0.15,Standard,Credit Card,1688.47,45,503.08,Delivered
510822,2025-10-08,11423,20208,1,0.25,Standard,Upi,2064.98,45,35.66,Delivered
510823,2024-05-13,14915,20192,2,0.15,Express,Upi,2265.76,90,314.68,Cancelled
510824,2024-02-21,14524,20026,3,0.3,Standard,Credit Card,4565.04,45,559.98,Delivered
510825,2025-05-08,11290,20148,2,0.05,Standard,Credit Card,25748.97,70,9072.45,Delivered
510826,2024-07-20,12935,20004,1,0.05,Standard,Upi,324.29,45,43.47,Delivered
510827,2025-12-10,12652,20065,5,0.0,Express,Credit Card,10808.05,115,3241.5,Delivered
510828,2025-09-09,13002,20217,2,0.1,Standard,Credit Card,954.54,45,419.68,Delivered
510829,2025-05-22,14726,20291,3,0.1,Standard,Debit Card,2289.92,45,333.29,Delivered
510830,2024-01-14,10151,20117,1,0.05,Standard,Cash On Delivery,361.52,45,94.54,Delivered
510831,2025-01-19,11445,20085,1,0.05,Standard,Credit Card,2417.52,45,618.48,Delivered
510832,2025-12-23,10345,20279,1,0.1,Same Day,Cash On Delivery,1432.33,140,529.66,Delivered
510833,2024-07-19,13911,20276,2,0.15,Standard,Upi,2934.68,45,306.9,Delivered
510834,2024-06-13,13061,20283,1,0.15,Express,Debit Card,1150.47,90,171.55,Delivered
510835,2025-07-14,13502,20169,3,0.2,Standard,Upi,2925.17,45,765.62,Delivered
510836,2024-05-12,14246,20026,1,0.05,Standard,Upi,2065.14,45,700.12,Delivered
510837,2025-08-04,14841,20040,1,0.15,Standard,Upi,832.4,45,227.68,Delivered
510838,2024-04-28,14405,20208,1,0.2,Standard,Upi,2202.64,45,173.32,Delivered
510839,2025-10-12,14243,20084,1,0.2,Express,Debit Card,1273.34,90,88.57,Delivered
510840,2025-11-23,14999,20238,1,0.15,Standard,Credit Card,540.15,45,46.58,Delivered
510841,2025-04-30,10813,20194,1,0.2,Same Day,Net Banking,4162.27,140,-32.07,Delivered
510842,2024-07-01,13576,20259,1,0.0,Standard,Cash On Delivery,1383.09,45,272.17,Delivered
510843,2025-04-02,12187,20192,1,0.1,Standard,Upi,1199.52,45,223.98,Delivered
510844,2024-11-30,11012,20285,2,0.05,Same Day,Debit Card,1201.18,140,309.72,Delivered
510845,2025-07-15,14167,20182,2,0.1,Express,Credit Card,2015.42,90,510.1,Delivered
510846,2025-11-23,10043,20007,1,0.05,Standard,Cash On Delivery,7034.24,70,2164.01,Delivered
510847,2025-09-28,14792,20153,3,0.0,Express,Upi,5621.49,115,1968.11,Delivered
510848,2024-08-18,10861,20299,1,0.0,Standard,Upi,1430.14,45,311.27,Delivered
510849,2024-11-06,14633,20262,2,0.0,Express,Credit Card,4244.98,90,942.74,Delivered
510850,2024-01-03,11440,20079,3,0.1,Standard,Upi,5823.36,70,910.01,Delivered
510851,2025-11-15,13417,20040,1,0.0,Standard,Net Banking,979.29,45,374.57,Delivered
510852,2024-03-21,10474,20189,1,0.2,Standard,Credit Card,1007.85,45,100.46,Delivered
510853,2024-10-01,12145,20277,3,0.05,Express,Debit Card,18134.75,115,8737.24,Delivered
510854,2025-01-22,11462,20250,1,0.25,Standard,Upi,2068.94,45,571.09,Delivered
510855,2024-12-10,12255,20109,2,0.1,Standard,Net Banking,1744.04,45,763.68,Delivered
510856,2024-08-06,13020,20096,3,0.15,Express,Credit Card,4169.48,90,1049.63,Delivered
510857,2025-10-13,11058,20032,2,0.15,Standard,Cash On Delivery,778.77,45,91.33,Delivered
510858,2024-03-03,11454,20268,1,0.1,Standard,Credit Card,3179.84,45,1103.89,Delivered
510859,2025-03-15,14827,20236,4,0.2,Express,Upi,11257.66,115,4135.5,Delivered
510860,2024-01-27,10010,20020,1,0.3,Standard,Upi,248.12,45,-10.98,Delivered
510861,2025-12-08,10055,20205,2,0.05,Express,Upi,25760.81,115,5397.49,Delivered
510862,2025-01-15,13964,20238,2,0.1,Express,Net Banking,1143.85,90,156.71,Delivered
510863,2025-10-25,13236,20021,2,0.1,Express,Upi,22285.08,115,6374.5,Delivered
510864,2024-09-04,13471,20217,1,0.15,Standard,Upi,450.75,45,160.82,Delivered
510865,2024-06-02,14958,20121,4,0.1,Express,Credit Card,3923.6,90,1860.76,Delivered
510866,2024-07-28,11466,20296,1,0.15,Standard,Upi,347.26,45,13.27,Delivered
510867,2024-01-22,14426,20262,1,0.1,Standard,Net Banking,1910.24,45,259.12,Delivered
510868,2025-08-04,14390,20255,1,0.0,Standard,Credit Card,822.01,45,316.47,Delivered
510869,2024-01-19,12328,20011,3,0.1,Express,Upi,2350.19,90,889.49,Delivered
510870,2025-05-23,10967,20064,1,0.15,Standard,Credit Card,1770.46,45,676.11,Delivered
510871,2025-09-04,13668,20122,1,0.15,Standard,Debit Card,3235.29,45,505.7,Delivered
510872,2025-11-04,12619,20187,2,0.1,Standard,Debit Card,5269.57,70,648.69,Cancelled
510873,2025-10-12,10551,20200,3,0.25,Express,Upi,3912.05,90,-193.42,Delivered
510874,2025-08-22,11755,20055,1,0.1,Standard,Credit Card,2536.74,45,310.34,Delivered
510875,2025-03-04,14336,20295,2,0.1,Express,Upi,4279.5,90,730.22,Delivered
510876,2024-02-06,13958,20055,1,0.1,Standard,Credit Card,2536.74,45,310.34,Delivered
510877,2025-02-10,11167,20131,1,0.15,Standard,Upi,158.7,45,25.6,Delivered
510878,2025-02-27,12491,20080,1,0.1,Express,Upi,2559.98,90,1052.48,Delivered
510879,2025-11-13,10358,20128,2,0.15,Standard,Debit Card,2562.56,45,997.52,Delivered
510880,2024-12-03,10207,20219,1,0.1,Standard,Credit Card,3087.26,45,1051.74,Delivered
510881,2024-09-27,11039,20272,3,0.1,Standard,Net Banking,3745.12,45,708.58,Delivered
510882,2025-10-13,10544,20261,3,0.05,Standard,Debit Card,427.5,45,49.11,Delivered
510883,2025-08-02,13777,20251,1,0.05,Standard,Debit Card,695.31,45,298.32,Delivered
510884,2025-08-02,12302,20296,1,0.1,Express,Net Banking,367.69,90,-11.3,Delivered
510885,2025-11-11,12925,20227,1,0.05,Standard,Upi,2345.21,45,513.79,Delivered
510886,2025-09-08,10396,20173,3,0.0,Standard,Upi,2229.54,45,605.1,Delivered
510887,2025-04-06,14238,20253,1,0.05,Standard,Credit Card,553.81,45,222.84,Delivered
510888,2024-11-10,14402,20024,1,0.1,Same Day,Upi,2058.25,140,309.02,Delivered
510889,2024-02-27,13861,20285,1,0.05,Standard,Upi,600.59,45,179.86,Delivered
510890,2025-01-10,14279,20126,2,0.15,Express,Upi,8325.34,115,1839.68,Cancelled
510891,2025-11-29,14249,20256,1,0.1,Standard,Upi,1147.52,45,354.57,Delivered
510892,2025-03-31,10777,20289,2,0.05,Standard,Debit Card,3324.03,45,1293.51,Cancelled
510893,2025-02-10,14429,20179,1,0.25,Standard,Credit Card,520.6,45,11.52,Delivered
510894,2025-01-19,11773,20080,1,0.1,Standard,Upi,2559.98,45,1097.48,Delivered
510895,2024-02-25,11656,20097,5,0.05,Standard,Net Banking,2357.71,45,736.26,Delivered
510896,2025-04-03,12784,20202,2,0.1,Express,Cash On Delivery,978.34,90,278.9,Delivered
510897,2025-04-19,13316,20030,2,0.1,Same Day,Credit Card,937.06,140,61.88,Delivered
510898,2025-05-30,10409,20061,1,0.05,Same Day,Debit Card,1818.28,140,767.35,Delivered
510899,2024-01-17,14257,20163,1,0.1,Standard,Debit Card,2589.16,45,417.33,Delivered
510900,2025-03-08,11709,20263,5,0.05,Standard,Credit Card,17375.69,70,4528.69,Delivered
510901,2024-08-24,14334,20143,1,0.1,Standard,Credit Card,1816.72,45,679.46,Delivered
510902,2024-11-02,10360,20066,1,0.1,Standard,Debit Card,563.53,45,144.81,Delivered
510903,2025-03-08,10295,20224,1,0.1,Standard,Upi,315.57,45,90.2,Delivered
510904,2024-01-24,11695,20220,1,0.0,Standard,Debit Card,4618.76,45,1646.3,Delivered
510905,2024-10-26,13536,20273,1,0.15,Standard,Upi,1216.33,45,491.71,Delivered
510906,2025-09-19,13778,20019,2,0.25,Express,Debit Card,769.41,90,99.97,Delivered
510907,2024-08-25,10758,20270,4,0.05,Express,Upi,3303.87,90,773.51,Delivered
510908,2025-11-11,14594,20049,3,0.0,Express,Net Banking,2300.07,90,597.81,Delivered
510909,2025-05-06,12838,20034,1,0.2,Standard,Debit Card,846.54,45,189.43,Delivered
510910,2024-10-14,10439,20240,1,0.1,Standard,Credit Card,943.06,45,271.26,Delivered
510911,2025-02-18,10370,20084,1,0.15,Standard,Debit Card,1352.93,45,213.16,Delivered
510912,2025-02-03,11528,20176,2,0.15,Standard,Debit Card,434.66,45,142.48,Cancelled
510913,2025-02-19,11321,20149,2,0.2,Express,Cash On Delivery,564.62,90,-67.84,Delivered
510914,2025-04-27,10466,20283,3,0.1,Standard,Credit Card,3654.45,45,942.69,Delivered
510915,2024-09-07,14666,20157,1,0.15,Standard,Debit Card,1682.76,45,489.85,Delivered
510916,2025-11-07,12498,20232,1,0.0,Standard,Net Banking,1578.88,45,766.19,Delivered
510917,2025-02-03,11297,20207,1,0.0,Express,Credit Card,745.47,90,256.61,Delivered
510918,2024-05-20,14269,20172,4,0.15,Standard,Upi,3992.01,45,420.81,Delivered
510919,2025-01-12,13990,20166,1,0.15,Same Day,Upi,552.11,140,93.16,Delivered
510920,2024-04-29,13464,20271,1,0.05,Standard,Upi,5162.6,70,1619.3,Delivered
510921,2024-12-03,11679,20015,1,0.15,Express,Debit Card,1161.86,90,407.43,Cancelled
510922,2025-03-25,13118,20032,1,0.1,Standard,Cash On Delivery,412.29,45,46.07,Delivered
510923,2024-06-09,10266,20040,2,0.05,Standard,Upi,1860.65,45,696.21,Cancelled
510924,2024-04-14,14436,20076,1,0.25,Standard,Debit Card,1307.43,45,68.88,Delivered
510925,2024-04-01,14594,20212,2,0.25,Standard,Credit Card,1531.44,45,33.58,Delivered
510926,2025-04-29,12483,20091,1,0.15,Standard,Credit Card,4678.35,45,954.98,Delivered
510927,2025-02-22,11366,20258,2,0.3,Standard,Credit Card,942.7,45,204.74,Delivered
510928,2025-02-24,10243,20233,3,0.05,Standard,Upi,7551.13,70,1772.91,Delivered
510929,2025-12-16,10073,20022,2,0.2,Standard,Cash On Delivery,10745.1,70,2382.44,Delivered
510930,2025-07-05,11007,20154,1,0.1,Express,Debit Card,625.82,90,25.47,Cancelled
510931,2024-02-23,10223,20136,1,0.05,Standard,Credit Card,299.37,45,76.92,Cancelled
510932,2025-08-23,10185,20292,2,0.15,Standard,Credit Card,560.61,45,29.89,Delivered
510933,2025-10-08,10095,20101,1,0.3,Standard,Upi,1344.45,45,367.75,Delivered
510934,2025-05-28,13866,20081,1,0.05,Express,Debit Card,647.82,90,192.09,Delivered
510935,2024-04-06,10684,20121,1,0.1,Standard,Debit Card,980.9,45,442.69,Delivered
510936,2025-07-21,10765,20135,1,0.0,Express,Cash On Delivery,2851.94,90,1180.96,Delivered
510937,2025-09-27,10976,20219,2,0.05,Standard,Credit Card,6517.55,70,2466.51,Delivered
510938,2024-07-03,13220,20234,1,0.05,Standard,Upi,7743.5,70,3378.92,Delivered
510939,2025-03-08,10183,20218,2,0.1,Standard,Debit Card,1112.4,45,307.08,Delivered
510940,2025-04-15,12437,20265,3,0.0,Standard,Upi,755.43,45,261.33,Delivered
510941,2024-05-04,13580,20235,4,0.2,Express,Debit Card,16417.38,115,4659.66,Delivered
510942,2024-11-29,10163,20059,1,0.25,Same Day,Debit Card,4414.73,140,35.04,Delivered
510943,2024-09-20,11461,20065,1,0.15,Standard,Cash On Delivery,1837.37,45,302.06,Delivered
510944,2024-07-09,10482,20246,2,0.15,Express,Credit Card,609.45,90,140.03,Cancelled
510945,2025-12-27,10103,20149,1,0.05,Express,Debit Card,335.25,90,-25.98,Delivered
510946,2024-08-08,14079,20177,4,0.2,Standard,Upi,3403.58,45,188.98,Delivered
510947,2024-07-17,14650,20033,1,0.2,Standard,Cash On Delivery,871.55,45,-0.9,Delivered
510948,2024-12-09,13652,20145,1,0.0,Standard,Credit Card,6240.48,70,2843.45,Delivered
510949,2024-06-22,12572,20269,1,0.15,Standard,Net Banking,381.18,45,128.17,Delivered
510950,2024-08-04,12596,20241,2,0.05,Standard,Net Banking,407.47,45,147.99,Delivered
510951,2024-07-24,14236,20299,1,0.05,Standard,Upi,1358.63,45,239.76,Delivered
510952,2025-08-01,11623,20113,3,0.2,Standard,Net Banking,1014.62,45,283.25,Delivered
510953,2025-01-07,10490,20040,1,0.1,Express,Upi,881.36,90,231.64,Delivered
510954,2024-06-22,11931,20162,3,0.1,Same Day,Cash On Delivery,4350.02,140,949.41,Delivered
510955,2024-03-18,10897,20036,1,0.05,Standard,Upi,2220.24,45,949.03,Delivered
510956,2024-11-18,14301,20206,1,0.15,Standard,Debit Card,886.81,45,273.77,Delivered
510957,2025-07-07,11725,20235,2,0.05,Express,Credit Card,9747.82,115,3811.46,Delivered
510958,2025-07-29,12909,20107,1,0.2,Standard,Credit Card,465.9,45,80.26,Delivered
510959,2025-01-18,12719,20085,3,0.1,Standard,Credit Card,6870.85,70,1538.73,Delivered
510960,2025-03-12,13256,20092,1,0.2,Standard,Net Banking,2772.58,45,604.7,Delivered
510961,2024-07-17,10018,20224,2,0.1,Express,Cash On Delivery,631.13,90,180.39,Delivered
510962,2025-08-24,13907,20040,1,0.05,Standard,Upi,930.33,45,325.61,Cancelled
510963,2024-01-07,14717,20093,2,0.0,Standard,Credit Card,1423.24,45,556.2,Delivered
510964,2024-09-19,13793,20272,1,0.1,Standard,Net Banking,1248.37,45,206.19,Delivered
510965,2025-09-25,14077,20234,2,0.25,Express,Debit Card,12226.58,115,3522.42,Delivered
510966,2025-11-06,10542,20043,3,0.2,Same Day,Credit Card,1268.86,140,131.15,Delivered
510967,2025-09-19,10198,20133,1,0.3,Standard,Credit Card,1011.63,45,211.15,Delivered
510968,2025-06-08,11266,20065,1,0.05,Express,Credit Card,2053.53,90,473.22,Delivered
510969,2024-01-20,14884,20082,2,0.15,Standard,Credit Card,3477.88,45,247.12,Delivered
510970,2025-12-13,10977,20149,1,0.05,Express,Debit Card,335.25,90,-25.98,Delivered
510971,2024-09-10,14472,20071,1,0.2,Express,Net Banking,1635.17,90,307.68,Delivered
510972,2025-08-20,13758,20279,1,0.1,Standard,Debit Card,1432.33,45,624.66,Delivered
510973,2024-06-28,11028,20091,1,0.2,Standard,Upi,4403.15,45,679.78,Delivered
510974,2024-12-18,14297,20255,3,0.05,Express,Credit Card,2342.73,90,871.11,Delivered
510975,2025-07-26,12600,20162,3,0.05,Standard,Credit Card,4591.69,45,1286.08,Delivered
510976,2025-12-27,12957,20272,2,0.1,Standard,Cash On Delivery,2635.45,45,596.09,Delivered
510977,2024-08-02,13370,20176,1,0.15,Express,Credit Card,217.33,90,3.74,Delivered
510978,2024-12-23,10542,20281,1,0.2,Standard,Debit Card,1112.3,45,333.78,Delivered
510979,2025-08-24,11818,20196,1,0.0,Express,Debit Card,1077.09,90,251.39,Delivered
510980,2025-08-30,10241,20160,4,0.05,Same Day,Cash On Delivery,2277.26,140,732.94,Delivered
510981,2025-07-26,12258,20092,2,0.0,Express,Net Banking,6931.46,115,2570.7,Delivered
510982,2025-07-21,13882,20168,1,0.0,Standard,Net Banking,2214.72,45,563.69,Delivered
510983,2024-08-07,11762,20141,1,0.0,Standard,Credit Card,1226.82,45,329.57,Delivered
510984,2025-08-28,12741,20261,3,0.05,Standard,Net Banking,427.5,45,49.11,Delivered
510985,2025-07-05,12091,20145,1,0.05,Standard,Debit Card,5928.46,70,2531.43,Delivered
510986,2024-12-02,12962,20239,1,0.15,Express,Credit Card,462.89,90,80.77,Delivered
510987,2024-11-14,12923,20071,2,0.3,Standard,Debit Card,2861.54,45,341.56,Delivered
510988,2025-04-10,10413,20187,3,0.15,Standard,Debit Card,7465.23,70,568.91,Delivered
510989,2025-12-29,11772,20035,1,0.0,Standard,Upi,2368.24,45,1069.21,Delivered
510990,2024-06-02,11104,20184,3,0.05,Standard,Credit Card,2333.98,45,611.14,Delivered
510991,2024-12-16,13209,20144,3,0.0,Express,Net Banking,562.86,90,125.1,Delivered
510992,2024-03-02,13109,20155,1,0.1,Express,Credit Card,252.19,90,-44.05,Delivered
510993,2025-04-04,10028,20190,4,0.05,Standard,Upi,2432.53,45,790.53,Delivered
510994,2024-08-27,14805,20262,3,0.25,Express,Upi,4775.6,90,-132.76,Delivered
510995,2024-07-08,11562,20103,1,0.05,Standard,Unknown,919.53,45,331.82,Delivered
510996,2024-05-25,12498,20280,3,0.15,Same Day,Credit Card,2959.17,140,1223.71,Delivered
510997,2025-06-05,13250,20243,2,0.05,Express,Debit Card,906.7,90,157.84,Delivered
510998,2024-10-18,12850,20087,1,0.1,Express,Net Banking,407.19,90,79.64,Delivered
510999,2025-10-03,13677,20133,4,0.0,Standard,Net Banking,5780.72,70,2688.8,Delivered
511000,2024-02-29,10613,20199,1,0.0,Standard,Upi,767.48,45,261.33,Delivered
511001,2025-04-17,10077,20086,1,0.0,Standard,Net Banking,324.91,45,60.47,Delivered
511002,2025-11-17,12755,20093,1,0.05,Standard,Debit Card,676.04,45,220.02,Delivered
511003,2024-03-13,13273,20181,3,0.0,Express,Upi,5780.88,115,1582.4,Delivered
511004,2024-08-26,14164,20159,1,0.1,Standard,Upi,6952.78,70,1463.43,Delivered
511005,2025-02-19,11052,20035,1,0.1,Same Day,Credit Card,2131.42,140,737.39,Delivered
511006,2024-06-27,12984,20098,1,0.0,Standard,Upi,365.57,45,41.55,Delivered
511007,2024-03-07,14095,20147,2,0.0,Express,Upi,2059.0,90,521.72,Delivered
511008,2025-08-15,11247,20034,1,0.15,Express,Net Banking,899.45,90,197.34,Delivered
511009,2024-03-17,14663,20211,4,0.0,Standard,Debit Card,2833.12,45,745.16,Delivered
511010,2024-09-04,13155,20169,2,0.25,Standard,Upi,1828.23,45,373.53,Delivered
511011,2025-12-07,11275,20122,2,0.1,Standard,Net Banking,6851.2,70,1412.02,Delivered
511012,2024-03-08,12390,20208,4,0.05,Standard,Debit Card,10462.54,70,2455.26,Delivered
511013,2025-07-21,14535,20126,1,0.2,Same Day,Upi,3917.81,140,592.48,Delivered
511014,2024-04-08,11771,20192,2,0.1,Express,Cash On Delivery,2399.04,90,447.96,Delivered
511015,2025-08-10,12385,20062,3,0.1,Standard,Net Banking,923.62,45,168.37,Delivered
511016,2025-07-31,14794,20055,2,0.1,Standard,Upi,5073.48,70,640.68,Delivered
511017,2025-06-28,13941,20011,1,0.15,Standard,Net Banking,739.87,45,237.97,Delivered
511018,2025-06-25,12477,20240,1,0.05,Express,Cash On Delivery,995.45,90,278.65,Delivered
511019,2025-06-21,14824,20224,1,0.1,Standard,Credit Card,315.57,45,90.2,Delivered
511020,2025-12-22,14188,20026,4,0.05,Standard,Upi,8260.55,70,2910.47,Delivered
511021,2024-11-19,12155,20048,4,0.15,Express,Credit Card,2152.0,90,772.0,Delivered
511022,2024-05-02,13225,20289,1,0.15,Standard,Debit Card,1487.07,45,449.31,Delivered
511023,2024-02-02,11076,20078,3,0.3,Express,Upi,2723.99,90,-35.83,Delivered
511024,2025-10-16,12036,20009,1,0.3,Standard,Upi,525.22,45,-59.32,Delivered
511025,2024-05-24,14854,20228,1,0.0,Express,Net Banking,859.91,90,134.72,Delivered
511026,2025-05-31,12751,20247,1,0.1,Express,Debit Card,1928.66,90,385.04,Delivered
511027,2025-11-03,12735,20105,3,0.15,Standard,Credit Card,15032.43,70,2010.5,Delivered
511028,2024-11-05,12957,20002,4,0.15,Standard,Credit Card,7871.37,70,1200.81,Delivered
511029,2024-05-23,11429,20270,1,0.1,Standard,Debit Card,782.5,45,127.41,Delivered
511030,2025-10-25,10496,20164,1,0.0,Standard,Credit Card,762.34,45,175.29,Delivered
511031,2025-05-31,12958,20035,3,0.1,Standard,Upi,6394.25,70,2562.16,Delivered
511032,2024-07-13,12569,20064,1,0.25,Standard,Debit Card,1562.17,45,467.82,Delivered
511033,2025-04-27,14823,20106,1,0.1,Standard,Credit Card,1096.64,45,394.15,Delivered
511034,2025-09-28,10059,20244,5,0.0,Express,Net Banking,2135.0,90,829.4,Delivered
511035,2025-04-19,14581,20009,2,0.1,Standard,Net Banking,1350.56,45,226.48,Delivered
511036,2025-08-10,12188,20205,2,0.1,Standard,Cash On Delivery,24404.98,70,4086.66,Delivered
511037,2024-06-17,11307,20043,1,0.15,Standard,Debit Card,449.39,45,71.82,Delivered
511038,2025-12-29,14015,20266,1,0.05,Express,Debit Card,572.97,90,109.97,Delivered
511039,2024-07-01,12108,20185,1,0.1,Standard,Credit Card,2319.53,45,788.89,Delivered
511040,2024-04-22,12267,20033,2,0.05,Standard,Debit Card,2069.94,45,370.04,Delivered
511041,2024-10-02,11213,20054,4,0.15,Standard,Upi,9439.69,70,3742.57,Delivered
511042,2025-04-20,10121,20232,2,0.1,Standard,Debit Card,2841.98,45,1261.6,Delivered
511043,2024-06-26,10652,20269,1,0.2,Express,Cash On Delivery,358.76,90,60.75,Delivered
511044,2025-09-28,10971,20152,2,0.1,Express,Upi,532.21,90,157.47,Delivered
511045,2024-10-17,14482,20062,1,0.05,Standard,Credit Card,324.98,45,43.23,Delivered
511046,2025-03-09,14544,20168,1,0.1,Express,Upi,1993.25,90,297.22,Delivered
511047,2025-04-07,12952,20064,3,0.1,Express,Upi,5623.8,115,2360.75,Delivered
511048,2025-02-20,12974,20060,1,0.0,Standard,Upi,3525.36,45,1309.91,Delivered
511049,2025-12-11,14112,20279,2,0.1,Express,Upi,2864.66,90,1249.32,Delivered
511050,2024-05-17,14961,20155,1,0.15,Express,Credit Card,238.18,90,-58.06,Delivered
511051,2025-05-03,12039,20108,1,0.2,Standard,Upi,1861.33,45,211.9,Delivered
511052,2025-12-30,11776,20300,1,0.05,Express,Net Banking,826.6,90,229.44,Delivered
511053,2024-06-16,11909,20057,1,0.1,Same Day,Upi,1471.64,140,108.32,Delivered
511054,2024-05-13,13033,20043,1,0.0,Standard,Unknown,528.69,45,151.12,Delivered
511055,2024-06-09,12839,20112,3,0.05,Express,Upi,7196.96,115,1386.73,Delivered
511056,2025-01-11,10588,20223,1,0.25,Standard,Upi,982.01,45,203.16,Delivered
511057,2024-11-25,12031,20195,2,0.25,Express,Debit Card,7839.39,115,1434.77,Delivered
511058,2025-01-29,12140,20181,2,0.0,Standard,Upi,3853.92,45,1086.6,Delivered
511059,2024-06-20,10690,20171,1,0.1,Standard,Cash On Delivery,5103.7,70,786.69,Delivered
511060,2025-04-14,10204,20257,1,0.05,Express,Upi,328.35,90,-20.26,Delivered
511061,2025-02-25,14082,20049,1,0.15,Express,Upi,651.69,90,24.27,Cancelled
511062,2024-09-12,14122,20048,1,0.15,Same Day,Cash On Delivery,538.0,140,75.5,Delivered
511063,2025-11-10,10999,20227,1,0.1,Express,Cash On Delivery,2221.78,90,345.36,Cancelled
511064,2024-04-29,11701,20207,1,0.1,Express,Upi,670.92,90,182.06,Delivered
511065,2024-01-19,11591,20226,1,0.15,Same Day,Credit Card,1320.82,140,136.23,Delivered
511066,2024-09-03,13437,20181,2,0.1,Standard,Debit Card,3468.53,45,701.21,Delivered
511067,2024-07-23,14370,20011,1,0.15,Express,Net Banking,739.87,90,192.97,Delivered
511068,2025-02-23,10367,20121,2,0.15,Standard,Cash On Delivery,1852.81,45,821.39,Delivered
511069,2024-03-07,11454,20088,1,0.1,Express,Debit Card,596.61,90,161.24,Delivered
511070,2024-12-07,12346,20101,1,0.15,Express,Credit Card,1632.54,90,610.84,Delivered
511071,2024-12-10,11364,20099,3,0.1,Standard,Upi,6263.16,70,1559.96,Delivered
511072,2025-11-27,11051,20022,1,0.1,Express,Upi,6044.12,115,1782.79,Delivered
511073,2025-01-21,13613,20104,3,0.05,Standard,Net Banking,2781.43,45,635.83,Delivered
511074,2024-12-07,14279,20071,2,0.05,Express,Credit Card,3883.52,90,1318.54,Delivered
511075,2024-04-17,10525,20286,1,0.05,Standard,Upi,2313.74,45,1008.58,Delivered
511076,2025-11-07,13404,20055,2,0.3,Standard,Net Banking,3946.04,45,-461.76,Delivered
511077,2025-09-24,11608,20127,1,0.15,Standard,Upi,4000.81,45,1003.28,Delivered
511078,2025-02-05,14516,20039,3,0.15,Standard,Upi,7825.24,70,1568.1,Delivered
511079,2025-08-18,14900,20139,1,0.15,Standard,Upi,280.12,45,49.61,Delivered
511080,2024-10-28,11251,20132,1,0.0,Standard,Upi,500.7,45,228.11,Delivered
511081,2024-04-16,11021,20236,1,0.15,Express,Net Banking,2990.32,90,1148.53,Delivered
511082,2025-09-26,14784,20161,2,0.15,Standard,Credit Card,4449.84,45,1226.28,Delivered
511083,2025-08-07,10571,20045,4,0.1,Express,Upi,3179.41,90,674.61,Delivered
511084,2025-04-21,14753,20165,2,0.1,Standard,Credit Card,621.2,45,260.5,Delivered
511085,2024-12-02,14728,20226,3,0.0,Standard,Upi,4661.73,45,1482.96,Delivered
511086,2025-04-04,14209,20149,1,0.05,Standard,Debit Card,335.25,45,19.02,Delivered
511087,2024-11-08,14398,20144,1,0.05,Standard,Upi,178.24,45,17.32,Delivered
511088,2024-06-02,14094,20224,2,0.05,Standard,Upi,666.2,45,260.46,Delivered
511089,2025-08-31,13186,20178,1,0.1,Standard,Upi,466.42,45,162.7,Delivered
511090,2024-12-14,11246,20176,2,0.05,Standard,Cash On Delivery,485.79,45,193.61,Delivered
511091,2025-08-16,13393,20029,1,0.05,Express,Upi,2116.84,90,1021.1,Cancelled
511092,2025-06-12,11335,20298,1,0.25,Standard,Debit Card,1142.35,45,255.33,Delivered
511093,2024-10-26,12898,20098,1,0.05,Standard,Credit Card,347.29,45,23.27,Delivered
511094,2025-11-22,11912,20187,2,0.1,Standard,Debit Card,5269.57,70,648.69,Delivered
511095,2025-12-28,12668,20224,1,0.15,Express,Upi,298.04,90,27.67,Delivered
511096,2025-06-17,14959,20108,1,0.05,Standard,Upi,2210.33,45,560.9,Delivered
511097,2024-08-23,11086,20084,1,0.0,Express,Upi,1591.68,90,406.91,Delivered
511098,2024-07-29,11765,20258,1,0.1,Express,Cash On Delivery,606.02,90,169.54,Delivered
511099,2024-10-12,13335,20136,4,0.3,Standard,Cash On Delivery,882.36,45,127.56,Delivered
511100,2025-02-26,11775,20114,1,0.05,Standard,Upi,393.31,45,83.37,Delivered
511101,2025-12-19,13063,20297,3,0.0,Standard,Upi,933.06,45,190.32,Delivered
511102,2025-05-08,13575,20128,1,0.2,Express,Debit Card,1205.91,90,355.89,Delivered
511103,2025-02-22,10343,20089,1,0.05,Standard,Debit Card,590.8,45,129.2,Delivered
511104,2024-12-10,14945,20139,1,0.2,Standard,Debit Card,263.64,45,33.13,Delivered
511105,2025-06-06,11347,20024,2,0.05,Standard,Cash On Delivery,4345.19,45,1081.73,Delivered
511106,2024-11-14,12114,20035,1,0.2,Standard,Upi,1894.59,45,595.56,Delivered
511107,2024-12-07,13964,20133,2,0.25,Standard,Upi,2167.77,45,611.81,Delivered
511108,2025-01-13,13871,20106,1,0.1,Standard,Upi,1096.64,45,394.15,Delivered
511109,2025-06-29,14488,20270,1,0.2,Express,Upi,695.55,90,-4.54,Delivered
511110,2025-09-24,12147,20274,1,0.2,Standard,Debit Card,876.43,45,113.84,Delivered
511111,2025-11-25,11726,20104,2,0.1,Standard,Credit Card,1756.69,45,311.29,Delivered
511112,2025-08-12,12811,20174,1,0.15,Same Day,Debit Card,1516.03,140,450.07,Delivered
511113,2025-09-26,13335,20225,1,0.15,Express,Debit Card,9545.53,115,1970.52,Delivered
511114,2024-07-26,12971,20068,1,0.1,Express,Debit Card,474.79,90,23.1,Delivered
511115,2024-07-04,10062,20057,1,0.15,Express,Credit Card,1389.89,90,76.57,Delivered
511116,2024-01-17,10425,20040,2,0.1,Express,Cash On Delivery,1762.72,90,553.28,Delivered
511117,2024-10-16,13025,20213,1,0.05,Standard,Debit Card,2944.78,45,705.01,Delivered
511118,2024-09-10,10502,20173,2,0.05,Standard,Debit Card,1412.04,45,314.08,Delivered
511119,2025-09-02,12092,20112,4,0.0,Standard,Unknown,10101.0,70,2437.36,Delivered
511120,2025-03-21,13109,20279,1,0.0,Standard,Debit Card,1591.48,45,783.81,Delivered
511121,2025-03-31,10219,20216,1,0.05,Standard,Upi,5943.36,70,2424.75,Delivered
511122,2024-05-26,12431,20201,1,0.15,Standard,Credit Card,508.12,45,187.74,Delivered
511123,2024-04-23,14114,20083,3,0.0,Standard,Debit Card,2937.21,45,1418.97,Delivered
511124,2024-04-06,12917,20219,2,0.05,Express,Cash On Delivery,6517.55,115,2421.51,Delivered
511125,2025-01-16,14445,20104,1,0.1,Standard,Credit Card,878.35,45,133.15,Delivered
511126,2025-01-10,10515,20051,1,0.1,Standard,Upi,1320.08,45,595.07,Delivered
511127,2025-05-20,14844,20257,2,0.15,Standard,Upi,587.57,45,25.35,Delivered
511128,2024-11-17,14713,20077,2,0.0,Standard,Credit Card,3723.82,45,1262.02,Delivered
511129,2024-11-23,10432,20004,2,0.3,Standard,Debit Card,477.9,45,-38.74,Delivered
511130,2024-12-14,10323,20089,1,0.2,Standard,Upi,497.51,45,35.91,Delivered
511131,2024-06-18,14478,20138,1,0.1,Standard,Upi,2144.77,45,574.82,Delivered
511132,2024-11-02,14251,20250,2,0.05,Standard,Cash On Delivery,5241.3,70,2265.6,Delivered
511133,2024-07-17,14336,20030,1,0.0,Express,Credit Card,520.59,90,63.0,Delivered
511134,2024-06-25,13683,20224,1,0.05,Standard,Upi,333.1,45,107.73,Delivered
511135,2024-05-03,14030,20158,1,0.05,Express,Debit Card,1141.42,90,252.91,Delivered
511136,2024-06-05,10041,20005,1,0.15,Express,Cash On Delivery,358.66,90,35.98,Delivered
511137,2025-08-29,11374,20271,4,0.3,Standard,Credit Card,15216.1,70,1252.9,Delivered
511138,2024-10-12,14960,20048,1,0.15,Standard,Net Banking,538.0,45,170.5,Delivered
511139,2025-09-02,14048,20204,1,0.15,Standard,Upi,1583.64,45,699.34,Delivered
511140,2024-08-22,14885,20281,2,0.25,Standard,Credit Card,2085.57,45,573.53,Delivered
511141,2025-12-02,11932,20275,1,0.0,Standard,Credit Card,2892.84,45,1309.59,Delivered
511142,2024-10-20,13932,20059,3,0.0,Standard,Upi,17658.93,70,4869.86,Delivered
511143,2024-01-18,13297,20181,3,0.2,Standard,Credit Card,4624.7,45,496.22,Delivered
511144,2024-06-22,10537,20167,1,0.1,Express,Credit Card,1019.75,90,101.01,Delivered
511145,2025-02-06,11600,20261,2,0.05,Express,Credit Card,285.0,90,-27.26,Delivered
511146,2025-01-15,10713,20213,2,0.05,Express,Credit Card,5889.56,115,1385.02,Delivered
511147,2024-04-29,12539,20100,1,0.15,Standard,Debit Card,1050.6,45,58.71,Delivered
511148,2024-04-05,10001,20019,1,0.15,Standard,Credit Card,436.0,45,101.28,Delivered
511149,2024-01-31,14297,20024,1,0.15,Standard,Credit Card,1943.9,45,289.67,Delivered
511150,2024-04-06,14839,20090,1,0.15,Standard,Upi,881.34,45,306.02,Delivered
511151,2025-04-14,12767,20147,2,0.15,Standard,Cash On Delivery,1750.15,45,257.87,Delivered
511152,2025-12-05,11894,20032,1,0.15,Standard,Debit Card,389.38,45,23.16,Delivered
511153,2024-02-15,11900,20045,2,0.0,Standard,Debit Card,1766.34,45,513.94,Delivered
511154,2024-08-23,10302,20232,1,0.15,Standard,Net Banking,1342.05,45,529.36,Delivered
511155,2025-07-14,11013,20130,2,0.05,Standard,Debit Card,1128.64,45,522.8,Delivered
511156,2024-12-02,14056,20225,1,0.1,Standard,Net Banking,10107.04,70,2577.03,Delivered
511157,2025-11-04,14822,20161,2,0.05,Standard,Upi,4973.34,45,1749.78,Delivered
511158,2024-10-11,12064,20279,1,0.15,Express,Upi,1352.76,90,500.09,Cancelled
511159,2024-05-13,11359,20226,1,0.05,Standard,Credit Card,1476.21,45,386.62,Delivered
511160,2025-11-25,13857,20106,1,0.25,Standard,Net Banking,913.87,45,211.38,Delivered
511161,2025-06-22,11755,20069,1,0.0,Standard,Upi,2008.29,45,1041.93,Delivered
511162,2025-10-13,13602,20208,3,0.1,Standard,Debit Card,7433.91,70,1410.95,Delivered
511163,2024-09-16,14155,20199,1,0.1,Express,Upi,690.73,90,139.58,Delivered
511164,2025-05-17,14215,20137,1,0.05,Standard,Cash On Delivery,304.68,45,101.4,Delivered
511165,2025-08-14,11552,20244,1,0.0,Standard,Net Banking,427.0,45,138.88,Delivered
511166,2024-06-28,13256,20088,1,0.05,Standard,Credit Card,629.76,45,239.39,Delivered
511167,2024-09-23,12266,20049,1,0.05,Standard,Net Banking,728.36,45,145.94,Delivered
511168,2025-07-17,11516,20026,1,0.05,Express,Debit Card,2065.14,90,655.12,Delivered
511169,2024-03-24,14602,20224,1,0.2,Standard,Upi,280.5,45,55.13,Delivered
511170,2025-02-13,12207,20283,2,0.15,Standard,Debit Card,2300.95,45,478.11,Delivered
511171,2024-06-04,14811,20169,2,0.05,Standard,Credit Card,2315.76,45,861.06,Delivered
511172,2025-05-04,12420,20211,2,0.2,Standard,Upi,1133.25,45,66.77,Delivered
511173,2024-11-23,10967,20107,3,0.2,Express,Upi,1397.69,90,285.77,Delivered
511174,2025-09-07,14199,20205,1,0.05,Standard,Net Banking,12880.4,70,2686.24,Delivered
511175,2024-12-11,14801,20224,3,0.0,Standard,Credit Card,1051.89,45,465.78,Delivered
511176,2024-04-06,10825,20043,1,0.15,Standard,Net Banking,449.39,45,71.82,Delivered
511177,2025-09-28,13806,20107,1,0.1,Standard,Debit Card,524.13,45,138.49,Cancelled
511178,2024-07-01,10304,20062,1,0.1,Standard,Upi,307.87,45,26.12,Delivered
511179,2024-11-22,13963,20013,2,0.0,Standard,Net Banking,507.84,45,75.94,Delivered
511180,2025-07-19,13992,20083,1,0.05,Standard,Upi,930.12,45,394.04,Cancelled
511181,2025-11-06,14627,20280,1,0.15,Standard,Credit Card,986.39,45,409.57,Delivered
511182,2025-10-22,12010,20077,1,0.15,Standard,Credit Card,1582.62,45,329.22,Cancelled
511183,2025-01-12,13577,20095,1,0.05,Express,Upi,1096.51,90,126.19,Delivered
511184,2024-03-27,13821,20166,2,0.1,Express,Net Banking,1169.17,90,441.27,Delivered
511185,2025-11-04,10043,20008,4,0.2,Standard,Debit Card,1863.55,45,616.51,Delivered
511186,2025-11-10,13602,20158,1,0.05,Express,Credit Card,1141.42,90,252.91,Delivered
511187,2024-05-14,14227,20019,1,0.2,Standard,Credit Card,410.35,45,75.63,Delivered
511188,2024-03-30,11513,20286,2,0.05,Standard,Cash On Delivery,4627.49,45,2062.17,Delivered
511189,2025-05-02,14715,20055,2,0.2,Standard,Net Banking,4509.76,45,101.96,Delivered
511190,2025-08-15,13569,20174,2,0.1,Standard,Cash On Delivery,3210.41,45,1313.49,Delivered
511191,2024-03-29,14920,20166,2,0.15,Standard,Upi,1104.22,45,421.32,Delivered
511192,2024-10-19,10528,20273,2,0.1,Express,Debit Card,2575.76,90,1126.52,Delivered
511193,2025-03-21,10460,20037,4,0.05,Standard,Upi,6467.75,70,2229.35,Delivered
511194,2025-02-02,12080,20042,2,0.05,Express,Upi,15241.88,115,5464.74,Delivered
511195,2025-05-28,14610,20255,1,0.05,Express,Net Banking,780.91,90,230.37,Delivered
511196,2025-01-29,11728,20065,3,0.05,Express,Credit Card,6160.59,115,1574.66,Delivered
511197,2024-01-17,12779,20094,1,0.2,Express,Net Banking,2098.39,90,568.17,Delivered
511198,2025-12-08,13989,20010,1,0.1,Express,Credit Card,874.67,90,179.63,Delivered
511199,2025-09-23,13228,20180,1,0.05,Standard,Upi,2644.09,45,786.14,Delivered
511200,2024-08-29,13099,20280,1,0.15,Express,Upi,986.39,90,364.57,Delivered
511201,2025-11-16,14045,20021,1,0.0,Express,Debit Card,12380.6,115,4367.81,Delivered
511202,2025-06-27,11177,20180,1,0.05,Express,Debit Card,2644.09,90,741.14,Delivered
511203,2025-12-07,14724,20079,2,0.1,Express,Cash On Delivery,3882.24,90,563.34,Delivered
511204,2024-01-04,11274,20133,1,0.1,Standard,Unknown,1300.66,45,500.18,Delivered
511205,2024-10-07,13570,20164,4,0.05,Standard,Net Banking,2896.89,45,683.69,Cancelled
511206,2025-06-16,13578,20115,1,0.0,Express,Upi,1116.58,90,480.95,Delivered
511207,2025-04-15,12342,20278,2,0.15,Standard,Upi,11933.47,70,1639.81,Delivered
511208,2024-08-25,13001,20052,2,0.2,Express,Upi,3193.17,90,491.35,Delivered
511209,2025-08-27,14384,20084,1,0.15,Standard,Credit Card,1352.93,45,213.16,Delivered
511210,2025-04-22,14364,20284,2,0.05,Standard,Upi,622.69,45,254.25,Delivered
511211,2024-03-29,10207,20287,2,0.15,Standard,Debit Card,3310.84,45,413.66,Delivered
511212,2024-04-22,12211,20152,2,0.05,Standard,Upi,561.77,45,232.03,Delivered
511213,2025-09-01,12636,20254,3,0.15,Standard,Debit Card,1155.35,45,422.57,Delivered
511214,2024-05-21,13415,20130,1,0.15,Standard,Debit Card,504.92,45,179.5,Cancelled
511215,2025-10-23,12028,20063,3,0.05,Standard,Cash On Delivery,751.52,45,117.65,Delivered
511216,2025-07-13,14727,20041,1,0.0,Standard,Credit Card,150.0,45,21.51,Delivered
511217,2024-02-20,11869,20089,1,0.1,Standard,Upi,559.7,45,98.1,Delivered
511218,2024-07-26,12000,20279,3,0.15,Standard,Credit Card,4058.27,45,1725.26,Delivered
511219,2025-06-06,14705,20178,2,0.05,Same Day,Cash On Delivery,984.68,140,327.24,Delivered
511220,2025-05-22,14111,20161,2,0.1,Standard,Debit Card,4711.59,45,1488.03,Delivered
511221,2024-09-26,10566,20043,1,0.1,Standard,Debit Card,475.82,45,98.25,Delivered
511222,2024-09-19,10057,20055,2,0.15,Standard,Cash On Delivery,4791.62,45,383.82,Delivered
511223,2025-12-09,13012,20051,2,0.05,Standard,Cash On Delivery,2786.84,45,1381.82,Delivered
511224,2024-07-04,10088,20165,1,0.0,Standard,Cash On Delivery,345.11,45,142.26,Delivered
511225,2024-08-08,11644,20063,1,0.05,Standard,Credit Card,250.51,45,9.22,Delivered
511226,2024-03-21,14081,20249,1,0.1,Express,Debit Card,1696.01,90,155.62,Delivered
511227,2025-02-12,14518,20107,1,0.05,Express,Credit Card,553.25,90,122.61,Delivered
511228,2025-11-12,11853,20177,2,0.05,Express,Cash On Delivery,2020.88,90,346.08,Delivered
511229,2024-03-26,14191,20129,3,0.1,Express,Net Banking,9738.95,115,3904.15,Delivered
511230,2025-07-09,12742,20255,4,0.15,Standard,Debit Card,2794.83,45,907.67,Delivered
511231,2024-04-13,14738,20193,1,0.0,Express,Upi,654.23,90,127.95,Delivered
511232,2024-10-10,14077,20094,2,0.1,Standard,Credit Card,4721.38,45,1795.94,Delivered
511233,2025-04-04,11217,20096,2,0.1,Express,Cash On Delivery,2943.16,90,833.26,Delivered
511234,2025-11-30,13538,20177,1,0.1,Same Day,Net Banking,957.26,140,24.86,Delivered
511235,2025-04-05,14200,20047,1,0.15,Standard,Upi,429.25,45,110.67,Delivered
511236,2024-04-30,14051,20127,3,0.0,Express,Cash On Delivery,14120.49,115,5147.9,Delivered
511237,2025-10-22,12512,20266,3,0.1,Standard,Upi,1628.45,45,464.45,Delivered
511238,2024-12-17,13636,20300,3,0.25,Standard,Upi,1957.75,45,391.27,Delivered
511239,2025-03-15,12896,20240,1,0.1,Express,Credit Card,943.06,90,226.26,Delivered
511240,2025-07-22,12836,20300,5,0.25,Express,Cash On Delivery,3262.91,90,637.11,Delivered
511241,2024-07-07,14716,20225,2,0.3,Express,Upi,15722.06,115,687.04,Delivered
511242,2025-07-03,12414,20004,1,0.15,Standard,Upi,290.16,45,9.34,Delivered
511243,2025-12-13,11917,20064,2,0.1,Standard,Net Banking,3749.2,45,1605.5,Delivered
511244,2024-08-16,14278,20236,1,0.15,Same Day,Credit Card,2990.32,140,1098.53,Delivered
511245,2025-01-20,12291,20253,1,0.15,Standard,Cash On Delivery,495.52,45,164.55,Cancelled
511246,2024-05-10,14316,20169,4,0.15,Standard,Upi,4143.99,45,1279.59,Delivered
511247,2024-06-19,12748,20030,1,0.0,Same Day,Upi,520.59,140,13.0,Delivered
511248,2024-11-25,14131,20071,1,0.15,Standard,Upi,1737.37,45,454.88,Delivered
511249,2024-02-04,13864,20230,1,0.2,Same Day,Upi,610.76,140,-46.0,Cancelled
511250,2024-07-19,10675,20136,1,0.0,Standard,Upi,315.13,45,92.68,Delivered
511251,2024-06-16,12910,20085,3,0.05,Express,Cash On Delivery,7252.57,115,1875.45,Delivered
511252,2025-05-23,11901,20197,3,0.2,Express,Cash On Delivery,7283.28,115,674.63,Delivered
511253,2025-05-25,10755,20160,1,0.15,Standard,Credit Card,509.39,45,113.31,Delivered
511254,2024-09-02,14504,20208,1,0.0,Standard,Upi,2753.3,45,723.98,Delivered
511255,2024-08-11,10048,20040,1,0.15,Express,Net Banking,832.4,90,182.68,Delivered
511256,2024-12-06,10196,20190,3,0.15,Express,Credit Card,1632.36,90,344.61,Delivered
511257,2025-07-23,13038,20218,1,0.0,Standard,Debit Card,618.0,45,192.84,Delivered
511258,2025-06-20,11716,20155,3,0.05,Standard,Debit Card,798.6,45,134.88,Delivered
511259,2025-03-15,11890,20123,1,0.1,Standard,Net Banking,5147.06,70,1615.43,Delivered
511260,2025-06-27,14357,20220,1,0.1,Standard,Cash On Delivery,4156.88,45,1184.42,Delivered
511261,2025-09-13,11751,20289,1,0.05,Standard,Cash On Delivery,1662.02,45,624.26,Delivered
511262,2025-09-04,11517,20105,1,0.15,Standard,Net Banking,5010.81,70,623.5,Delivered
511263,2024-05-29,11060,20079,2,0.0,Standard,Credit Card,4313.6,45,1039.7,Delivered
511264,2025-12-05,10198,20199,2,0.0,Express,Net Banking,1534.96,90,522.66,Delivered
511265,2025-09-12,10395,20212,3,0.0,Express,Upi,3062.88,90,793.59,Delivered
511266,2024-12-21,10567,20013,2,0.15,Standard,Debit Card,431.66,45,-0.24,Delivered
511267,2025-06-16,11761,20285,1,0.25,Same Day,Cash On Delivery,474.15,140,-41.58,Delivered
511268,2025-01-07,12382,20138,3,0.0,Standard,Net Banking,7149.24,70,2504.39,Delivered
511269,2025-02-15,11043,20076,1,0.1,Standard,Credit Card,1568.92,45,330.37,Delivered
511270,2024-09-08,14958,20186,1,0.05,Standard,Upi,2326.39,45,920.59,Delivered
511271,2024-01-14,11567,20214,1,0.15,Standard,Net Banking,1504.21,45,611.1,Delivered
511272,2024-08-02,14257,20186,1,0.1,Standard,Credit Card,2203.95,45,798.15,Cancelled
511273,2025-06-19,14356,20209,1,0.1,Same Day,Credit Card,1055.92,140,280.34,Delivered
511274,2024-01-20,14973,20070,1,0.2,Standard,Credit Card,1644.73,45,553.32,Delivered
511275,2025-05-02,10915,20045,1,0.1,Standard,Upi,794.85,45,146.15,Delivered
511276,2025-12-14,11112,20178,4,0.1,Standard,Upi,1865.7,45,785.82,Delivered
511277,2025-03-11,14914,20176,1,0.05,Standard,Upi,242.9,45,74.31,Delivered
511278,2024-11-16,13462,20270,2,0.1,Standard,Net Banking,1564.99,45,299.81,Delivered
511279,2024-02-21,12532,20172,1,0.15,Express,Upi,998.0,90,26.45,Delivered
511280,2024-12-22,12318,20244,1,0.15,Standard,Debit Card,362.95,45,74.83,Delivered
511281,2025-11-28,11152,20156,1,0.0,Standard,Upi,1928.01,45,630.75,Delivered
511282,2025-12-19,13218,20189,1,0.15,Standard,Upi,1070.84,45,163.45,Delivered
511283,2025-08-29,11150,20199,1,0.05,Standard,Credit Card,729.11,45,222.96,Delivered
511284,2024-12-13,11537,20075,2,0.15,Standard,Credit Card,5790.03,70,2627.55,Delivered
511285,2024-11-21,10365,20033,2,0.05,Standard,Net Banking,2069.94,45,370.04,Delivered
511286,2025-06-10,13614,20195,2,0.15,Standard,Net Banking,8884.64,70,2525.02,Delivered
511287,2025-11-17,13164,20093,1,0.05,Standard,Net Banking,676.04,45,220.02,Delivered
511288,2024-08-06,13777,20134,2,0.25,Standard,Cash On Delivery,1683.75,45,124.97,Delivered
511289,2025-06-05,10654,20192,3,0.15,Standard,Credit Card,3398.64,45,562.02,Delivered
511290,2025-02-08,13723,20106,3,0.05,Standard,Upi,3472.7,45,1455.23,Delivered
511291,2024-01-19,13868,20231,1,0.2,Standard,Upi,443.18,45,138.53,Delivered
511292,2025-08-02,13116,20299,2,0.25,Express,Net Banking,2145.21,90,-92.53,Delivered
511293,2024-10-20,11152,20028,3,0.1,Standard,Upi,20037.83,70,2928.43,Delivered
511294,2024-01-15,14070,20015,1,0.1,Standard,Debit Card,1230.21,45,520.78,Delivered
511295,2024-11-21,12150,20152,4,0.05,Standard,Credit Card,1123.55,45,509.07,Delivered
511296,2025-09-17,12841,20090,2,0.15,Express,Credit Card,1762.68,90,612.04,Delivered
511297,2024-06-06,13025,20190,1,0.05,Standard,Net Banking,608.13,45,163.88,Delivered
511298,2024-04-13,12470,20193,2,0.2,Standard,Upi,1046.77,45,129.21,Delivered
511299,2025-08-20,13875,20026,2,0.05,Express,Upi,4130.28,90,1400.24,Delivered
511300,2025-08-28,14984,20110,3,0.0,Standard,Upi,1716.96,45,471.24,Delivered
511301,2025-11-16,13546,20129,1,0.3,Express,Credit Card,2524.91,90,528.31,Delivered
511302,2024-10-08,13170,20082,1,0.1,Standard,Debit Card,1841.23,45,203.35,Delivered
511303,2024-05-26,12505,20209,3,0.15,Standard,Credit Card,2991.76,45,1040.02,Delivered
511304,2025-05-28,14907,20046,3,0.05,Standard,Credit Card,12035.61,70,2573.12,Delivered
511305,2024-03-08,11416,20001,2,0.05,Standard,Credit Card,2876.24,45,971.28,Delivered
511306,2025-05-18,13371,20051,2,0.1,Standard,Upi,2640.17,45,1235.15,Delivered
511307,2024-03-09,11655,20164,1,0.2,Express,Debit Card,609.87,90,-22.18,Delivered
511308,2025-07-12,13743,20099,4,0.1,Express,Upi,8350.88,115,2058.28,Delivered
511309,2025-02-16,10259,20286,3,0.1,Standard,Upi,6575.9,70,2725.42,Delivered
511310,2024-03-04,14745,20258,3,0.1,Standard,Debit Card,1818.07,45,733.63,Delivered
511311,2025-08-14,10145,20100,1,0.05,Standard,Upi,1174.2,45,182.31,Delivered
511312,2024-08-24,13111,20025,5,0.15,Standard,Debit Card,14459.18,70,1211.63,Delivered
511313,2025-01-30,12505,20147,1,0.0,Standard,Upi,1029.5,45,260.86,Cancelled
511314,2024-05-18,10343,20243,2,0.25,Standard,Debit Card,715.82,45,11.96,Delivered
511315,2024-11-11,10246,20071,3,0.15,Standard,Credit Card,5212.1,70,1429.63,Delivered
511316,2025-10-27,14429,20014,1,0.05,Express,Credit Card,8148.74,115,3941.43,Delivered
511317,2025-02-26,11612,20289,1,0.2,Express,Credit Card,1399.59,90,316.83,Delivered
511318,2024-05-11,12813,20293,1,0.1,Express,Upi,1899.22,90,236.21,Delivered
511319,2024-08-13,14374,20286,2,0.05,Standard,Debit Card,4627.49,45,2062.17,Delivered
511320,2025-08-26,12069,20206,1,0.05,Standard,Upi,991.14,45,378.1,Delivered
511321,2025-04-17,13524,20269,1,0.1,Standard,Credit Card,403.6,45,150.59,Delivered
511322,2024-04-27,13571,20294,1,0.2,Standard,Upi,1555.52,45,595.21,Delivered
511323,2025-09-29,10028,20073,3,0.05,Standard,Credit Card,2624.59,45,1024.48,Delivered
511324,2024-12-04,12944,20087,1,0.15,Express,Upi,384.57,90,57.02,Delivered
511325,2025-02-22,12006,20166,1,0.05,Standard,Credit Card,617.06,45,253.11,Delivered
511326,2025-03-10,13314,20297,4,0.3,Standard,Credit Card,870.86,45,-104.46,Delivered
511327,2024-06-27,11936,20231,2,0.05,Express,Credit Card,1052.56,90,443.26,Delivered
511328,2025-04-06,11028,20192,1,0.2,Standard,Credit Card,1066.24,45,90.7,Delivered
511329,2025-08-19,12268,20056,1,0.05,Same Day,Credit Card,4455.15,140,1753.13,Delivered
511330,2025-11-06,11449,20215,4,0.1,Express,Debit Card,2040.52,90,870.52,Delivered
511331,2025-12-18,12962,20187,2,0.05,Standard,Upi,5562.33,70,941.45,Delivered
511332,2024-04-13,10012,20096,1,0.15,Express,Credit Card,1389.83,90,289.88,Delivered
511333,2024-04-23,11590,20245,1,0.15,Standard,Cash On Delivery,707.91,45,72.46,Delivered
511334,2025-11-30,11688,20167,1,0.0,Standard,Upi,1133.06,45,259.32,Delivered
511335,2024-09-27,12307,20259,2,0.2,Standard,Upi,2212.94,45,36.1,Delivered
511336,2025-07-16,14525,20136,2,0.2,Standard,Net Banking,504.21,45,104.31,Delivered
511337,2024-11-01,11357,20207,1,0.0,Standard,Cash On Delivery,745.47,45,301.61,Delivered
511338,2025-09-14,14553,20249,2,0.0,Standard,Debit Card,3768.92,45,823.14,Delivered
511339,2024-02-24,11974,20254,4,0.0,Standard,Upi,1812.32,45,850.28,Delivered
511340,2025-06-07,14020,20016,1,0.05,Same Day,Upi,2708.42,140,491.58,Delivered
511341,2025-03-09,12270,20282,3,0.25,Standard,Net Banking,1621.69,45,366.04,Delivered
511342,2024-07-08,12183,20160,2,0.05,Same Day,Cash On Delivery,1138.63,140,296.47,Cancelled
511343,2025-01-23,12168,20264,1,0.25,Express,Net Banking,537.55,90,-61.54,Delivered
511344,2025-10-28,12649,20060,2,0.05,Standard,Cash On Delivery,6698.18,70,2287.28,Delivered
511345,2024-11-30,10999,20268,1,0.15,Standard,Cash On Delivery,3003.19,45,927.24,Delivered
511346,2024-12-11,13287,20187,1,0.15,Standard,Upi,2488.41,45,167.97,Delivered
511347,2024-09-21,13109,20187,1,0.05,Express,Credit Card,2781.16,90,415.72,Delivered
511348,2024-04-13,14618,20044,1,0.2,Express,Net Banking,1795.17,90,590.29,Delivered
511349,2025-11-05,14061,20166,1,0.0,Standard,Credit Card,649.54,45,285.59,Delivered
511350,2024-05-20,11145,20153,1,0.0,Standard,Upi,1873.83,45,649.37,Delivered
511351,2025-07-09,13808,20152,2,0.1,Express,Upi,532.21,90,157.47,Delivered
511352,2024-08-26,12986,20097,1,0.1,Standard,Upi,446.72,45,86.43,Delivered
511353,2025-03-05,13170,20189,2,0.15,Standard,Cash On Delivery,2141.68,45,371.9,Delivered
511354,2025-08-31,11633,20137,1,0.0,Standard,Cash On Delivery,320.72,45,117.44,Delivered
511355,2024-04-07,12909,20217,2,0.15,Standard,Net Banking,901.51,45,366.65,Delivered
511356,2025-04-05,10276,20209,1,0.1,Express,Debit Card,1055.92,90,330.34,Delivered
511357,2025-07-18,13565,20052,2,0.1,Standard,Upi,3592.31,45,935.49,Delivered
511358,2025-09-12,11991,20198,2,0.1,Standard,Upi,3575.57,45,1249.79,Delivered
511359,2024-09-13,14588,20036,1,0.0,Standard,Credit Card,2337.09,45,1065.88,Delivered
511360,2024-01-11,11541,20105,1,0.1,Standard,Credit Card,5305.56,70,918.25,Delivered
511361,2024-06-26,11761,20012,2,0.1,Express,Credit Card,11065.12,115,2881.12,Delivered
511362,2025-01-27,13438,20168,2,0.15,Standard,Credit Card,3765.02,45,507.96,Delivered
511363,2024-10-20,10729,20214,1,0.0,Express,Credit Card,1769.66,90,831.55,Delivered
511364,2025-01-31,12990,20042,3,0.15,Standard,Debit Card,20456.2,70,5892.99,Delivered
511365,2025-01-23,14183,20067,2,0.05,Express,Credit Card,3135.17,90,739.07,Delivered
511366,2025-06-20,10891,20169,5,0.1,Standard,Upi,5484.69,70,1890.44,Delivered
511367,2025-09-29,11636,20152,1,0.15,Standard,Credit Card,251.32,45,63.95,Delivered
511368,2024-09-22,13922,20197,1,0.3,Express,Credit Card,2124.29,90,-130.26,Delivered
511369,2024-05-12,14470,20013,3,0.1,Standard,Upi,685.58,45,60.23,Delivered
511370,2024-10-04,11340,20229,1,0.0,Express,Upi,6094.72,115,1820.24,Delivered
511371,2025-07-07,14563,20162,2,0.15,Standard,Debit Card,2738.9,45,520.16,Delivered
511372,2024-04-10,12861,20103,3,0.3,Standard,Credit Card,2032.65,45,359.52,Delivered
511373,2025-02-07,12379,20131,1,0.0,Express,Net Banking,186.71,90,8.61,Delivered
511374,2024-10-10,13620,20096,1,0.0,Express,Upi,1635.09,90,535.14,Delivered
511375,2024-10-03,14692,20216,1,0.1,Standard,Upi,5630.55,70,2111.94,Delivered
511376,2024-05-18,10778,20201,4,0.0,Express,Cash On Delivery,2391.16,90,1199.64,Delivered
511377,2024-08-08,12587,20131,4,0.1,Express,Debit Card,672.16,90,229.76,Delivered
511378,2024-03-09,13541,20202,1,0.05,Express,Debit Card,516.34,90,121.62,Delivered
511379,2024-06-25,11537,20291,1,0.15,Express,Debit Card,720.9,90,-6.31,Delivered
511380,2025-01-07,12218,20276,1,0.05,Same Day,Upi,1639.97,140,208.58,Delivered
511381,2025-12-09,11656,20048,1,0.05,Standard,Debit Card,601.29,45,233.79,Delivered
511382,2025-06-28,12125,20043,3,0.25,Express,Credit Card,1189.55,90,101.84,Delivered
511383,2024-10-27,12422,20081,3,0.15,Standard,Credit Card,1738.9,45,596.71,Delivered
511384,2024-08-15,10053,20068,1,0.15,Express,Upi,448.42,90,-3.27,Delivered
511385,2025-10-09,11519,20234,1,0.1,Standard,Upi,7335.95,70,2971.37,Delivered
511386,2025-01-06,12180,20241,3,0.0,Standard,Upi,643.38,45,276.66,Delivered
511387,2025-10-07,11735,20199,3,0.1,Standard,Upi,2072.2,45,643.75,Delivered
511388,2025-02-02,12612,20183,4,0.05,Same Day,Upi,4913.51,140,2344.39,Delivered
511389,2024-05-22,14691,20210,1,0.05,Standard,Upi,636.46,45,144.59,Delivered
511390,2024-05-16,10928,20154,1,0.2,Standard,Debit Card,556.29,45,0.94,Delivered
511391,2025-07-26,14345,20159,4,0.2,Standard,Upi,24720.99,70,2973.59,Delivered
511392,2024-02-25,10546,20182,1,0.05,Express,Credit Card,1063.7,90,266.04,Delivered
511393,2025-10-06,14962,20184,1,0.1,Same Day,Upi,737.05,140,37.77,Delivered
511394,2025-01-16,14491,20056,1,0.25,Same Day,Credit Card,3517.22,140,815.2,Delivered
511395,2025-04-15,12611,20127,2,0.15,Standard,Net Banking,8001.61,70,2026.55,Delivered
511396,2024-07-26,10340,20053,2,0.2,Standard,Debit Card,2152.02,45,683.68,Delivered
511397,2025-09-29,13723,20200,3,0.1,Standard,Debit Card,4694.46,45,633.99,Delivered
511398,2025-09-26,14981,20034,1,0.1,Standard,Credit Card,952.36,45,295.25,Delivered
511399,2024-02-04,13947,20046,1,0.15,Express,Cash On Delivery,3589.57,90,368.74,Delivered
511400,2024-09-22,11808,20208,3,0.05,Express,Upi,7846.91,115,1778.95,Delivered
511401,2025-08-25,13340,20050,2,0.15,Express,Upi,3359.57,90,1251.57,Delivered
511402,2024-01-21,14000,20197,1,0.1,Express,Upi,2731.23,90,476.68,Delivered
511403,2024-05-19,11381,20011,2,0.15,Standard,Upi,1479.75,45,520.95,Delivered
511404,2024-09-21,13339,20231,1,0.05,Express,Upi,526.28,90,176.63,Delivered
511405,2025-02-03,10266,20086,3,0.15,Standard,Credit Card,828.52,45,125.2,Delivered
511406,2025-04-01,14310,20146,2,0.15,Standard,Credit Card,1515.62,45,136.94,Delivered
511407,2024-04-29,13668,20159,3,0.2,Standard,Credit Card,18540.74,70,2212.69,Delivered
511408,2025-01-17,11672,20023,1,0.1,Standard,Upi,418.35,45,24.1,Cancelled
511409,2025-06-18,14945,20181,5,0.2,Standard,Credit Card,7707.84,70,832.04,Delivered
511410,2024-02-08,13766,20062,3,0.0,Standard,Cash On Delivery,1026.24,45,270.99,Delivered
511411,2025-10-01,12658,20074,2,0.05,Express,Upi,1884.48,90,490.16,Delivered
511412,2024-01-22,13780,20017,3,0.0,Standard,Debit Card,3666.6,45,1839.03,Delivered
511413,2025-07-20,10467,20297,1,0.05,Standard,Debit Card,295.47,45,17.89,Delivered
511414,2024-02-16,14076,20255,4,0.1,Standard,Net Banking,2959.24,45,1072.08,Delivered
511415,2025-06-22,14200,20264,1,0.15,Express,Debit Card,609.22,90,10.13,Delivered
511416,2025-01-18,11375,20185,1,0.0,Express,Credit Card,2577.26,90,1001.62,Delivered
511417,2025-04-26,13990,20181,2,0.05,Standard,Net Banking,3661.22,45,893.9,Delivered
511418,2024-02-17,12103,20218,2,0.15,Express,Credit Card,1050.6,90,200.28,Delivered
511419,2025-11-09,12963,20106,2,0.15,Express,Upi,2071.43,90,666.45,Delivered
511420,2024-03-21,14914,20055,2,0.1,Same Day,Credit Card,5073.48,165,545.68,Delivered
511421,2025-09-21,12876,20137,2,0.15,Standard,Cash On Delivery,545.22,45,183.66,Delivered
511422,2024-02-14,10580,20288,3,0.15,Standard,Credit Card,2728.78,45,1191.49,Delivered
511423,2024-10-01,12976,20057,2,0.05,Standard,Cash On Delivery,3106.8,45,615.16,Delivered
511424,2025-11-23,12258,20100,2,0.1,Express,Net Banking,2224.8,90,241.02,Delivered
511425,2024-11-06,11644,20005,2,0.15,Same Day,Net Banking,717.32,140,111.96,Delivered
511426,2024-08-19,10697,20112,1,0.15,Standard,Debit Card,2146.46,45,203.05,Delivered
511427,2024-03-26,13210,20095,1,0.1,Standard,Credit Card,1038.8,45,113.48,Delivered
511428,2024-04-14,12546,20223,1,0.1,Same Day,Credit Card,1178.42,140,304.57,Delivered
511429,2024-06-25,11507,20186,3,0.05,Standard,Debit Card,6979.17,70,2826.77,Delivered
511430,2025-08-12,12390,20137,1,0.1,Standard,Upi,288.65,45,85.37,Delivered
511431,2025-09-29,14861,20225,1,0.15,Standard,Unknown,9545.53,70,2015.52,Delivered
511432,2024-07-07,11037,20251,1,0.1,Express,Credit Card,658.72,90,216.73,Delivered
511433,2024-02-29,11022,20026,2,0.1,Standard,Debit Card,3912.89,45,1227.85,Delivered
511434,2024-08-07,12623,20191,1,0.25,Standard,Credit Card,774.2,45,2.4,Delivered
511435,2025-08-10,12934,20194,3,0.0,Express,Cash On Delivery,15608.52,115,3330.5,Delivered
511436,2025-08-25,12266,20290,2,0.15,Standard,Credit Card,7912.87,70,1714.09,Delivered
511437,2024-04-25,10198,20006,2,0.15,Standard,Credit Card,982.18,45,316.82,Delivered
511438,2025-04-14,12553,20220,1,0.1,Standard,Debit Card,4156.88,45,1184.42,Delivered
511439,2024-06-15,14048,20213,1,0.05,Express,Upi,2944.78,90,660.01,Delivered
511440,2025-09-29,11816,20075,1,0.1,Standard,Debit Card,3065.31,45,1474.07,Delivered
511441,2025-03-20,13644,20164,2,0.05,Standard,Upi,1448.45,45,319.35,Delivered
511442,2024-08-20,11954,20231,1,0.15,Standard,Cash On Delivery,470.88,45,166.23,Delivered
511443,2024-04-23,12072,20240,1,0.1,Standard,Credit Card,943.06,45,271.26,Delivered
511444,2025-05-22,13234,20091,3,0.1,Express,Upi,14860.64,115,3710.53,Delivered
511445,2025-09-03,14121,20113,1,0.15,Same Day,Upi,359.35,140,-9.44,Delivered
511446,2024-05-30,12213,20130,1,0.05,Standard,Debit Card,564.32,45,238.9,Delivered
511447,2025-08-06,11947,20101,3,0.15,Standard,Upi,4897.63,45,2057.53,Delivered
511448,2025-01-04,14398,20027,2,0.3,Standard,Cash On Delivery,1392.78,45,397.06,Delivered
511449,2024-12-14,14043,20018,1,0.05,Express,Credit Card,2374.46,90,1127.24,Delivered
511450,2024-06-15,10530,20205,1,0.0,Standard,Debit Card,13558.32,70,3364.16,Delivered
511451,2024-03-12,10356,20210,1,0.25,Standard,Upi,502.47,45,10.6,Delivered
511452,2024-12-18,12148,20011,3,0.1,Standard,Upi,2350.19,45,934.49,Delivered
511453,2024-01-11,11412,20004,1,0.15,Express,Upi,290.16,90,-35.66,Delivered
511454,2025-09-29,10088,20103,2,0.1,Express,Upi,1742.27,90,566.85,Delivered
511455,2024-06-01,13983,20205,4,0.2,Standard,Credit Card,43386.62,70,2819.98,Delivered
511456,2024-06-10,14151,20083,1,0.1,Express,Credit Card,881.16,90,300.08,Delivered
511457,2025-01-20,11333,20043,1,0.05,Standard,Net Banking,502.26,45,124.69,Delivered
511458,2025-11-21,13785,20252,1,0.2,Express,Debit Card,503.32,90,75.59,Delivered
511459,2024-05-23,14052,20039,1,0.05,Standard,Debit Card,2915.28,45,807.9,Delivered
511460,2024-05-18,10043,20153,2,0.15,Standard,Upi,3185.51,45,781.59,Delivered
511461,2024-07-24,10474,20243,1,0.1,Standard,Credit Card,429.49,45,55.06,Delivered
511462,2024-04-05,14249,20084,3,0.1,Standard,Cash On Delivery,4297.54,45,968.23,Delivered
511463,2025-12-26,11173,20055,3,0.15,Standard,Credit Card,7187.43,70,573.23,Delivered
511464,2025-08-03,10226,20093,1,0.15,Standard,Upi,604.88,45,148.86,Delivered
511465,2024-12-21,14934,20108,2,0.1,Standard,Credit Card,4187.99,45,934.13,Delivered
511466,2025-04-15,11188,20220,4,0.05,Express,Upi,17551.29,115,5726.45,Delivered
511467,2024-11-13,11334,20037,1,0.15,Standard,Debit Card,1446.73,45,359.63,Delivered
511468,2025-05-26,10419,20234,2,0.2,Standard,Credit Card,13041.68,70,4382.52,Delivered
511469,2024-01-19,14611,20122,1,0.25,Express,Upi,2854.66,90,80.07,Delivered
511470,2025-02-16,12754,20075,1,0.0,Standard,Upi,3405.9,45,1814.66,Delivered
511471,2025-02-10,12249,20208,1,0.15,Standard,Debit Card,2340.31,45,310.99,Delivered
511472,2025-02-05,14969,20073,2,0.05,Standard,Credit Card,1749.73,45,667.99,Delivered
511473,2024-04-10,12715,20091,3,0.1,Standard,Net Banking,16511.82,70,5406.71,Delivered
511474,2025-08-15,14048,20294,1,0.0,Standard,Upi,1944.4,45,984.09,Delivered
511475,2025-11-25,10168,20300,1,0.0,Standard,Credit Card,870.11,45,317.95,Delivered
511476,2024-01-18,11699,20235,1,0.25,Express,Upi,3847.82,90,847.14,Delivered
511477,2024-06-03,13735,20214,2,0.15,Standard,Net Banking,3008.42,45,1267.2,Delivered
511478,2024-05-08,13083,20068,2,0.15,Standard,Upi,896.83,45,128.45,Delivered
511479,2024-11-10,12745,20224,2,0.2,Express,Credit Card,561.01,90,110.27,Delivered
511480,2024-12-31,13667,20216,1,0.2,Express,Debit Card,5004.94,115,1441.33,Delivered
511481,2025-04-06,14629,20166,3,0.0,Standard,Net Banking,1948.62,45,946.77,Delivered
511482,2024-06-09,14700,20061,1,0.15,Standard,Cash On Delivery,1626.88,45,670.95,Delivered
511483,2025-09-22,13723,20284,2,0.1,Express,Upi,589.91,90,176.47,Delivered
511484,2025-01-10,10111,20070,1,0.1,Standard,Credit Card,1850.32,45,758.91,Delivered
511485,2024-11-27,10247,20031,1,0.15,Express,Credit Card,720.08,90,240.12,Delivered
511486,2025-11-15,13025,20185,1,0.1,Standard,Upi,2319.53,45,788.89,Delivered
511487,2025-10-26,13615,20127,2,0.3,Standard,Upi,6589.56,70,614.5,Delivered
511488,2024-01-20,13561,20138,1,0.2,Express,Upi,1906.46,90,291.51,Delivered
511489,2025-06-29,13097,20140,2,0.05,Same Day,Upi,1786.93,140,380.69,Delivered
511490,2025-07-25,11445,20263,2,0.1,Standard,Debit Card,6584.47,70,1403.67,Delivered
511491,2025-04-06,11480,20088,3,0.15,Standard,Debit Card,1690.39,45,609.28,Delivered
511492,2024-06-06,12792,20156,3,0.1,Standard,Upi,5205.63,70,1378.85,Delivered
511493,2024-12-29,14596,20276,3,0.05,Standard,Credit Card,4919.9,45,1000.73,Delivered
511494,2025-12-18,12989,20120,2,0.1,Standard,Upi,4389.98,45,719.56,Cancelled
511495,2025-08-27,12308,20164,1,0.05,Express,Upi,724.22,90,92.17,Delivered
511496,2025-12-30,10535,20138,4,0.05,Standard,Cash On Delivery,9055.7,70,2885.9,Delivered
511497,2024-11-18,12475,20231,2,0.15,Standard,Debit Card,941.77,45,377.47,Delivered
511498,2024-03-29,10358,20300,2,0.1,Standard,Credit Card,1566.2,45,506.88,Delivered
511499,2024-06-21,13637,20202,1,0.1,Standard,Cash On Delivery,489.17,45,139.45,Delivered
511500,2024-02-09,10402,20090,1,0.15,Standard,Cash On Delivery,881.34,45,306.02,Delivered
511501,2024-07-21,13125,20233,1,0.1,Express,Credit Card,2384.57,90,391.83,Cancelled
511502,2025-07-12,14368,20074,1,0.1,Express,Upi,892.65,90,150.49,Delivered
511503,2024-08-30,10686,20289,4,0.15,Standard,Cash On Delivery,5948.27,70,1907.23,Delivered
511504,2025-05-20,13764,20165,2,0.1,Express,Net Banking,621.2,90,215.5,Delivered
511505,2024-03-28,14698,20141,1,0.2,Express,Credit Card,981.46,90,39.21,Delivered
511506,2025-10-30,14692,20088,1,0.15,Express,Credit Card,563.46,90,128.09,Delivered
511507,2025-11-04,10117,20293,1,0.1,Standard,Debit Card,1899.22,45,281.21,Delivered
511508,2025-06-15,14841,20019,4,0.25,Standard,Net Banking,1538.82,45,334.94,Delivered
511509,2025-10-21,10980,20030,1,0.1,Express,Upi,468.53,90,10.94,Delivered
511510,2025-12-13,13095,20214,2,0.25,Standard,Credit Card,2654.49,45,913.27,Delivered
511511,2024-05-30,11576,20252,1,0.2,Standard,Upi,503.32,45,120.59,Delivered
511512,2024-04-09,11703,20168,1,0.05,Standard,Credit Card,2103.98,45,452.95,Delivered
511513,2024-09-03,11360,20143,2,0.0,Express,Credit Card,4037.16,90,1762.64,Cancelled
511514,2025-09-16,11554,20198,2,0.05,Express,Cash On Delivery,3774.22,90,1403.44,Delivered
511515,2025-12-31,10779,20085,1,0.1,Standard,Debit Card,2290.28,45,491.24,Delivered
511516,2025-06-20,14179,20104,1,0.2,Express,Credit Card,780.75,90,-9.45,Delivered
511517,2025-05-10,14068,20118,3,0.05,Standard,Debit Card,3438.87,45,1183.14,Delivered
511518,2024-10-15,10396,20038,1,0.25,Express,Upi,1245.95,90,314.69,Delivered
511519,2025-02-18,14637,20136,4,0.3,Same Day,Debit Card,882.36,140,32.56,Delivered
511520,2025-09-06,12396,20076,1,0.1,Standard,Upi,1568.92,45,330.37,Delivered
511521,2024-03-19,14674,20295,2,0.05,Express,Credit Card,4517.25,90,967.97,Delivered
511522,2025-01-19,13284,20109,2,0.15,Standard,Debit Card,1647.15,45,666.79,Delivered
511523,2025-03-13,11909,20056,1,0.1,Standard,Credit Card,4220.67,45,1613.65,Delivered
511524,2025-06-11,11096,20018,2,0.1,Express,Debit Card,4498.97,90,2094.53,Cancelled
511525,2024-12-06,14919,20104,3,0.0,Standard,Net Banking,2927.82,45,782.22,Delivered
511526,2024-02-28,13162,20149,1,0.3,Standard,Upi,247.02,45,-69.21,Delivered
511527,2025-12-06,10848,20219,1,0.2,Standard,Net Banking,2744.23,45,708.71,Delivered
511528,2025-09-28,10019,20006,2,0.05,Express,Credit Card,1097.72,90,387.36,Delivered
511529,2025-06-27,10621,20159,3,0.0,Standard,Debit Card,23175.93,70,6847.88,Delivered
511530,2025-11-20,10476,20098,3,0.1,Standard,Net Banking,987.04,45,104.98,Delivered
511531,2024-08-06,13932,20251,1,0.05,Standard,Upi,695.31,45,298.32,Delivered
511532,2024-04-09,11514,20061,2,0.1,Express,Upi,3445.16,90,1533.3,Delivered
511533,2024-04-12,13780,20068,2,0.15,Standard,Credit Card,896.83,45,128.45,Delivered
511534,2025-09-21,12334,20253,1,0.1,Express,Credit Card,524.66,90,148.69,Delivered
511535,2024-04-28,12375,20112,4,0.1,Standard,Credit Card,9090.9,70,1427.26,Delivered
511536,2024-01-07,14179,20017,2,0.1,Standard,Net Banking,2199.96,45,966.58,Delivered
511537,2025-01-22,13557,20157,3,0.1,Standard,Credit Card,5345.24,70,1831.51,Delivered
511538,2025-04-22,11302,20067,2,0.25,Standard,Debit Card,2475.13,45,124.03,Delivered
511539,2025-06-05,14885,20003,1,0.1,Standard,Credit Card,461.02,45,73.28,Delivered
511540,2024-10-07,13282,20103,1,0.0,Standard,Debit Card,967.93,45,380.22,Delivered
511541,2024-02-11,10638,20155,1,0.2,Standard,Cash On Delivery,224.17,45,-27.07,Delivered
511542,2025-07-12,10728,20001,1,0.25,Standard,Upi,1135.36,45,160.38,Delivered
511543,2024-04-05,10919,20004,2,0.1,Express,Upi,614.45,90,52.81,Delivered
511544,2025-05-18,14020,20203,2,0.0,Standard,Credit Card,3686.52,45,1391.08,Delivered
511545,2024-09-02,10681,20033,1,0.0,Standard,Credit Card,1089.44,45,216.99,Delivered
511546,2024-08-11,12864,20011,3,0.1,Standard,Upi,2350.19,45,934.49,Delivered
511547,2024-04-23,13356,20204,3,0.0,Standard,Debit Card,5589.33,70,3001.43,Delivered
511548,2025-06-27,10473,20207,3,0.05,Express,Upi,2124.59,90,838.01,Delivered
511549,2024-11-25,13880,20185,1,0.15,Express,Debit Card,2190.67,90,615.03,Delivered
511550,2025-05-17,12744,20154,1,0.05,Express,Upi,660.59,90,60.24,Delivered
511551,2024-06-01,14909,20182,2,0.1,Standard,Net Banking,2015.42,45,555.1,Delivered
511552,2024-08-04,13480,20155,1,0.1,Standard,Credit Card,252.19,45,0.95,Delivered
511553,2025-05-03,13471,20228,1,0.1,Express,Credit Card,773.92,90,48.73,Delivered
511554,2024-09-28,11708,20102,2,0.1,Express,Net Banking,9065.54,115,1603.52,Delivered
511555,2025-02-03,13665,20182,1,0.1,Express,Debit Card,1007.71,90,210.05,Delivered
511556,2024-12-15,14826,20258,1,0.1,Standard,Upi,606.02,45,214.54,Cancelled
511557,2025-02-25,10103,20265,1,0.05,Express,Net Banking,239.22,90,-0.48,Delivered
511558,2024-09-17,12945,20072,1,0.05,Standard,Credit Card,1541.89,45,266.49,Delivered
511559,2025-06-02,13167,20241,5,0.05,Standard,Net Banking,1018.68,45,437.48,Delivered
511560,2025-12-17,12839,20115,1,0.05,Standard,Debit Card,1060.75,45,470.12,Delivered
511561,2024-09-20,13508,20065,3,0.2,Standard,Upi,5187.86,70,646.93,Delivered
511562,2024-11-13,11098,20277,1,0.25,Standard,Upi,4772.3,45,1633.13,Delivered
511563,2025-12-14,14133,20143,2,0.15,Express,Upi,3431.59,90,1157.07,Delivered
511564,2024-04-25,13402,20217,2,0.0,Standard,Credit Card,1060.6,45,525.74,Delivered
511565,2024-07-30,11450,20167,2,0.15,Same Day,Credit Card,1926.2,140,128.72,Delivered
511566,2024-06-08,14283,20016,1,0.15,Standard,Debit Card,2423.32,45,301.48,Delivered
511567,2025-04-21,14436,20035,2,0.1,Standard,Credit Card,4262.83,45,1709.77,Delivered
511568,2025-10-02,10786,20279,1,0.0,Express,Net Banking,1591.48,90,738.81,Delivered
511569,2024-05-27,10778,20140,1,0.1,Standard,Credit Card,846.44,45,168.32,Delivered
511570,2025-03-22,10472,20240,2,0.15,Standard,Credit Card,1781.33,45,482.73,Delivered
511571,2024-03-18,11450,20275,1,0.1,Standard,Net Banking,2603.56,45,1020.31,Delivered
511572,2024-09-18,12658,20115,1,0.15,Standard,Upi,949.09,45,358.46,Delivered
511573,2024-02-21,12900,20087,2,0.05,Standard,Debit Card,859.62,45,339.52,Delivered
511574,2024-09-14,14504,20139,2,0.15,Standard,Upi,560.24,45,144.22,Delivered
511575,2025-07-04,12219,20043,3,0.1,Express,Debit Card,1427.46,90,339.75,Delivered
511576,2024-09-04,12197,20069,1,0.15,Express,Debit Card,1707.05,90,695.69,Delivered
511577,2024-10-14,10509,20165,4,0.1,Standard,Net Banking,1242.4,45,566.0,Delivered
511578,2024-09-10,14675,20153,2,0.15,Standard,Upi,3185.51,45,781.59,Delivered
511579,2025-09-19,12604,20152,1,0.1,Express,Net Banking,266.1,90,33.73,Delivered
511580,2025-12-09,13988,20106,1,0.05,Standard,Upi,1157.57,45,455.08,Delivered
511581,2024-08-01,10632,20290,1,0.3,Express,Credit Card,3258.24,90,103.85,Delivered
511582,2024-04-01,14114,20079,2,0.05,Express,Cash On Delivery,4097.92,90,779.02,Delivered
511583,2025-06-27,14817,20111,1,0.1,Express,Credit Card,1170.79,90,447.97,Delivered
511584,2025-08-27,10667,20268,1,0.15,Express,Credit Card,3003.19,90,882.24,Delivered
511585,2024-08-19,11096,20148,2,0.1,Standard,Cash On Delivery,24393.76,70,7717.24,Delivered
511586,2025-10-04,13995,20071,2,0.15,Standard,Cash On Delivery,3474.73,45,954.75,Delivered
511587,2024-01-13,11664,20241,4,0.1,Standard,Credit Card,772.06,45,298.1,Delivered
511588,2025-06-16,12809,20228,1,0.15,Standard,Credit Card,730.92,45,50.73,Delivered
511589,2025-03-20,11395,20150,2,0.1,Standard,Credit Card,843.26,45,207.58,Delivered
511590,2025-05-17,14239,20073,1,0.3,Express,Upi,644.64,90,36.27,Delivered
511591,2025-06-09,10884,20017,2,0.05,Same Day,Debit Card,2322.18,140,993.8,Delivered
511592,2025-09-10,14055,20097,1,0.2,Standard,Upi,397.09,45,36.8,Delivered
511593,2025-02-09,13175,20258,2,0.1,Standard,Upi,1212.05,45,474.09,Delivered
511594,2025-10-01,11187,20263,1,0.0,Express,Cash On Delivery,3658.04,90,1012.64,Delivered
511595,2025-06-27,11599,20223,2,0.3,Standard,Upi,1833.09,45,320.39,Delivered
511596,2025-11-11,13613,20014,1,0.2,Standard,Debit Card,6862.1,70,2699.79,Delivered
511597,2024-10-14,11894,20260,3,0.0,Same Day,Debit Card,3714.12,140,909.79,Delivered
511598,2025-03-01,10117,20173,2,0.1,Express,Debit Card,1337.72,90,194.76,Delivered
511599,2025-03-11,13881,20191,1,0.2,Standard,Credit Card,825.81,45,54.01,Delivered
511600,2024-03-21,14353,20266,1,0.1,Standard,Upi,542.82,45,124.82,Delivered
511601,2025-05-02,13892,20045,1,0.25,Standard,Net Banking,662.38,45,13.68,Delivered
511602,2024-06-30,10252,20216,2,0.15,Express,Upi,10635.49,115,3623.27,Delivered
511603,2024-12-23,14716,20300,1,0.2,Standard,Cash On Delivery,696.09,45,143.93,Delivered
511604,2025-12-02,14803,20183,4,0.1,Standard,Upi,4654.91,45,2180.79,Delivered
511605,2024-09-11,14611,20146,3,0.0,Standard,Upi,2674.62,45,629.1,Delivered
511606,2024-06-14,13577,20011,3,0.05,Express,Upi,2480.75,90,1020.05,Delivered
511607,2025-04-09,11991,20242,1,0.05,Standard,Cash On Delivery,3895.96,45,1088.04,Delivered
511608,2024-09-12,11251,20182,1,0.2,Same Day,Debit Card,895.74,140,48.08,Delivered
511609,2025-02-26,11617,20129,1,0.25,Standard,Debit Card,2705.26,45,753.66,Delivered
511610,2024-07-16,14034,20053,3,0.05,Standard,Net Banking,3833.28,45,1653.27,Delivered
511611,2024-07-31,14952,20208,1,0.1,Standard,Credit Card,2477.97,45,448.65,Delivered
511612,2025-07-10,12427,20206,1,0.15,Standard,Upi,886.81,45,273.77,Delivered
511613,2025-06-08,14228,20033,1,0.1,Standard,Upi,980.5,45,108.05,Delivered
511614,2024-02-21,11235,20083,1,0.2,Express,Upi,783.26,90,202.18,Delivered
511615,2024-09-21,14813,20025,1,0.05,Standard,Net Banking,3232.05,45,551.54,Delivered
511616,2024-11-20,10042,20074,4,0.1,Standard,Net Banking,3570.59,45,916.95,Delivered
511617,2025-07-08,14173,20132,2,0.2,Standard,Net Banking,801.12,45,300.94,Delivered
511618,2024-01-07,11164,20152,1,0.1,Standard,Cash On Delivery,266.1,45,78.73,Delivered
511619,2024-02-13,11921,20190,2,0.15,Standard,Net Banking,1088.24,45,244.74,Delivered
511620,2024-06-20,10754,20218,4,0.15,Standard,Credit Card,2101.2,45,535.56,Delivered
511621,2024-04-11,14571,20225,1,0.1,Same Day,Upi,10107.04,165,2482.03,Delivered
511622,2025-08-02,14163,20076,2,0.15,Standard,Net Banking,2963.51,45,531.41,Delivered
511623,2025-09-25,10652,20166,1,0.1,Standard,Credit Card,584.59,45,220.64,Delivered
511624,2025-08-11,10454,20145,1,0.15,Standard,Credit Card,5304.41,70,1907.38,Delivered
511625,2024-10-22,14100,20010,1,0.1,Standard,Upi,874.67,45,224.63,Delivered
511626,2024-07-23,12954,20171,1,0.0,Standard,Net Banking,5670.78,70,1353.77,Delivered
511627,2025-05-05,14115,20289,1,0.15,Standard,Net Banking,1487.07,45,449.31,Delivered
511628,2024-11-13,14352,20037,2,0.1,Standard,Credit Card,3063.67,45,934.47,Delivered
511629,2024-06-19,12933,20120,3,0.15,Standard,Cash On Delivery,6219.14,70,711.01,Delivered
511630,2024-08-05,12576,20174,1,0.2,Express,Upi,1426.85,90,410.89,Delivered
511631,2025-05-15,13728,20038,1,0.2,Express,Upi,1329.02,90,397.76,Delivered
511632,2024-07-11,14419,20021,1,0.15,Standard,Upi,10523.51,70,2555.72,Delivered
511633,2024-11-28,11636,20161,4,0.05,Express,Credit Card,9946.69,115,3474.57,Delivered
511634,2024-06-01,13904,20218,1,0.1,Express,Credit Card,556.2,90,86.04,Delivered
511635,2025-07-06,11196,20244,1,0.1,Standard,Debit Card,384.3,45,96.18,Delivered
511636,2024-01-23,14798,20043,1,0.15,Standard,Net Banking,449.39,45,71.82,Delivered
511637,2025-11-28,14129,20118,3,0.15,Standard,Upi,3076.88,45,821.15,Delivered
511638,2024-08-03,11352,20094,4,0.15,Standard,Credit Card,8918.17,70,3087.29,Delivered
511639,2024-02-12,10436,20198,2,0.0,Standard,Upi,3972.86,45,1647.08,Delivered
511640,2024-12-26,13537,20251,2,0.1,Standard,Upi,1317.44,45,568.46,Delivered
511641,2025-09-16,14119,20192,1,0.1,Standard,Debit Card,1199.52,45,223.98,Delivered
511642,2025-02-17,14675,20125,1,0.05,Standard,Credit Card,819.93,45,327.23,Delivered
511643,2025-02-21,12861,20037,1,0.1,Same Day,Upi,1531.84,140,349.74,Delivered
511644,2025-09-13,14173,20079,1,0.05,Express,Upi,2048.96,90,344.51,Delivered
511645,2025-10-11,11074,20104,2,0.1,Standard,Credit Card,1756.69,45,311.29,Delivered
511646,2025-09-08,12603,20151,1,0.1,Standard,Credit Card,3822.89,45,1405.93,Delivered
511647,2024-11-11,10670,20234,1,0.2,Express,Upi,6520.84,115,2111.26,Delivered
511648,2025-10-13,10463,20073,2,0.1,Standard,Credit Card,1657.64,45,575.9,Delivered
511649,2025-03-05,10440,20034,2,0.1,Standard,Credit Card,1904.72,45,635.5,Delivered
511650,2025-05-13,10079,20162,1,0.2,Express,Net Banking,1288.9,90,112.03,Delivered
511651,2024-12-14,10436,20208,2,0.1,Standard,Upi,4955.94,45,942.3,Delivered
511652,2024-03-15,11021,20260,3,0.1,Express,Upi,3342.71,90,588.38,Delivered
511653,2024-08-20,10724,20204,1,0.15,Express,Upi,1583.64,90,654.34,Delivered
511654,2025-12-24,11154,20197,1,0.05,Standard,Credit Card,2882.96,45,673.41,Delivered
511655,2025-07-23,11326,20230,1,0.0,Standard,Debit Card,763.45,45,201.69,Delivered
511656,2024-02-07,14365,20100,1,0.05,Standard,Net Banking,1174.2,45,182.31,Delivered
511657,2024-09-18,13624,20094,2,0.05,Express,Upi,4983.68,90,2013.24,Delivered
511658,2025-03-21,12208,20063,1,0.2,Express,Debit Card,210.95,90,-75.34,Delivered
511659,2024-07-30,14216,20194,2,0.05,Standard,Net Banking,9885.4,70,1706.72,Delivered
511660,2025-04-02,13386,20284,1,0.15,Standard,Debit Card,278.57,45,71.85,Delivered
511661,2025-10-11,13446,20277,1,0.05,Standard,Cash On Delivery,6044.92,70,2880.75,Delivered
511662,2024-10-08,11763,20207,1,0.0,Express,Net Banking,745.47,90,256.61,Delivered
511663,2025-07-23,10669,20087,2,0.2,Express,Cash On Delivery,723.89,90,158.79,Delivered
511664,2025-07-18,12038,20138,1,0.25,Standard,Debit Card,1787.31,45,217.36,Delivered
511665,2024-07-24,14027,20026,1,0.05,Standard,Upi,2065.14,45,700.12,Delivered
511666,2024-01-05,12949,20290,2,0.1,Standard,Net Banking,8378.33,70,2179.55,Delivered
511667,2025-09-10,13009,20258,2,0.05,Standard,Debit Card,1279.38,45,541.42,Delivered
511668,2024-08-30,12734,20172,5,0.1,Express,Credit Card,5283.54,115,760.79,Delivered
511669,2024-05-27,13020,20239,1,0.15,Standard,Debit Card,462.89,45,125.77,Delivered
511670,2025-11-21,10843,20043,1,0.3,Standard,Credit Card,370.08,45,-7.49,Delivered
511671,2025-11-16,12889,20110,1,0.1,Express,Upi,515.09,90,24.85,Delivered
511672,2024-11-18,14491,20147,1,0.05,Standard,Net Banking,978.02,45,209.38,Delivered
511673,2025-01-21,11848,20123,1,0.15,Standard,Upi,4861.11,45,1354.48,Delivered
511674,2025-01-27,11937,20239,5,0.2,Express,Upi,2178.32,90,627.72,Delivered
511675,2025-10-12,14925,20191,2,0.0,Standard,Upi,2064.52,45,565.92,Delivered
511676,2025-11-17,11616,20116,1,0.0,Standard,Upi,445.88,45,160.58,Delivered
511677,2024-09-06,14297,20157,2,0.1,Express,Cash On Delivery,3563.5,90,1177.68,Delivered
511678,2025-03-03,14352,20207,1,0.05,Standard,Credit Card,708.2,45,264.34,Delivered
511679,2025-01-03,12611,20053,1,0.15,Standard,Credit Card,1143.26,45,386.59,Delivered
511680,2025-10-09,10131,20098,2,0.1,Standard,Cash On Delivery,658.03,45,54.99,Delivered
511681,2025-03-22,10951,20028,1,0.2,Same Day,Credit Card,5937.14,165,92.34,Delivered
511682,2024-01-22,12736,20213,1,0.2,Standard,Credit Card,2479.82,45,240.05,Delivered
511683,2025-07-03,12267,20145,1,0.2,Standard,Upi,4992.38,45,1620.35,Delivered
511684,2025-06-22,14745,20245,2,0.25,Standard,Credit Card,1249.25,45,23.35,Delivered
511685,2024-10-08,10266,20248,4,0.15,Express,Credit Card,1710.3,90,230.14,Delivered
511686,2024-10-05,10407,20024,1,0.05,Standard,Debit Card,2172.59,45,518.36,Delivered
511687,2024-04-29,10795,20253,4,0.25,Standard,Upi,1748.88,45,560.0,Delivered
511688,2024-09-09,12841,20036,2,0.3,Standard,Credit Card,3271.93,45,774.51,Delivered
511689,2025-04-21,13383,20197,1,0.0,Express,Upi,3034.7,90,780.15,Delivered
511690,2024-03-05,14301,20184,1,0.15,Express,Credit Card,696.1,90,46.82,Delivered
511691,2025-08-08,14188,20067,4,0.1,Standard,Debit Card,5940.32,70,1258.12,Delivered
511692,2024-10-29,12580,20033,3,0.05,Express,Credit Card,3104.9,90,532.55,Delivered
511693,2024-11-12,12131,20167,1,0.15,Standard,Net Banking,963.1,45,89.36,Delivered
511694,2024-06-22,11897,20186,3,0.05,Standard,Upi,6979.17,70,2826.77,Delivered
511695,2025-02-18,14955,20012,2,0.05,Standard,Debit Card,11679.85,70,3540.85,Delivered
511696,2024-09-16,10029,20245,1,0.05,Standard,Upi,791.19,45,155.74,Delivered
511697,2024-10-11,14867,20084,2,0.1,Standard,Cash On Delivery,2865.02,45,630.48,Delivered
511698,2024-03-13,13943,20043,2,0.05,Standard,Debit Card,1004.51,45,294.37,Delivered
511699,2024-03-19,12886,20107,2,0.1,Standard,Upi,1048.27,45,321.99,Delivered
511700,2024-02-13,12713,20013,3,0.1,Express,Upi,685.58,90,15.23,Delivered
511701,2024-01-03,10365,20090,2,0.15,Standard,Net Banking,1762.68,45,657.04,Delivered
511702,2025-03-18,13188,20116,3,0.0,Standard,Upi,1337.64,45,571.74,Delivered
511703,2024-03-19,14306,20106,1,0.1,Express,Credit Card,1096.64,90,349.15,Delivered
511704,2025-01-11,11968,20173,2,0.15,Standard,Upi,1263.41,45,165.45,Delivered
511705,2025-11-23,14690,20023,5,0.1,Standard,Credit Card,2091.74,45,300.49,Delivered
511706,2024-05-18,13655,20291,2,0.15,Express,Upi,1441.8,90,77.38,Delivered
511707,2024-01-07,11636,20241,1,0.1,Standard,Debit Card,193.01,45,40.77,Delivered
511708,2025-12-25,14573,20096,1,0.15,Standard,Net Banking,1389.83,45,334.88,Delivered
511709,2025-05-27,11429,20125,2,0.25,Express,Unknown,1294.62,90,309.22,Delivered
511710,2025-11-26,12693,20234,1,0.1,Express,Upi,7335.95,115,2926.37,Delivered
511711,2025-12-27,11848,20177,1,0.1,Standard,Debit Card,957.26,45,119.86,Delivered
511712,2024-03-17,11333,20070,3,0.1,Standard,Upi,5550.96,70,2341.73,Delivered
511713,2024-02-12,12542,20206,1,0.25,Standard,Upi,782.48,45,169.44,Delivered
511714,2024-06-05,13991,20233,1,0.05,Standard,Upi,2517.04,45,569.3,Delivered
511715,2025-06-13,14486,20120,1,0.15,Standard,Net Banking,2073.05,45,215.34,Delivered
511716,2024-08-07,11043,20293,4,0.15,Standard,Debit Card,7174.85,70,812.81,Delivered
511717,2025-08-07,13966,20119,1,0.15,Standard,Net Banking,2760.09,45,1253.79,Delivered
511718,2024-07-08,13481,20022,1,0.15,Express,Upi,5708.34,115,1447.01,Delivered
511719,2024-09-18,13778,20249,1,0.05,Standard,Upi,1790.24,45,294.85,Delivered
511720,2024-05-23,14341,20212,1,0.25,Standard,Upi,765.72,45,-5.71,Delivered
511721,2025-04-29,10276,20185,4,0.2,Express,Net Banking,8247.23,115,2189.67,Delivered
511722,2025-10-02,12208,20188,1,0.05,Standard,Upi,2668.36,45,812.16,Delivered
511723,2024-10-04,11788,20183,2,0.1,Standard,Debit Card,2327.45,45,1067.89,Delivered
511724,2025-12-02,10551,20041,2,0.05,Standard,Upi,285.0,45,73.02,Delivered
511725,2025-10-24,12523,20028,1,0.2,Standard,Upi,5937.14,70,187.34,Delivered
511726,2024-11-02,10486,20287,1,0.2,Standard,Net Banking,1558.04,45,86.95,Delivered
511727,2025-08-29,13919,20021,1,0.1,Standard,Cash On Delivery,11142.54,70,3174.75,Delivered
511728,2025-07-03,13488,20074,1,0.1,Standard,Net Banking,892.65,45,195.49,Delivered
511729,2024-06-04,10822,20036,1,0.15,Standard,Upi,1986.53,45,715.32,Delivered
511730,2024-10-26,12245,20019,1,0.05,Standard,Net Banking,487.29,45,152.57,Delivered
511731,2024-12-12,14381,20262,1,0.1,Standard,Debit Card,1910.24,45,259.12,Delivered
511732,2025-02-26,11617,20176,3,0.15,Express,Cash On Delivery,651.98,90,191.21,Delivered
511733,2025-03-01,13181,20015,4,0.05,Same Day,Upi,5194.22,165,2371.5,Delivered
511734,2024-02-11,13867,20110,1,0.1,Same Day,Upi,515.09,140,-25.15,Delivered
511735,2024-11-11,14211,20109,1,0.15,Standard,Cash On Delivery,823.57,45,310.89,Delivered
511736,2025-09-29,10753,20124,3,0.25,Express,Cash On Delivery,4201.11,90,622.05,Delivered
511737,2024-03-17,13785,20018,3,0.0,Express,Credit Card,7498.29,115,3911.63,Delivered
511738,2024-04-05,12554,20084,1,0.05,Express,Cash On Delivery,1512.1,90,327.33,Delivered
511739,2024-09-19,14257,20193,2,0.05,Standard,Upi,1243.04,45,325.48,Delivered
511740,2025-09-14,13044,20188,3,0.05,Express,Debit Card,8005.08,115,2456.48,Delivered
511741,2024-07-23,14050,20164,5,0.0,Standard,Net Banking,3811.7,45,1056.45,Delivered
511742,2024-10-14,10667,20210,1,0.1,Express,Net Banking,602.96,90,66.09,Delivered
511743,2024-09-19,13387,20020,1,0.05,Express,Credit Card,336.74,90,32.64,Delivered
511744,2025-08-10,12443,20251,3,0.05,Standard,Debit Card,2085.94,45,984.97,Delivered
511745,2025-10-16,10691,20113,2,0.05,Standard,Cash On Delivery,803.24,45,300.66,Delivered
511746,2024-11-10,11704,20150,3,0.15,Standard,Cash On Delivery,1194.62,45,263.6,Delivered
511747,2025-01-03,13078,20260,2,0.1,Standard,Cash On Delivery,2104.67,45,283.45,Delivered
511748,2025-08-19,14867,20083,1,0.25,Standard,Debit Card,734.3,45,198.22,Delivered
511749,2024-09-08,13991,20058,1,0.05,Standard,Debit Card,1546.73,45,673.31,Delivered
511750,2024-11-28,12546,20054,4,0.0,Standard,Debit Card,11105.52,70,5408.4,Delivered
511751,2025-03-01,11888,20028,1,0.0,Standard,Upi,7421.42,70,1671.62,Delivered
511752,2024-10-21,12952,20205,1,0.1,Standard,Debit Card,12202.49,70,2008.33,Delivered
511753,2025-10-03,12380,20057,1,0.15,Standard,Upi,1389.89,45,121.57,Delivered
511754,2024-10-11,11257,20064,3,0.05,Standard,Cash On Delivery,5936.24,70,2718.19,Delivered
511755,2024-11-12,10032,20092,2,0.15,Standard,Debit Card,5891.74,70,1575.98,Delivered
511756,2025-05-26,13615,20286,1,0.05,Standard,Debit Card,2313.74,45,1008.58,Delivered
511757,2024-01-29,14503,20023,1,0.05,Standard,Credit Card,441.59,45,47.34,Delivered
511758,2024-10-20,12651,20018,4,0.15,Express,Upi,8498.06,115,3754.18,Delivered
511759,2024-01-07,12566,20254,1,0.25,Standard,Upi,339.81,45,65.55,Delivered
511760,2025-06-25,13970,20081,3,0.2,Standard,Net Banking,1636.61,45,494.42,Delivered
511761,2024-08-02,10048,20182,1,0.0,Standard,Credit Card,1119.68,45,367.02,Delivered
511762,2025-09-18,14113,20136,1,0.3,Express,Cash On Delivery,220.59,90,-46.86,Cancelled
511763,2024-08-02,12256,20107,1,0.1,Express,Credit Card,524.13,90,93.49,Delivered
511764,2024-06-12,11248,20134,2,0.1,Express,Net Banking,2020.5,90,416.72,Delivered
511765,2024-06-18,11302,20200,3,0.1,Standard,Net Banking,4694.46,45,633.99,Delivered
511766,2024-08-08,11828,20254,2,0.2,Express,Upi,724.93,90,176.41,Delivered
511767,2024-09-16,14263,20296,2,0.15,Express,Upi,694.52,90,26.54,Delivered
511768,2025-12-24,12280,20179,3,0.2,Standard,Upi,1665.91,45,228.67,Delivered
511769,2024-09-17,13289,20047,1,0.05,Express,Upi,479.75,90,116.17,Delivered
511770,2025-10-03,10118,20223,2,0.15,Standard,Upi,2225.9,45,713.2,Delivered
511771,2025-09-08,12787,20115,1,0.1,Standard,Net Banking,1004.92,45,414.29,Delivered
511772,2025-07-19,12400,20196,2,0.1,Standard,Upi,1938.76,45,422.36,Delivered
511773,2025-09-11,11297,20249,1,0.1,Express,Debit Card,1696.01,90,155.62,Delivered
511774,2025-04-16,13026,20226,1,0.0,Express,Upi,1553.91,90,419.32,Delivered
511775,2024-09-11,13601,20283,2,0.15,Standard,Credit Card,2300.95,45,478.11,Delivered
511776,2024-10-04,12652,20054,3,0.15,Standard,Upi,7079.77,70,2789.43,Delivered
511777,2025-07-12,11383,20142,1,0.2,Express,Debit Card,534.58,90,14.94,Delivered
511778,2025-10-07,11040,20233,1,0.25,Standard,Upi,1987.14,45,39.4,Delivered
511779,2024-01-24,14538,20150,2,0.05,Standard,Net Banking,890.11,45,254.43,Delivered
511780,2025-03-08,13777,20197,1,0.0,Standard,Upi,3034.7,45,825.15,Delivered
511781,2025-09-20,11307,20056,2,0.15,Standard,Upi,7972.37,70,2778.33,Delivered
511782,2025-04-22,13251,20210,3,0.2,Standard,Cash On Delivery,1607.9,45,222.29,Delivered
511783,2025-05-08,11591,20051,1,0.05,Standard,Debit Card,1393.42,45,668.41,Delivered
511784,2025-01-16,10367,20128,1,0.0,Standard,Upi,1507.39,45,702.37,Delivered
511785,2025-01-08,14324,20257,1,0.2,Express,Upi,276.5,90,-72.11,Delivered
511786,2025-07-06,12079,20012,3,0.3,Standard,Debit Card,12909.31,70,735.81,Delivered
511787,2024-11-18,13445,20024,3,0.1,Standard,Credit Card,6174.74,70,1277.05,Delivered
511788,2024-03-29,13890,20126,4,0.2,Standard,Net Banking,15671.23,70,2859.91,Delivered
511789,2024-04-01,10736,20171,1,0.15,Express,Cash On Delivery,4820.16,90,483.15,Delivered
511790,2025-01-11,12121,20105,2,0.05,Same Day,Debit Card,11200.63,165,2401.01,Delivered
511791,2024-03-21,13508,20221,3,0.05,Standard,Debit Card,4701.3,45,1941.42,Delivered
511792,2025-10-03,13477,20057,1,0.05,Standard,Upi,1553.4,45,285.08,Delivered
511793,2025-08-25,13132,20149,1,0.1,Express,Net Banking,317.6,90,-43.63,Delivered
511794,2024-04-09,10867,20040,2,0.1,Standard,Upi,1762.72,45,598.28,Delivered
511795,2025-08-12,10660,20033,1,0.25,Express,Upi,817.08,90,-100.37,Delivered
511796,2025-07-08,10343,20161,1,0.1,Standard,Credit Card,2355.8,45,721.52,Delivered
511797,2024-05-02,11567,20108,2,0.0,Standard,Upi,4653.32,45,1399.46,Delivered
511798,2025-01-30,12366,20065,1,0.0,Standard,Upi,2161.61,45,626.3,Delivered
511799,2024-01-23,13733,20076,3,0.2,Standard,Credit Card,4183.78,45,558.13,Delivered
511800,2025-10-17,14712,20046,2,0.1,Standard,Upi,7601.44,70,1269.78,Delivered
511801,2025-06-02,13677,20235,4,0.25,Standard,Credit Card,15391.29,70,3678.57,Delivered
511802,2024-10-03,10633,20114,2,0.25,Standard,Cash On Delivery,621.02,45,46.14,Delivered
511803,2025-11-28,11980,20124,2,0.25,Standard,Credit Card,2800.74,45,429.7,Delivered
511804,2024-04-04,12732,20286,1,0.25,Express,Debit Card,1826.64,90,476.48,Delivered
511805,2025-01-16,14236,20143,2,0.2,Express,Upi,3229.73,90,955.21,Delivered
511806,2025-01-11,12778,20137,2,0.15,Standard,Net Banking,545.22,45,183.66,Cancelled
511807,2024-01-25,12875,20247,1,0.25,Standard,Debit Card,1607.21,45,108.59,Delivered
511808,2024-10-17,11113,20288,4,0.2,Standard,Cash On Delivery,3424.35,45,1389.63,Delivered
511809,2024-08-14,13999,20072,1,0.15,Standard,Upi,1379.58,45,104.18,Delivered
511810,2024-06-21,11412,20283,1,0.2,Standard,Debit Card,1082.8,45,148.88,Delivered
511811,2025-10-08,12694,20042,1,0.2,Express,Credit Card,6417.63,115,1471.56,Delivered
511812,2025-03-28,12798,20264,3,0.1,Standard,Net Banking,1935.17,45,362.9,Delivered
511813,2024-10-14,11359,20221,1,0.05,Express,Debit Card,1567.1,90,572.14,Delivered
511814,2024-03-09,14632,20267,4,0.05,Standard,Upi,2231.85,45,406.73,Delivered
511815,2024-10-07,13602,20243,2,0.25,Standard,Net Banking,715.82,45,11.96,Delivered
511816,2024-12-07,11971,20044,1,0.0,Standard,Net Banking,2243.96,45,1084.08,Delivered
511817,2024-11-28,14909,20289,1,0.15,Express,Credit Card,1487.07,90,404.31,Delivered
511818,2025-01-20,13294,20067,1,0.1,Standard,Credit Card,1485.08,45,287.03,Delivered
511819,2024-12-07,11638,20269,1,0.1,Standard,Credit Card,403.6,45,150.59,Delivered
511820,2024-11-12,12906,20036,1,0.05,Standard,Upi,2220.24,45,949.03,Delivered
511821,2024-11-02,12376,20087,1,0.0,Express,Debit Card,452.43,90,124.88,Delivered
511822,2024-06-21,13249,20026,4,0.1,Express,Upi,7825.79,115,2430.71,Delivered
511823,2025-06-27,14947,20294,2,0.15,Express,Debit Card,3305.48,90,1384.86,Delivered
511824,2024-07-18,12668,20100,1,0.05,Express,Cash On Delivery,1174.2,90,137.31,Delivered
511825,2025-08-14,12820,20151,1,0.15,Express,Debit Card,3610.51,90,1148.55,Delivered
511826,2024-03-15,14919,20136,2,0.3,Express,Credit Card,441.18,90,-3.72,Delivered
511827,2025-08-19,12488,20270,2,0.1,Express,Debit Card,1564.99,90,254.81,Delivered
511828,2024-08-04,13421,20280,3,0.25,Standard,Debit Card,2611.04,45,970.58,Delivered
511829,2025-09-24,10323,20101,2,0.1,Standard,Credit Card,3841.28,45,1932.88,Delivered
511830,2025-06-15,10502,20153,2,0.05,Express,Net Banking,3560.28,90,1111.36,Delivered
511831,2025-03-24,12607,20118,1,0.15,Standard,Cash On Delivery,1025.63,45,243.72,Delivered
511832,2025-10-22,11828,20239,1,0.05,Express,Upi,517.35,90,135.23,Delivered
511833,2024-01-07,11620,20017,1,0.1,Standard,Cash On Delivery,1099.98,45,460.79,Cancelled
511834,2025-01-27,12324,20132,1,0.1,Standard,Credit Card,450.63,45,178.04,Delivered
511835,2025-08-20,12613,20251,2,0.15,Standard,Upi,1244.25,45,495.27,Delivered
511836,2025-01-20,10786,20085,1,0.05,Standard,Upi,2417.52,45,618.48,Delivered
511837,2025-05-15,13937,20212,2,0.1,Standard,Net Banking,1837.73,45,339.87,Cancelled
511838,2024-05-26,11458,20105,2,0.25,Standard,Net Banking,8842.6,70,137.98,Cancelled
511839,2024-11-11,14114,20099,1,0.05,Same Day,Cash On Delivery,2203.71,140,519.31,Delivered
511840,2025-03-29,13663,20041,2,0.15,Standard,Debit Card,255.0,45,43.02,Delivered
511841,2024-07-05,13127,20060,2,0.2,Express,Upi,5640.58,115,1184.68,Delivered
511842,2024-11-20,14851,20087,1,0.15,Standard,Credit Card,384.57,45,102.02,Delivered
511843,2024-11-13,11650,20043,2,0.15,Standard,Upi,898.77,45,188.63,Delivered
511844,2025-01-28,13498,20021,2,0.3,Express,Debit Card,17332.84,115,1422.26,Delivered
511845,2025-01-13,10165,20152,1,0.1,Same Day,Net Banking,266.1,140,-16.27,Delivered
511846,2025-12-05,14143,20122,1,0.05,Standard,Upi,3615.91,45,886.32,Delivered
511847,2025-04-18,14488,20172,1,0.1,Standard,Upi,1056.71,45,130.16,Cancelled
511848,2025-11-30,11064,20211,2,0.15,Standard,Debit Card,1204.08,45,137.6,Delivered
511849,2024-01-18,10916,20133,2,0.0,Standard,Upi,2890.36,45,1334.4,Delivered
511850,2024-05-28,10216,20300,4,0.0,Standard,Credit Card,3480.44,45,1406.8,Delivered
511851,2025-07-11,11692,20219,1,0.05,Express,Cash On Delivery,3258.78,90,1178.26,Delivered
511852,2024-01-12,10284,20065,2,0.05,Express,Credit Card,4107.06,90,1036.44,Delivered
511853,2025-04-06,14633,20159,2,0.0,Standard,Upi,15450.62,70,4541.92,Delivered
511854,2025-09-16,13402,20114,1,0.15,Standard,Debit Card,351.91,45,41.97,Delivered
511855,2024-06-08,11750,20074,1,0.1,Express,Cash On Delivery,892.65,90,150.49,Delivered
511856,2025-11-25,12689,20060,3,0.1,Same Day,Cash On Delivery,9518.47,165,2842.12,Delivered
511857,2025-07-20,12747,20254,2,0.05,Standard,Cash On Delivery,860.85,45,357.33,Delivered
511858,2024-09-22,11608,20243,2,0.25,Standard,Upi,715.82,45,11.96,Delivered
511859,2025-06-30,13126,20115,2,0.15,Express,Cash On Delivery,1898.19,90,716.93,Delivered
511860,2024-03-20,13854,20295,1,0.0,Express,Net Banking,2377.5,90,557.86,Delivered
511861,2025-06-01,13377,20104,1,0.1,Same Day,Upi,878.35,140,38.15,Delivered
511862,2025-09-30,12367,20048,3,0.0,Standard,Upi,1898.82,45,886.32,Delivered
511863,2024-03-08,14817,20080,1,0.1,Standard,Cash On Delivery,2559.98,45,1097.48,Delivered
511864,2025-12-02,13840,20027,1,0.2,Standard,Upi,795.87,45,275.51,Delivered
511865,2024-08-31,12410,20272,1,0.1,Same Day,Debit Card,1248.37,140,111.19,Delivered
511866,2024-01-09,10041,20233,1,0.0,Standard,Upi,2649.52,45,701.78,Delivered
511867,2024-06-05,14056,20254,3,0.2,Standard,Credit Card,1087.39,45,354.61,Delivered
511868,2025-08-05,13807,20137,1,0.0,Standard,Debit Card,320.72,45,117.44,Delivered
511869,2025-04-08,12503,20153,5,0.1,Standard,Upi,8432.24,70,2464.94,Delivered
511870,2025-10-07,13537,20058,1,0.1,Express,Upi,1465.33,90,546.91,Delivered
511871,2024-10-26,10369,20220,2,0.15,Standard,Upi,7851.89,70,1926.97,Delivered
511872,2024-11-15,14775,20018,1,0.3,Standard,Cash On Delivery,1749.6,45,547.38,Delivered
511873,2024-09-05,10628,20090,1,0.1,Standard,Upi,933.18,45,357.86,Delivered
511874,2024-11-18,14779,20177,1,0.15,Same Day,Cash On Delivery,904.08,140,-28.32,Delivered
511875,2025-07-09,10632,20044,1,0.1,Express,Credit Card,2019.56,90,814.68,Delivered
511876,2025-09-19,10280,20203,5,0.0,Same Day,Debit Card,9216.3,165,3425.2,Delivered
511877,2025-04-06,13667,20110,1,0.2,Standard,Debit Card,457.86,45,12.62,Delivered
511878,2025-02-01,11171,20193,1,0.1,Standard,Cash On Delivery,588.81,45,107.53,Delivered
511879,2025-01-27,13868,20128,4,0.15,Standard,Upi,5125.13,70,2015.05,Delivered
511880,2024-08-15,13930,20010,2,0.1,Standard,Cash On Delivery,1749.33,45,494.25,Delivered
511881,2025-07-22,11531,20094,1,0.25,Standard,Credit Card,1967.24,45,482.02,Delivered
511882,2024-08-31,11498,20225,2,0.15,Standard,Credit Card,19091.07,70,4101.05,Delivered
511883,2024-02-26,14823,20258,2,0.1,Standard,Upi,1212.05,45,474.09,Delivered
511884,2024-05-22,12496,20224,1,0.1,Standard,Upi,315.57,45,90.2,Delivered
511885,2024-07-10,14672,20259,1,0.05,Standard,Upi,1313.94,45,203.02,Delivered
511886,2025-06-02,11935,20036,2,0.15,Standard,Debit Card,3973.05,45,1475.63,Delivered
511887,2025-02-07,10885,20261,1,0.2,Standard,Cash On Delivery,120.0,45,-36.13,Delivered
511888,2024-10-01,13344,20276,1,0.1,Standard,Net Banking,1553.65,45,217.26,Delivered
511889,2025-10-07,12420,20259,1,0.2,Express,Credit Card,1106.47,90,-49.45,Delivered
511890,2024-02-08,14692,20259,4,0.25,Standard,Credit Card,4149.27,45,-159.41,Delivered
511891,2024-07-11,13594,20228,2,0.1,Express,Credit Card,1547.84,90,187.46,Delivered
511892,2024-11-22,12505,20088,5,0.05,Standard,Credit Card,3148.77,45,1376.92,Cancelled
511893,2025-04-27,10225,20102,3,0.25,Standard,Debit Card,11331.92,70,241.39,Delivered
511894,2024-01-25,12130,20293,2,0.0,Express,Upi,4220.5,90,984.48,Delivered
511895,2024-04-11,14212,20008,1,0.1,Express,Upi,524.12,90,133.61,Delivered
511896,2025-10-24,11674,20102,1,0.15,Standard,Upi,4280.95,45,562.44,Delivered
511897,2024-08-04,13190,20113,1,0.0,Standard,Debit Card,422.76,45,148.97,Delivered
511898,2024-09-23,13963,20208,3,0.15,Same Day,Credit Card,7020.92,165,902.96,Delivered
511899,2024-06-10,12734,20045,3,0.2,Express,Upi,2119.61,90,218.51,Delivered
511900,2024-10-13,10920,20010,3,0.05,Same Day,Net Banking,2769.77,140,814.65,Delivered
511901,2025-11-08,13776,20232,3,0.05,Express,Upi,4499.81,90,2106.74,Delivered
511902,2024-09-03,10440,20233,1,0.0,Express,Upi,2649.52,90,656.78,Delivered
511903,2024-06-22,12594,20169,3,0.1,Express,Upi,3290.81,90,1086.26,Delivered
511904,2025-01-30,11926,20268,1,0.0,Standard,Credit Card,3533.16,45,1457.21,Delivered
511905,2024-01-09,14070,20237,1,0.0,Standard,Credit Card,647.68,45,269.51,Delivered
511906,2025-03-23,14160,20264,5,0.05,Standard,Debit Card,3404.47,45,814.02,Delivered
511907,2025-07-24,14932,20088,2,0.1,Standard,Net Banking,1193.22,45,457.48,Delivered
511908,2025-08-19,13442,20154,2,0.15,Express,Upi,1182.11,90,71.41,Delivered
511909,2025-10-23,14610,20107,1,0.15,Express,Credit Card,495.01,90,64.37,Delivered
511910,2024-11-16,13677,20217,2,0.05,Standard,Cash On Delivery,1007.57,45,472.71,Delivered
511911,2025-07-25,12609,20159,2,0.1,Standard,Upi,13905.56,70,2996.86,Delivered
511912,2024-05-04,14875,20037,1,0.15,Standard,Net Banking,1446.73,45,359.63,Delivered
511913,2024-02-10,10159,20072,1,0.15,Express,Net Banking,1379.58,90,59.18,Delivered
511914,2024-12-02,10227,20121,1,0.15,Standard,Upi,926.41,45,388.2,Delivered
511915,2025-11-15,10533,20172,1,0.05,Standard,Credit Card,1115.41,45,188.86,Delivered
511916,2024-11-21,14993,20227,1,0.0,Express,Upi,2468.64,90,592.22,Delivered
511917,2025-11-15,14675,20217,4,0.1,Standard,Cash On Delivery,1909.08,45,884.36,Delivered
511918,2024-07-04,10715,20095,1,0.1,Standard,Upi,1038.8,45,113.48,Cancelled
511919,2024-08-28,14745,20177,2,0.25,Standard,Upi,1595.43,45,-34.37,Delivered
511920,2024-12-04,11770,20087,1,0.0,Standard,Upi,452.43,45,169.88,Delivered
511921,2024-04-03,12325,20102,1,0.2,Standard,Debit Card,4029.13,45,310.62,Delivered
511922,2025-02-19,10686,20127,1,0.3,Standard,Cash On Delivery,3294.78,45,297.25,Delivered
511923,2024-03-03,10836,20070,1,0.2,Express,Debit Card,1644.73,90,508.32,Delivered
511924,2025-06-03,12105,20223,1,0.2,Standard,Upi,1047.48,45,268.63,Delivered
511925,2025-12-25,14665,20260,4,0.0,Standard,Upi,4952.16,45,1354.72,Delivered
511926,2024-07-27,11094,20277,1,0.2,Standard,Upi,5090.46,70,1926.29,Delivered
511927,2024-07-27,11815,20298,3,0.1,Standard,Upi,4112.45,45,1541.39,Delivered
511928,2025-01-10,10001,20084,1,0.15,Standard,Debit Card,1352.93,45,213.16,Delivered
511929,2024-03-25,10720,20134,1,0.1,Standard,Credit Card,1010.25,45,208.36,Delivered
511930,2024-07-25,14284,20255,3,0.25,Standard,Upi,1849.52,45,422.9,Delivered
511931,2024-12-12,11687,20011,1,0.1,Same Day,Credit Card,783.4,140,186.5,Delivered
511932,2025-10-26,13119,20210,1,0.15,Same Day,Credit Card,569.47,140,-17.4,Delivered
511933,2024-06-09,11716,20073,4,0.05,Standard,Upi,3499.46,45,1380.98,Delivered
511934,2025-03-25,10180,20140,3,0.1,Express,Upi,2539.32,90,549.96,Delivered
511935,2024-04-25,11773,20287,2,0.05,Express,Net Banking,3700.34,90,758.16,Cancelled
511936,2024-12-27,10008,20159,1,0.0,Same Day,Debit Card,7725.31,165,2140.96,Delivered
511937,2024-09-07,13097,20171,2,0.1,Express,Upi,10207.4,115,1598.38,Delivered
511938,2024-07-01,12518,20186,3,0.2,Express,Upi,5877.19,115,1679.79,Delivered
511939,2025-11-06,14101,20050,2,0.2,Standard,Debit Card,3161.95,45,1098.95,Delivered
511940,2024-11-23,12888,20247,1,0.25,Express,Upi,1607.21,90,63.59,Delivered
511941,2025-08-14,10550,20208,1,0.25,Standard,Debit Card,2064.98,45,35.66,Delivered
511942,2024-01-07,12003,20041,2,0.25,Standard,Credit Card,225.0,45,13.02,Delivered
511943,2025-08-21,10291,20112,1,0.15,Express,Upi,2146.46,90,158.05,Delivered
511944,2025-06-03,10973,20204,1,0.0,Standard,Upi,1863.11,45,978.81,Delivered
511945,2025-01-21,14400,20205,1,0.15,Same Day,Upi,11524.57,165,1235.41,Delivered
511946,2025-01-04,12821,20172,1,0.15,Standard,Upi,998.0,45,71.45,Delivered
511947,2025-07-01,14647,20127,3,0.0,Express,Cash On Delivery,14120.49,115,5147.9,Delivered
511948,2025-09-03,13743,20066,1,0.15,Standard,Upi,532.22,45,113.5,Delivered
511949,2024-03-19,12637,20271,1,0.1,Express,Cash On Delivery,4890.89,90,1327.59,Delivered
511950,2024-08-08,12945,20034,1,0.0,Standard,Credit Card,1058.18,45,401.07,Delivered
511951,2025-12-08,10718,20198,1,0.25,Standard,Cash On Delivery,1489.82,45,304.43,Delivered
511952,2025-08-21,12327,20044,1,0.05,Standard,Credit Card,2131.76,45,971.88,Delivered
511953,2025-07-23,11197,20253,5,0.05,Standard,Upi,2769.06,45,1294.21,Delivered
511954,2025-02-15,12244,20161,1,0.05,Standard,Credit Card,2486.67,45,852.39,Cancelled
511955,2025-04-23,14816,20118,1,0.15,Standard,Net Banking,1025.63,45,243.72,Delivered
511956,2025-11-12,11874,20296,2,0.15,Standard,Upi,694.52,45,71.54,Delivered
511957,2024-04-06,14859,20262,2,0.0,Standard,Credit Card,4244.98,45,987.74,Delivered
511958,2025-10-19,10777,20075,1,0.1,Standard,Net Banking,3065.31,45,1474.07,Delivered
511959,2025-01-27,13946,20014,1,0.15,Express,Net Banking,7290.98,115,3083.67,Delivered
511960,2025-04-12,14699,20005,3,0.15,Standard,Upi,1075.97,45,332.93,Delivered
511961,2025-01-05,14312,20187,2,0.15,Same Day,Upi,4976.82,140,285.94,Delivered
511962,2025-01-27,10001,20201,1,0.1,Standard,Credit Card,538.01,45,217.63,Delivered
511963,2024-01-18,11195,20299,3,0.1,Same Day,Net Banking,3861.38,140,499.77,Delivered
511964,2024-07-02,13041,20251,2,0.25,Standard,Upi,1097.86,45,348.88,Delivered
511965,2024-05-22,13793,20155,1,0.25,Express,Upi,210.16,90,-86.08,Delivered
511966,2025-04-07,13552,20197,1,0.05,Standard,Credit Card,2882.96,45,673.41,Delivered
511967,2025-05-21,12672,20069,2,0.3,Express,Upi,2811.61,90,878.89,Delivered
511968,2024-11-29,12131,20048,5,0.05,Standard,Upi,3006.46,45,1348.96,Delivered
511969,2024-03-02,14279,20249,2,0.15,Standard,Net Banking,3203.58,45,257.8,Cancelled
511970,2024-06-11,12845,20232,1,0.0,Standard,Upi,1578.88,45,766.19,Delivered
511971,2025-07-05,14017,20111,1,0.15,Standard,Upi,1105.75,45,427.93,Cancelled
511972,2024-06-27,13265,20281,1,0.1,Express,Upi,1251.34,90,427.82,Delivered
511973,2024-08-22,11574,20136,1,0.3,Express,Credit Card,220.59,90,-46.86,Delivered
511974,2024-02-29,14408,20078,2,0.1,Standard,Cash On Delivery,2334.85,45,509.97,Delivered
511975,2024-08-15,10267,20231,1,0.15,Standard,Upi,470.88,45,166.23,Delivered
511976,2024-08-26,13665,20255,1,0.15,Express,Cash On Delivery,698.71,90,148.17,Delivered
511977,2025-07-21,11122,20160,1,0.15,Express,Net Banking,509.39,90,68.31,Delivered
511978,2024-03-24,14159,20061,2,0.15,Standard,Credit Card,3253.77,45,1386.91,Delivered
511979,2025-12-15,10133,20087,1,0.15,Standard,Cash On Delivery,384.57,45,102.02,Delivered
511980,2024-02-10,12770,20001,1,0.15,Standard,Credit Card,1286.74,45,311.76,Delivered
511981,2025-03-13,12487,20111,3,0.1,Express,Upi,3512.38,90,1523.92,Delivered
511982,2025-06-12,11684,20159,1,0.05,Standard,Net Banking,7339.04,70,1849.69,Delivered
511983,2024-04-14,10474,20234,2,0.2,Express,Credit Card,13041.68,115,4337.52,Delivered
511984,2025-06-20,12304,20070,1,0.0,Standard,Credit Card,2055.91,45,964.5,Delivered
511985,2025-01-16,13006,20081,2,0.05,Express,Debit Card,1295.65,90,474.19,Delivered
511986,2024-04-02,12689,20202,3,0.1,Express,Upi,1467.5,90,463.34,Cancelled
511987,2024-08-02,12760,20093,2,0.15,Standard,Upi,1209.75,45,342.71,Delivered
511988,2025-11-26,14457,20072,1,0.05,Same Day,Upi,1541.89,140,171.49,Delivered
511989,2024-08-04,14654,20057,1,0.15,Standard,Credit Card,1389.89,45,121.57,Delivered
511990,2025-05-03,11890,20011,1,0.1,Standard,Credit Card,783.4,45,281.5,Delivered
511991,2024-05-30,12438,20146,3,0.0,Standard,Cash On Delivery,2674.62,45,629.1,Delivered
511992,2025-01-08,12774,20148,2,0.15,Standard,Debit Card,23038.55,70,6362.03,Delivered
511993,2025-09-22,14833,20208,1,0.15,Standard,Debit Card,2340.31,45,310.99,Delivered
511994,2025-03-24,14046,20091,1,0.0,Standard,Upi,5503.94,70,1755.57,Delivered
511995,2025-02-25,14273,20087,2,0.2,Standard,Debit Card,723.89,45,203.79,Delivered
511996,2025-10-07,12659,20109,1,0.05,Standard,Upi,920.46,45,407.78,Delivered
511997,2024-07-25,12843,20283,3,0.2,Same Day,Credit Card,3248.4,140,441.64,Delivered
511998,2025-12-02,13334,20205,5,0.1,Standard,Debit Card,61012.44,70,10321.64,Delivered
511999,2025-10-31,12301,20097,1,0.05,Express,Net Banking,471.54,90,66.25,Delivered
512000,2025-04-21,11727,20265,1,0.1,Standard,Net Banking,226.63,45,31.93,Delivered
